# Blender 5.1.1
# www.blender.org
mtllib inner_room_multi_light.mtl
o new_model
v 0.337753 0.792647 -0.280000
v 0.332254 0.792740 -0.340000
v 0.332438 0.803738 -0.338900
v 0.332618 0.814436 -0.335900
v 0.332784 0.824335 -0.331000
v 0.332931 0.833134 -0.324300
v 0.333057 0.840633 -0.316100
v 0.333155 0.846432 -0.306700
v 0.333222 0.850431 -0.296400
v 0.333255 0.852431 -0.285500
v 0.333255 0.852431 -0.274500
v 0.333222 0.850431 -0.263600
v 0.333155 0.846432 -0.253300
v 0.333057 0.840633 -0.243900
v 0.332931 0.833134 -0.235700
v 0.332784 0.824335 -0.229000
v 0.332618 0.814436 -0.224100
v 0.332438 0.803738 -0.221100
v 0.332254 0.792740 -0.220000
v 0.332069 0.781741 -0.221100
v 0.331890 0.771043 -0.224100
v 0.331724 0.761144 -0.229000
v 0.331576 0.752345 -0.235700
v 0.331450 0.744846 -0.243900
v 0.331353 0.739047 -0.253300
v 0.331286 0.735048 -0.263600
v 0.331252 0.733048 -0.274500
v 0.331252 0.733048 -0.285500
v 0.331286 0.735048 -0.296400
v 0.331353 0.739047 -0.306700
v 0.331450 0.744846 -0.316100
v 0.331576 0.752345 -0.324300
v 0.331724 0.761144 -0.331000
v 0.331890 0.771043 -0.335900
v 0.332069 0.781741 -0.338900
v 0.315756 0.793016 -0.397900
v 0.316120 0.814713 -0.395900
v 0.316471 0.835610 -0.389900
v 0.316798 0.855108 -0.380200
v 0.317088 0.872405 -0.367100
v 0.317335 0.887103 -0.351000
v 0.317526 0.898501 -0.332500
v 0.317658 0.906400 -0.312300
v 0.317725 0.910400 -0.290900
v 0.317725 0.910400 -0.269100
v 0.317658 0.906400 -0.247700
v 0.317526 0.898501 -0.227500
v 0.317335 0.887103 -0.209000
v 0.317088 0.872405 -0.192900
v 0.316798 0.855107 -0.179800
v 0.316471 0.835610 -0.170100
v 0.316120 0.814713 -0.164100
v 0.315756 0.793016 -0.162100
v 0.315392 0.771319 -0.164100
v 0.315042 0.750422 -0.170100
v 0.314715 0.730925 -0.179800
v 0.314424 0.713627 -0.192900
v 0.314178 0.698930 -0.209000
v 0.313987 0.687531 -0.227500
v 0.313854 0.679632 -0.247700
v 0.313787 0.675633 -0.269100
v 0.313787 0.675633 -0.290900
v 0.313854 0.679632 -0.312300
v 0.313987 0.687531 -0.332500
v 0.314178 0.698930 -0.351000
v 0.314424 0.713627 -0.367100
v 0.314715 0.730925 -0.380200
v 0.315042 0.750422 -0.389900
v 0.315392 0.771319 -0.395900
v 0.288960 0.793466 -0.451800
v 0.289490 0.825061 -0.448900
v 0.290002 0.855557 -0.440200
v 0.290476 0.883853 -0.426100
v 0.290901 0.909149 -0.407000
v 0.291260 0.930547 -0.383500
v 0.291540 0.947244 -0.356600
v 0.291731 0.958643 -0.327000
v 0.291830 0.964542 -0.295900
v 0.291830 0.964542 -0.264100
v 0.291731 0.958643 -0.233000
v 0.291540 0.947244 -0.203400
v 0.291260 0.930546 -0.176500
v 0.290901 0.909149 -0.153000
v 0.290476 0.883853 -0.133900
v 0.290002 0.855557 -0.119800
v 0.289490 0.825061 -0.111100
v 0.288960 0.793466 -0.108200
v 0.288430 0.761870 -0.111100
v 0.287918 0.731375 -0.119800
v 0.287444 0.703079 -0.133900
v 0.287019 0.677782 -0.153000
v 0.286660 0.656385 -0.176500
v 0.286380 0.639687 -0.203400
v 0.286189 0.628289 -0.233000
v 0.286090 0.622390 -0.264100
v 0.286090 0.622390 -0.295900
v 0.286189 0.628289 -0.327000
v 0.286380 0.639687 -0.356600
v 0.286660 0.656385 -0.383500
v 0.287019 0.677782 -0.407000
v 0.287444 0.703079 -0.426100
v 0.287918 0.731375 -0.440200
v 0.288430 0.761870 -0.448900
v 0.252665 0.794075 -0.499900
v 0.253343 0.834469 -0.496100
v 0.253997 0.873464 -0.485000
v 0.254606 0.909758 -0.466900
v 0.255149 0.942154 -0.442500
v 0.255607 0.969450 -0.412500
v 0.255966 0.990847 -0.378000
v 0.256213 1.005545 -0.340200
v 0.256337 1.012944 -0.300300
v 0.256337 1.012944 -0.259700
v 0.256213 1.005545 -0.219800
v 0.255966 0.990847 -0.182000
v 0.255607 0.969450 -0.147500
v 0.255149 0.942154 -0.117500
v 0.254606 0.909758 -0.093100
v 0.253997 0.873464 -0.075000
v 0.253343 0.834469 -0.063900
v 0.252665 0.794075 -0.060100
v 0.251987 0.753680 -0.063900
v 0.251333 0.714686 -0.075000
v 0.250724 0.678391 -0.093100
v 0.250181 0.645995 -0.117500
v 0.249723 0.618699 -0.147500
v 0.249364 0.597302 -0.182000
v 0.249117 0.582604 -0.219800
v 0.248993 0.575206 -0.259700
v 0.248993 0.575206 -0.300300
v 0.249117 0.582604 -0.340200
v 0.249364 0.597302 -0.378000
v 0.249723 0.618699 -0.412500
v 0.250181 0.645995 -0.442500
v 0.250724 0.678391 -0.466900
v 0.251333 0.714686 -0.485000
v 0.251987 0.753680 -0.496100
v 0.208171 0.794821 -0.540400
v 0.208975 0.842714 -0.536000
v 0.209750 0.888908 -0.522800
v 0.210471 0.931902 -0.501400
v 0.211114 0.970196 -0.472500
v 0.211657 1.002592 -0.436900
v 0.212081 1.027888 -0.396100
v 0.212373 1.045286 -0.351300
v 0.212521 1.054085 -0.304000
v 0.212521 1.054085 -0.256000
v 0.212373 1.045286 -0.208700
v 0.212081 1.027888 -0.163900
v 0.211657 1.002592 -0.123100
v 0.211114 0.970196 -0.087500
v 0.210471 0.931902 -0.058600
v 0.209750 0.888908 -0.037200
v 0.208975 0.842714 -0.024000
v 0.208171 0.794821 -0.019600
v 0.207368 0.746928 -0.024000
v 0.206593 0.700734 -0.037200
v 0.205872 0.657740 -0.058600
v 0.205229 0.619446 -0.087500
v 0.204686 0.587050 -0.123100
v 0.204261 0.561754 -0.163900
v 0.203969 0.544356 -0.208700
v 0.203822 0.535558 -0.256000
v 0.203822 0.535558 -0.304000
v 0.203969 0.544356 -0.351300
v 0.204261 0.561754 -0.396100
v 0.204686 0.587050 -0.436900
v 0.205229 0.619446 -0.472500
v 0.205872 0.657740 -0.501400
v 0.206593 0.700734 -0.522800
v 0.207368 0.746928 -0.536000
v 0.156979 0.795680 -0.572100
v 0.157879 0.849372 -0.567200
v 0.158748 0.901165 -0.552400
v 0.159558 0.949458 -0.528400
v 0.160280 0.992452 -0.495900
v 0.160889 1.028747 -0.456000
v 0.161365 1.057143 -0.410200
v 0.161692 1.076640 -0.359900
v 0.161858 1.086539 -0.307000
v 0.161858 1.086539 -0.253000
v 0.161692 1.076640 -0.200100
v 0.161365 1.057143 -0.149800
v 0.160889 1.028747 -0.104000
v 0.160280 0.992452 -0.064100
v 0.159558 0.949458 -0.031600
v 0.158748 0.901165 -0.007600
v 0.157879 0.849372 0.007200
v 0.156979 0.795680 0.012100
v 0.156078 0.741988 0.007200
v 0.155209 0.690195 -0.007600
v 0.154399 0.641902 -0.031600
v 0.153677 0.598908 -0.064100
v 0.153069 0.562613 -0.104000
v 0.152592 0.534217 -0.149800
v 0.152265 0.514719 -0.200100
v 0.152099 0.504821 -0.253000
v 0.152099 0.504821 -0.307000
v 0.152265 0.514719 -0.359900
v 0.152592 0.534217 -0.410200
v 0.153069 0.562613 -0.456000
v 0.153677 0.598908 -0.495900
v 0.154399 0.641902 -0.528400
v 0.155209 0.690195 -0.552400
v 0.156078 0.741988 -0.567200
v 0.100786 0.796623 -0.593900
v 0.101754 0.854315 -0.588500
v 0.102689 0.910007 -0.572700
v 0.103558 0.961799 -0.546900
v 0.104334 1.008093 -0.512000
v 0.104988 1.047087 -0.469200
v 0.105500 1.077583 -0.419900
v 0.105851 1.098480 -0.365900
v 0.106028 1.109079 -0.309000
v 0.106028 1.109079 -0.251000
v 0.105851 1.098480 -0.194100
v 0.105500 1.077583 -0.140100
v 0.104988 1.047087 -0.090800
v 0.104334 1.008093 -0.048000
v 0.103558 0.961799 -0.013100
v 0.102689 0.910007 0.012700
v 0.101754 0.854315 0.028500
v 0.100787 0.796623 0.033900
v 0.099819 0.738931 0.028500
v 0.098884 0.683239 0.012700
v 0.098015 0.631446 -0.013100
v 0.097239 0.585152 -0.048000
v 0.096585 0.546158 -0.090800
v 0.096073 0.515662 -0.140100
v 0.095722 0.494765 -0.194100
v 0.095545 0.484167 -0.251000
v 0.095545 0.484167 -0.309000
v 0.095722 0.494765 -0.365900
v 0.096073 0.515662 -0.419900
v 0.096585 0.546158 -0.469200
v 0.097239 0.585152 -0.512000
v 0.098015 0.631446 -0.546900
v 0.098884 0.683239 -0.572700
v 0.099819 0.738931 -0.588500
v 0.041595 0.797616 -0.604900
v 0.042596 0.857307 -0.599400
v 0.043564 0.914999 -0.583000
v 0.044465 0.968692 -0.556300
v 0.045267 1.016485 -0.520100
v 0.045944 1.056879 -0.475800
v 0.046474 1.088475 -0.424800
v 0.046837 1.110072 -0.368900
v 0.047023 1.121170 -0.310000
v 0.047023 1.121170 -0.250000
v 0.046837 1.110072 -0.191100
v 0.046474 1.088475 -0.135200
v 0.045944 1.056879 -0.084200
v 0.045267 1.016485 -0.039900
v 0.044465 0.968692 -0.003700
v 0.043564 0.914999 0.023000
v 0.042596 0.857307 0.039400
v 0.041595 0.797616 0.044900
v 0.040593 0.737924 0.039400
v 0.039626 0.680232 0.023000
v 0.038725 0.626540 -0.003700
v 0.037923 0.578746 -0.039900
v 0.037245 0.538352 -0.084200
v 0.036715 0.506757 -0.135200
v 0.036353 0.485160 -0.191100
v 0.036167 0.474061 -0.250000
v 0.036167 0.474061 -0.310000
v 0.036353 0.485160 -0.368900
v 0.036715 0.506757 -0.424800
v 0.037245 0.538352 -0.475800
v 0.037923 0.578746 -0.520100
v 0.038725 0.626540 -0.556300
v 0.039625 0.680232 -0.583000
v 0.040593 0.737924 -0.599400
v -0.018597 0.798625 -0.604900
v -0.017595 0.858317 -0.599400
v -0.016627 0.916009 -0.583000
v -0.015727 0.969701 -0.556300
v -0.014925 1.017495 -0.520100
v -0.014247 1.057889 -0.475800
v -0.013717 1.089485 -0.424800
v -0.013355 1.111082 -0.368900
v -0.013169 1.122180 -0.310000
v -0.013169 1.122180 -0.250000
v -0.013355 1.111082 -0.191100
v -0.013717 1.089485 -0.135200
v -0.014247 1.057889 -0.084200
v -0.014925 1.017495 -0.039900
v -0.015727 0.969701 -0.003700
v -0.016627 0.916009 0.023000
v -0.017595 0.858317 0.039400
v -0.018597 0.798625 0.044900
v -0.019598 0.738934 0.039400
v -0.020566 0.681242 0.023000
v -0.021467 0.627550 -0.003700
v -0.022269 0.579756 -0.039900
v -0.022946 0.539362 -0.084200
v -0.023476 0.507766 -0.135200
v -0.023839 0.486169 -0.191100
v -0.024025 0.475071 -0.250000
v -0.024025 0.475071 -0.310000
v -0.023839 0.486169 -0.368900
v -0.023476 0.507766 -0.424800
v -0.022946 0.539362 -0.475800
v -0.022269 0.579756 -0.520100
v -0.021467 0.627549 -0.556300
v -0.020566 0.681242 -0.583000
v -0.019598 0.738934 -0.599400
v -0.077788 0.799619 -0.593900
v -0.076821 0.857310 -0.588500
v -0.075886 0.913003 -0.572700
v -0.075017 0.964795 -0.546900
v -0.074241 1.011089 -0.512000
v -0.073587 1.050083 -0.469200
v -0.073075 1.080579 -0.419900
v -0.072724 1.101476 -0.365900
v -0.072547 1.112075 -0.309000
v -0.072547 1.112075 -0.251000
v -0.072724 1.101476 -0.194100
v -0.073075 1.080579 -0.140100
v -0.073587 1.050083 -0.090800
v -0.074241 1.011089 -0.048000
v -0.075017 0.964795 -0.013100
v -0.075886 0.913003 0.012700
v -0.076821 0.857310 0.028500
v -0.077788 0.799618 0.033900
v -0.078756 0.741927 0.028500
v -0.079691 0.686234 0.012700
v -0.080559 0.634442 -0.013100
v -0.081336 0.588148 -0.048000
v -0.081990 0.549154 -0.090800
v -0.082502 0.518658 -0.140100
v -0.082852 0.497761 -0.194100
v -0.083030 0.487162 -0.251000
v -0.083030 0.487162 -0.309000
v -0.082852 0.497761 -0.365900
v -0.082502 0.518658 -0.419900
v -0.081990 0.549154 -0.469200
v -0.081336 0.588148 -0.512000
v -0.080559 0.634442 -0.546900
v -0.079691 0.686234 -0.572700
v -0.078756 0.741927 -0.588500
v -0.133981 0.800561 -0.572100
v -0.133080 0.854254 -0.567200
v -0.132211 0.906046 -0.552400
v -0.131401 0.954340 -0.528400
v -0.130679 0.997333 -0.495900
v -0.130071 1.033628 -0.456000
v -0.129594 1.062024 -0.410200
v -0.129267 1.081522 -0.359900
v -0.129101 1.091420 -0.307000
v -0.129101 1.091420 -0.253000
v -0.129267 1.081522 -0.200100
v -0.129594 1.062024 -0.149800
v -0.130070 1.033628 -0.104000
v -0.130679 0.997334 -0.064100
v -0.131401 0.954340 -0.031600
v -0.132211 0.906046 -0.007600
v -0.133080 0.854254 0.007200
v -0.133980 0.800561 0.012100
v -0.134881 0.746869 0.007200
v -0.135750 0.695076 -0.007600
v -0.136560 0.646783 -0.031600
v -0.137282 0.603789 -0.064100
v -0.137891 0.567494 -0.104000
v -0.138367 0.539098 -0.149800
v -0.138694 0.519601 -0.200100
v -0.138860 0.509702 -0.253000
v -0.138860 0.509702 -0.307000
v -0.138694 0.519601 -0.359900
v -0.138367 0.539098 -0.410200
v -0.137891 0.567494 -0.456000
v -0.137282 0.603789 -0.495900
v -0.136560 0.646783 -0.528400
v -0.135750 0.695076 -0.552400
v -0.134881 0.746869 -0.567200
v -0.185173 0.801420 -0.540400
v -0.184370 0.849313 -0.536000
v -0.183595 0.895507 -0.522800
v -0.182874 0.938501 -0.501400
v -0.182231 0.976795 -0.472500
v -0.181688 1.009191 -0.436900
v -0.181263 1.034487 -0.396100
v -0.180971 1.051885 -0.351300
v -0.180824 1.060683 -0.304000
v -0.180824 1.060683 -0.256000
v -0.180971 1.051885 -0.208700
v -0.181263 1.034487 -0.163900
v -0.181688 1.009191 -0.123100
v -0.182231 0.976795 -0.087500
v -0.182874 0.938501 -0.058600
v -0.183595 0.895507 -0.037200
v -0.184370 0.849313 -0.024000
v -0.185173 0.801420 -0.019600
v -0.185977 0.753527 -0.024000
v -0.186752 0.707333 -0.037200
v -0.187473 0.664339 -0.058600
v -0.188115 0.626045 -0.087500
v -0.188659 0.593649 -0.123100
v -0.189083 0.568353 -0.163900
v -0.189375 0.550955 -0.208700
v -0.189523 0.542157 -0.256000
v -0.189523 0.542157 -0.304000
v -0.189375 0.550955 -0.351300
v -0.189083 0.568353 -0.396100
v -0.188659 0.593649 -0.436900
v -0.188115 0.626045 -0.472500
v -0.187473 0.664339 -0.501400
v -0.186752 0.707333 -0.522800
v -0.185977 0.753527 -0.536000
v -0.229667 0.802166 -0.499900
v -0.228989 0.842561 -0.496100
v -0.228335 0.881555 -0.485000
v -0.227726 0.917850 -0.466900
v -0.227183 0.950246 -0.442500
v -0.226725 0.977542 -0.412500
v -0.226366 0.998939 -0.378000
v -0.226119 1.013637 -0.340200
v -0.225995 1.021036 -0.300300
v -0.225995 1.021036 -0.259700
v -0.226119 1.013637 -0.219800
v -0.226366 0.998939 -0.182000
v -0.226725 0.977542 -0.147500
v -0.227183 0.950246 -0.117500
v -0.227726 0.917850 -0.093100
v -0.228335 0.881555 -0.075000
v -0.228989 0.842561 -0.063900
v -0.229667 0.802166 -0.060100
v -0.230345 0.761772 -0.063900
v -0.230999 0.722778 -0.075000
v -0.231608 0.686483 -0.093100
v -0.232151 0.654087 -0.117500
v -0.232609 0.626791 -0.147500
v -0.232968 0.605394 -0.182000
v -0.233215 0.590696 -0.219800
v -0.233339 0.583297 -0.259700
v -0.233339 0.583297 -0.300300
v -0.233215 0.590696 -0.340200
v -0.232968 0.605394 -0.378000
v -0.232609 0.626791 -0.412500
v -0.232151 0.654087 -0.442500
v -0.231608 0.686483 -0.466900
v -0.230999 0.722778 -0.485000
v -0.230345 0.761772 -0.496100
v -0.265962 0.802775 -0.451800
v -0.265432 0.834371 -0.448900
v -0.264920 0.864867 -0.440200
v -0.264446 0.893163 -0.426100
v -0.264021 0.918459 -0.407000
v -0.263662 0.939856 -0.383500
v -0.263382 0.956554 -0.356600
v -0.263191 0.967952 -0.327000
v -0.263092 0.973851 -0.295900
v -0.263092 0.973851 -0.264100
v -0.263191 0.967952 -0.233000
v -0.263382 0.956554 -0.203400
v -0.263662 0.939856 -0.176500
v -0.264021 0.918459 -0.153000
v -0.264446 0.893163 -0.133900
v -0.264920 0.864867 -0.119800
v -0.265432 0.834371 -0.111100
v -0.265962 0.802775 -0.108200
v -0.266492 0.771180 -0.111100
v -0.267004 0.740684 -0.119800
v -0.267478 0.712388 -0.133900
v -0.267903 0.687092 -0.153000
v -0.268262 0.665695 -0.176500
v -0.268542 0.648997 -0.203400
v -0.268733 0.637599 -0.233000
v -0.268832 0.631699 -0.264100
v -0.268832 0.631699 -0.295900
v -0.268733 0.637599 -0.327000
v -0.268542 0.648997 -0.356600
v -0.268262 0.665695 -0.383500
v -0.267903 0.687092 -0.407000
v -0.267478 0.712388 -0.426100
v -0.267004 0.740684 -0.440200
v -0.266492 0.771180 -0.448900
v -0.292758 0.803225 -0.397900
v -0.292394 0.824922 -0.395900
v -0.292044 0.845819 -0.389900
v -0.291717 0.865316 -0.380200
v -0.291426 0.882614 -0.367100
v -0.291180 0.897312 -0.351000
v -0.290989 0.908710 -0.332500
v -0.290856 0.916609 -0.312300
v -0.290789 0.920608 -0.290900
v -0.290789 0.920608 -0.269100
v -0.290856 0.916609 -0.247700
v -0.290989 0.908710 -0.227500
v -0.291180 0.897312 -0.209000
v -0.291426 0.882614 -0.192900
v -0.291717 0.865316 -0.179800
v -0.292044 0.845819 -0.170100
v -0.292394 0.824922 -0.164100
v -0.292758 0.803225 -0.162100
v -0.293122 0.781528 -0.164100
v -0.293473 0.760631 -0.170100
v -0.293800 0.741134 -0.179800
v -0.294090 0.723836 -0.192900
v -0.294337 0.709138 -0.209000
v -0.294528 0.697740 -0.227500
v -0.294660 0.689841 -0.247700
v -0.294727 0.685841 -0.269100
v -0.294727 0.685841 -0.290900
v -0.294660 0.689841 -0.312300
v -0.294528 0.697740 -0.332500
v -0.294337 0.709138 -0.351000
v -0.294090 0.723836 -0.367100
v -0.293800 0.741134 -0.380200
v -0.293473 0.760631 -0.389900
v -0.293122 0.781528 -0.395900
v -0.309256 0.803502 -0.340000
v -0.309071 0.814500 -0.338900
v -0.308892 0.825199 -0.335900
v -0.308726 0.835097 -0.331000
v -0.308578 0.843896 -0.324300
v -0.308452 0.851395 -0.316100
v -0.308355 0.857194 -0.306700
v -0.308288 0.861194 -0.296400
v -0.308254 0.863193 -0.285500
v -0.308254 0.863193 -0.274500
v -0.308288 0.861194 -0.263600
v -0.308355 0.857194 -0.253300
v -0.308452 0.851395 -0.243900
v -0.308578 0.843896 -0.235700
v -0.308726 0.835097 -0.229000
v -0.308892 0.825199 -0.224100
v -0.309071 0.814500 -0.221100
v -0.309256 0.803502 -0.220000
v -0.309440 0.792503 -0.221100
v -0.309620 0.781805 -0.224100
v -0.309786 0.771906 -0.229000
v -0.309934 0.763107 -0.235700
v -0.310059 0.755608 -0.243900
v -0.310157 0.749809 -0.253300
v -0.310224 0.745810 -0.263600
v -0.310257 0.743810 -0.274500
v -0.310257 0.743810 -0.285500
v -0.310224 0.745810 -0.296400
v -0.310157 0.749809 -0.306700
v -0.310059 0.755608 -0.316100
v -0.309934 0.763107 -0.324300
v -0.309786 0.771906 -0.331000
v -0.309620 0.781805 -0.335900
v -0.309440 0.792503 -0.338900
v -0.314755 0.803594 -0.280000
v 0.323207 -0.074431 0.376700
v 0.317707 -0.074339 0.316800
v 0.317892 -0.063340 0.317800
v 0.318070 -0.052742 0.320800
v 0.318236 -0.042843 0.325800
v 0.318385 -0.033944 0.332400
v 0.318509 -0.026545 0.340600
v 0.318607 -0.020746 0.350000
v 0.318674 -0.016747 0.360300
v 0.318709 -0.014647 0.371200
v 0.318709 -0.014647 0.382300
v 0.318674 -0.016747 0.393200
v 0.318607 -0.020746 0.403500
v 0.318509 -0.026545 0.412900
v 0.318385 -0.033944 0.421100
v 0.318236 -0.042843 0.427700
v 0.318070 -0.052742 0.432700
v 0.317892 -0.063340 0.435700
v 0.317707 -0.074339 0.436700
v 0.317521 -0.085437 0.435700
v 0.317343 -0.096035 0.432700
v 0.317177 -0.105934 0.427700
v 0.317030 -0.114733 0.421100
v 0.316904 -0.122232 0.412900
v 0.316807 -0.128031 0.403500
v 0.316740 -0.132030 0.393200
v 0.316704 -0.134130 0.382300
v 0.316704 -0.134130 0.371200
v 0.316740 -0.132030 0.360300
v 0.316807 -0.128031 0.350000
v 0.316904 -0.122232 0.340600
v 0.317030 -0.114733 0.332400
v 0.317177 -0.105934 0.325800
v 0.317343 -0.096035 0.320800
v 0.317521 -0.085437 0.317800
v 0.301210 -0.074062 0.258900
v 0.301572 -0.052465 0.260900
v 0.301923 -0.031568 0.266800
v 0.302250 -0.012071 0.276500
v 0.302542 0.005327 0.289600
v 0.302787 0.019925 0.305700
v 0.302979 0.031423 0.324200
v 0.303110 0.039222 0.344500
v 0.303177 0.043222 0.365900
v 0.303177 0.043222 0.387600
v 0.303110 0.039222 0.409000
v 0.302979 0.031423 0.429300
v 0.302787 0.019925 0.447800
v 0.302542 0.005327 0.463900
v 0.302250 -0.012071 0.477000
v 0.301923 -0.031568 0.486700
v 0.301572 -0.052465 0.492600
v 0.301210 -0.074062 0.494600
v 0.300846 -0.095759 0.492600
v 0.300495 -0.116656 0.486700
v 0.300168 -0.136153 0.477000
v 0.299876 -0.153551 0.463900
v 0.299631 -0.168149 0.447800
v 0.299438 -0.179647 0.429300
v 0.299308 -0.187446 0.409000
v 0.299241 -0.191445 0.387600
v 0.299241 -0.191445 0.365900
v 0.299308 -0.187446 0.344500
v 0.299438 -0.179647 0.324200
v 0.299631 -0.168149 0.305700
v 0.299876 -0.153551 0.289600
v 0.300168 -0.136153 0.276500
v 0.300495 -0.116656 0.266800
v 0.300846 -0.095759 0.260900
v 0.274414 -0.073612 0.204900
v 0.274942 -0.042117 0.207900
v 0.275454 -0.011621 0.216600
v 0.275930 0.016775 0.230700
v 0.276354 0.042071 0.249800
v 0.276713 0.063469 0.273200
v 0.276992 0.080066 0.300200
v 0.277185 0.091564 0.329700
v 0.277282 0.097364 0.360900
v 0.277282 0.097364 0.392600
v 0.277185 0.091565 0.423800
v 0.276992 0.080066 0.453300
v 0.276713 0.063469 0.480300
v 0.276354 0.042071 0.503700
v 0.275930 0.016775 0.522800
v 0.275454 -0.011621 0.536900
v 0.274942 -0.042117 0.545600
v 0.274414 -0.073612 0.548500
v 0.273884 -0.105208 0.545600
v 0.273372 -0.135703 0.536900
v 0.272896 -0.164100 0.522800
v 0.272471 -0.189396 0.503700
v 0.272114 -0.210693 0.480300
v 0.271834 -0.227391 0.453300
v 0.271641 -0.238889 0.423800
v 0.271544 -0.244688 0.392600
v 0.271544 -0.244688 0.360900
v 0.271641 -0.238889 0.329700
v 0.271834 -0.227391 0.300200
v 0.272114 -0.210693 0.273200
v 0.272471 -0.189396 0.249800
v 0.272896 -0.164099 0.230700
v 0.273372 -0.135703 0.216600
v 0.273884 -0.105208 0.207900
v 0.238119 -0.073003 0.156900
v 0.238796 -0.032609 0.160600
v 0.239451 0.006385 0.171700
v 0.240059 0.042680 0.189800
v 0.240603 0.075076 0.214300
v 0.241061 0.102372 0.244300
v 0.241420 0.123769 0.278700
v 0.241665 0.138367 0.316600
v 0.241791 0.145866 0.356500
v 0.241791 0.145866 0.397000
v 0.241665 0.138367 0.436900
v 0.241420 0.123769 0.474700
v 0.241061 0.102372 0.509200
v 0.240603 0.075076 0.539200
v 0.240059 0.042680 0.563700
v 0.239451 0.006385 0.581800
v 0.238796 -0.032609 0.592900
v 0.238119 -0.073003 0.596600
v 0.237441 -0.113398 0.592900
v 0.236785 -0.152492 0.581800
v 0.236176 -0.188787 0.563700
v 0.235633 -0.221182 0.539200
v 0.235175 -0.248479 0.509200
v 0.234818 -0.269776 0.474700
v 0.234571 -0.284474 0.436900
v 0.234445 -0.291972 0.397000
v 0.234445 -0.291972 0.356500
v 0.234571 -0.284474 0.316600
v 0.234818 -0.269776 0.278700
v 0.235175 -0.248479 0.244300
v 0.235633 -0.221182 0.214300
v 0.236176 -0.188787 0.189800
v 0.236785 -0.152492 0.171700
v 0.237441 -0.113398 0.160600
v 0.193625 -0.072257 0.116300
v 0.194427 -0.024464 0.120800
v 0.195202 0.021730 0.133900
v 0.195925 0.064824 0.155300
v 0.196567 0.103118 0.184300
v 0.197111 0.135514 0.219800
v 0.197535 0.160810 0.260700
v 0.197825 0.178108 0.305500
v 0.197974 0.187007 0.352700
v 0.197974 0.187007 0.400800
v 0.197825 0.178108 0.448000
v 0.197535 0.160810 0.492800
v 0.197111 0.135514 0.533700
v 0.196567 0.103118 0.569200
v 0.195925 0.064824 0.598200
v 0.195202 0.021730 0.619600
v 0.194427 -0.024464 0.632700
v 0.193625 -0.072257 0.637200
v 0.192822 -0.120150 0.632700
v 0.192047 -0.166344 0.619600
v 0.191325 -0.209338 0.598200
v 0.190681 -0.247732 0.569200
v 0.190138 -0.280128 0.533700
v 0.189713 -0.305424 0.492800
v 0.189423 -0.322722 0.448000
v 0.189274 -0.331620 0.400800
v 0.189274 -0.331620 0.352700
v 0.189423 -0.322722 0.305500
v 0.189713 -0.305424 0.260700
v 0.190138 -0.280128 0.219800
v 0.190681 -0.247732 0.184300
v 0.191325 -0.209338 0.155300
v 0.192047 -0.166344 0.133900
v 0.192821 -0.120150 0.120800
v 0.142432 -0.071398 0.084600
v 0.143331 -0.017806 0.089600
v 0.144202 0.034087 0.104300
v 0.145010 0.082280 0.128400
v 0.145733 0.125374 0.160900
v 0.146342 0.161669 0.200700
v 0.146819 0.190065 0.246500
v 0.147144 0.209462 0.296800
v 0.147310 0.219361 0.349800
v 0.147310 0.219361 0.403700
v 0.147144 0.209462 0.456700
v 0.146819 0.190065 0.507000
v 0.146342 0.161669 0.552800
v 0.145733 0.125374 0.592600
v 0.145010 0.082280 0.625100
v 0.144202 0.034087 0.649100
v 0.143331 -0.017806 0.663900
v 0.142432 -0.071398 0.668900
v 0.141531 -0.125091 0.663900
v 0.140661 -0.176983 0.649100
v 0.139852 -0.225176 0.625100
v 0.139131 -0.268170 0.592600
v 0.138520 -0.304565 0.552800
v 0.138046 -0.332861 0.507000
v 0.137719 -0.352359 0.456700
v 0.137553 -0.362257 0.403700
v 0.137553 -0.362257 0.349800
v 0.137719 -0.352359 0.296800
v 0.138046 -0.332861 0.246500
v 0.138520 -0.304565 0.200700
v 0.139131 -0.268170 0.160900
v 0.139852 -0.225176 0.128400
v 0.140661 -0.176983 0.104300
v 0.141531 -0.125091 0.089600
v 0.086240 -0.070455 0.062900
v 0.087206 -0.012863 0.068200
v 0.088141 0.042829 0.084100
v 0.089011 0.094721 0.109900
v 0.089786 0.140915 0.144800
v 0.090440 0.179909 0.187600
v 0.090952 0.210405 0.236800
v 0.091304 0.231402 0.290800
v 0.091482 0.242001 0.347800
v 0.091482 0.242001 0.405700
v 0.091304 0.231402 0.462600
v 0.090952 0.210405 0.516700
v 0.090440 0.179909 0.565900
v 0.089786 0.140915 0.608700
v 0.089011 0.094721 0.643600
v 0.088141 0.042829 0.669400
v 0.087206 -0.012863 0.685300
v 0.086240 -0.070455 0.690600
v 0.085272 -0.128147 0.685300
v 0.084338 -0.183839 0.669400
v 0.083467 -0.235732 0.643600
v 0.082692 -0.281926 0.608700
v 0.082038 -0.320920 0.565900
v 0.081527 -0.351416 0.516700
v 0.081176 -0.372313 0.462600
v 0.080997 -0.383011 0.405700
v 0.080997 -0.383011 0.347800
v 0.081176 -0.372313 0.290800
v 0.081527 -0.351416 0.236800
v 0.082038 -0.320920 0.187600
v 0.082692 -0.281926 0.144800
v 0.083467 -0.235732 0.109900
v 0.084338 -0.183839 0.084100
v 0.085272 -0.128147 0.068200
v 0.027048 -0.069462 0.051800
v 0.028050 -0.009771 0.057300
v 0.029016 0.047821 0.073700
v 0.029917 0.101514 0.100500
v 0.030720 0.149407 0.136600
v 0.031398 0.189801 0.180900
v 0.031926 0.221297 0.231900
v 0.032290 0.242994 0.287800
v 0.032475 0.253992 0.346800
v 0.032475 0.253992 0.406700
v 0.032290 0.242994 0.465700
v 0.031926 0.221297 0.521600
v 0.031398 0.189801 0.572600
v 0.030720 0.149407 0.616900
v 0.029917 0.101514 0.653000
v 0.029016 0.047821 0.679700
v 0.028050 -0.009771 0.696200
v 0.027048 -0.069462 0.701700
v 0.026045 -0.129254 0.696200
v 0.025079 -0.186846 0.679700
v 0.024178 -0.240538 0.653000
v 0.023375 -0.288431 0.616900
v 0.022697 -0.328826 0.572600
v 0.022169 -0.360321 0.521600
v 0.021805 -0.382018 0.465700
v 0.021620 -0.393017 0.406700
v 0.021620 -0.393017 0.346800
v 0.021805 -0.382018 0.287800
v 0.022169 -0.360321 0.231900
v 0.022697 -0.328826 0.180900
v 0.023375 -0.288432 0.136600
v 0.024178 -0.240538 0.100500
v 0.025079 -0.186846 0.073700
v 0.026045 -0.129254 0.057300
v -0.033143 -0.068453 0.051800
v -0.032142 -0.008761 0.057300
v -0.031176 0.048831 0.073700
v -0.030275 0.102523 0.100500
v -0.029471 0.150417 0.136600
v -0.028794 0.190811 0.180900
v -0.028265 0.222307 0.231900
v -0.027901 0.244003 0.287800
v -0.027717 0.255002 0.346800
v -0.027717 0.255002 0.406700
v -0.027901 0.244004 0.465700
v -0.028265 0.222307 0.521600
v -0.028794 0.190811 0.572600
v -0.029471 0.150417 0.616900
v -0.030275 0.102523 0.653000
v -0.031176 0.048831 0.679700
v -0.032142 -0.008761 0.696200
v -0.033143 -0.068453 0.701700
v -0.034146 -0.128244 0.696200
v -0.035112 -0.185836 0.679700
v -0.036013 -0.239528 0.653000
v -0.036817 -0.287422 0.616900
v -0.037494 -0.327816 0.572600
v -0.038023 -0.359312 0.521600
v -0.038387 -0.381009 0.465700
v -0.038571 -0.392007 0.406700
v -0.038571 -0.392007 0.346800
v -0.038387 -0.381009 0.287800
v -0.038023 -0.359312 0.231900
v -0.037494 -0.327816 0.180900
v -0.036817 -0.287422 0.136600
v -0.036013 -0.239528 0.100500
v -0.035112 -0.185836 0.073700
v -0.034146 -0.128244 0.057300
v -0.092335 -0.067460 0.062900
v -0.091369 -0.009868 0.068200
v -0.090434 0.045825 0.084100
v -0.089564 0.097717 0.109900
v -0.088789 0.143911 0.144800
v -0.088135 0.182905 0.187600
v -0.087623 0.213401 0.236800
v -0.087271 0.234398 0.290800
v -0.087093 0.244997 0.347800
v -0.087093 0.244997 0.405700
v -0.087271 0.234398 0.462600
v -0.087623 0.213401 0.516700
v -0.088135 0.182905 0.565900
v -0.088789 0.143911 0.608700
v -0.089564 0.097717 0.643600
v -0.090434 0.045825 0.669400
v -0.091369 -0.009868 0.685300
v -0.092335 -0.067460 0.690600
v -0.093303 -0.125151 0.685300
v -0.094237 -0.180844 0.669400
v -0.095107 -0.232736 0.643600
v -0.095882 -0.278930 0.608700
v -0.096537 -0.317924 0.565900
v -0.097048 -0.348420 0.516700
v -0.097399 -0.369317 0.462600
v -0.097578 -0.380016 0.405700
v -0.097578 -0.380016 0.347800
v -0.097399 -0.369317 0.290800
v -0.097048 -0.348420 0.236800
v -0.096537 -0.317924 0.187600
v -0.095883 -0.278930 0.144800
v -0.095108 -0.232736 0.109900
v -0.094237 -0.180844 0.084100
v -0.093303 -0.125151 0.068200
v -0.148527 -0.066517 0.084600
v -0.147628 -0.012924 0.089600
v -0.146757 0.038968 0.104300
v -0.145949 0.087162 0.128400
v -0.145226 0.130256 0.160900
v -0.144617 0.166550 0.200700
v -0.144140 0.194946 0.246500
v -0.143815 0.214344 0.296800
v -0.143649 0.224242 0.349800
v -0.143649 0.224242 0.403700
v -0.143815 0.214344 0.456700
v -0.144140 0.194946 0.507000
v -0.144617 0.166550 0.552800
v -0.145226 0.130256 0.592600
v -0.145949 0.087162 0.625100
v -0.146757 0.038968 0.649100
v -0.147628 -0.012924 0.663900
v -0.148527 -0.066517 0.668900
v -0.149428 -0.120209 0.663900
v -0.150298 -0.172102 0.649100
v -0.151107 -0.220295 0.625100
v -0.151828 -0.263289 0.592600
v -0.152439 -0.299684 0.552800
v -0.152913 -0.327980 0.507000
v -0.153240 -0.347477 0.456700
v -0.153406 -0.357376 0.403700
v -0.153406 -0.357376 0.349800
v -0.153240 -0.347477 0.296800
v -0.152913 -0.327980 0.246500
v -0.152439 -0.299684 0.200700
v -0.151828 -0.263289 0.160900
v -0.151107 -0.220295 0.128400
v -0.150298 -0.172102 0.104300
v -0.149428 -0.120209 0.089600
v -0.199720 -0.065658 0.116300
v -0.198918 -0.017865 0.120800
v -0.198143 0.028329 0.133900
v -0.197420 0.071423 0.155300
v -0.196778 0.109717 0.184300
v -0.196234 0.142113 0.219800
v -0.195810 0.167409 0.260700
v -0.195520 0.184707 0.305500
v -0.195370 0.193606 0.352700
v -0.195370 0.193606 0.400800
v -0.195519 0.184707 0.448000
v -0.195810 0.167409 0.492800
v -0.196234 0.142113 0.533700
v -0.196778 0.109717 0.569200
v -0.197420 0.071423 0.598200
v -0.198143 0.028329 0.619600
v -0.198918 -0.017865 0.632700
v -0.199720 -0.065658 0.637200
v -0.200523 -0.113551 0.632700
v -0.201298 -0.159745 0.619600
v -0.202019 -0.202739 0.598200
v -0.202664 -0.241133 0.569200
v -0.203207 -0.273529 0.533700
v -0.203631 -0.298825 0.492800
v -0.203922 -0.316123 0.448000
v -0.204071 -0.325021 0.400800
v -0.204071 -0.325021 0.352700
v -0.203922 -0.316123 0.305500
v -0.203631 -0.298825 0.260700
v -0.203207 -0.273529 0.219800
v -0.202664 -0.241133 0.184300
v -0.202019 -0.202739 0.155300
v -0.201298 -0.159745 0.133900
v -0.200523 -0.113551 0.120800
v -0.244213 -0.064912 0.156900
v -0.243536 -0.024517 0.160600
v -0.242882 0.014477 0.171700
v -0.242273 0.050772 0.189800
v -0.241729 0.083168 0.214300
v -0.241271 0.110464 0.244300
v -0.240912 0.131861 0.278700
v -0.240667 0.146459 0.316600
v -0.240542 0.153958 0.356500
v -0.240542 0.153958 0.397000
v -0.240667 0.146459 0.436900
v -0.240912 0.131861 0.474700
v -0.241271 0.110464 0.509200
v -0.241729 0.083168 0.539200
v -0.242273 0.050772 0.563700
v -0.242882 0.014477 0.581800
v -0.243536 -0.024517 0.592900
v -0.244213 -0.064912 0.596600
v -0.244891 -0.105306 0.592900
v -0.245547 -0.144400 0.581800
v -0.246156 -0.180695 0.563700
v -0.246699 -0.213091 0.539200
v -0.247157 -0.240387 0.509200
v -0.247515 -0.261684 0.474700
v -0.247761 -0.276382 0.436900
v -0.247887 -0.283881 0.397000
v -0.247887 -0.283881 0.356500
v -0.247761 -0.276382 0.316600
v -0.247515 -0.261684 0.278700
v -0.247157 -0.240387 0.244300
v -0.246699 -0.213091 0.214300
v -0.246156 -0.180695 0.189800
v -0.245547 -0.144400 0.171700
v -0.244891 -0.105306 0.160600
v -0.280508 -0.064303 0.204900
v -0.279980 -0.032807 0.207900
v -0.279468 -0.002311 0.216600
v -0.278992 0.026085 0.230700
v -0.278568 0.051381 0.249800
v -0.278209 0.072778 0.273200
v -0.277930 0.089376 0.300200
v -0.277737 0.100874 0.329700
v -0.277640 0.106673 0.360900
v -0.277640 0.106673 0.392600
v -0.277737 0.100874 0.423800
v -0.277930 0.089376 0.453300
v -0.278209 0.072778 0.480300
v -0.278568 0.051381 0.503700
v -0.278992 0.026085 0.522800
v -0.279468 -0.002311 0.536900
v -0.279980 -0.032807 0.545600
v -0.280508 -0.064303 0.548500
v -0.281038 -0.095898 0.545600
v -0.281550 -0.126394 0.536900
v -0.282026 -0.154790 0.522800
v -0.282451 -0.180086 0.503700
v -0.282808 -0.201383 0.480300
v -0.283088 -0.218081 0.453300
v -0.283281 -0.229579 0.423800
v -0.283378 -0.235379 0.392600
v -0.283378 -0.235379 0.360900
v -0.283281 -0.229579 0.329700
v -0.283088 -0.218081 0.300200
v -0.282808 -0.201383 0.273200
v -0.282451 -0.180086 0.249800
v -0.282026 -0.154790 0.230700
v -0.281550 -0.126394 0.216600
v -0.281038 -0.095898 0.207900
v -0.307305 -0.063853 0.258900
v -0.306942 -0.042256 0.260900
v -0.306592 -0.021359 0.266800
v -0.306265 -0.001862 0.276500
v -0.305973 0.015536 0.289600
v -0.305728 0.030134 0.305700
v -0.305535 0.041632 0.324200
v -0.305404 0.049431 0.344500
v -0.305337 0.053430 0.365900
v -0.305337 0.053430 0.387600
v -0.305404 0.049431 0.409000
v -0.305535 0.041632 0.429300
v -0.305728 0.030134 0.447800
v -0.305973 0.015536 0.463900
v -0.306265 -0.001862 0.477000
v -0.306592 -0.021359 0.486700
v -0.306942 -0.042256 0.492600
v -0.307305 -0.063853 0.494600
v -0.307669 -0.085550 0.492600
v -0.308019 -0.106447 0.486700
v -0.308346 -0.125944 0.477000
v -0.308638 -0.143342 0.463900
v -0.308883 -0.157940 0.447800
v -0.309076 -0.169438 0.429300
v -0.309207 -0.177237 0.409000
v -0.309274 -0.181237 0.387600
v -0.309274 -0.181237 0.365900
v -0.309207 -0.177237 0.344500
v -0.309076 -0.169438 0.324200
v -0.308883 -0.157940 0.305700
v -0.308638 -0.143342 0.289600
v -0.308346 -0.125944 0.276500
v -0.308019 -0.106447 0.266800
v -0.307669 -0.085550 0.260900
v -0.323802 -0.063576 0.316800
v -0.323618 -0.052578 0.317800
v -0.323440 -0.041979 0.320800
v -0.323274 -0.032081 0.325800
v -0.323125 -0.023182 0.332400
v -0.323000 -0.015783 0.340600
v -0.322903 -0.009984 0.350000
v -0.322836 -0.005984 0.360300
v -0.322801 -0.003885 0.371200
v -0.322801 -0.003885 0.382300
v -0.322836 -0.005984 0.393200
v -0.322903 -0.009984 0.403500
v -0.323000 -0.015783 0.412900
v -0.323125 -0.023182 0.421100
v -0.323274 -0.032081 0.427700
v -0.323440 -0.041979 0.432700
v -0.323618 -0.052578 0.435700
v -0.323802 -0.063576 0.436700
v -0.323988 -0.074675 0.435700
v -0.324166 -0.085273 0.432700
v -0.324332 -0.095172 0.427700
v -0.324480 -0.103971 0.421100
v -0.324606 -0.111470 0.412900
v -0.324703 -0.117269 0.403500
v -0.324770 -0.121268 0.393200
v -0.324805 -0.123368 0.382300
v -0.324805 -0.123368 0.371200
v -0.324770 -0.121268 0.360300
v -0.324703 -0.117269 0.350000
v -0.324606 -0.111470 0.340600
v -0.324480 -0.103971 0.332400
v -0.324332 -0.095172 0.325800
v -0.324166 -0.085273 0.320800
v -0.323988 -0.074675 0.317800
v -0.329301 -0.063484 0.376700
v -0.344397 -0.617509 -1.040000
v -0.311017 1.372211 -1.040000
v -0.310681 1.392208 0.990000
v -0.344397 -0.617509 0.990000
v 1.245379 -0.644180 -1.040000
v 1.245380 -0.644179 0.990000
v 1.279263 1.375536 0.990000
v 1.279263 1.375536 -1.040000
v 1.245379 -0.644180 -1.040000
v 1.279263 1.375536 -1.040000
v -0.311017 1.372211 -1.040000
v -0.344397 -0.617509 -1.040000
v 1.245380 -0.644179 0.990000
v 1.245379 -0.644180 -1.040000
v -0.344397 -0.617509 -1.040000
v -0.344397 -0.617509 0.990000
v 1.279263 1.375536 -1.040000
v 1.279263 1.375536 0.990000
v -0.310681 1.392208 0.990000
v -0.311017 1.372211 -1.040000
v 2.144770 0.369632 0.782550
v 1.765467 0.359620 0.803265
v 1.751012 0.827827 0.764881
v 2.130315 0.837839 0.744165
v 0.450491 -0.630844 0.990000
v 1.257159 0.057990 -0.337732
v 1.257159 0.057990 0.287731
v 1.267483 0.673367 -0.337732
v 1.267483 0.673367 0.287731
v 1.257159 0.057990 -0.337732
v 1.257159 0.057990 0.287731
v 1.267483 0.673367 -0.337732
v 1.245379 -0.644180 -1.040000
v 1.245380 -0.644179 0.990000
v 1.279263 1.375536 -1.040000
v 3.292591 -0.644180 -1.040000
v 3.326474 1.375536 -1.040000
v 1.254069 -0.632155 0.964451
v 1.287953 1.387560 0.964451
v 3.301280 -0.632155 0.964451
v 3.335164 1.387560 0.964451
v 3.332195 -0.614330 0.995506
v 3.330975 1.405386 0.961644
v 3.313110 -0.614329 -1.008135
v 3.335059 1.405386 -1.041997
v 1.229103 -0.609019 0.984757
v 3.248774 -0.622497 0.950895
v 1.229241 -0.589935 -1.018884
v 3.248744 -0.626581 -1.052746
v 1.709494 -0.027328 -0.775466
v 1.989573 -0.037341 -0.518842
v 1.972246 0.430867 -0.481665
v 1.692168 0.440878 -0.738289
v 2.869686 -0.489614 0.120266
v 2.490383 -0.499626 0.140982
v 2.475928 -0.031419 0.102597
v 2.855231 -0.021408 0.081882
v 2.472207 -0.274142 0.408695
v 2.220686 -0.284154 0.693366
v 2.183203 0.184053 0.676714
v 2.434723 0.194065 0.392043
v 2.351807 -0.258472 -0.607345
v 2.074635 -0.268484 -0.347584
v 2.038883 0.199723 -0.367687
v 2.316055 0.209735 -0.627447
vn 0.9999 -0.0168 -0.0000
vn 0.9818 -0.0166 -0.1890
vn 0.9825 0.0186 -0.1851
vn 0.9830 0.0512 -0.1763
vn 0.9835 0.0830 -0.1606
vn 0.9840 0.1108 -0.1392
vn 0.9844 0.1342 -0.1138
vn 0.9847 0.1524 -0.0841
vn 0.9849 0.1651 -0.0515
vn 0.9851 0.1713 -0.0171
vn 0.9851 0.1713 0.0171
vn 0.9849 0.1653 0.0518
vn 0.9847 0.1525 0.0841
vn 0.9844 0.1342 0.1138
vn 0.9840 0.1107 0.1393
vn 0.9835 0.0831 0.1605
vn 0.9830 0.0512 0.1761
vn 0.9825 0.0183 0.1852
vn 0.9818 -0.0163 0.1890
vn 0.9814 -0.0515 0.1851
vn 0.9807 -0.0841 0.1763
vn 0.9802 -0.1160 0.1606
vn 0.9798 -0.1437 0.1392
vn 0.9793 -0.1672 0.1138
vn 0.9791 -0.1854 0.0841
vn 0.9788 -0.1980 0.0515
vn 0.9787 -0.2045 0.0173
vn 0.9788 -0.2043 -0.0171
vn 0.9788 -0.1982 -0.0515
vn 0.9791 -0.1855 -0.0841
vn 0.9793 -0.1671 -0.1138
vn 0.9798 -0.1437 -0.1393
vn 0.9802 -0.1161 -0.1605
vn 0.9808 -0.0842 -0.1761
vn 0.9813 -0.0512 -0.1857
vn 0.9306 -0.0157 -0.3657
vn 0.9317 0.0519 -0.3594
vn 0.9329 0.1167 -0.3407
vn 0.9338 0.1770 -0.3109
vn 0.9347 0.2309 -0.2701
vn 0.9355 0.2763 -0.2203
vn 0.9361 0.3117 -0.1630
vn 0.9364 0.3362 -0.1005
vn 0.9367 0.3484 -0.0337
vn 0.9367 0.3485 0.0338
vn 0.9365 0.3361 0.1005
vn 0.9361 0.3115 0.1632
vn 0.9354 0.2765 0.2202
vn 0.9347 0.2308 0.2702
vn 0.9338 0.1771 0.3109
vn 0.9328 0.1167 0.3409
vn 0.9317 0.0519 0.3595
vn 0.9306 -0.0155 0.3657
vn 0.9295 -0.0831 0.3594
vn 0.9284 -0.1480 0.3407
vn 0.9274 -0.2082 0.3109
vn 0.9265 -0.2621 0.2701
vn 0.9257 -0.3075 0.2203
vn 0.9251 -0.3429 0.1630
vn 0.9246 -0.3674 0.1008
vn 0.9245 -0.3797 0.0337
vn 0.9245 -0.3797 -0.0338
vn 0.9247 -0.3673 -0.1005
vn 0.9249 -0.3433 -0.1631
vn 0.9256 -0.3077 -0.2202
vn 0.9265 -0.2620 -0.2702
vn 0.9273 -0.2083 -0.3109
vn 0.9284 -0.1480 -0.3409
vn 0.9295 -0.0831 -0.3595
vn 0.8479 -0.0141 -0.5300
vn 0.8493 0.0831 -0.5213
vn 0.8510 0.1776 -0.4943
vn 0.8524 0.2648 -0.4508
vn 0.8538 0.3429 -0.3916
vn 0.8549 0.4087 -0.3196
vn 0.8558 0.4602 -0.2362
vn 0.8565 0.4954 -0.1450
vn 0.8565 0.5138 -0.0496
vn 0.8567 0.5135 0.0494
vn 0.8565 0.4953 0.1453
vn 0.8557 0.4604 0.2362
vn 0.8549 0.4087 0.3195
vn 0.8538 0.3429 0.3918
vn 0.8524 0.2649 0.4508
vn 0.8510 0.1775 0.4943
vn 0.8494 0.0833 0.5211
vn 0.8478 -0.0144 0.5300
vn 0.8461 -0.1116 0.5213
vn 0.8445 -0.2060 0.4943
vn 0.8431 -0.2932 0.4508
vn 0.8418 -0.3714 0.3916
vn 0.8407 -0.4372 0.3196
vn 0.8399 -0.4886 0.2362
vn 0.8394 -0.5238 0.1450
vn 0.8388 -0.5422 0.0490
vn 0.8389 -0.5420 -0.0494
vn 0.8394 -0.5238 -0.1453
vn 0.8398 -0.4888 -0.2362
vn 0.8407 -0.4371 -0.3195
vn 0.8418 -0.3713 -0.3918
vn 0.8430 -0.2934 -0.4508
vn 0.8445 -0.2059 -0.4943
vn 0.8461 -0.1118 -0.5211
vn 0.7360 -0.0124 -0.6768
vn 0.7383 0.1124 -0.6650
vn 0.7401 0.2322 -0.6311
vn 0.7421 0.3437 -0.5755
vn 0.7437 0.4435 -0.5002
vn 0.7452 0.5276 -0.4078
vn 0.7462 0.5931 -0.3023
vn 0.7472 0.6384 -0.1850
vn 0.7475 0.6614 -0.0621
vn 0.7473 0.6616 0.0620
vn 0.7471 0.6383 0.1853
vn 0.7464 0.5930 0.3021
vn 0.7452 0.5276 0.4079
vn 0.7438 0.4434 0.5001
vn 0.7421 0.3436 0.5755
vn 0.7402 0.2323 0.6310
vn 0.7382 0.1123 0.6652
vn 0.7360 -0.0123 0.6768
vn 0.7341 -0.1371 0.6650
vn 0.7319 -0.2569 0.6311
vn 0.7302 -0.3684 0.5755
vn 0.7285 -0.4682 0.5002
vn 0.7271 -0.5523 0.4078
vn 0.7260 -0.6179 0.3019
vn 0.7253 -0.6631 0.1850
vn 0.7249 -0.6861 0.0621
vn 0.7247 -0.6863 -0.0620
vn 0.7253 -0.6630 -0.1853
vn 0.7260 -0.6177 -0.3021
vn 0.7270 -0.5523 -0.4079
vn 0.7285 -0.4681 -0.5001
vn 0.7302 -0.3683 -0.5755
vn 0.7320 -0.2570 -0.6310
vn 0.7340 -0.1370 -0.6652
vn 0.5998 -0.0103 -0.8001
vn 0.6026 0.1372 -0.7862
vn 0.6050 0.2791 -0.7457
vn 0.6073 0.4108 -0.6800
vn 0.6090 0.5288 -0.5911
vn 0.6106 0.6283 -0.4820
vn 0.6119 0.7057 -0.3571
vn 0.6128 0.7593 -0.2191
vn 0.6135 0.7862 -0.0734
vn 0.6135 0.7863 0.0735
vn 0.6128 0.7593 0.2189
vn 0.6120 0.7056 0.3572
vn 0.6107 0.6283 0.4820
vn 0.6091 0.5289 0.5910
vn 0.6073 0.4106 0.6801
vn 0.6049 0.2793 0.7457
vn 0.6026 0.1369 0.7862
vn 0.5998 -0.0099 0.8001
vn 0.5977 -0.1573 0.7862
vn 0.5953 -0.2992 0.7457
vn 0.5932 -0.4309 0.6800
vn 0.5910 -0.5490 0.5911
vn 0.5892 -0.6484 0.4820
vn 0.5879 -0.7258 0.3571
vn 0.5871 -0.7794 0.2188
vn 0.5868 -0.8064 0.0734
vn 0.5868 -0.8064 -0.0735
vn 0.5870 -0.7795 -0.2189
vn 0.5879 -0.7258 -0.3572
vn 0.5892 -0.6484 -0.4820
vn 0.5910 -0.5491 -0.5910
vn 0.5929 -0.4311 -0.6801
vn 0.5952 -0.2994 -0.7457
vn 0.5977 -0.1570 -0.7862
vn 0.4436 -0.0072 -0.8962
vn 0.4462 0.1571 -0.8811
vn 0.4491 0.3164 -0.8356
vn 0.4515 0.4640 -0.7621
vn 0.4541 0.5965 -0.6618
vn 0.4555 0.7077 -0.5401
vn 0.4570 0.7946 -0.3998
vn 0.4577 0.8546 -0.2454
vn 0.4581 0.8850 -0.0827
vn 0.4583 0.8850 0.0827
vn 0.4579 0.8545 0.2453
vn 0.4571 0.7945 0.3997
vn 0.4559 0.7075 0.5399
vn 0.4538 0.5966 0.6620
vn 0.4514 0.4642 0.7621
vn 0.4490 0.3162 0.8357
vn 0.4460 0.1574 0.8811
vn 0.4436 -0.0077 0.8962
vn 0.4406 -0.1720 0.8811
vn 0.4382 -0.3313 0.8356
vn 0.4357 -0.4789 0.7621
vn 0.4338 -0.6114 0.6618
vn 0.4319 -0.7226 0.5397
vn 0.4301 -0.8094 0.3998
vn 0.4288 -0.8695 0.2454
vn 0.4281 -0.8999 0.0827
vn 0.4283 -0.8998 -0.0827
vn 0.4289 -0.8694 -0.2453
vn 0.4302 -0.8094 -0.3997
vn 0.4312 -0.7226 -0.5403
vn 0.4335 -0.6115 -0.6620
vn 0.4356 -0.4791 -0.7621
vn 0.4382 -0.3310 -0.8357
vn 0.4405 -0.1722 -0.8811
vn 0.2718 -0.0045 -0.9623
vn 0.2748 0.1722 -0.9460
vn 0.2779 0.3428 -0.8974
vn 0.2805 0.5017 -0.8183
vn 0.2832 0.6436 -0.7111
vn 0.2851 0.7634 -0.5797
vn 0.2866 0.8568 -0.4287
vn 0.2874 0.9209 -0.2633
vn 0.2884 0.9534 -0.0886
vn 0.2881 0.9535 0.0888
vn 0.2875 0.9209 0.2632
vn 0.2864 0.8568 0.4288
vn 0.2849 0.7633 0.5798
vn 0.2829 0.6437 0.7111
vn 0.2807 0.5016 0.8183
vn 0.2779 0.3427 0.8974
vn 0.2750 0.1723 0.9459
vn 0.2718 -0.0046 0.9623
vn 0.2688 -0.1813 0.9460
vn 0.2662 -0.3519 0.8974
vn 0.2635 -0.5109 0.8183
vn 0.2607 -0.6527 0.7114
vn 0.2593 -0.7725 0.5797
vn 0.2577 -0.8659 0.4287
vn 0.2564 -0.9300 0.2633
vn 0.2563 -0.9625 0.0886
vn 0.2559 -0.9626 -0.0888
vn 0.2566 -0.9300 -0.2633
vn 0.2575 -0.8659 -0.4288
vn 0.2591 -0.7724 -0.5798
vn 0.2611 -0.6528 -0.7111
vn 0.2637 -0.5107 -0.8183
vn 0.2663 -0.3518 -0.8974
vn 0.2690 -0.1814 -0.9459
vn 0.0914 -0.0017 -0.9958
vn 0.0948 0.1812 -0.9789
vn 0.0977 0.3577 -0.9287
vn 0.1007 0.5230 -0.8464
vn 0.1025 0.6695 -0.7357
vn 0.1045 0.7929 -0.6003
vn 0.1067 0.8898 -0.4438
vn 0.1078 0.9561 -0.2725
vn 0.1088 0.9898 -0.0923
vn 0.1090 0.9897 0.0926
vn 0.1077 0.9561 0.2726
vn 0.1065 0.8898 0.4437
vn 0.1046 0.7929 0.6002
vn 0.1027 0.6695 0.7357
vn 0.1005 0.5227 0.8465
vn 0.0977 0.3578 0.9287
vn 0.0949 0.1809 0.9789
vn 0.0914 -0.0014 0.9958
vn 0.0886 -0.1842 0.9789
vn 0.0857 -0.3608 0.9287
vn 0.0830 -0.5258 0.8465
vn 0.0800 -0.6726 0.7357
vn 0.0779 -0.7960 0.6003
vn 0.0766 -0.8930 0.4435
vn 0.0754 -0.9591 0.2729
vn 0.0753 -0.9929 0.0921
vn 0.0754 -0.9929 -0.0921
vn 0.0755 -0.9592 -0.2726
vn 0.0766 -0.8929 -0.4437
vn 0.0783 -0.7960 -0.6002
vn 0.0803 -0.6724 -0.7358
vn 0.0829 -0.5258 -0.8465
vn 0.0857 -0.3609 -0.9287
vn 0.0888 -0.1840 -0.9789
vn -0.0914 0.0017 -0.9958
vn -0.0888 0.1840 -0.9789
vn -0.0857 0.3609 -0.9287
vn -0.0829 0.5258 -0.8465
vn -0.0806 0.6723 -0.7359
vn -0.0780 0.7960 -0.6002
vn -0.0766 0.8929 -0.4437
vn -0.0755 0.9592 -0.2726
vn -0.0754 0.9929 -0.0922
vn -0.0755 0.9929 0.0923
vn -0.0754 0.9591 0.2729
vn -0.0768 0.8928 0.4439
vn -0.0779 0.7960 0.6003
vn -0.0800 0.6726 0.7357
vn -0.0831 0.5261 0.8464
vn -0.0857 0.3608 0.9287
vn -0.0886 0.1842 0.9789
vn -0.0914 0.0014 0.9958
vn -0.0949 -0.1809 0.9789
vn -0.0977 -0.3578 0.9287
vn -0.1005 -0.5227 0.8465
vn -0.1029 -0.6694 0.7358
vn -0.1051 -0.7930 0.6001
vn -0.1065 -0.8898 0.4437
vn -0.1077 -0.9561 0.2726
vn -0.1086 -0.9898 0.0921
vn -0.1085 -0.9898 -0.0921
vn -0.1075 -0.9560 -0.2729
vn -0.1065 -0.8899 -0.4435
vn -0.1045 -0.7929 -0.6003
vn -0.1025 -0.6695 -0.7357
vn -0.1007 -0.5230 -0.8464
vn -0.0977 -0.3577 -0.9287
vn -0.0949 -0.1816 -0.9788
vn -0.2718 0.0045 -0.9623
vn -0.2687 0.1815 -0.9460
vn -0.2663 0.3518 -0.8974
vn -0.2637 0.5107 -0.8183
vn -0.2611 0.6528 -0.7111
vn -0.2591 0.7724 -0.5798
vn -0.2575 0.8659 -0.4288
vn -0.2565 0.9300 -0.2632
vn -0.2559 0.9626 -0.0888
vn -0.2563 0.9625 0.0886
vn -0.2564 0.9300 0.2633
vn -0.2577 0.8659 0.4287
vn -0.2593 0.7725 0.5797
vn -0.2607 0.6527 0.7114
vn -0.2635 0.5109 0.8183
vn -0.2662 0.3519 0.8974
vn -0.2688 0.1813 0.9460
vn -0.2718 0.0046 0.9623
vn -0.2751 -0.1722 0.9459
vn -0.2779 -0.3427 0.8974
vn -0.2807 -0.5016 0.8183
vn -0.2829 -0.6437 0.7111
vn -0.2849 -0.7633 0.5798
vn -0.2864 -0.8568 0.4288
vn -0.2876 -0.9209 0.2633
vn -0.2881 -0.9535 0.0888
vn -0.2884 -0.9534 -0.0886
vn -0.2874 -0.9209 -0.2633
vn -0.2866 -0.8568 -0.4287
vn -0.2851 -0.7634 -0.5797
vn -0.2829 -0.6436 -0.7112
vn -0.2805 -0.5017 -0.8183
vn -0.2779 -0.3428 -0.8974
vn -0.2748 -0.1722 -0.9460
vn -0.4436 0.0072 -0.8962
vn -0.4405 0.1722 -0.8811
vn -0.4382 0.3310 -0.8357
vn -0.4356 0.4791 -0.7621
vn -0.4335 0.6115 -0.6620
vn -0.4319 0.7224 -0.5399
vn -0.4302 0.8094 -0.3997
vn -0.4289 0.8694 -0.2453
vn -0.4283 0.8998 -0.0827
vn -0.4281 0.8999 0.0827
vn -0.4288 0.8695 0.2454
vn -0.4301 0.8094 0.3998
vn -0.4319 0.7226 0.5397
vn -0.4338 0.6114 0.6618
vn -0.4357 0.4789 0.7621
vn -0.4382 0.3313 0.8356
vn -0.4404 0.1718 0.8812
vn -0.4436 0.0077 0.8962
vn -0.4460 -0.1574 0.8811
vn -0.4490 -0.3162 0.8357
vn -0.4514 -0.4642 0.7621
vn -0.4537 -0.5962 0.6623
vn -0.4559 -0.7075 0.5399
vn -0.4571 -0.7945 0.3997
vn -0.4579 -0.8545 0.2453
vn -0.4583 -0.8850 0.0827
vn -0.4585 -0.8848 -0.0827
vn -0.4577 -0.8546 -0.2454
vn -0.4570 -0.7946 -0.3998
vn -0.4559 -0.7077 -0.5397
vn -0.4541 -0.5965 -0.6618
vn -0.4515 -0.4640 -0.7621
vn -0.4491 -0.3164 -0.8356
vn -0.4459 -0.1569 -0.8812
vn -0.5998 0.0103 -0.8001
vn -0.5977 0.1570 -0.7862
vn -0.5952 0.2994 -0.7457
vn -0.5932 0.4307 -0.6801
vn -0.5910 0.5491 -0.5910
vn -0.5892 0.6484 -0.4820
vn -0.5879 0.7262 -0.3564
vn -0.5870 0.7795 -0.2189
vn -0.5868 0.8064 -0.0735
vn -0.5868 0.8064 0.0734
vn -0.5870 0.7794 0.2191
vn -0.5879 0.7258 0.3571
vn -0.5892 0.6484 0.4820
vn -0.5910 0.5490 0.5911
vn -0.5932 0.4309 0.6800
vn -0.5953 0.2992 0.7457
vn -0.5977 0.1573 0.7862
vn -0.5998 0.0099 0.8001
vn -0.6026 -0.1369 0.7862
vn -0.6049 -0.2793 0.7457
vn -0.6073 -0.4106 0.6801
vn -0.6091 -0.5289 0.5910
vn -0.6107 -0.6283 0.4820
vn -0.6120 -0.7056 0.3572
vn -0.6128 -0.7593 0.2189
vn -0.6135 -0.7863 0.0735
vn -0.6135 -0.7862 -0.0734
vn -0.6128 -0.7593 -0.2191
vn -0.6119 -0.7057 -0.3571
vn -0.6106 -0.6283 -0.4820
vn -0.6090 -0.5288 -0.5911
vn -0.6073 -0.4108 -0.6800
vn -0.6050 -0.2791 -0.7457
vn -0.6026 -0.1372 -0.7862
vn -0.7360 0.0124 -0.6768
vn -0.7340 0.1370 -0.6652
vn -0.7320 0.2570 -0.6310
vn -0.7302 0.3683 -0.5755
vn -0.7285 0.4681 -0.5001
vn -0.7270 0.5523 -0.4079
vn -0.7260 0.6177 -0.3021
vn -0.7253 0.6630 -0.1853
vn -0.7247 0.6863 -0.0620
vn -0.7249 0.6861 0.0621
vn -0.7253 0.6631 0.1850
vn -0.7259 0.6178 0.3023
vn -0.7271 0.5523 0.4078
vn -0.7285 0.4682 0.5002
vn -0.7302 0.3684 0.5755
vn -0.7319 0.2569 0.6311
vn -0.7341 0.1371 0.6650
vn -0.7360 0.0123 0.6768
vn -0.7382 -0.1123 0.6652
vn -0.7402 -0.2323 0.6310
vn -0.7421 -0.3436 0.5755
vn -0.7438 -0.4434 0.5001
vn -0.7452 -0.5276 0.4079
vn -0.7464 -0.5930 0.3021
vn -0.7471 -0.6383 0.1853
vn -0.7473 -0.6616 0.0620
vn -0.7475 -0.6614 -0.0621
vn -0.7472 -0.6384 -0.1850
vn -0.7462 -0.5931 -0.3023
vn -0.7452 -0.5276 -0.4078
vn -0.7437 -0.4435 -0.5002
vn -0.7421 -0.3437 -0.5755
vn -0.7401 -0.2322 -0.6311
vn -0.7383 -0.1124 -0.6650
vn -0.8479 0.0141 -0.5300
vn -0.8461 0.1118 -0.5211
vn -0.8445 0.2059 -0.4943
vn -0.8430 0.2934 -0.4508
vn -0.8418 0.3713 -0.3918
vn -0.8407 0.4371 -0.3195
vn -0.8398 0.4888 -0.2362
vn -0.8391 0.5243 -0.1450
vn -0.8389 0.5420 -0.0494
vn -0.8388 0.5422 0.0496
vn -0.8394 0.5238 0.1450
vn -0.8399 0.4886 0.2362
vn -0.8407 0.4372 0.3196
vn -0.8418 0.3714 0.3916
vn -0.8431 0.2932 0.4508
vn -0.8445 0.2060 0.4943
vn -0.8461 0.1116 0.5213
vn -0.8478 0.0144 0.5300
vn -0.8494 -0.0833 0.5211
vn -0.8510 -0.1775 0.4943
vn -0.8524 -0.2649 0.4508
vn -0.8538 -0.3428 0.3918
vn -0.8549 -0.4087 0.3195
vn -0.8557 -0.4604 0.2362
vn -0.8565 -0.4953 0.1453
vn -0.8567 -0.5135 0.0494
vn -0.8565 -0.5138 -0.0496
vn -0.8565 -0.4954 -0.1450
vn -0.8558 -0.4602 -0.2362
vn -0.8549 -0.4087 -0.3196
vn -0.8538 -0.3429 -0.3916
vn -0.8524 -0.2648 -0.4508
vn -0.8510 -0.1776 -0.4943
vn -0.8493 -0.0831 -0.5213
vn -0.9304 0.0155 -0.3662
vn -0.9295 0.0831 -0.3595
vn -0.9283 0.1478 -0.3412
vn -0.9273 0.2083 -0.3109
vn -0.9265 0.2620 -0.2702
vn -0.9256 0.3077 -0.2202
vn -0.9252 0.3427 -0.1632
vn -0.9247 0.3673 -0.1005
vn -0.9245 0.3797 -0.0338
vn -0.9245 0.3797 0.0337
vn -0.9246 0.3674 0.1008
vn -0.9250 0.3432 0.1631
vn -0.9257 0.3075 0.2203
vn -0.9265 0.2621 0.2701
vn -0.9274 0.2082 0.3109
vn -0.9284 0.1480 0.3407
vn -0.9295 0.0831 0.3594
vn -0.9306 0.0155 0.3657
vn -0.9317 -0.0519 0.3595
vn -0.9328 -0.1167 0.3409
vn -0.9338 -0.1771 0.3109
vn -0.9347 -0.2308 0.2702
vn -0.9354 -0.2765 0.2202
vn -0.9360 -0.3118 0.1631
vn -0.9365 -0.3361 0.1005
vn -0.9367 -0.3485 0.0338
vn -0.9367 -0.3484 -0.0337
vn -0.9364 -0.3362 -0.1008
vn -0.9361 -0.3117 -0.1630
vn -0.9355 -0.2763 -0.2203
vn -0.9347 -0.2309 -0.2701
vn -0.9338 -0.1770 -0.3109
vn -0.9329 -0.1167 -0.3407
vn -0.9317 -0.0519 -0.3594
vn -0.9818 0.0166 -0.1890
vn -0.9814 0.0513 -0.1852
vn -0.9808 0.0842 -0.1761
vn -0.9802 0.1161 -0.1605
vn -0.9798 0.1437 -0.1393
vn -0.9793 0.1671 -0.1138
vn -0.9791 0.1855 -0.0841
vn -0.9788 0.1982 -0.0515
vn -0.9788 0.2043 -0.0171
vn -0.9788 0.2042 0.0171
vn -0.9788 0.1980 0.0515
vn -0.9791 0.1854 0.0841
vn -0.9793 0.1672 0.1138
vn -0.9798 0.1437 0.1392
vn -0.9802 0.1160 0.1606
vn -0.9807 0.0841 0.1763
vn -0.9814 0.0515 0.1851
vn -0.9818 0.0163 0.1890
vn -0.9824 -0.0182 0.1858
vn -0.9830 -0.0512 0.1761
vn -0.9835 -0.0831 0.1605
vn -0.9840 -0.1107 0.1393
vn -0.9844 -0.1342 0.1138
vn -0.9847 -0.1525 0.0841
vn -0.9849 -0.1652 0.0515
vn -0.9851 -0.1713 0.0171
vn -0.9851 -0.1713 -0.0171
vn -0.9849 -0.1651 -0.0515
vn -0.9847 -0.1525 -0.0841
vn -0.9844 -0.1342 -0.1138
vn -0.9840 -0.1108 -0.1392
vn -0.9835 -0.0830 -0.1606
vn -0.9830 -0.0512 -0.1763
vn -0.9825 -0.0186 -0.1851
vn -0.9999 0.0168 -0.0000
vn 0.9999 -0.0167 -0.0001
vn 0.9819 -0.0164 -0.1887
vn 0.9824 0.0179 -0.1857
vn 0.9830 0.0520 -0.1760
vn 0.9835 0.0830 -0.1607
vn 0.9840 0.1106 -0.1400
vn 0.9844 0.1344 -0.1136
vn 0.9847 0.1525 -0.0840
vn 0.9849 0.1649 -0.0522
vn 0.9850 0.1717 -0.0175
vn 0.9850 0.1716 0.0179
vn 0.9849 0.1653 0.0517
vn 0.9847 0.1524 0.0841
vn 0.9844 0.1345 0.1132
vn 0.9840 0.1106 0.1398
vn 0.9836 0.0827 0.1606
vn 0.9830 0.0521 0.1760
vn 0.9825 0.0179 0.1856
vn 0.9819 -0.0164 0.1887
vn 0.9813 -0.0508 0.1856
vn 0.9807 -0.0849 0.1759
vn 0.9802 -0.1159 0.1603
vn 0.9798 -0.1433 0.1397
vn 0.9794 -0.1670 0.1138
vn 0.9791 -0.1853 0.0839
vn 0.9789 -0.1978 0.0522
vn 0.9787 -0.2046 0.0180
vn 0.9787 -0.2045 -0.0179
vn 0.9788 -0.1980 -0.0518
vn 0.9791 -0.1853 -0.0841
vn 0.9794 -0.1671 -0.1137
vn 0.9797 -0.1437 -0.1397
vn 0.9803 -0.1158 -0.1602
vn 0.9807 -0.0851 -0.1761
vn 0.9813 -0.0508 -0.1857
vn 0.9306 -0.0154 -0.3656
vn 0.9317 0.0513 -0.3597
vn 0.9327 0.1164 -0.3413
vn 0.9338 0.1767 -0.3112
vn 0.9347 0.2308 -0.2703
vn 0.9354 0.2764 -0.2206
vn 0.9360 0.3119 -0.1631
vn 0.9366 0.3361 -0.0995
vn 0.9367 0.3486 -0.0338
vn 0.9367 0.3486 0.0337
vn 0.9365 0.3362 0.0998
vn 0.9360 0.3120 0.1628
vn 0.9355 0.2761 0.2203
vn 0.9346 0.2311 0.2703
vn 0.9338 0.1766 0.3112
vn 0.9327 0.1167 0.3412
vn 0.9317 0.0512 0.3596
vn 0.9306 -0.0155 0.3658
vn 0.9294 -0.0825 0.3597
vn 0.9283 -0.1473 0.3415
vn 0.9273 -0.2079 0.3112
vn 0.9264 -0.2621 0.2703
vn 0.9257 -0.3076 0.2203
vn 0.9250 -0.3431 0.1631
vn 0.9248 -0.3673 0.0995
vn 0.9245 -0.3798 0.0338
vn 0.9245 -0.3798 -0.0337
vn 0.9247 -0.3675 -0.0998
vn 0.9250 -0.3433 -0.1629
vn 0.9257 -0.3075 -0.2203
vn 0.9264 -0.2623 -0.2702
vn 0.9274 -0.2078 -0.3112
vn 0.9283 -0.1475 -0.3413
vn 0.9295 -0.0824 -0.3595
vn 0.8478 -0.0143 -0.5301
vn 0.8497 0.0838 -0.5205
vn 0.8509 0.1773 -0.4945
vn 0.8524 0.2649 -0.4509
vn 0.8537 0.3427 -0.3921
vn 0.8549 0.4089 -0.3194
vn 0.8559 0.4602 -0.2358
vn 0.8563 0.4956 -0.1454
vn 0.8568 0.5133 -0.0487
vn 0.8565 0.5138 0.0489
vn 0.8564 0.4955 0.1452
vn 0.8558 0.4602 0.2362
vn 0.8548 0.4092 0.3192
vn 0.8538 0.3426 0.3919
vn 0.8526 0.2645 0.4507
vn 0.8512 0.1770 0.4941
vn 0.8496 0.0830 0.5209
vn 0.8479 -0.0141 0.5299
vn 0.8461 -0.1116 0.5212
vn 0.8448 -0.2055 0.4941
vn 0.8431 -0.2930 0.4508
vn 0.8417 -0.3715 0.3917
vn 0.8406 -0.4375 0.3192
vn 0.8397 -0.4887 0.2368
vn 0.8392 -0.5240 0.1454
vn 0.8391 -0.5417 0.0487
vn 0.8391 -0.5419 -0.0488
vn 0.8393 -0.5240 -0.1453
vn 0.8399 -0.4885 -0.2366
vn 0.8407 -0.4374 -0.3193
vn 0.8418 -0.3715 -0.3916
vn 0.8432 -0.2930 -0.4507
vn 0.8448 -0.2054 -0.4942
vn 0.8462 -0.1121 -0.5210
vn 0.7361 -0.0123 -0.6767
vn 0.7380 0.1118 -0.6654
vn 0.7405 0.2321 -0.6308
vn 0.7424 0.3440 -0.5749
vn 0.7439 0.4437 -0.4997
vn 0.7452 0.5274 -0.4080
vn 0.7463 0.5934 -0.3016
vn 0.7471 0.6384 -0.1851
vn 0.7476 0.6612 -0.0626
vn 0.7476 0.6612 0.0628
vn 0.7470 0.6385 0.1851
vn 0.7465 0.5932 0.3015
vn 0.7453 0.5276 0.4077
vn 0.7438 0.4439 0.4998
vn 0.7423 0.3439 0.5751
vn 0.7403 0.2321 0.6310
vn 0.7383 0.1119 0.6651
vn 0.7364 -0.0125 0.6765
vn 0.7341 -0.1367 0.6651
vn 0.7322 -0.2567 0.6309
vn 0.7303 -0.3687 0.5751
vn 0.7286 -0.4684 0.4997
vn 0.7274 -0.5524 0.4070
vn 0.7262 -0.6179 0.3014
vn 0.7252 -0.6630 0.1855
vn 0.7250 -0.6859 0.0626
vn 0.7250 -0.6859 -0.0628
vn 0.7252 -0.6631 -0.1854
vn 0.7262 -0.6177 -0.3017
vn 0.7273 -0.5523 -0.4075
vn 0.7285 -0.4686 -0.4998
vn 0.7301 -0.3688 -0.5752
vn 0.7321 -0.2567 -0.6310
vn 0.7342 -0.1363 -0.6651
vn 0.6000 -0.0099 -0.7999
vn 0.6024 0.1369 -0.7863
vn 0.6046 0.2785 -0.7463
vn 0.6067 0.4111 -0.6804
vn 0.6091 0.5289 -0.5910
vn 0.6109 0.6280 -0.4821
vn 0.6120 0.7060 -0.3565
vn 0.6127 0.7594 -0.2189
vn 0.6129 0.7866 -0.0745
vn 0.6131 0.7865 0.0743
vn 0.6130 0.7591 0.2190
vn 0.6121 0.7060 0.3561
vn 0.6108 0.6281 0.4821
vn 0.6090 0.5289 0.5911
vn 0.6067 0.4113 0.6803
vn 0.6046 0.2784 0.7463
vn 0.6022 0.1371 0.7865
vn 0.6000 -0.0101 0.7999
vn 0.5974 -0.1572 0.7864
vn 0.5946 -0.2987 0.7465
vn 0.5929 -0.4311 0.6802
vn 0.5906 -0.5489 0.5916
vn 0.5893 -0.6484 0.4820
vn 0.5878 -0.7260 0.3568
vn 0.5871 -0.7793 0.2191
vn 0.5862 -0.8067 0.0745
vn 0.5864 -0.8066 -0.0743
vn 0.5870 -0.7793 -0.2192
vn 0.5878 -0.7264 -0.3560
vn 0.5894 -0.6482 -0.4822
vn 0.5907 -0.5490 -0.5914
vn 0.5927 -0.4313 -0.6802
vn 0.5951 -0.2990 -0.7460
vn 0.5973 -0.1572 -0.7864
vn 0.4432 -0.0076 -0.8964
vn 0.4462 0.1573 -0.8810
vn 0.4490 0.3163 -0.8357
vn 0.4511 0.4646 -0.7620
vn 0.4536 0.5963 -0.6623
vn 0.4553 0.7076 -0.5403
vn 0.4569 0.7948 -0.3994
vn 0.4581 0.8544 -0.2452
vn 0.4587 0.8848 -0.0826
vn 0.4583 0.8850 0.0826
vn 0.4580 0.8545 0.2450
vn 0.4567 0.7950 0.3992
vn 0.4552 0.7077 0.5404
vn 0.4538 0.5964 0.6621
vn 0.4511 0.4642 0.7623
vn 0.4489 0.3163 0.8357
vn 0.4462 0.1575 0.8810
vn 0.4432 -0.0071 0.8964
vn 0.4408 -0.1726 0.8808
vn 0.4379 -0.3313 0.8358
vn 0.4355 -0.4793 0.7620
vn 0.4331 -0.6110 0.6627
vn 0.4313 -0.7225 0.5403
vn 0.4298 -0.8099 0.3992
vn 0.4288 -0.8694 0.2454
vn 0.4284 -0.8998 0.0828
vn 0.4285 -0.8997 -0.0827
vn 0.4289 -0.8694 -0.2454
vn 0.4298 -0.8098 -0.3994
vn 0.4311 -0.7226 -0.5403
vn 0.4333 -0.6108 -0.6627
vn 0.4352 -0.4798 -0.7619
vn 0.4376 -0.3315 -0.8358
vn 0.4409 -0.1716 -0.8810
vn 0.2721 -0.0046 -0.9623
vn 0.2754 0.1723 -0.9458
vn 0.2778 0.3431 -0.8973
vn 0.2805 0.5018 -0.8182
vn 0.2833 0.6435 -0.7110
vn 0.2850 0.7632 -0.5799
vn 0.2866 0.8567 -0.4289
vn 0.2876 0.9209 -0.2633
vn 0.2884 0.9534 -0.0884
vn 0.2882 0.9535 0.0885
vn 0.2878 0.9208 0.2633
vn 0.2863 0.8567 0.4291
vn 0.2851 0.7631 0.5801
vn 0.2830 0.6436 0.7111
vn 0.2807 0.5019 0.8181
vn 0.2779 0.3432 0.8972
vn 0.2754 0.1723 0.9458
vn 0.2721 -0.0044 0.9623
vn 0.2692 -0.1816 0.9458
vn 0.2661 -0.3522 0.8973
vn 0.2637 -0.5108 0.8183
vn 0.2619 -0.6527 0.7109
vn 0.2594 -0.7722 0.5800
vn 0.2577 -0.8659 0.4288
vn 0.2568 -0.9299 0.2633
vn 0.2560 -0.9626 0.0892
vn 0.2563 -0.9625 -0.0890
vn 0.2566 -0.9300 -0.2632
vn 0.2578 -0.8658 -0.4289
vn 0.2595 -0.7723 -0.5799
vn 0.2616 -0.6526 -0.7111
vn 0.2638 -0.5110 -0.8181
vn 0.2663 -0.3524 -0.8972
vn 0.2693 -0.1812 -0.9459
vn 0.0920 -0.0015 -0.9958
vn 0.0951 0.1812 -0.9788
vn 0.0979 0.3582 -0.9285
vn 0.1006 0.5224 -0.8467
vn 0.1030 0.6692 -0.7359
vn 0.1053 0.7931 -0.6000
vn 0.1068 0.8897 -0.4438
vn 0.1075 0.9561 -0.2727
vn 0.1082 0.9899 -0.0916
vn 0.1082 0.9899 0.0916
vn 0.1066 0.8898 0.4437
vn 0.1055 0.7931 0.5999
vn 0.1034 0.6688 0.7362
vn 0.1005 0.5221 0.8470
vn 0.0978 0.3581 0.9285
vn 0.0950 0.1819 0.9787
vn 0.0920 -0.0015 0.9958
vn 0.0890 -0.1850 0.9787
vn 0.0857 -0.3617 0.9284
vn 0.0828 -0.5250 0.8471
vn 0.0807 -0.6720 0.7362
vn 0.0787 -0.7962 0.5999
vn 0.0768 -0.8928 0.4438
vn 0.0761 -0.9592 0.2724
vn 0.0751 -0.9929 0.0918
vn 0.0750 -0.9930 -0.0916
vn 0.0759 -0.9591 -0.2727
vn 0.0768 -0.8930 -0.4436
vn 0.0784 -0.7960 -0.6001
vn 0.0806 -0.6722 -0.7360
vn 0.0829 -0.5258 -0.8466
vn 0.0861 -0.3615 -0.9284
vn 0.0890 -0.1844 -0.9788
vn -0.0920 0.0016 -0.9958
vn -0.0890 0.1844 -0.9788
vn -0.0861 0.3615 -0.9284
vn -0.0829 0.5258 -0.8466
vn -0.0806 0.6722 -0.7360
vn -0.0788 0.7962 -0.5999
vn -0.0753 0.9592 -0.2726
vn -0.0750 0.9930 -0.0916
vn -0.0749 0.9930 0.0916
vn -0.0755 0.9591 0.2726
vn -0.0768 0.8928 0.4438
vn -0.0790 0.7964 0.5997
vn -0.0805 0.6723 0.7359
vn -0.0830 0.5256 0.8467
vn -0.0857 0.3617 0.9284
vn -0.0890 0.1851 0.9787
vn -0.0920 0.0016 0.9958
vn -0.0950 -0.1819 0.9787
vn -0.0977 -0.3587 0.9283
vn -0.1005 -0.5221 0.8470
vn -0.1034 -0.6688 0.7362
vn -0.1050 -0.7930 0.6002
vn -0.1067 -0.8897 0.4438
vn -0.1082 -0.9560 0.2728
vn -0.1082 -0.9899 0.0916
vn -0.1084 -0.9899 -0.0918
vn -0.1081 -0.9561 -0.2725
vn -0.1068 -0.8897 -0.4438
vn -0.1053 -0.7931 -0.6000
vn -0.1032 -0.6689 -0.7362
vn -0.1006 -0.5224 -0.8467
vn -0.0979 -0.3582 -0.9285
vn -0.0951 -0.1812 -0.9788
vn -0.2721 0.0048 -0.9623
vn -0.2693 0.1812 -0.9459
vn -0.2663 0.3524 -0.8972
vn -0.2637 0.5109 -0.8182
vn -0.2612 0.6527 -0.7111
vn -0.2593 0.7722 -0.5801
vn -0.2577 0.8658 -0.4289
vn -0.2568 0.9299 -0.2635
vn -0.2561 0.9626 -0.0884
vn -0.2562 0.9626 0.0885
vn -0.2566 0.9300 0.2631
vn -0.2576 0.8658 0.4290
vn -0.2592 0.7723 0.5799
vn -0.2616 0.6527 0.7110
vn -0.2637 0.5108 0.8183
vn -0.2661 0.3522 0.8973
vn -0.2692 0.1817 0.9458
vn -0.2721 0.0045 0.9623
vn -0.2754 -0.1722 0.9458
vn -0.2779 -0.3432 0.8972
vn -0.2806 -0.5018 0.8182
vn -0.2833 -0.6434 0.7111
vn -0.2853 -0.7631 0.5799
vn -0.2866 -0.8568 0.4287
vn -0.2879 -0.9207 0.2634
vn -0.2884 -0.9533 0.0891
vn -0.2882 -0.9534 -0.0891
vn -0.2878 -0.9207 -0.2635
vn -0.2865 -0.8567 -0.4290
vn -0.2852 -0.7631 -0.5800
vn -0.2832 -0.6436 -0.7111
vn -0.2805 -0.5018 -0.8182
vn -0.2778 -0.3431 -0.8973
vn -0.2754 -0.1722 -0.9458
vn -0.4432 0.0077 -0.8964
vn -0.4409 0.1717 -0.8810
vn -0.4375 0.3315 -0.8359
vn -0.4351 0.4795 -0.7621
vn -0.4332 0.6110 -0.6626
vn -0.4312 0.7225 -0.5404
vn -0.4297 0.8099 -0.3992
vn -0.4292 0.8693 -0.2450
vn -0.4287 0.8996 -0.0828
vn -0.4284 0.8998 0.0828
vn -0.4294 0.8694 0.2445
vn -0.4299 0.8098 0.3993
vn -0.4314 0.7225 0.5402
vn -0.4334 0.6112 0.6623
vn -0.4351 0.4790 0.7624
vn -0.4379 0.3313 0.8358
vn -0.4408 0.1727 0.8808
vn -0.4432 0.0073 0.8964
vn -0.4462 -0.1574 0.8810
vn -0.4486 -0.3167 0.8358
vn -0.4512 -0.4644 0.7621
vn -0.4536 -0.5959 0.6627
vn -0.4551 -0.7078 0.5403
vn -0.4568 -0.7949 0.3994
vn -0.4577 -0.8546 0.2454
vn -0.4584 -0.8849 0.0827
vn -0.4584 -0.8849 -0.0828
vn -0.4579 -0.8545 -0.2453
vn -0.4568 -0.7949 -0.3993
vn -0.4550 -0.7076 -0.5405
vn -0.4537 -0.5963 -0.6622
vn -0.4514 -0.4643 -0.7620
vn -0.4486 -0.3163 -0.8359
vn -0.4462 -0.1572 -0.8810
vn -0.6000 0.0101 -0.8000
vn -0.5973 0.1573 -0.7865
vn -0.5951 0.2990 -0.7460
vn -0.5927 0.4315 -0.6801
vn -0.5909 0.5490 -0.5911
vn -0.5894 0.6482 -0.4822
vn -0.5879 0.7263 -0.3561
vn -0.5872 0.7793 -0.2190
vn -0.5864 0.8066 -0.0743
vn -0.5865 0.8066 0.0739
vn -0.5869 0.7795 0.2189
vn -0.5882 0.7261 0.3560
vn -0.5895 0.6482 0.4821
vn -0.5910 0.5491 0.5910
vn -0.5925 0.4313 0.6804
vn -0.5948 0.2988 0.7463
vn -0.5973 0.1573 0.7864
vn -0.6000 0.0102 0.7999
vn -0.6023 -0.1370 0.7864
vn -0.6045 -0.2787 0.7462
vn -0.6067 -0.4111 0.6804
vn -0.6088 -0.5289 0.5914
vn -0.6109 -0.6280 0.4821
vn -0.6120 -0.7061 0.3561
vn -0.6128 -0.7592 0.2192
vn -0.6131 -0.7865 0.0743
vn -0.6132 -0.7865 -0.0740
vn -0.6128 -0.7592 -0.2190
vn -0.6119 -0.7059 -0.3567
vn -0.6108 -0.6282 -0.4820
vn -0.6087 -0.5287 -0.5916
vn -0.6066 -0.4112 -0.6804
vn -0.6047 -0.2787 -0.7461
vn -0.6025 -0.1369 -0.7863
vn -0.7362 0.0123 -0.6767
vn -0.7341 0.1366 -0.6651
vn -0.7321 0.2568 -0.6310
vn -0.7303 0.3686 -0.5751
vn -0.7286 0.4681 -0.5000
vn -0.7272 0.5520 -0.4080
vn -0.7261 0.6179 -0.3016
vn -0.7255 0.6628 -0.1855
vn -0.7250 0.6859 -0.0628
vn -0.7250 0.6859 0.0626
vn -0.7252 0.6631 0.1853
vn -0.7260 0.6181 0.3014
vn -0.7271 0.5523 0.4077
vn -0.7286 0.4684 0.4997
vn -0.7305 0.3687 0.5749
vn -0.7323 0.2568 0.6308
vn -0.7340 0.1363 0.6653
vn -0.7363 0.0126 0.6765
vn -0.7383 -0.1116 0.6651
vn -0.7403 -0.2320 0.6310
vn -0.7421 -0.3441 0.5752
vn -0.7438 -0.4439 0.4998
vn -0.7454 -0.5278 0.4072
vn -0.7466 -0.5930 0.3016
vn -0.7471 -0.6383 0.1856
vn -0.7476 -0.6612 0.0628
vn -0.7476 -0.6612 -0.0626
vn -0.7465 -0.5931 -0.3016
vn -0.7455 -0.5276 -0.4073
vn -0.7439 -0.4437 -0.4997
vn -0.7423 -0.3440 -0.5751
vn -0.7404 -0.2320 -0.6309
vn -0.7380 -0.1115 -0.6655
vn -0.8478 0.0145 -0.5301
vn -0.8462 0.1121 -0.5209
vn -0.8446 0.2057 -0.4943
vn -0.8432 0.2930 -0.4507
vn -0.8419 0.3710 -0.3919
vn -0.8406 0.4377 -0.3192
vn -0.8400 0.4885 -0.2361
vn -0.8393 0.5239 -0.1451
vn -0.8391 0.5419 -0.0488
vn -0.8391 0.5417 0.0487
vn -0.8392 0.5240 0.1454
vn -0.8399 0.4887 0.2359
vn -0.8406 0.4375 0.3193
vn -0.8417 0.3715 0.3919
vn -0.8431 0.2930 0.4508
vn -0.8445 0.2058 0.4945
vn -0.8462 0.1116 0.5211
vn -0.8479 0.0143 0.5299
vn -0.8495 -0.0830 0.5210
vn -0.8512 -0.1770 0.4942
vn -0.8526 -0.2645 0.4507
vn -0.8538 -0.3431 0.3916
vn -0.8549 -0.4090 0.3193
vn -0.8557 -0.4602 0.2366
vn -0.8563 -0.4955 0.1454
vn -0.8568 -0.5134 0.0488
vn -0.8568 -0.5133 -0.0487
vn -0.8563 -0.4956 -0.1454
vn -0.8557 -0.4602 -0.2367
vn -0.8549 -0.4090 -0.3192
vn -0.8537 -0.3430 -0.3917
vn -0.8525 -0.2646 -0.4508
vn -0.8512 -0.1771 -0.4941
vn -0.8495 -0.0834 -0.5210
vn -0.9306 0.0156 -0.3656
vn -0.9295 0.0825 -0.3595
vn -0.9283 0.1475 -0.3413
vn -0.9273 0.2078 -0.3112
vn -0.9264 0.2623 -0.2703
vn -0.9258 0.3073 -0.2203
vn -0.9250 0.3432 -0.1628
vn -0.9247 0.3675 -0.0998
vn -0.9245 0.3798 -0.0337
vn -0.9245 0.3798 0.0338
vn -0.9247 0.3674 0.0998
vn -0.9250 0.3431 0.1631
vn -0.9256 0.3076 0.2207
vn -0.9264 0.2620 0.2703
vn -0.9273 0.2079 0.3112
vn -0.9283 0.1473 0.3415
vn -0.9294 0.0825 0.3597
vn -0.9306 0.0157 0.3658
vn -0.9317 -0.0511 0.3597
vn -0.9327 -0.1162 0.3413
vn -0.9338 -0.1766 0.3112
vn -0.9347 -0.2310 0.2702
vn -0.9355 -0.2763 0.2203
vn -0.9360 -0.3121 0.1629
vn -0.9365 -0.3362 0.0998
vn -0.9367 -0.3486 0.0337
vn -0.9367 -0.3486 -0.0338
vn -0.9366 -0.3361 -0.0995
vn -0.9360 -0.3119 -0.1631
vn -0.9355 -0.2764 -0.2203
vn -0.9347 -0.2309 -0.2703
vn -0.9338 -0.1767 -0.3112
vn -0.9327 -0.1161 -0.3415
vn -0.9317 -0.0512 -0.3597
vn -0.9819 0.0165 -0.1887
vn -0.9813 0.0509 -0.1857
vn -0.9807 0.0851 -0.1761
vn -0.9803 0.1153 -0.1604
vn -0.9797 0.1436 -0.1398
vn -0.9793 0.1673 -0.1136
vn -0.9791 0.1854 -0.0841
vn -0.9788 0.1982 -0.0517
vn -0.9787 0.2045 -0.0179
vn -0.9787 0.2046 0.0180
vn -0.9788 0.1979 0.0522
vn -0.9791 0.1854 0.0840
vn -0.9794 0.1673 0.1132
vn -0.9797 0.1435 0.1400
vn -0.9802 0.1158 0.1606
vn -0.9807 0.0850 0.1759
vn -0.9813 0.0508 0.1856
vn -0.9819 0.0166 0.1887
vn -0.9825 -0.0179 0.1856
vn -0.9830 -0.0518 0.1762
vn -0.9836 -0.0828 0.1601
vn -0.9840 -0.1102 0.1397
vn -0.9844 -0.1341 0.1137
vn -0.9848 -0.1523 0.0841
vn -0.9850 -0.1647 0.0521
vn -0.9850 -0.1716 0.0175
vn -0.9850 -0.1716 -0.0180
vn -0.9849 -0.1649 -0.0522
vn -0.9847 -0.1524 -0.0840
vn -0.9844 -0.1341 -0.1138
vn -0.9840 -0.1104 -0.1398
vn -0.9836 -0.0829 -0.1600
vn -0.9830 -0.0520 -0.1760
vn -0.9824 -0.0178 -0.1857
vn -0.9999 0.0168 -0.0001
vn -0.0000 -0.0000 1.0000
vn 0.0168 0.9999 -0.0000
vn -0.0032 -1.0000 0.0057
vn -0.0105 -0.9999 -0.0000
vn -0.0052 -1.0000 0.0042
vn 0.0021 -0.9999 0.0098
vn -0.0522 -0.0832 -0.9952
vn -0.8319 0.0140 0.5547
vn -0.4472 0.0075 0.8944
vn -0.0000 -0.0000 -0.0000
vn -0.0000 -0.0000 -1.0000
vn 0.9999 -0.0108 0.0020
vn -1.0000 -0.0004 0.0095
vn -0.0181 -0.9998 0.0020
vn 0.0068 0.9999 0.0095
vn -0.6748 -0.0832 0.7333
vn -0.7453 -0.0832 -0.6615
vn -0.6798 -0.0832 -0.7286
vt 0.000000 1.000000
vt 0.000000 0.941200
vt 0.029400 0.941200
vt 0.029400 1.000000
vt 0.058800 0.941200
vt 0.058800 1.000000
vt 0.088200 0.941200
vt 0.088200 1.000000
vt 0.117600 0.941200
vt 0.117600 1.000000
vt 0.147100 0.941200
vt 0.147100 1.000000
vt 0.176500 0.941200
vt 0.176500 1.000000
vt 0.205900 0.941200
vt 0.205900 1.000000
vt 0.235300 0.941200
vt 0.235300 1.000000
vt 0.264700 0.941200
vt 0.264700 1.000000
vt 0.294100 0.941200
vt 0.294100 1.000000
vt 0.323500 0.941200
vt 0.323500 1.000000
vt 0.352900 0.941200
vt 0.352900 1.000000
vt 0.382400 0.941200
vt 0.382400 1.000000
vt 0.411800 0.941200
vt 0.411800 1.000000
vt 0.441200 0.941200
vt 0.441200 1.000000
vt 0.470600 0.941200
vt 0.470600 1.000000
vt 0.500000 0.941200
vt 0.500000 1.000000
vt 0.529400 0.941200
vt 0.529400 1.000000
vt 0.558800 0.941200
vt 0.558800 1.000000
vt 0.588200 0.941200
vt 0.588200 1.000000
vt 0.617600 0.941200
vt 0.617600 1.000000
vt 0.647100 0.941200
vt 0.647100 1.000000
vt 0.676500 0.941200
vt 0.676500 1.000000
vt 0.705900 0.941200
vt 0.705900 1.000000
vt 0.735300 0.941200
vt 0.735300 1.000000
vt 0.764700 0.941200
vt 0.764700 1.000000
vt 0.794100 0.941200
vt 0.794100 1.000000
vt 0.823500 0.941200
vt 0.823500 1.000000
vt 0.852900 0.941200
vt 0.852900 1.000000
vt 0.882400 0.941200
vt 0.882400 1.000000
vt 0.911800 0.941200
vt 0.911800 1.000000
vt 0.941200 0.941200
vt 0.941200 1.000000
vt 0.970600 0.941200
vt 0.970600 1.000000
vt 1.000000 0.941200
vt 0.000000 0.882400
vt 0.029400 0.882400
vt 0.058800 0.882400
vt 0.088200 0.882400
vt 0.117600 0.882400
vt 0.147100 0.882400
vt 0.176500 0.882400
vt 0.205900 0.882400
vt 0.235300 0.882400
vt 0.264700 0.882400
vt 0.294100 0.882400
vt 0.323500 0.882400
vt 0.352900 0.882400
vt 0.382400 0.882400
vt 0.411800 0.882400
vt 0.441200 0.882400
vt 0.470600 0.882400
vt 0.500000 0.882400
vt 0.529400 0.882400
vt 0.558800 0.882400
vt 0.588200 0.882400
vt 0.617600 0.882400
vt 0.647100 0.882400
vt 0.676500 0.882400
vt 0.705900 0.882400
vt 0.735300 0.882400
vt 0.764700 0.882400
vt 0.794100 0.882400
vt 0.823500 0.882400
vt 0.852900 0.882400
vt 0.882400 0.882400
vt 0.911800 0.882400
vt 0.941200 0.882400
vt 0.970600 0.882400
vt 1.000000 0.882400
vt 0.000000 0.823500
vt 0.029400 0.823500
vt 0.058800 0.823500
vt 0.088200 0.823500
vt 0.117600 0.823500
vt 0.147100 0.823500
vt 0.176500 0.823500
vt 0.205900 0.823500
vt 0.235300 0.823500
vt 0.264700 0.823500
vt 0.294100 0.823500
vt 0.323500 0.823500
vt 0.352900 0.823500
vt 0.382400 0.823500
vt 0.411800 0.823500
vt 0.441200 0.823500
vt 0.470600 0.823500
vt 0.500000 0.823500
vt 0.529400 0.823500
vt 0.558800 0.823500
vt 0.588200 0.823500
vt 0.617600 0.823500
vt 0.647100 0.823500
vt 0.676500 0.823500
vt 0.705900 0.823500
vt 0.735300 0.823500
vt 0.764700 0.823500
vt 0.794100 0.823500
vt 0.823500 0.823500
vt 0.852900 0.823500
vt 0.882400 0.823500
vt 0.911800 0.823500
vt 0.941200 0.823500
vt 0.970600 0.823500
vt 1.000000 0.823500
vt 0.000000 0.764700
vt 0.029400 0.764700
vt 0.058800 0.764700
vt 0.088200 0.764700
vt 0.117600 0.764700
vt 0.147100 0.764700
vt 0.176500 0.764700
vt 0.205900 0.764700
vt 0.235300 0.764700
vt 0.264700 0.764700
vt 0.294100 0.764700
vt 0.323500 0.764700
vt 0.352900 0.764700
vt 0.382400 0.764700
vt 0.411800 0.764700
vt 0.441200 0.764700
vt 0.470600 0.764700
vt 0.500000 0.764700
vt 0.529400 0.764700
vt 0.558800 0.764700
vt 0.588200 0.764700
vt 0.617600 0.764700
vt 0.647100 0.764700
vt 0.676500 0.764700
vt 0.705900 0.764700
vt 0.735300 0.764700
vt 0.764700 0.764700
vt 0.794100 0.764700
vt 0.823500 0.764700
vt 0.852900 0.764700
vt 0.882400 0.764700
vt 0.911800 0.764700
vt 0.941200 0.764700
vt 0.970600 0.764700
vt 1.000000 0.764700
vt 0.000000 0.705900
vt 0.029400 0.705900
vt 0.058800 0.705900
vt 0.088200 0.705900
vt 0.117600 0.705900
vt 0.147100 0.705900
vt 0.176500 0.705900
vt 0.205900 0.705900
vt 0.235300 0.705900
vt 0.264700 0.705900
vt 0.294100 0.705900
vt 0.323500 0.705900
vt 0.352900 0.705900
vt 0.382400 0.705900
vt 0.411800 0.705900
vt 0.441200 0.705900
vt 0.470600 0.705900
vt 0.500000 0.705900
vt 0.529400 0.705900
vt 0.558800 0.705900
vt 0.588200 0.705900
vt 0.617600 0.705900
vt 0.647100 0.705900
vt 0.676500 0.705900
vt 0.705900 0.705900
vt 0.735300 0.705900
vt 0.764700 0.705900
vt 0.794100 0.705900
vt 0.823500 0.705900
vt 0.852900 0.705900
vt 0.882400 0.705900
vt 0.911800 0.705900
vt 0.941200 0.705900
vt 0.970600 0.705900
vt 1.000000 0.705900
vt 0.000000 0.647100
vt 0.029400 0.647100
vt 0.058800 0.647100
vt 0.088200 0.647100
vt 0.117600 0.647100
vt 0.147100 0.647100
vt 0.176500 0.647100
vt 0.205900 0.647100
vt 0.235300 0.647100
vt 0.264700 0.647100
vt 0.294100 0.647100
vt 0.323500 0.647100
vt 0.352900 0.647100
vt 0.382400 0.647100
vt 0.411800 0.647100
vt 0.441200 0.647100
vt 0.470600 0.647100
vt 0.500000 0.647100
vt 0.529400 0.647100
vt 0.558800 0.647100
vt 0.588200 0.647100
vt 0.617600 0.647100
vt 0.647100 0.647100
vt 0.676500 0.647100
vt 0.705900 0.647100
vt 0.735300 0.647100
vt 0.764700 0.647100
vt 0.794100 0.647100
vt 0.823500 0.647100
vt 0.852900 0.647100
vt 0.882400 0.647100
vt 0.911800 0.647100
vt 0.941200 0.647100
vt 0.970600 0.647100
vt 1.000000 0.647100
vt 0.000000 0.588200
vt 0.029400 0.588200
vt 0.058800 0.588200
vt 0.088200 0.588200
vt 0.117600 0.588200
vt 0.147100 0.588200
vt 0.176500 0.588200
vt 0.205900 0.588200
vt 0.235300 0.588200
vt 0.264700 0.588200
vt 0.294100 0.588200
vt 0.323500 0.588200
vt 0.352900 0.588200
vt 0.382400 0.588200
vt 0.411800 0.588200
vt 0.441200 0.588200
vt 0.470600 0.588200
vt 0.500000 0.588200
vt 0.529400 0.588200
vt 0.558800 0.588200
vt 0.588200 0.588200
vt 0.617600 0.588200
vt 0.647100 0.588200
vt 0.676500 0.588200
vt 0.705900 0.588200
vt 0.735300 0.588200
vt 0.764700 0.588200
vt 0.794100 0.588200
vt 0.823500 0.588200
vt 0.852900 0.588200
vt 0.882400 0.588200
vt 0.911800 0.588200
vt 0.941200 0.588200
vt 0.970600 0.588200
vt 1.000000 0.588200
vt 0.000000 0.529400
vt 0.029400 0.529400
vt 0.058800 0.529400
vt 0.088200 0.529400
vt 0.117600 0.529400
vt 0.147100 0.529400
vt 0.176500 0.529400
vt 0.205900 0.529400
vt 0.235300 0.529400
vt 0.264700 0.529400
vt 0.294100 0.529400
vt 0.323500 0.529400
vt 0.352900 0.529400
vt 0.382400 0.529400
vt 0.411800 0.529400
vt 0.441200 0.529400
vt 0.470600 0.529400
vt 0.500000 0.529400
vt 0.529400 0.529400
vt 0.558800 0.529400
vt 0.588200 0.529400
vt 0.617600 0.529400
vt 0.647100 0.529400
vt 0.676500 0.529400
vt 0.705900 0.529400
vt 0.735300 0.529400
vt 0.764700 0.529400
vt 0.794100 0.529400
vt 0.823500 0.529400
vt 0.852900 0.529400
vt 0.882400 0.529400
vt 0.911800 0.529400
vt 0.941200 0.529400
vt 0.970600 0.529400
vt 1.000000 0.529400
vt 0.000000 0.470600
vt 0.029400 0.470600
vt 0.058800 0.470600
vt 0.088200 0.470600
vt 0.117600 0.470600
vt 0.147100 0.470600
vt 0.176500 0.470600
vt 0.205900 0.470600
vt 0.235300 0.470600
vt 0.264700 0.470600
vt 0.294100 0.470600
vt 0.323500 0.470600
vt 0.352900 0.470600
vt 0.382400 0.470600
vt 0.411800 0.470600
vt 0.441200 0.470600
vt 0.470600 0.470600
vt 0.500000 0.470600
vt 0.529400 0.470600
vt 0.558800 0.470600
vt 0.588200 0.470600
vt 0.617600 0.470600
vt 0.647100 0.470600
vt 0.676500 0.470600
vt 0.705900 0.470600
vt 0.735300 0.470600
vt 0.764700 0.470600
vt 0.794100 0.470600
vt 0.823500 0.470600
vt 0.852900 0.470600
vt 0.882400 0.470600
vt 0.911800 0.470600
vt 0.941200 0.470600
vt 0.970600 0.470600
vt 1.000000 0.470600
vt 0.000000 0.411800
vt 0.029400 0.411800
vt 0.058800 0.411800
vt 0.088200 0.411800
vt 0.117600 0.411800
vt 0.147100 0.411800
vt 0.176500 0.411800
vt 0.205900 0.411800
vt 0.235300 0.411800
vt 0.264700 0.411800
vt 0.294100 0.411800
vt 0.323500 0.411800
vt 0.352900 0.411800
vt 0.382400 0.411800
vt 0.411800 0.411800
vt 0.441200 0.411800
vt 0.470600 0.411800
vt 0.500000 0.411800
vt 0.529400 0.411800
vt 0.558800 0.411800
vt 0.588200 0.411800
vt 0.617600 0.411800
vt 0.647100 0.411800
vt 0.676500 0.411800
vt 0.705900 0.411800
vt 0.735300 0.411800
vt 0.764700 0.411800
vt 0.794100 0.411800
vt 0.823500 0.411800
vt 0.852900 0.411800
vt 0.882400 0.411800
vt 0.911800 0.411800
vt 0.941200 0.411800
vt 0.970600 0.411800
vt 1.000000 0.411800
vt 0.000000 0.352900
vt 0.029400 0.352900
vt 0.058800 0.352900
vt 0.088200 0.352900
vt 0.117600 0.352900
vt 0.147100 0.352900
vt 0.176500 0.352900
vt 0.205900 0.352900
vt 0.235300 0.352900
vt 0.264700 0.352900
vt 0.294100 0.352900
vt 0.323500 0.352900
vt 0.352900 0.352900
vt 0.382400 0.352900
vt 0.411800 0.352900
vt 0.441200 0.352900
vt 0.470600 0.352900
vt 0.500000 0.352900
vt 0.529400 0.352900
vt 0.558800 0.352900
vt 0.588200 0.352900
vt 0.617600 0.352900
vt 0.647100 0.352900
vt 0.676500 0.352900
vt 0.705900 0.352900
vt 0.735300 0.352900
vt 0.764700 0.352900
vt 0.794100 0.352900
vt 0.823500 0.352900
vt 0.852900 0.352900
vt 0.882400 0.352900
vt 0.911800 0.352900
vt 0.941200 0.352900
vt 0.970600 0.352900
vt 1.000000 0.352900
vt 0.000000 0.294100
vt 0.029400 0.294100
vt 0.058800 0.294100
vt 0.088200 0.294100
vt 0.117600 0.294100
vt 0.147100 0.294100
vt 0.176500 0.294100
vt 0.205900 0.294100
vt 0.235300 0.294100
vt 0.264700 0.294100
vt 0.294100 0.294100
vt 0.323500 0.294100
vt 0.352900 0.294100
vt 0.382400 0.294100
vt 0.411800 0.294100
vt 0.441200 0.294100
vt 0.470600 0.294100
vt 0.500000 0.294100
vt 0.529400 0.294100
vt 0.558800 0.294100
vt 0.588200 0.294100
vt 0.617600 0.294100
vt 0.647100 0.294100
vt 0.676500 0.294100
vt 0.705900 0.294100
vt 0.735300 0.294100
vt 0.764700 0.294100
vt 0.794100 0.294100
vt 0.823500 0.294100
vt 0.852900 0.294100
vt 0.882400 0.294100
vt 0.911800 0.294100
vt 0.941200 0.294100
vt 0.970600 0.294100
vt 1.000000 0.294100
vt 0.000000 0.235300
vt 0.029400 0.235300
vt 0.058800 0.235300
vt 0.088200 0.235300
vt 0.117600 0.235300
vt 0.147100 0.235300
vt 0.176500 0.235300
vt 0.205900 0.235300
vt 0.235300 0.235300
vt 0.264700 0.235300
vt 0.294100 0.235300
vt 0.323500 0.235300
vt 0.352900 0.235300
vt 0.382400 0.235300
vt 0.411800 0.235300
vt 0.441200 0.235300
vt 0.470600 0.235300
vt 0.500000 0.235300
vt 0.529400 0.235300
vt 0.558800 0.235300
vt 0.588200 0.235300
vt 0.617600 0.235300
vt 0.647100 0.235300
vt 0.676500 0.235300
vt 0.705900 0.235300
vt 0.735300 0.235300
vt 0.764700 0.235300
vt 0.794100 0.235300
vt 0.823500 0.235300
vt 0.852900 0.235300
vt 0.882400 0.235300
vt 0.911800 0.235300
vt 0.941200 0.235300
vt 0.970600 0.235300
vt 1.000000 0.235300
vt 0.000000 0.176500
vt 0.029400 0.176500
vt 0.058800 0.176500
vt 0.088200 0.176500
vt 0.117600 0.176500
vt 0.147100 0.176500
vt 0.176500 0.176500
vt 0.205900 0.176500
vt 0.235300 0.176500
vt 0.264700 0.176500
vt 0.294100 0.176500
vt 0.323500 0.176500
vt 0.352900 0.176500
vt 0.382400 0.176500
vt 0.411800 0.176500
vt 0.441200 0.176500
vt 0.470600 0.176500
vt 0.500000 0.176500
vt 0.529400 0.176500
vt 0.558800 0.176500
vt 0.588200 0.176500
vt 0.617600 0.176500
vt 0.647100 0.176500
vt 0.676500 0.176500
vt 0.705900 0.176500
vt 0.735300 0.176500
vt 0.764700 0.176500
vt 0.794100 0.176500
vt 0.823500 0.176500
vt 0.852900 0.176500
vt 0.882400 0.176500
vt 0.911800 0.176500
vt 0.941200 0.176500
vt 0.970600 0.176500
vt 1.000000 0.176500
vt 0.000000 0.117600
vt 0.029400 0.117600
vt 0.058800 0.117600
vt 0.088200 0.117600
vt 0.117600 0.117600
vt 0.147100 0.117600
vt 0.176500 0.117600
vt 0.205900 0.117600
vt 0.235300 0.117600
vt 0.264700 0.117600
vt 0.294100 0.117600
vt 0.323500 0.117600
vt 0.352900 0.117600
vt 0.382400 0.117600
vt 0.411800 0.117600
vt 0.441200 0.117600
vt 0.470600 0.117600
vt 0.500000 0.117600
vt 0.529400 0.117600
vt 0.558800 0.117600
vt 0.588200 0.117600
vt 0.617600 0.117600
vt 0.647100 0.117600
vt 0.676500 0.117600
vt 0.705900 0.117600
vt 0.735300 0.117600
vt 0.764700 0.117600
vt 0.794100 0.117600
vt 0.823500 0.117600
vt 0.852900 0.117600
vt 0.882400 0.117600
vt 0.911800 0.117600
vt 0.941200 0.117600
vt 0.970600 0.117600
vt 1.000000 0.117600
vt 0.000000 0.058800
vt 0.029400 0.058800
vt 0.058800 0.058800
vt 0.088200 0.058800
vt 0.117600 0.058800
vt 0.147100 0.058800
vt 0.176500 0.058800
vt 0.205900 0.058800
vt 0.235300 0.058800
vt 0.264700 0.058800
vt 0.294100 0.058800
vt 0.323500 0.058800
vt 0.352900 0.058800
vt 0.382400 0.058800
vt 0.411800 0.058800
vt 0.441200 0.058800
vt 0.470600 0.058800
vt 0.500000 0.058800
vt 0.529400 0.058800
vt 0.558800 0.058800
vt 0.588200 0.058800
vt 0.617600 0.058800
vt 0.647100 0.058800
vt 0.676500 0.058800
vt 0.705900 0.058800
vt 0.735300 0.058800
vt 0.764700 0.058800
vt 0.794100 0.058800
vt 0.823500 0.058800
vt 0.852900 0.058800
vt 0.882400 0.058800
vt 0.911800 0.058800
vt 0.941200 0.058800
vt 0.970600 0.058800
vt 1.000000 0.058800
vt 0.000000 -0.000000
vt 0.029400 -0.000000
vt 0.058800 -0.000000
vt 0.088200 -0.000000
vt 0.117600 -0.000000
vt 0.147100 -0.000000
vt 0.176500 -0.000000
vt 0.205900 -0.000000
vt 0.235300 -0.000000
vt 0.264700 -0.000000
vt 0.294100 -0.000000
vt 0.323500 -0.000000
vt 0.352900 -0.000000
vt 0.382400 -0.000000
vt 0.411800 -0.000000
vt 0.441200 -0.000000
vt 0.470600 -0.000000
vt 0.500000 -0.000000
vt 0.529400 -0.000000
vt 0.558800 -0.000000
vt 0.588200 -0.000000
vt 0.617600 -0.000000
vt 0.647100 -0.000000
vt 0.676500 -0.000000
vt 0.705900 -0.000000
vt 0.735300 -0.000000
vt 0.764700 -0.000000
vt 0.794100 -0.000000
vt 0.823500 -0.000000
vt 0.852900 -0.000000
vt 0.882400 -0.000000
vt 0.911800 -0.000000
vt 0.941200 -0.000000
vt 0.970600 -0.000000
s 1
usemtl rightSphere
f 1/1/1 2/2/2 3/3/3
f 1/4/1 3/3/3 4/5/4
f 1/6/1 4/5/4 5/7/5
f 1/8/1 5/7/5 6/9/6
f 1/10/1 6/9/6 7/11/7
f 1/12/1 7/11/7 8/13/8
f 1/14/1 8/13/8 9/15/9
f 1/16/1 9/15/9 10/17/10
f 1/18/1 10/17/10 11/19/11
f 1/20/1 11/19/11 12/21/12
f 1/22/1 12/21/12 13/23/13
f 1/24/1 13/23/13 14/25/14
f 1/26/1 14/25/14 15/27/15
f 1/28/1 15/27/15 16/29/16
f 1/30/1 16/29/16 17/31/17
f 1/32/1 17/31/17 18/33/18
f 1/34/1 18/33/18 19/35/19
f 1/36/1 19/35/19 20/37/20
f 1/38/1 20/37/20 21/39/21
f 1/40/1 21/39/21 22/41/22
f 1/42/1 22/41/22 23/43/23
f 1/44/1 23/43/23 24/45/24
f 1/46/1 24/45/24 25/47/25
f 1/48/1 25/47/25 26/49/26
f 1/50/1 26/49/26 27/51/27
f 1/52/1 27/51/27 28/53/28
f 1/54/1 28/53/28 29/55/29
f 1/56/1 29/55/29 30/57/30
f 1/58/1 30/57/30 31/59/31
f 1/60/1 31/59/31 32/61/32
f 1/62/1 32/61/32 33/63/33
f 1/64/1 33/63/33 34/65/34
f 1/66/1 34/65/34 35/67/35
f 1/68/1 35/67/35 2/69/2
f 2/2/2 36/70/36 37/71/37
f 2/2/2 37/71/37 3/3/3
f 3/3/3 37/71/37 38/72/38
f 3/3/3 38/72/38 4/5/4
f 4/5/4 38/72/38 39/73/39
f 4/5/4 39/73/39 5/7/5
f 5/7/5 39/73/39 40/74/40
f 5/7/5 40/74/40 6/9/6
f 6/9/6 40/74/40 41/75/41
f 6/9/6 41/75/41 7/11/7
f 7/11/7 41/75/41 42/76/42
f 7/11/7 42/76/42 8/13/8
f 8/13/8 42/76/42 43/77/43
f 8/13/8 43/77/43 9/15/9
f 9/15/9 43/77/43 44/78/44
f 9/15/9 44/78/44 10/17/10
f 10/17/10 44/78/44 45/79/45
f 10/17/10 45/79/45 11/19/11
f 11/19/11 45/79/45 46/80/46
f 11/19/11 46/80/46 12/21/12
f 12/21/12 46/80/46 47/81/47
f 12/21/12 47/81/47 13/23/13
f 13/23/13 47/81/47 48/82/48
f 13/23/13 48/82/48 14/25/14
f 14/25/14 48/82/48 49/83/49
f 14/25/14 49/83/49 15/27/15
f 15/27/15 49/83/49 50/84/50
f 15/27/15 50/84/50 16/29/16
f 16/29/16 50/84/50 51/85/51
f 16/29/16 51/85/51 17/31/17
f 17/31/17 51/85/51 52/86/52
f 17/31/17 52/86/52 18/33/18
f 18/33/18 52/86/52 53/87/53
f 18/33/18 53/87/53 19/35/19
f 19/35/19 53/87/53 54/88/54
f 19/35/19 54/88/54 20/37/20
f 20/37/20 54/88/54 55/89/55
f 20/37/20 55/89/55 21/39/21
f 21/39/21 55/89/55 56/90/56
f 21/39/21 56/90/56 22/41/22
f 22/41/22 56/90/56 57/91/57
f 22/41/22 57/91/57 23/43/23
f 23/43/23 57/91/57 58/92/58
f 23/43/23 58/92/58 24/45/24
f 24/45/24 58/92/58 59/93/59
f 24/45/24 59/93/59 25/47/25
f 25/47/25 59/93/59 60/94/60
f 25/47/25 60/94/60 26/49/26
f 26/49/26 60/94/60 61/95/61
f 26/49/26 61/95/61 27/51/27
f 27/51/27 61/95/61 62/96/62
f 27/51/27 62/96/62 28/53/28
f 28/53/28 62/96/62 63/97/63
f 28/53/28 63/97/63 29/55/29
f 29/55/29 63/97/63 64/98/64
f 29/55/29 64/98/64 30/57/30
f 30/57/30 64/98/64 65/99/65
f 30/57/30 65/99/65 31/59/31
f 31/59/31 65/99/65 66/100/66
f 31/59/31 66/100/66 32/61/32
f 32/61/32 66/100/66 67/101/67
f 32/61/32 67/101/67 33/63/33
f 33/63/33 67/101/67 68/102/68
f 33/63/33 68/102/68 34/65/34
f 34/65/34 68/102/68 69/103/69
f 34/65/34 69/103/69 35/67/35
f 35/67/35 69/103/69 36/104/36
f 35/67/35 36/104/36 2/69/2
f 36/70/36 70/105/70 71/106/71
f 36/70/36 71/106/71 37/71/37
f 37/71/37 71/106/71 72/107/72
f 37/71/37 72/107/72 38/72/38
f 38/72/38 72/107/72 73/108/73
f 38/72/38 73/108/73 39/73/39
f 39/73/39 73/108/73 74/109/74
f 39/73/39 74/109/74 40/74/40
f 40/74/40 74/109/74 75/110/75
f 40/74/40 75/110/75 41/75/41
f 41/75/41 75/110/75 76/111/76
f 41/75/41 76/111/76 42/76/42
f 42/76/42 76/111/76 77/112/77
f 42/76/42 77/112/77 43/77/43
f 43/77/43 77/112/77 78/113/78
f 43/77/43 78/113/78 44/78/44
f 44/78/44 78/113/78 79/114/79
f 44/78/44 79/114/79 45/79/45
f 45/79/45 79/114/79 80/115/80
f 45/79/45 80/115/80 46/80/46
f 46/80/46 80/115/80 81/116/81
f 46/80/46 81/116/81 47/81/47
f 47/81/47 81/116/81 82/117/82
f 47/81/47 82/117/82 48/82/48
f 48/82/48 82/117/82 83/118/83
f 48/82/48 83/118/83 49/83/49
f 49/83/49 83/118/83 84/119/84
f 49/83/49 84/119/84 50/84/50
f 50/84/50 84/119/84 85/120/85
f 50/84/50 85/120/85 51/85/51
f 51/85/51 85/120/85 86/121/86
f 51/85/51 86/121/86 52/86/52
f 52/86/52 86/121/86 87/122/87
f 52/86/52 87/122/87 53/87/53
f 53/87/53 87/122/87 88/123/88
f 53/87/53 88/123/88 54/88/54
f 54/88/54 88/123/88 89/124/89
f 54/88/54 89/124/89 55/89/55
f 55/89/55 89/124/89 90/125/90
f 55/89/55 90/125/90 56/90/56
f 56/90/56 90/125/90 91/126/91
f 56/90/56 91/126/91 57/91/57
f 57/91/57 91/126/91 92/127/92
f 57/91/57 92/127/92 58/92/58
f 58/92/58 92/127/92 93/128/93
f 58/92/58 93/128/93 59/93/59
f 59/93/59 93/128/93 94/129/94
f 59/93/59 94/129/94 60/94/60
f 60/94/60 94/129/94 95/130/95
f 60/94/60 95/130/95 61/95/61
f 61/95/61 95/130/95 96/131/96
f 61/95/61 96/131/96 62/96/62
f 62/96/62 96/131/96 97/132/97
f 62/96/62 97/132/97 63/97/63
f 63/97/63 97/132/97 98/133/98
f 63/97/63 98/133/98 64/98/64
f 64/98/64 98/133/98 99/134/99
f 64/98/64 99/134/99 65/99/65
f 65/99/65 99/134/99 100/135/100
f 65/99/65 100/135/100 66/100/66
f 66/100/66 100/135/100 101/136/101
f 66/100/66 101/136/101 67/101/67
f 67/101/67 101/136/101 102/137/102
f 67/101/67 102/137/102 68/102/68
f 68/102/68 102/137/102 103/138/103
f 68/102/68 103/138/103 69/103/69
f 69/103/69 103/138/103 70/139/70
f 69/103/69 70/139/70 36/104/36
f 70/105/70 104/140/104 105/141/105
f 70/105/70 105/141/105 71/106/71
f 71/106/71 105/141/105 106/142/106
f 71/106/71 106/142/106 72/107/72
f 72/107/72 106/142/106 107/143/107
f 72/107/72 107/143/107 73/108/73
f 73/108/73 107/143/107 108/144/108
f 73/108/73 108/144/108 74/109/74
f 74/109/74 108/144/108 109/145/109
f 74/109/74 109/145/109 75/110/75
f 75/110/75 109/145/109 110/146/110
f 75/110/75 110/146/110 76/111/76
f 76/111/76 110/146/110 111/147/111
f 76/111/76 111/147/111 77/112/77
f 77/112/77 111/147/111 112/148/112
f 77/112/77 112/148/112 78/113/78
f 78/113/78 112/148/112 113/149/113
f 78/113/78 113/149/113 79/114/79
f 79/114/79 113/149/113 114/150/114
f 79/114/79 114/150/114 80/115/80
f 80/115/80 114/150/114 115/151/115
f 80/115/80 115/151/115 81/116/81
f 81/116/81 115/151/115 116/152/116
f 81/116/81 116/152/116 82/117/82
f 82/117/82 116/152/116 117/153/117
f 82/117/82 117/153/117 83/118/83
f 83/118/83 117/153/117 118/154/118
f 83/118/83 118/154/118 84/119/84
f 84/119/84 118/154/118 119/155/119
f 84/119/84 119/155/119 85/120/85
f 85/120/85 119/155/119 120/156/120
f 85/120/85 120/156/120 86/121/86
f 86/121/86 120/156/120 121/157/121
f 86/121/86 121/157/121 87/122/87
f 87/122/87 121/157/121 122/158/122
f 87/122/87 122/158/122 88/123/88
f 88/123/88 122/158/122 123/159/123
f 88/123/88 123/159/123 89/124/89
f 89/124/89 123/159/123 124/160/124
f 89/124/89 124/160/124 90/125/90
f 90/125/90 124/160/124 125/161/125
f 90/125/90 125/161/125 91/126/91
f 91/126/91 125/161/125 126/162/126
f 91/126/91 126/162/126 92/127/92
f 92/127/92 126/162/126 127/163/127
f 92/127/92 127/163/127 93/128/93
f 93/128/93 127/163/127 128/164/128
f 93/128/93 128/164/128 94/129/94
f 94/129/94 128/164/128 129/165/129
f 94/129/94 129/165/129 95/130/95
f 95/130/95 129/165/129 130/166/130
f 95/130/95 130/166/130 96/131/96
f 96/131/96 130/166/130 131/167/131
f 96/131/96 131/167/131 97/132/97
f 97/132/97 131/167/131 132/168/132
f 97/132/97 132/168/132 98/133/98
f 98/133/98 132/168/132 133/169/133
f 98/133/98 133/169/133 99/134/99
f 99/134/99 133/169/133 134/170/134
f 99/134/99 134/170/134 100/135/100
f 100/135/100 134/170/134 135/171/135
f 100/135/100 135/171/135 101/136/101
f 101/136/101 135/171/135 136/172/136
f 101/136/101 136/172/136 102/137/102
f 102/137/102 136/172/136 137/173/137
f 102/137/102 137/173/137 103/138/103
f 103/138/103 137/173/137 104/174/104
f 103/138/103 104/174/104 70/139/70
f 104/140/104 138/175/138 139/176/139
f 104/140/104 139/176/139 105/141/105
f 105/141/105 139/176/139 140/177/140
f 105/141/105 140/177/140 106/142/106
f 106/142/106 140/177/140 141/178/141
f 106/142/106 141/178/141 107/143/107
f 107/143/107 141/178/141 142/179/142
f 107/143/107 142/179/142 108/144/108
f 108/144/108 142/179/142 143/180/143
f 108/144/108 143/180/143 109/145/109
f 109/145/109 143/180/143 144/181/144
f 109/145/109 144/181/144 110/146/110
f 110/146/110 144/181/144 145/182/145
f 110/146/110 145/182/145 111/147/111
f 111/147/111 145/182/145 146/183/146
f 111/147/111 146/183/146 112/148/112
f 112/148/112 146/183/146 147/184/147
f 112/148/112 147/184/147 113/149/113
f 113/149/113 147/184/147 148/185/148
f 113/149/113 148/185/148 114/150/114
f 114/150/114 148/185/148 149/186/149
f 114/150/114 149/186/149 115/151/115
f 115/151/115 149/186/149 150/187/150
f 115/151/115 150/187/150 116/152/116
f 116/152/116 150/187/150 151/188/151
f 116/152/116 151/188/151 117/153/117
f 117/153/117 151/188/151 152/189/152
f 117/153/117 152/189/152 118/154/118
f 118/154/118 152/189/152 153/190/153
f 118/154/118 153/190/153 119/155/119
f 119/155/119 153/190/153 154/191/154
f 119/155/119 154/191/154 120/156/120
f 120/156/120 154/191/154 155/192/155
f 120/156/120 155/192/155 121/157/121
f 121/157/121 155/192/155 156/193/156
f 121/157/121 156/193/156 122/158/122
f 122/158/122 156/193/156 157/194/157
f 122/158/122 157/194/157 123/159/123
f 123/159/123 157/194/157 158/195/158
f 123/159/123 158/195/158 124/160/124
f 124/160/124 158/195/158 159/196/159
f 124/160/124 159/196/159 125/161/125
f 125/161/125 159/196/159 160/197/160
f 125/161/125 160/197/160 126/162/126
f 126/162/126 160/197/160 161/198/161
f 126/162/126 161/198/161 127/163/127
f 127/163/127 161/198/161 162/199/162
f 127/163/127 162/199/162 128/164/128
f 128/164/128 162/199/162 163/200/163
f 128/164/128 163/200/163 129/165/129
f 129/165/129 163/200/163 164/201/164
f 129/165/129 164/201/164 130/166/130
f 130/166/130 164/201/164 165/202/165
f 130/166/130 165/202/165 131/167/131
f 131/167/131 165/202/165 166/203/166
f 131/167/131 166/203/166 132/168/132
f 132/168/132 166/203/166 167/204/167
f 132/168/132 167/204/167 133/169/133
f 133/169/133 167/204/167 168/205/168
f 133/169/133 168/205/168 134/170/134
f 134/170/134 168/205/168 169/206/169
f 134/170/134 169/206/169 135/171/135
f 135/171/135 169/206/169 170/207/170
f 135/171/135 170/207/170 136/172/136
f 136/172/136 170/207/170 171/208/171
f 136/172/136 171/208/171 137/173/137
f 137/173/137 171/208/171 138/209/138
f 137/173/137 138/209/138 104/174/104
f 138/175/138 172/210/172 173/211/173
f 138/175/138 173/211/173 139/176/139
f 139/176/139 173/211/173 174/212/174
f 139/176/139 174/212/174 140/177/140
f 140/177/140 174/212/174 175/213/175
f 140/177/140 175/213/175 141/178/141
f 141/178/141 175/213/175 176/214/176
f 141/178/141 176/214/176 142/179/142
f 142/179/142 176/214/176 177/215/177
f 142/179/142 177/215/177 143/180/143
f 143/180/143 177/215/177 178/216/178
f 143/180/143 178/216/178 144/181/144
f 144/181/144 178/216/178 179/217/179
f 144/181/144 179/217/179 145/182/145
f 145/182/145 179/217/179 180/218/180
f 145/182/145 180/218/180 146/183/146
f 146/183/146 180/218/180 181/219/181
f 146/183/146 181/219/181 147/184/147
f 147/184/147 181/219/181 182/220/182
f 147/184/147 182/220/182 148/185/148
f 148/185/148 182/220/182 183/221/183
f 148/185/148 183/221/183 149/186/149
f 149/186/149 183/221/183 184/222/184
f 149/186/149 184/222/184 150/187/150
f 150/187/150 184/222/184 185/223/185
f 150/187/150 185/223/185 151/188/151
f 151/188/151 185/223/185 186/224/186
f 151/188/151 186/224/186 152/189/152
f 152/189/152 186/224/186 187/225/187
f 152/189/152 187/225/187 153/190/153
f 153/190/153 187/225/187 188/226/188
f 153/190/153 188/226/188 154/191/154
f 154/191/154 188/226/188 189/227/189
f 154/191/154 189/227/189 155/192/155
f 155/192/155 189/227/189 190/228/190
f 155/192/155 190/228/190 156/193/156
f 156/193/156 190/228/190 191/229/191
f 156/193/156 191/229/191 157/194/157
f 157/194/157 191/229/191 192/230/192
f 157/194/157 192/230/192 158/195/158
f 158/195/158 192/230/192 193/231/193
f 158/195/158 193/231/193 159/196/159
f 159/196/159 193/231/193 194/232/194
f 159/196/159 194/232/194 160/197/160
f 160/197/160 194/232/194 195/233/195
f 160/197/160 195/233/195 161/198/161
f 161/198/161 195/233/195 196/234/196
f 161/198/161 196/234/196 162/199/162
f 162/199/162 196/234/196 197/235/197
f 162/199/162 197/235/197 163/200/163
f 163/200/163 197/235/197 198/236/198
f 163/200/163 198/236/198 164/201/164
f 164/201/164 198/236/198 199/237/199
f 164/201/164 199/237/199 165/202/165
f 165/202/165 199/237/199 200/238/200
f 165/202/165 200/238/200 166/203/166
f 166/203/166 200/238/200 201/239/201
f 166/203/166 201/239/201 167/204/167
f 167/204/167 201/239/201 202/240/202
f 167/204/167 202/240/202 168/205/168
f 168/205/168 202/240/202 203/241/203
f 168/205/168 203/241/203 169/206/169
f 169/206/169 203/241/203 204/242/204
f 169/206/169 204/242/204 170/207/170
f 170/207/170 204/242/204 205/243/205
f 170/207/170 205/243/205 171/208/171
f 171/208/171 205/243/205 172/244/172
f 171/208/171 172/244/172 138/209/138
f 172/210/172 206/245/206 207/246/207
f 172/210/172 207/246/207 173/211/173
f 173/211/173 207/246/207 208/247/208
f 173/211/173 208/247/208 174/212/174
f 174/212/174 208/247/208 209/248/209
f 174/212/174 209/248/209 175/213/175
f 175/213/175 209/248/209 210/249/210
f 175/213/175 210/249/210 176/214/176
f 176/214/176 210/249/210 211/250/211
f 176/214/176 211/250/211 177/215/177
f 177/215/177 211/250/211 212/251/212
f 177/215/177 212/251/212 178/216/178
f 178/216/178 212/251/212 213/252/213
f 178/216/178 213/252/213 179/217/179
f 179/217/179 213/252/213 214/253/214
f 179/217/179 214/253/214 180/218/180
f 180/218/180 214/253/214 215/254/215
f 180/218/180 215/254/215 181/219/181
f 181/219/181 215/254/215 216/255/216
f 181/219/181 216/255/216 182/220/182
f 182/220/182 216/255/216 217/256/217
f 182/220/182 217/256/217 183/221/183
f 183/221/183 217/256/217 218/257/218
f 183/221/183 218/257/218 184/222/184
f 184/222/184 218/257/218 219/258/219
f 184/222/184 219/258/219 185/223/185
f 185/223/185 219/258/219 220/259/220
f 185/223/185 220/259/220 186/224/186
f 186/224/186 220/259/220 221/260/221
f 186/224/186 221/260/221 187/225/187
f 187/225/187 221/260/221 222/261/222
f 187/225/187 222/261/222 188/226/188
f 188/226/188 222/261/222 223/262/223
f 188/226/188 223/262/223 189/227/189
f 189/227/189 223/262/223 224/263/224
f 189/227/189 224/263/224 190/228/190
f 190/228/190 224/263/224 225/264/225
f 190/228/190 225/264/225 191/229/191
f 191/229/191 225/264/225 226/265/226
f 191/229/191 226/265/226 192/230/192
f 192/230/192 226/265/226 227/266/227
f 192/230/192 227/266/227 193/231/193
f 193/231/193 227/266/227 228/267/228
f 193/231/193 228/267/228 194/232/194
f 194/232/194 228/267/228 229/268/229
f 194/232/194 229/268/229 195/233/195
f 195/233/195 229/268/229 230/269/230
f 195/233/195 230/269/230 196/234/196
f 196/234/196 230/269/230 231/270/231
f 196/234/196 231/270/231 197/235/197
f 197/235/197 231/270/231 232/271/232
f 197/235/197 232/271/232 198/236/198
f 198/236/198 232/271/232 233/272/233
f 198/236/198 233/272/233 199/237/199
f 199/237/199 233/272/233 234/273/234
f 199/237/199 234/273/234 200/238/200
f 200/238/200 234/273/234 235/274/235
f 200/238/200 235/274/235 201/239/201
f 201/239/201 235/274/235 236/275/236
f 201/239/201 236/275/236 202/240/202
f 202/240/202 236/275/236 237/276/237
f 202/240/202 237/276/237 203/241/203
f 203/241/203 237/276/237 238/277/238
f 203/241/203 238/277/238 204/242/204
f 204/242/204 238/277/238 239/278/239
f 204/242/204 239/278/239 205/243/205
f 205/243/205 239/278/239 206/279/206
f 205/243/205 206/279/206 172/244/172
f 206/245/206 240/280/240 241/281/241
f 206/245/206 241/281/241 207/246/207
f 207/246/207 241/281/241 242/282/242
f 207/246/207 242/282/242 208/247/208
f 208/247/208 242/282/242 243/283/243
f 208/247/208 243/283/243 209/248/209
f 209/248/209 243/283/243 244/284/244
f 209/248/209 244/284/244 210/249/210
f 210/249/210 244/284/244 245/285/245
f 210/249/210 245/285/245 211/250/211
f 211/250/211 245/285/245 246/286/246
f 211/250/211 246/286/246 212/251/212
f 212/251/212 246/286/246 247/287/247
f 212/251/212 247/287/247 213/252/213
f 213/252/213 247/287/247 248/288/248
f 213/252/213 248/288/248 214/253/214
f 214/253/214 248/288/248 249/289/249
f 214/253/214 249/289/249 215/254/215
f 215/254/215 249/289/249 250/290/250
f 215/254/215 250/290/250 216/255/216
f 216/255/216 250/290/250 251/291/251
f 216/255/216 251/291/251 217/256/217
f 217/256/217 251/291/251 252/292/252
f 217/256/217 252/292/252 218/257/218
f 218/257/218 252/292/252 253/293/253
f 218/257/218 253/293/253 219/258/219
f 219/258/219 253/293/253 254/294/254
f 219/258/219 254/294/254 220/259/220
f 220/259/220 254/294/254 255/295/255
f 220/259/220 255/295/255 221/260/221
f 221/260/221 255/295/255 256/296/256
f 221/260/221 256/296/256 222/261/222
f 222/261/222 256/296/256 257/297/257
f 222/261/222 257/297/257 223/262/223
f 223/262/223 257/297/257 258/298/258
f 223/262/223 258/298/258 224/263/224
f 224/263/224 258/298/258 259/299/259
f 224/263/224 259/299/259 225/264/225
f 225/264/225 259/299/259 260/300/260
f 225/264/225 260/300/260 226/265/226
f 226/265/226 260/300/260 261/301/261
f 226/265/226 261/301/261 227/266/227
f 227/266/227 261/301/261 262/302/262
f 227/266/227 262/302/262 228/267/228
f 228/267/228 262/302/262 263/303/263
f 228/267/228 263/303/263 229/268/229
f 229/268/229 263/303/263 264/304/264
f 229/268/229 264/304/264 230/269/230
f 230/269/230 264/304/264 265/305/265
f 230/269/230 265/305/265 231/270/231
f 231/270/231 265/305/265 266/306/266
f 231/270/231 266/306/266 232/271/232
f 232/271/232 266/306/266 267/307/267
f 232/271/232 267/307/267 233/272/233
f 233/272/233 267/307/267 268/308/268
f 233/272/233 268/308/268 234/273/234
f 234/273/234 268/308/268 269/309/269
f 234/273/234 269/309/269 235/274/235
f 235/274/235 269/309/269 270/310/270
f 235/274/235 270/310/270 236/275/236
f 236/275/236 270/310/270 271/311/271
f 236/275/236 271/311/271 237/276/237
f 237/276/237 271/311/271 272/312/272
f 237/276/237 272/312/272 238/277/238
f 238/277/238 272/312/272 273/313/273
f 238/277/238 273/313/273 239/278/239
f 239/278/239 273/313/273 240/314/240
f 239/278/239 240/314/240 206/279/206
f 240/280/240 274/315/274 275/316/275
f 240/280/240 275/316/275 241/281/241
f 241/281/241 275/316/275 276/317/276
f 241/281/241 276/317/276 242/282/242
f 242/282/242 276/317/276 277/318/277
f 242/282/242 277/318/277 243/283/243
f 243/283/243 277/318/277 278/319/278
f 243/283/243 278/319/278 244/284/244
f 244/284/244 278/319/278 279/320/279
f 244/284/244 279/320/279 245/285/245
f 245/285/245 279/320/279 280/321/280
f 245/285/245 280/321/280 246/286/246
f 246/286/246 280/321/280 281/322/281
f 246/286/246 281/322/281 247/287/247
f 247/287/247 281/322/281 282/323/282
f 247/287/247 282/323/282 248/288/248
f 248/288/248 282/323/282 283/324/283
f 248/288/248 283/324/283 249/289/249
f 249/289/249 283/324/283 284/325/284
f 249/289/249 284/325/284 250/290/250
f 250/290/250 284/325/284 285/326/285
f 250/290/250 285/326/285 251/291/251
f 251/291/251 285/326/285 286/327/286
f 251/291/251 286/327/286 252/292/252
f 252/292/252 286/327/286 287/328/287
f 252/292/252 287/328/287 253/293/253
f 253/293/253 287/328/287 288/329/288
f 253/293/253 288/329/288 254/294/254
f 254/294/254 288/329/288 289/330/289
f 254/294/254 289/330/289 255/295/255
f 255/295/255 289/330/289 290/331/290
f 255/295/255 290/331/290 256/296/256
f 256/296/256 290/331/290 291/332/291
f 256/296/256 291/332/291 257/297/257
f 257/297/257 291/332/291 292/333/292
f 257/297/257 292/333/292 258/298/258
f 258/298/258 292/333/292 293/334/293
f 258/298/258 293/334/293 259/299/259
f 259/299/259 293/334/293 294/335/294
f 259/299/259 294/335/294 260/300/260
f 260/300/260 294/335/294 295/336/295
f 260/300/260 295/336/295 261/301/261
f 261/301/261 295/336/295 296/337/296
f 261/301/261 296/337/296 262/302/262
f 262/302/262 296/337/296 297/338/297
f 262/302/262 297/338/297 263/303/263
f 263/303/263 297/338/297 298/339/298
f 263/303/263 298/339/298 264/304/264
f 264/304/264 298/339/298 299/340/299
f 264/304/264 299/340/299 265/305/265
f 265/305/265 299/340/299 300/341/300
f 265/305/265 300/341/300 266/306/266
f 266/306/266 300/341/300 301/342/301
f 266/306/266 301/342/301 267/307/267
f 267/307/267 301/342/301 302/343/302
f 267/307/267 302/343/302 268/308/268
f 268/308/268 302/343/302 303/344/303
f 268/308/268 303/344/303 269/309/269
f 269/309/269 303/344/303 304/345/304
f 269/309/269 304/345/304 270/310/270
f 270/310/270 304/345/304 305/346/305
f 270/310/270 305/346/305 271/311/271
f 271/311/271 305/346/305 306/347/306
f 271/311/271 306/347/306 272/312/272
f 272/312/272 306/347/306 307/348/307
f 272/312/272 307/348/307 273/313/273
f 273/313/273 307/348/307 274/349/274
f 273/313/273 274/349/274 240/314/240
f 274/315/274 308/350/308 309/351/309
f 274/315/274 309/351/309 275/316/275
f 275/316/275 309/351/309 310/352/310
f 275/316/275 310/352/310 276/317/276
f 276/317/276 310/352/310 311/353/311
f 276/317/276 311/353/311 277/318/277
f 277/318/277 311/353/311 312/354/312
f 277/318/277 312/354/312 278/319/278
f 278/319/278 312/354/312 313/355/313
f 278/319/278 313/355/313 279/320/279
f 279/320/279 313/355/313 314/356/314
f 279/320/279 314/356/314 280/321/280
f 280/321/280 314/356/314 315/357/315
f 280/321/280 315/357/315 281/322/281
f 281/322/281 315/357/315 316/358/316
f 281/322/281 316/358/316 282/323/282
f 282/323/282 316/358/316 317/359/317
f 282/323/282 317/359/317 283/324/283
f 283/324/283 317/359/317 318/360/318
f 283/324/283 318/360/318 284/325/284
f 284/325/284 318/360/318 319/361/319
f 284/325/284 319/361/319 285/326/285
f 285/326/285 319/361/319 320/362/320
f 285/326/285 320/362/320 286/327/286
f 286/327/286 320/362/320 321/363/321
f 286/327/286 321/363/321 287/328/287
f 287/328/287 321/363/321 322/364/322
f 287/328/287 322/364/322 288/329/288
f 288/329/288 322/364/322 323/365/323
f 288/329/288 323/365/323 289/330/289
f 289/330/289 323/365/323 324/366/324
f 289/330/289 324/366/324 290/331/290
f 290/331/290 324/366/324 325/367/325
f 290/331/290 325/367/325 291/332/291
f 291/332/291 325/367/325 326/368/326
f 291/332/291 326/368/326 292/333/292
f 292/333/292 326/368/326 327/369/327
f 292/333/292 327/369/327 293/334/293
f 293/334/293 327/369/327 328/370/328
f 293/334/293 328/370/328 294/335/294
f 294/335/294 328/370/328 329/371/329
f 294/335/294 329/371/329 295/336/295
f 295/336/295 329/371/329 330/372/330
f 295/336/295 330/372/330 296/337/296
f 296/337/296 330/372/330 331/373/331
f 296/337/296 331/373/331 297/338/297
f 297/338/297 331/373/331 332/374/332
f 297/338/297 332/374/332 298/339/298
f 298/339/298 332/374/332 333/375/333
f 298/339/298 333/375/333 299/340/299
f 299/340/299 333/375/333 334/376/334
f 299/340/299 334/376/334 300/341/300
f 300/341/300 334/376/334 335/377/335
f 300/341/300 335/377/335 301/342/301
f 301/342/301 335/377/335 336/378/336
f 301/342/301 336/378/336 302/343/302
f 302/343/302 336/378/336 337/379/337
f 302/343/302 337/379/337 303/344/303
f 303/344/303 337/379/337 338/380/338
f 303/344/303 338/380/338 304/345/304
f 304/345/304 338/380/338 339/381/339
f 304/345/304 339/381/339 305/346/305
f 305/346/305 339/381/339 340/382/340
f 305/346/305 340/382/340 306/347/306
f 306/347/306 340/382/340 341/383/341
f 306/347/306 341/383/341 307/348/307
f 307/348/307 341/383/341 308/384/308
f 307/348/307 308/384/308 274/349/274
f 308/350/308 342/385/342 343/386/343
f 308/350/308 343/386/343 309/351/309
f 309/351/309 343/386/343 344/387/344
f 309/351/309 344/387/344 310/352/310
f 310/352/310 344/387/344 345/388/345
f 310/352/310 345/388/345 311/353/311
f 311/353/311 345/388/345 346/389/346
f 311/353/311 346/389/346 312/354/312
f 312/354/312 346/389/346 347/390/347
f 312/354/312 347/390/347 313/355/313
f 313/355/313 347/390/347 348/391/348
f 313/355/313 348/391/348 314/356/314
f 314/356/314 348/391/348 349/392/349
f 314/356/314 349/392/349 315/357/315
f 315/357/315 349/392/349 350/393/350
f 315/357/315 350/393/350 316/358/316
f 316/358/316 350/393/350 351/394/351
f 316/358/316 351/394/351 317/359/317
f 317/359/317 351/394/351 352/395/352
f 317/359/317 352/395/352 318/360/318
f 318/360/318 352/395/352 353/396/353
f 318/360/318 353/396/353 319/361/319
f 319/361/319 353/396/353 354/397/354
f 319/361/319 354/397/354 320/362/320
f 320/362/320 354/397/354 355/398/355
f 320/362/320 355/398/355 321/363/321
f 321/363/321 355/398/355 356/399/356
f 321/363/321 356/399/356 322/364/322
f 322/364/322 356/399/356 357/400/357
f 322/364/322 357/400/357 323/365/323
f 323/365/323 357/400/357 358/401/358
f 323/365/323 358/401/358 324/366/324
f 324/366/324 358/401/358 359/402/359
f 324/366/324 359/402/359 325/367/325
f 325/367/325 359/402/359 360/403/360
f 325/367/325 360/403/360 326/368/326
f 326/368/326 360/403/360 361/404/361
f 326/368/326 361/404/361 327/369/327
f 327/369/327 361/404/361 362/405/362
f 327/369/327 362/405/362 328/370/328
f 328/370/328 362/405/362 363/406/363
f 328/370/328 363/406/363 329/371/329
f 329/371/329 363/406/363 364/407/364
f 329/371/329 364/407/364 330/372/330
f 330/372/330 364/407/364 365/408/365
f 330/372/330 365/408/365 331/373/331
f 331/373/331 365/408/365 366/409/366
f 331/373/331 366/409/366 332/374/332
f 332/374/332 366/409/366 367/410/367
f 332/374/332 367/410/367 333/375/333
f 333/375/333 367/410/367 368/411/368
f 333/375/333 368/411/368 334/376/334
f 334/376/334 368/411/368 369/412/369
f 334/376/334 369/412/369 335/377/335
f 335/377/335 369/412/369 370/413/370
f 335/377/335 370/413/370 336/378/336
f 336/378/336 370/413/370 371/414/371
f 336/378/336 371/414/371 337/379/337
f 337/379/337 371/414/371 372/415/372
f 337/379/337 372/415/372 338/380/338
f 338/380/338 372/415/372 373/416/373
f 338/380/338 373/416/373 339/381/339
f 339/381/339 373/416/373 374/417/374
f 339/381/339 374/417/374 340/382/340
f 340/382/340 374/417/374 375/418/375
f 340/382/340 375/418/375 341/383/341
f 341/383/341 375/418/375 342/419/342
f 341/383/341 342/419/342 308/384/308
f 342/385/342 376/420/376 377/421/377
f 342/385/342 377/421/377 343/386/343
f 343/386/343 377/421/377 378/422/378
f 343/386/343 378/422/378 344/387/344
f 344/387/344 378/422/378 379/423/379
f 344/387/344 379/423/379 345/388/345
f 345/388/345 379/423/379 380/424/380
f 345/388/345 380/424/380 346/389/346
f 346/389/346 380/424/380 381/425/381
f 346/389/346 381/425/381 347/390/347
f 347/390/347 381/425/381 382/426/382
f 347/390/347 382/426/382 348/391/348
f 348/391/348 382/426/382 383/427/383
f 348/391/348 383/427/383 349/392/349
f 349/392/349 383/427/383 384/428/384
f 349/392/349 384/428/384 350/393/350
f 350/393/350 384/428/384 385/429/385
f 350/393/350 385/429/385 351/394/351
f 351/394/351 385/429/385 386/430/386
f 351/394/351 386/430/386 352/395/352
f 352/395/352 386/430/386 387/431/387
f 352/395/352 387/431/387 353/396/353
f 353/396/353 387/431/387 388/432/388
f 353/396/353 388/432/388 354/397/354
f 354/397/354 388/432/388 389/433/389
f 354/397/354 389/433/389 355/398/355
f 355/398/355 389/433/389 390/434/390
f 355/398/355 390/434/390 356/399/356
f 356/399/356 390/434/390 391/435/391
f 356/399/356 391/435/391 357/400/357
f 357/400/357 391/435/391 392/436/392
f 357/400/357 392/436/392 358/401/358
f 358/401/358 392/436/392 393/437/393
f 358/401/358 393/437/393 359/402/359
f 359/402/359 393/437/393 394/438/394
f 359/402/359 394/438/394 360/403/360
f 360/403/360 394/438/394 395/439/395
f 360/403/360 395/439/395 361/404/361
f 361/404/361 395/439/395 396/440/396
f 361/404/361 396/440/396 362/405/362
f 362/405/362 396/440/396 397/441/397
f 362/405/362 397/441/397 363/406/363
f 363/406/363 397/441/397 398/442/398
f 363/406/363 398/442/398 364/407/364
f 364/407/364 398/442/398 399/443/399
f 364/407/364 399/443/399 365/408/365
f 365/408/365 399/443/399 400/444/400
f 365/408/365 400/444/400 366/409/366
f 366/409/366 400/444/400 401/445/401
f 366/409/366 401/445/401 367/410/367
f 367/410/367 401/445/401 402/446/402
f 367/410/367 402/446/402 368/411/368
f 368/411/368 402/446/402 403/447/403
f 368/411/368 403/447/403 369/412/369
f 369/412/369 403/447/403 404/448/404
f 369/412/369 404/448/404 370/413/370
f 370/413/370 404/448/404 405/449/405
f 370/413/370 405/449/405 371/414/371
f 371/414/371 405/449/405 406/450/406
f 371/414/371 406/450/406 372/415/372
f 372/415/372 406/450/406 407/451/407
f 372/415/372 407/451/407 373/416/373
f 373/416/373 407/451/407 408/452/408
f 373/416/373 408/452/408 374/417/374
f 374/417/374 408/452/408 409/453/409
f 374/417/374 409/453/409 375/418/375
f 375/418/375 409/453/409 376/454/376
f 375/418/375 376/454/376 342/419/342
f 376/420/376 410/455/410 411/456/411
f 376/420/376 411/456/411 377/421/377
f 377/421/377 411/456/411 412/457/412
f 377/421/377 412/457/412 378/422/378
f 378/422/378 412/457/412 413/458/413
f 378/422/378 413/458/413 379/423/379
f 379/423/379 413/458/413 414/459/414
f 379/423/379 414/459/414 380/424/380
f 380/424/380 414/459/414 415/460/415
f 380/424/380 415/460/415 381/425/381
f 381/425/381 415/460/415 416/461/416
f 381/425/381 416/461/416 382/426/382
f 382/426/382 416/461/416 417/462/417
f 382/426/382 417/462/417 383/427/383
f 383/427/383 417/462/417 418/463/418
f 383/427/383 418/463/418 384/428/384
f 384/428/384 418/463/418 419/464/419
f 384/428/384 419/464/419 385/429/385
f 385/429/385 419/464/419 420/465/420
f 385/429/385 420/465/420 386/430/386
f 386/430/386 420/465/420 421/466/421
f 386/430/386 421/466/421 387/431/387
f 387/431/387 421/466/421 422/467/422
f 387/431/387 422/467/422 388/432/388
f 388/432/388 422/467/422 423/468/423
f 388/432/388 423/468/423 389/433/389
f 389/433/389 423/468/423 424/469/424
f 389/433/389 424/469/424 390/434/390
f 390/434/390 424/469/424 425/470/425
f 390/434/390 425/470/425 391/435/391
f 391/435/391 425/470/425 426/471/426
f 391/435/391 426/471/426 392/436/392
f 392/436/392 426/471/426 427/472/427
f 392/436/392 427/472/427 393/437/393
f 393/437/393 427/472/427 428/473/428
f 393/437/393 428/473/428 394/438/394
f 394/438/394 428/473/428 429/474/429
f 394/438/394 429/474/429 395/439/395
f 395/439/395 429/474/429 430/475/430
f 395/439/395 430/475/430 396/440/396
f 396/440/396 430/475/430 431/476/431
f 396/440/396 431/476/431 397/441/397
f 397/441/397 431/476/431 432/477/432
f 397/441/397 432/477/432 398/442/398
f 398/442/398 432/477/432 433/478/433
f 398/442/398 433/478/433 399/443/399
f 399/443/399 433/478/433 434/479/434
f 399/443/399 434/479/434 400/444/400
f 400/444/400 434/479/434 435/480/435
f 400/444/400 435/480/435 401/445/401
f 401/445/401 435/480/435 436/481/436
f 401/445/401 436/481/436 402/446/402
f 402/446/402 436/481/436 437/482/437
f 402/446/402 437/482/437 403/447/403
f 403/447/403 437/482/437 438/483/438
f 403/447/403 438/483/438 404/448/404
f 404/448/404 438/483/438 439/484/439
f 404/448/404 439/484/439 405/449/405
f 405/449/405 439/484/439 440/485/440
f 405/449/405 440/485/440 406/450/406
f 406/450/406 440/485/440 441/486/441
f 406/450/406 441/486/441 407/451/407
f 407/451/407 441/486/441 442/487/442
f 407/451/407 442/487/442 408/452/408
f 408/452/408 442/487/442 443/488/443
f 408/452/408 443/488/443 409/453/409
f 409/453/409 443/488/443 410/489/410
f 409/453/409 410/489/410 376/454/376
f 410/455/410 444/490/444 445/491/445
f 410/455/410 445/491/445 411/456/411
f 411/456/411 445/491/445 446/492/446
f 411/456/411 446/492/446 412/457/412
f 412/457/412 446/492/446 447/493/447
f 412/457/412 447/493/447 413/458/413
f 413/458/413 447/493/447 448/494/448
f 413/458/413 448/494/448 414/459/414
f 414/459/414 448/494/448 449/495/449
f 414/459/414 449/495/449 415/460/415
f 415/460/415 449/495/449 450/496/450
f 415/460/415 450/496/450 416/461/416
f 416/461/416 450/496/450 451/497/451
f 416/461/416 451/497/451 417/462/417
f 417/462/417 451/497/451 452/498/452
f 417/462/417 452/498/452 418/463/418
f 418/463/418 452/498/452 453/499/453
f 418/463/418 453/499/453 419/464/419
f 419/464/419 453/499/453 454/500/454
f 419/464/419 454/500/454 420/465/420
f 420/465/420 454/500/454 455/501/455
f 420/465/420 455/501/455 421/466/421
f 421/466/421 455/501/455 456/502/456
f 421/466/421 456/502/456 422/467/422
f 422/467/422 456/502/456 457/503/457
f 422/467/422 457/503/457 423/468/423
f 423/468/423 457/503/457 458/504/458
f 423/468/423 458/504/458 424/469/424
f 424/469/424 458/504/458 459/505/459
f 424/469/424 459/505/459 425/470/425
f 425/470/425 459/505/459 460/506/460
f 425/470/425 460/506/460 426/471/426
f 426/471/426 460/506/460 461/507/461
f 426/471/426 461/507/461 427/472/427
f 427/472/427 461/507/461 462/508/462
f 427/472/427 462/508/462 428/473/428
f 428/473/428 462/508/462 463/509/463
f 428/473/428 463/509/463 429/474/429
f 429/474/429 463/509/463 464/510/464
f 429/474/429 464/510/464 430/475/430
f 430/475/430 464/510/464 465/511/465
f 430/475/430 465/511/465 431/476/431
f 431/476/431 465/511/465 466/512/466
f 431/476/431 466/512/466 432/477/432
f 432/477/432 466/512/466 467/513/467
f 432/477/432 467/513/467 433/478/433
f 433/478/433 467/513/467 468/514/468
f 433/478/433 468/514/468 434/479/434
f 434/479/434 468/514/468 469/515/469
f 434/479/434 469/515/469 435/480/435
f 435/480/435 469/515/469 470/516/470
f 435/480/435 470/516/470 436/481/436
f 436/481/436 470/516/470 471/517/471
f 436/481/436 471/517/471 437/482/437
f 437/482/437 471/517/471 472/518/472
f 437/482/437 472/518/472 438/483/438
f 438/483/438 472/518/472 473/519/473
f 438/483/438 473/519/473 439/484/439
f 439/484/439 473/519/473 474/520/474
f 439/484/439 474/520/474 440/485/440
f 440/485/440 474/520/474 475/521/475
f 440/485/440 475/521/475 441/486/441
f 441/486/441 475/521/475 476/522/476
f 441/486/441 476/522/476 442/487/442
f 442/487/442 476/522/476 477/523/477
f 442/487/442 477/523/477 443/488/443
f 443/488/443 477/523/477 444/524/444
f 443/488/443 444/524/444 410/489/410
f 444/490/444 478/525/478 479/526/479
f 444/490/444 479/526/479 445/491/445
f 445/491/445 479/526/479 480/527/480
f 445/491/445 480/527/480 446/492/446
f 446/492/446 480/527/480 481/528/481
f 446/492/446 481/528/481 447/493/447
f 447/493/447 481/528/481 482/529/482
f 447/493/447 482/529/482 448/494/448
f 448/494/448 482/529/482 483/530/483
f 448/494/448 483/530/483 449/495/449
f 449/495/449 483/530/483 484/531/484
f 449/495/449 484/531/484 450/496/450
f 450/496/450 484/531/484 485/532/485
f 450/496/450 485/532/485 451/497/451
f 451/497/451 485/532/485 486/533/486
f 451/497/451 486/533/486 452/498/452
f 452/498/452 486/533/486 487/534/487
f 452/498/452 487/534/487 453/499/453
f 453/499/453 487/534/487 488/535/488
f 453/499/453 488/535/488 454/500/454
f 454/500/454 488/535/488 489/536/489
f 454/500/454 489/536/489 455/501/455
f 455/501/455 489/536/489 490/537/490
f 455/501/455 490/537/490 456/502/456
f 456/502/456 490/537/490 491/538/491
f 456/502/456 491/538/491 457/503/457
f 457/503/457 491/538/491 492/539/492
f 457/503/457 492/539/492 458/504/458
f 458/504/458 492/539/492 493/540/493
f 458/504/458 493/540/493 459/505/459
f 459/505/459 493/540/493 494/541/494
f 459/505/459 494/541/494 460/506/460
f 460/506/460 494/541/494 495/542/495
f 460/506/460 495/542/495 461/507/461
f 461/507/461 495/542/495 496/543/496
f 461/507/461 496/543/496 462/508/462
f 462/508/462 496/543/496 497/544/497
f 462/508/462 497/544/497 463/509/463
f 463/509/463 497/544/497 498/545/498
f 463/509/463 498/545/498 464/510/464
f 464/510/464 498/545/498 499/546/499
f 464/510/464 499/546/499 465/511/465
f 465/511/465 499/546/499 500/547/500
f 465/511/465 500/547/500 466/512/466
f 466/512/466 500/547/500 501/548/501
f 466/512/466 501/548/501 467/513/467
f 467/513/467 501/548/501 502/549/502
f 467/513/467 502/549/502 468/514/468
f 468/514/468 502/549/502 503/550/503
f 468/514/468 503/550/503 469/515/469
f 469/515/469 503/550/503 504/551/504
f 469/515/469 504/551/504 470/516/470
f 470/516/470 504/551/504 505/552/505
f 470/516/470 505/552/505 471/517/471
f 471/517/471 505/552/505 506/553/506
f 471/517/471 506/553/506 472/518/472
f 472/518/472 506/553/506 507/554/507
f 472/518/472 507/554/507 473/519/473
f 473/519/473 507/554/507 508/555/508
f 473/519/473 508/555/508 474/520/474
f 474/520/474 508/555/508 509/556/509
f 474/520/474 509/556/509 475/521/475
f 475/521/475 509/556/509 510/557/510
f 475/521/475 510/557/510 476/522/476
f 476/522/476 510/557/510 511/558/511
f 476/522/476 511/558/511 477/523/477
f 477/523/477 511/558/511 478/559/478
f 477/523/477 478/559/478 444/524/444
f 478/525/478 512/560/512 513/561/513
f 478/525/478 513/561/513 479/526/479
f 479/526/479 513/561/513 514/562/514
f 479/526/479 514/562/514 480/527/480
f 480/527/480 514/562/514 515/563/515
f 480/527/480 515/563/515 481/528/481
f 481/528/481 515/563/515 516/564/516
f 481/528/481 516/564/516 482/529/482
f 482/529/482 516/564/516 517/565/517
f 482/529/482 517/565/517 483/530/483
f 483/530/483 517/565/517 518/566/518
f 483/530/483 518/566/518 484/531/484
f 484/531/484 518/566/518 519/567/519
f 484/531/484 519/567/519 485/532/485
f 485/532/485 519/567/519 520/568/520
f 485/532/485 520/568/520 486/533/486
f 486/533/486 520/568/520 521/569/521
f 486/533/486 521/569/521 487/534/487
f 487/534/487 521/569/521 522/570/522
f 487/534/487 522/570/522 488/535/488
f 488/535/488 522/570/522 523/571/523
f 488/535/488 523/571/523 489/536/489
f 489/536/489 523/571/523 524/572/524
f 489/536/489 524/572/524 490/537/490
f 490/537/490 524/572/524 525/573/525
f 490/537/490 525/573/525 491/538/491
f 491/538/491 525/573/525 526/574/526
f 491/538/491 526/574/526 492/539/492
f 492/539/492 526/574/526 527/575/527
f 492/539/492 527/575/527 493/540/493
f 493/540/493 527/575/527 528/576/528
f 493/540/493 528/576/528 494/541/494
f 494/541/494 528/576/528 529/577/529
f 494/541/494 529/577/529 495/542/495
f 495/542/495 529/577/529 530/578/530
f 495/542/495 530/578/530 496/543/496
f 496/543/496 530/578/530 531/579/531
f 496/543/496 531/579/531 497/544/497
f 497/544/497 531/579/531 532/580/532
f 497/544/497 532/580/532 498/545/498
f 498/545/498 532/580/532 533/581/533
f 498/545/498 533/581/533 499/546/499
f 499/546/499 533/581/533 534/582/534
f 499/546/499 534/582/534 500/547/500
f 500/547/500 534/582/534 535/583/535
f 500/547/500 535/583/535 501/548/501
f 501/548/501 535/583/535 536/584/536
f 501/548/501 536/584/536 502/549/502
f 502/549/502 536/584/536 537/585/537
f 502/549/502 537/585/537 503/550/503
f 503/550/503 537/585/537 538/586/538
f 503/550/503 538/586/538 504/551/504
f 504/551/504 538/586/538 539/587/539
f 504/551/504 539/587/539 505/552/505
f 505/552/505 539/587/539 540/588/540
f 505/552/505 540/588/540 506/553/506
f 506/553/506 540/588/540 541/589/541
f 506/553/506 541/589/541 507/554/507
f 507/554/507 541/589/541 542/590/542
f 507/554/507 542/590/542 508/555/508
f 508/555/508 542/590/542 543/591/543
f 508/555/508 543/591/543 509/556/509
f 509/556/509 543/591/543 544/592/544
f 509/556/509 544/592/544 510/557/510
f 510/557/510 544/592/544 545/593/545
f 510/557/510 545/593/545 511/558/511
f 511/558/511 545/593/545 512/594/512
f 511/558/511 512/594/512 478/559/478
f 546/595/546 513/561/513 512/560/512
f 546/596/546 514/562/514 513/561/513
f 546/597/546 515/563/515 514/562/514
f 546/598/546 516/564/516 515/563/515
f 546/599/546 517/565/517 516/564/516
f 546/600/546 518/566/518 517/565/517
f 546/601/546 519/567/519 518/566/518
f 546/602/546 520/568/520 519/567/519
f 546/603/546 521/569/521 520/568/520
f 546/604/546 522/570/522 521/569/521
f 546/605/546 523/571/523 522/570/522
f 546/606/546 524/572/524 523/571/523
f 546/607/546 525/573/525 524/572/524
f 546/608/546 526/574/526 525/573/525
f 546/609/546 527/575/527 526/574/526
f 546/610/546 528/576/528 527/575/527
f 546/611/546 529/577/529 528/576/528
f 546/612/546 530/578/530 529/577/529
f 546/613/546 531/579/531 530/578/530
f 546/614/546 532/580/532 531/579/531
f 546/615/546 533/581/533 532/580/532
f 546/616/546 534/582/534 533/581/533
f 546/617/546 535/583/535 534/582/534
f 546/618/546 536/584/536 535/583/535
f 546/619/546 537/585/537 536/584/536
f 546/620/546 538/586/538 537/585/537
f 546/621/546 539/587/539 538/586/538
f 546/622/546 540/588/540 539/587/539
f 546/623/546 541/589/541 540/588/540
f 546/624/546 542/590/542 541/589/541
f 546/625/546 543/591/543 542/590/542
f 546/626/546 544/592/544 543/591/543
f 546/627/546 545/593/545 544/592/544
f 546/628/546 512/594/512 545/593/545
f 547/1/547 548/2/548 549/3/549
f 547/4/547 549/3/549 550/5/550
f 547/6/547 550/5/550 551/7/551
f 547/8/547 551/7/551 552/9/552
f 547/10/547 552/9/552 553/11/553
f 547/12/547 553/11/553 554/13/554
f 547/14/547 554/13/554 555/15/555
f 547/16/547 555/15/555 556/17/556
f 547/18/547 556/17/556 557/19/557
f 547/20/547 557/19/557 558/21/558
f 547/22/547 558/21/558 559/23/559
f 547/24/547 559/23/559 560/25/560
f 547/26/547 560/25/560 561/27/561
f 547/28/547 561/27/561 562/29/562
f 547/30/547 562/29/562 563/31/563
f 547/32/547 563/31/563 564/33/564
f 547/34/547 564/33/564 565/35/565
f 547/36/547 565/35/565 566/37/566
f 547/38/547 566/37/566 567/39/567
f 547/40/547 567/39/567 568/41/568
f 547/42/547 568/41/568 569/43/569
f 547/44/547 569/43/569 570/45/570
f 547/46/547 570/45/570 571/47/571
f 547/48/547 571/47/571 572/49/572
f 547/50/547 572/49/572 573/51/573
f 547/52/547 573/51/573 574/53/574
f 547/54/547 574/53/574 575/55/575
f 547/56/547 575/55/575 576/57/576
f 547/58/547 576/57/576 577/59/577
f 547/60/547 577/59/577 578/61/578
f 547/62/547 578/61/578 579/63/579
f 547/64/547 579/63/579 580/65/580
f 547/66/547 580/65/580 581/67/581
f 547/68/547 581/67/581 548/69/548
f 548/2/548 582/70/582 583/71/583
f 548/2/548 583/71/583 549/3/549
f 549/3/549 583/71/583 584/72/584
f 549/3/549 584/72/584 550/5/550
f 550/5/550 584/72/584 585/73/585
f 550/5/550 585/73/585 551/7/551
f 551/7/551 585/73/585 586/74/586
f 551/7/551 586/74/586 552/9/552
f 552/9/552 586/74/586 587/75/587
f 552/9/552 587/75/587 553/11/553
f 553/11/553 587/75/587 588/76/588
f 553/11/553 588/76/588 554/13/554
f 554/13/554 588/76/588 589/77/589
f 554/13/554 589/77/589 555/15/555
f 555/15/555 589/77/589 590/78/590
f 555/15/555 590/78/590 556/17/556
f 556/17/556 590/78/590 591/79/591
f 556/17/556 591/79/591 557/19/557
f 557/19/557 591/79/591 592/80/592
f 557/19/557 592/80/592 558/21/558
f 558/21/558 592/80/592 593/81/593
f 558/21/558 593/81/593 559/23/559
f 559/23/559 593/81/593 594/82/594
f 559/23/559 594/82/594 560/25/560
f 560/25/560 594/82/594 595/83/595
f 560/25/560 595/83/595 561/27/561
f 561/27/561 595/83/595 596/84/596
f 561/27/561 596/84/596 562/29/562
f 562/29/562 596/84/596 597/85/597
f 562/29/562 597/85/597 563/31/563
f 563/31/563 597/85/597 598/86/598
f 563/31/563 598/86/598 564/33/564
f 564/33/564 598/86/598 599/87/599
f 564/33/564 599/87/599 565/35/565
f 565/35/565 599/87/599 600/88/600
f 565/35/565 600/88/600 566/37/566
f 566/37/566 600/88/600 601/89/601
f 566/37/566 601/89/601 567/39/567
f 567/39/567 601/89/601 602/90/602
f 567/39/567 602/90/602 568/41/568
f 568/41/568 602/90/602 603/91/603
f 568/41/568 603/91/603 569/43/569
f 569/43/569 603/91/603 604/92/604
f 569/43/569 604/92/604 570/45/570
f 570/45/570 604/92/604 605/93/605
f 570/45/570 605/93/605 571/47/571
f 571/47/571 605/93/605 606/94/606
f 571/47/571 606/94/606 572/49/572
f 572/49/572 606/94/606 607/95/607
f 572/49/572 607/95/607 573/51/573
f 573/51/573 607/95/607 608/96/608
f 573/51/573 608/96/608 574/53/574
f 574/53/574 608/96/608 609/97/609
f 574/53/574 609/97/609 575/55/575
f 575/55/575 609/97/609 610/98/610
f 575/55/575 610/98/610 576/57/576
f 576/57/576 610/98/610 611/99/611
f 576/57/576 611/99/611 577/59/577
f 577/59/577 611/99/611 612/100/612
f 577/59/577 612/100/612 578/61/578
f 578/61/578 612/100/612 613/101/613
f 578/61/578 613/101/613 579/63/579
f 579/63/579 613/101/613 614/102/614
f 579/63/579 614/102/614 580/65/580
f 580/65/580 614/102/614 615/103/615
f 580/65/580 615/103/615 581/67/581
f 581/67/581 615/103/615 582/104/582
f 581/67/581 582/104/582 548/69/548
f 582/70/582 616/105/616 617/106/617
f 582/70/582 617/106/617 583/71/583
f 583/71/583 617/106/617 618/107/618
f 583/71/583 618/107/618 584/72/584
f 584/72/584 618/107/618 619/108/619
f 584/72/584 619/108/619 585/73/585
f 585/73/585 619/108/619 620/109/620
f 585/73/585 620/109/620 586/74/586
f 586/74/586 620/109/620 621/110/621
f 586/74/586 621/110/621 587/75/587
f 587/75/587 621/110/621 622/111/622
f 587/75/587 622/111/622 588/76/588
f 588/76/588 622/111/622 623/112/623
f 588/76/588 623/112/623 589/77/589
f 589/77/589 623/112/623 624/113/624
f 589/77/589 624/113/624 590/78/590
f 590/78/590 624/113/624 625/114/625
f 590/78/590 625/114/625 591/79/591
f 591/79/591 625/114/625 626/115/626
f 591/79/591 626/115/626 592/80/592
f 592/80/592 626/115/626 627/116/627
f 592/80/592 627/116/627 593/81/593
f 593/81/593 627/116/627 628/117/628
f 593/81/593 628/117/628 594/82/594
f 594/82/594 628/117/628 629/118/629
f 594/82/594 629/118/629 595/83/595
f 595/83/595 629/118/629 630/119/630
f 595/83/595 630/119/630 596/84/596
f 596/84/596 630/119/630 631/120/631
f 596/84/596 631/120/631 597/85/597
f 597/85/597 631/120/631 632/121/632
f 597/85/597 632/121/632 598/86/598
f 598/86/598 632/121/632 633/122/633
f 598/86/598 633/122/633 599/87/599
f 599/87/599 633/122/633 634/123/634
f 599/87/599 634/123/634 600/88/600
f 600/88/600 634/123/634 635/124/635
f 600/88/600 635/124/635 601/89/601
f 601/89/601 635/124/635 636/125/636
f 601/89/601 636/125/636 602/90/602
f 602/90/602 636/125/636 637/126/637
f 602/90/602 637/126/637 603/91/603
f 603/91/603 637/126/637 638/127/638
f 603/91/603 638/127/638 604/92/604
f 604/92/604 638/127/638 639/128/639
f 604/92/604 639/128/639 605/93/605
f 605/93/605 639/128/639 640/129/640
f 605/93/605 640/129/640 606/94/606
f 606/94/606 640/129/640 641/130/641
f 606/94/606 641/130/641 607/95/607
f 607/95/607 641/130/641 642/131/642
f 607/95/607 642/131/642 608/96/608
f 608/96/608 642/131/642 643/132/643
f 608/96/608 643/132/643 609/97/609
f 609/97/609 643/132/643 644/133/644
f 609/97/609 644/133/644 610/98/610
f 610/98/610 644/133/644 645/134/645
f 610/98/610 645/134/645 611/99/611
f 611/99/611 645/134/645 646/135/646
f 611/99/611 646/135/646 612/100/612
f 612/100/612 646/135/646 647/136/647
f 612/100/612 647/136/647 613/101/613
f 613/101/613 647/136/647 648/137/648
f 613/101/613 648/137/648 614/102/614
f 614/102/614 648/137/648 649/138/649
f 614/102/614 649/138/649 615/103/615
f 615/103/615 649/138/649 616/139/616
f 615/103/615 616/139/616 582/104/582
f 616/105/616 650/140/650 651/141/651
f 616/105/616 651/141/651 617/106/617
f 617/106/617 651/141/651 652/142/652
f 617/106/617 652/142/652 618/107/618
f 618/107/618 652/142/652 653/143/653
f 618/107/618 653/143/653 619/108/619
f 619/108/619 653/143/653 654/144/654
f 619/108/619 654/144/654 620/109/620
f 620/109/620 654/144/654 655/145/655
f 620/109/620 655/145/655 621/110/621
f 621/110/621 655/145/655 656/146/656
f 621/110/621 656/146/656 622/111/622
f 622/111/622 656/146/656 657/147/657
f 622/111/622 657/147/657 623/112/623
f 623/112/623 657/147/657 658/148/658
f 623/112/623 658/148/658 624/113/624
f 624/113/624 658/148/658 659/149/659
f 624/113/624 659/149/659 625/114/625
f 625/114/625 659/149/659 660/150/660
f 625/114/625 660/150/660 626/115/626
f 626/115/626 660/150/660 661/151/661
f 626/115/626 661/151/661 627/116/627
f 627/116/627 661/151/661 662/152/662
f 627/116/627 662/152/662 628/117/628
f 628/117/628 662/152/662 663/153/663
f 628/117/628 663/153/663 629/118/629
f 629/118/629 663/153/663 664/154/664
f 629/118/629 664/154/664 630/119/630
f 630/119/630 664/154/664 665/155/665
f 630/119/630 665/155/665 631/120/631
f 631/120/631 665/155/665 666/156/666
f 631/120/631 666/156/666 632/121/632
f 632/121/632 666/156/666 667/157/667
f 632/121/632 667/157/667 633/122/633
f 633/122/633 667/157/667 668/158/668
f 633/122/633 668/158/668 634/123/634
f 634/123/634 668/158/668 669/159/669
f 634/123/634 669/159/669 635/124/635
f 635/124/635 669/159/669 670/160/670
f 635/124/635 670/160/670 636/125/636
f 636/125/636 670/160/670 671/161/671
f 636/125/636 671/161/671 637/126/637
f 637/126/637 671/161/671 672/162/672
f 637/126/637 672/162/672 638/127/638
f 638/127/638 672/162/672 673/163/673
f 638/127/638 673/163/673 639/128/639
f 639/128/639 673/163/673 674/164/674
f 639/128/639 674/164/674 640/129/640
f 640/129/640 674/164/674 675/165/675
f 640/129/640 675/165/675 641/130/641
f 641/130/641 675/165/675 676/166/676
f 641/130/641 676/166/676 642/131/642
f 642/131/642 676/166/676 677/167/677
f 642/131/642 677/167/677 643/132/643
f 643/132/643 677/167/677 678/168/678
f 643/132/643 678/168/678 644/133/644
f 644/133/644 678/168/678 679/169/679
f 644/133/644 679/169/679 645/134/645
f 645/134/645 679/169/679 680/170/680
f 645/134/645 680/170/680 646/135/646
f 646/135/646 680/170/680 681/171/681
f 646/135/646 681/171/681 647/136/647
f 647/136/647 681/171/681 682/172/682
f 647/136/647 682/172/682 648/137/648
f 648/137/648 682/172/682 683/173/683
f 648/137/648 683/173/683 649/138/649
f 649/138/649 683/173/683 650/174/650
f 649/138/649 650/174/650 616/139/616
f 650/140/650 684/175/684 685/176/685
f 650/140/650 685/176/685 651/141/651
f 651/141/651 685/176/685 686/177/686
f 651/141/651 686/177/686 652/142/652
f 652/142/652 686/177/686 687/178/687
f 652/142/652 687/178/687 653/143/653
f 653/143/653 687/178/687 688/179/688
f 653/143/653 688/179/688 654/144/654
f 654/144/654 688/179/688 689/180/689
f 654/144/654 689/180/689 655/145/655
f 655/145/655 689/180/689 690/181/690
f 655/145/655 690/181/690 656/146/656
f 656/146/656 690/181/690 691/182/691
f 656/146/656 691/182/691 657/147/657
f 657/147/657 691/182/691 692/183/692
f 657/147/657 692/183/692 658/148/658
f 658/148/658 692/183/692 693/184/693
f 658/148/658 693/184/693 659/149/659
f 659/149/659 693/184/693 694/185/694
f 659/149/659 694/185/694 660/150/660
f 660/150/660 694/185/694 695/186/695
f 660/150/660 695/186/695 661/151/661
f 661/151/661 695/186/695 696/187/696
f 661/151/661 696/187/696 662/152/662
f 662/152/662 696/187/696 697/188/697
f 662/152/662 697/188/697 663/153/663
f 663/153/663 697/188/697 698/189/698
f 663/153/663 698/189/698 664/154/664
f 664/154/664 698/189/698 699/190/699
f 664/154/664 699/190/699 665/155/665
f 665/155/665 699/190/699 700/191/700
f 665/155/665 700/191/700 666/156/666
f 666/156/666 700/191/700 701/192/701
f 666/156/666 701/192/701 667/157/667
f 667/157/667 701/192/701 702/193/702
f 667/157/667 702/193/702 668/158/668
f 668/158/668 702/193/702 703/194/703
f 668/158/668 703/194/703 669/159/669
f 669/159/669 703/194/703 704/195/704
f 669/159/669 704/195/704 670/160/670
f 670/160/670 704/195/704 705/196/705
f 670/160/670 705/196/705 671/161/671
f 671/161/671 705/196/705 706/197/706
f 671/161/671 706/197/706 672/162/672
f 672/162/672 706/197/706 707/198/707
f 672/162/672 707/198/707 673/163/673
f 673/163/673 707/198/707 708/199/708
f 673/163/673 708/199/708 674/164/674
f 674/164/674 708/199/708 709/200/709
f 674/164/674 709/200/709 675/165/675
f 675/165/675 709/200/709 710/201/710
f 675/165/675 710/201/710 676/166/676
f 676/166/676 710/201/710 711/202/711
f 676/166/676 711/202/711 677/167/677
f 677/167/677 711/202/711 712/203/712
f 677/167/677 712/203/712 678/168/678
f 678/168/678 712/203/712 713/204/713
f 678/168/678 713/204/713 679/169/679
f 679/169/679 713/204/713 714/205/714
f 679/169/679 714/205/714 680/170/680
f 680/170/680 714/205/714 715/206/715
f 680/170/680 715/206/715 681/171/681
f 681/171/681 715/206/715 716/207/716
f 681/171/681 716/207/716 682/172/682
f 682/172/682 716/207/716 717/208/717
f 682/172/682 717/208/717 683/173/683
f 683/173/683 717/208/717 684/209/684
f 683/173/683 684/209/684 650/174/650
f 684/175/684 718/210/718 719/211/719
f 684/175/684 719/211/719 685/176/685
f 685/176/685 719/211/719 720/212/720
f 685/176/685 720/212/720 686/177/686
f 686/177/686 720/212/720 721/213/721
f 686/177/686 721/213/721 687/178/687
f 687/178/687 721/213/721 722/214/722
f 687/178/687 722/214/722 688/179/688
f 688/179/688 722/214/722 723/215/723
f 688/179/688 723/215/723 689/180/689
f 689/180/689 723/215/723 724/216/724
f 689/180/689 724/216/724 690/181/690
f 690/181/690 724/216/724 725/217/725
f 690/181/690 725/217/725 691/182/691
f 691/182/691 725/217/725 726/218/726
f 691/182/691 726/218/726 692/183/692
f 692/183/692 726/218/726 727/219/727
f 692/183/692 727/219/727 693/184/693
f 693/184/693 727/219/727 728/220/728
f 693/184/693 728/220/728 694/185/694
f 694/185/694 728/220/728 729/221/729
f 694/185/694 729/221/729 695/186/695
f 695/186/695 729/221/729 730/222/730
f 695/186/695 730/222/730 696/187/696
f 696/187/696 730/222/730 731/223/731
f 696/187/696 731/223/731 697/188/697
f 697/188/697 731/223/731 732/224/732
f 697/188/697 732/224/732 698/189/698
f 698/189/698 732/224/732 733/225/733
f 698/189/698 733/225/733 699/190/699
f 699/190/699 733/225/733 734/226/734
f 699/190/699 734/226/734 700/191/700
f 700/191/700 734/226/734 735/227/735
f 700/191/700 735/227/735 701/192/701
f 701/192/701 735/227/735 736/228/736
f 701/192/701 736/228/736 702/193/702
f 702/193/702 736/228/736 737/229/737
f 702/193/702 737/229/737 703/194/703
f 703/194/703 737/229/737 738/230/738
f 703/194/703 738/230/738 704/195/704
f 704/195/704 738/230/738 739/231/739
f 704/195/704 739/231/739 705/196/705
f 705/196/705 739/231/739 740/232/740
f 705/196/705 740/232/740 706/197/706
f 706/197/706 740/232/740 741/233/741
f 706/197/706 741/233/741 707/198/707
f 707/198/707 741/233/741 742/234/742
f 707/198/707 742/234/742 708/199/708
f 708/199/708 742/234/742 743/235/743
f 708/199/708 743/235/743 709/200/709
f 709/200/709 743/235/743 744/236/744
f 709/200/709 744/236/744 710/201/710
f 710/201/710 744/236/744 745/237/745
f 710/201/710 745/237/745 711/202/711
f 711/202/711 745/237/745 746/238/746
f 711/202/711 746/238/746 712/203/712
f 712/203/712 746/238/746 747/239/747
f 712/203/712 747/239/747 713/204/713
f 713/204/713 747/239/747 748/240/748
f 713/204/713 748/240/748 714/205/714
f 714/205/714 748/240/748 749/241/749
f 714/205/714 749/241/749 715/206/715
f 715/206/715 749/241/749 750/242/750
f 715/206/715 750/242/750 716/207/716
f 716/207/716 750/242/750 751/243/751
f 716/207/716 751/243/751 717/208/717
f 717/208/717 751/243/751 718/244/718
f 717/208/717 718/244/718 684/209/684
f 718/210/718 752/245/752 753/246/753
f 718/210/718 753/246/753 719/211/719
f 719/211/719 753/246/753 754/247/754
f 719/211/719 754/247/754 720/212/720
f 720/212/720 754/247/754 755/248/755
f 720/212/720 755/248/755 721/213/721
f 721/213/721 755/248/755 756/249/756
f 721/213/721 756/249/756 722/214/722
f 722/214/722 756/249/756 757/250/757
f 722/214/722 757/250/757 723/215/723
f 723/215/723 757/250/757 758/251/758
f 723/215/723 758/251/758 724/216/724
f 724/216/724 758/251/758 759/252/759
f 724/216/724 759/252/759 725/217/725
f 725/217/725 759/252/759 760/253/760
f 725/217/725 760/253/760 726/218/726
f 726/218/726 760/253/760 761/254/761
f 726/218/726 761/254/761 727/219/727
f 727/219/727 761/254/761 762/255/762
f 727/219/727 762/255/762 728/220/728
f 728/220/728 762/255/762 763/256/763
f 728/220/728 763/256/763 729/221/729
f 729/221/729 763/256/763 764/257/764
f 729/221/729 764/257/764 730/222/730
f 730/222/730 764/257/764 765/258/765
f 730/222/730 765/258/765 731/223/731
f 731/223/731 765/258/765 766/259/766
f 731/223/731 766/259/766 732/224/732
f 732/224/732 766/259/766 767/260/767
f 732/224/732 767/260/767 733/225/733
f 733/225/733 767/260/767 768/261/768
f 733/225/733 768/261/768 734/226/734
f 734/226/734 768/261/768 769/262/769
f 734/226/734 769/262/769 735/227/735
f 735/227/735 769/262/769 770/263/770
f 735/227/735 770/263/770 736/228/736
f 736/228/736 770/263/770 771/264/771
f 736/228/736 771/264/771 737/229/737
f 737/229/737 771/264/771 772/265/772
f 737/229/737 772/265/772 738/230/738
f 738/230/738 772/265/772 773/266/773
f 738/230/738 773/266/773 739/231/739
f 739/231/739 773/266/773 774/267/774
f 739/231/739 774/267/774 740/232/740
f 740/232/740 774/267/774 775/268/775
f 740/232/740 775/268/775 741/233/741
f 741/233/741 775/268/775 776/269/776
f 741/233/741 776/269/776 742/234/742
f 742/234/742 776/269/776 777/270/777
f 742/234/742 777/270/777 743/235/743
f 743/235/743 777/270/777 778/271/778
f 743/235/743 778/271/778 744/236/744
f 744/236/744 778/271/778 779/272/779
f 744/236/744 779/272/779 745/237/745
f 745/237/745 779/272/779 780/273/780
f 745/237/745 780/273/780 746/238/746
f 746/238/746 780/273/780 781/274/781
f 746/238/746 781/274/781 747/239/747
f 747/239/747 781/274/781 782/275/782
f 747/239/747 782/275/782 748/240/748
f 748/240/748 782/275/782 783/276/783
f 748/240/748 783/276/783 749/241/749
f 749/241/749 783/276/783 784/277/784
f 749/241/749 784/277/784 750/242/750
f 750/242/750 784/277/784 785/278/785
f 750/242/750 785/278/785 751/243/751
f 751/243/751 785/278/785 752/279/752
f 751/243/751 752/279/752 718/244/718
f 752/245/752 786/280/786 787/281/787
f 752/245/752 787/281/787 753/246/753
f 753/246/753 787/281/787 788/282/788
f 753/246/753 788/282/788 754/247/754
f 754/247/754 788/282/788 789/283/789
f 754/247/754 789/283/789 755/248/755
f 755/248/755 789/283/789 790/284/790
f 755/248/755 790/284/790 756/249/756
f 756/249/756 790/284/790 791/285/791
f 756/249/756 791/285/791 757/250/757
f 757/250/757 791/285/791 792/286/792
f 757/250/757 792/286/792 758/251/758
f 758/251/758 792/286/792 793/287/793
f 758/251/758 793/287/793 759/252/759
f 759/252/759 793/287/793 794/288/794
f 759/252/759 794/288/794 760/253/760
f 760/253/760 794/288/794 795/289/795
f 760/253/760 795/289/795 761/254/761
f 761/254/761 795/289/795 796/290/250
f 761/254/761 796/290/250 762/255/762
f 762/255/762 796/290/250 797/291/796
f 762/255/762 797/291/796 763/256/763
f 763/256/763 797/291/796 798/292/797
f 763/256/763 798/292/797 764/257/764
f 764/257/764 798/292/797 799/293/798
f 764/257/764 799/293/798 765/258/765
f 765/258/765 799/293/798 800/294/799
f 765/258/765 800/294/799 766/259/766
f 766/259/766 800/294/799 801/295/800
f 766/259/766 801/295/800 767/260/767
f 767/260/767 801/295/800 802/296/801
f 767/260/767 802/296/801 768/261/768
f 768/261/768 802/296/801 803/297/802
f 768/261/768 803/297/802 769/262/769
f 769/262/769 803/297/802 804/298/803
f 769/262/769 804/298/803 770/263/770
f 770/263/770 804/298/803 805/299/804
f 770/263/770 805/299/804 771/264/771
f 771/264/771 805/299/804 806/300/805
f 771/264/771 806/300/805 772/265/772
f 772/265/772 806/300/805 807/301/806
f 772/265/772 807/301/806 773/266/773
f 773/266/773 807/301/806 808/302/807
f 773/266/773 808/302/807 774/267/774
f 774/267/774 808/302/807 809/303/808
f 774/267/774 809/303/808 775/268/775
f 775/268/775 809/303/808 810/304/809
f 775/268/775 810/304/809 776/269/776
f 776/269/776 810/304/809 811/305/810
f 776/269/776 811/305/810 777/270/777
f 777/270/777 811/305/810 812/306/811
f 777/270/777 812/306/811 778/271/778
f 778/271/778 812/306/811 813/307/812
f 778/271/778 813/307/812 779/272/779
f 779/272/779 813/307/812 814/308/813
f 779/272/779 814/308/813 780/273/780
f 780/273/780 814/308/813 815/309/814
f 780/273/780 815/309/814 781/274/781
f 781/274/781 815/309/814 816/310/815
f 781/274/781 816/310/815 782/275/782
f 782/275/782 816/310/815 817/311/816
f 782/275/782 817/311/816 783/276/783
f 783/276/783 817/311/816 818/312/817
f 783/276/783 818/312/817 784/277/784
f 784/277/784 818/312/817 819/313/818
f 784/277/784 819/313/818 785/278/785
f 785/278/785 819/313/818 786/314/786
f 785/278/785 786/314/786 752/279/752
f 786/280/786 820/315/819 821/316/820
f 786/280/786 821/316/820 787/281/787
f 787/281/787 821/316/820 822/317/821
f 787/281/787 822/317/821 788/282/788
f 788/282/788 822/317/821 823/318/822
f 788/282/788 823/318/822 789/283/789
f 789/283/789 823/318/822 824/319/823
f 789/283/789 824/319/823 790/284/790
f 790/284/790 824/319/823 825/320/824
f 790/284/790 825/320/824 791/285/791
f 791/285/791 825/320/824 826/321/280
f 791/285/791 826/321/280 792/286/792
f 792/286/792 826/321/280 827/322/825
f 792/286/792 827/322/825 793/287/793
f 793/287/793 827/322/825 828/323/826
f 793/287/793 828/323/826 794/288/794
f 794/288/794 828/323/826 829/324/827
f 794/288/794 829/324/827 795/289/795
f 795/289/795 829/324/827 830/325/828
f 795/289/795 830/325/828 796/290/250
f 796/290/250 830/325/828 831/326/829
f 796/290/250 831/326/829 797/291/796
f 797/291/796 831/326/829 832/327/830
f 797/291/796 832/327/830 798/292/797
f 798/292/797 832/327/830 833/328/831
f 798/292/797 833/328/831 799/293/798
f 799/293/798 833/328/831 834/329/832
f 799/293/798 834/329/832 800/294/799
f 800/294/799 834/329/832 835/330/833
f 800/294/799 835/330/833 801/295/800
f 801/295/800 835/330/833 836/331/834
f 801/295/800 836/331/834 802/296/801
f 802/296/801 836/331/834 837/332/835
f 802/296/801 837/332/835 803/297/802
f 803/297/802 837/332/835 838/333/836
f 803/297/802 838/333/836 804/298/803
f 804/298/803 838/333/836 839/334/837
f 804/298/803 839/334/837 805/299/804
f 805/299/804 839/334/837 840/335/838
f 805/299/804 840/335/838 806/300/805
f 806/300/805 840/335/838 841/336/839
f 806/300/805 841/336/839 807/301/806
f 807/301/806 841/336/839 842/337/840
f 807/301/806 842/337/840 808/302/807
f 808/302/807 842/337/840 843/338/841
f 808/302/807 843/338/841 809/303/808
f 809/303/808 843/338/841 844/339/842
f 809/303/808 844/339/842 810/304/809
f 810/304/809 844/339/842 845/340/843
f 810/304/809 845/340/843 811/305/810
f 811/305/810 845/340/843 846/341/844
f 811/305/810 846/341/844 812/306/811
f 812/306/811 846/341/844 847/342/845
f 812/306/811 847/342/845 813/307/812
f 813/307/812 847/342/845 848/343/846
f 813/307/812 848/343/846 814/308/813
f 814/308/813 848/343/846 849/344/847
f 814/308/813 849/344/847 815/309/814
f 815/309/814 849/344/847 850/345/848
f 815/309/814 850/345/848 816/310/815
f 816/310/815 850/345/848 851/346/849
f 816/310/815 851/346/849 817/311/816
f 817/311/816 851/346/849 852/347/850
f 817/311/816 852/347/850 818/312/817
f 818/312/817 852/347/850 853/348/851
f 818/312/817 853/348/851 819/313/818
f 819/313/818 853/348/851 820/349/819
f 819/313/818 820/349/819 786/314/786
f 820/315/819 854/350/852 855/351/853
f 820/315/819 855/351/853 821/316/820
f 821/316/820 855/351/853 856/352/854
f 821/316/820 856/352/854 822/317/821
f 822/317/821 856/352/854 857/353/855
f 822/317/821 857/353/855 823/318/822
f 823/318/822 857/353/855 858/354/856
f 823/318/822 858/354/856 824/319/823
f 824/319/823 858/354/856 859/355/857
f 824/319/823 859/355/857 825/320/824
f 825/320/824 859/355/857 860/356/858
f 825/320/824 860/356/858 826/321/280
f 826/321/280 860/356/858 861/357/859
f 826/321/280 861/357/859 827/322/825
f 827/322/825 861/357/859 862/358/860
f 827/322/825 862/358/860 828/323/826
f 828/323/826 862/358/860 863/359/861
f 828/323/826 863/359/861 829/324/827
f 829/324/827 863/359/861 864/360/862
f 829/324/827 864/360/862 830/325/828
f 830/325/828 864/360/862 865/361/863
f 830/325/828 865/361/863 831/326/829
f 831/326/829 865/361/863 866/362/864
f 831/326/829 866/362/864 832/327/830
f 832/327/830 866/362/864 867/363/865
f 832/327/830 867/363/865 833/328/831
f 833/328/831 867/363/865 868/364/866
f 833/328/831 868/364/866 834/329/832
f 834/329/832 868/364/866 869/365/867
f 834/329/832 869/365/867 835/330/833
f 835/330/833 869/365/867 870/366/868
f 835/330/833 870/366/868 836/331/834
f 836/331/834 870/366/868 871/367/869
f 836/331/834 871/367/869 837/332/835
f 837/332/835 871/367/869 872/368/870
f 837/332/835 872/368/870 838/333/836
f 838/333/836 872/368/870 873/369/871
f 838/333/836 873/369/871 839/334/837
f 839/334/837 873/369/871 874/370/872
f 839/334/837 874/370/872 840/335/838
f 840/335/838 874/370/872 875/371/873
f 840/335/838 875/371/873 841/336/839
f 841/336/839 875/371/873 876/372/874
f 841/336/839 876/372/874 842/337/840
f 842/337/840 876/372/874 877/373/875
f 842/337/840 877/373/875 843/338/841
f 843/338/841 877/373/875 878/374/876
f 843/338/841 878/374/876 844/339/842
f 844/339/842 878/374/876 879/375/877
f 844/339/842 879/375/877 845/340/843
f 845/340/843 879/375/877 880/376/878
f 845/340/843 880/376/878 846/341/844
f 846/341/844 880/376/878 881/377/879
f 846/341/844 881/377/879 847/342/845
f 847/342/845 881/377/879 882/378/880
f 847/342/845 882/378/880 848/343/846
f 848/343/846 882/378/880 883/379/881
f 848/343/846 883/379/881 849/344/847
f 849/344/847 883/379/881 884/380/882
f 849/344/847 884/380/882 850/345/848
f 850/345/848 884/380/882 885/381/883
f 850/345/848 885/381/883 851/346/849
f 851/346/849 885/381/883 886/382/884
f 851/346/849 886/382/884 852/347/850
f 852/347/850 886/382/884 887/383/885
f 852/347/850 887/383/885 853/348/851
f 853/348/851 887/383/885 854/384/852
f 853/348/851 854/384/852 820/349/819
f 854/350/852 888/385/886 889/386/887
f 854/350/852 889/386/887 855/351/853
f 855/351/853 889/386/887 890/387/888
f 855/351/853 890/387/888 856/352/854
f 856/352/854 890/387/888 891/388/889
f 856/352/854 891/388/889 857/353/855
f 857/353/855 891/388/889 892/389/890
f 857/353/855 892/389/890 858/354/856
f 858/354/856 892/389/890 893/390/891
f 858/354/856 893/390/891 859/355/857
f 859/355/857 893/390/891 894/391/892
f 859/355/857 894/391/892 860/356/858
f 860/356/858 894/391/892 895/392/893
f 860/356/858 895/392/893 861/357/859
f 861/357/859 895/392/893 896/393/894
f 861/357/859 896/393/894 862/358/860
f 862/358/860 896/393/894 897/394/895
f 862/358/860 897/394/895 863/359/861
f 863/359/861 897/394/895 898/395/896
f 863/359/861 898/395/896 864/360/862
f 864/360/862 898/395/896 899/396/897
f 864/360/862 899/396/897 865/361/863
f 865/361/863 899/396/897 900/397/898
f 865/361/863 900/397/898 866/362/864
f 866/362/864 900/397/898 901/398/899
f 866/362/864 901/398/899 867/363/865
f 867/363/865 901/398/899 902/399/900
f 867/363/865 902/399/900 868/364/866
f 868/364/866 902/399/900 903/400/901
f 868/364/866 903/400/901 869/365/867
f 869/365/867 903/400/901 904/401/902
f 869/365/867 904/401/902 870/366/868
f 870/366/868 904/401/902 905/402/903
f 870/366/868 905/402/903 871/367/869
f 871/367/869 905/402/903 906/403/904
f 871/367/869 906/403/904 872/368/870
f 872/368/870 906/403/904 907/404/905
f 872/368/870 907/404/905 873/369/871
f 873/369/871 907/404/905 908/405/906
f 873/369/871 908/405/906 874/370/872
f 874/370/872 908/405/906 909/406/907
f 874/370/872 909/406/907 875/371/873
f 875/371/873 909/406/907 910/407/908
f 875/371/873 910/407/908 876/372/874
f 876/372/874 910/407/908 911/408/909
f 876/372/874 911/408/909 877/373/875
f 877/373/875 911/408/909 912/409/910
f 877/373/875 912/409/910 878/374/876
f 878/374/876 912/409/910 913/410/911
f 878/374/876 913/410/911 879/375/877
f 879/375/877 913/410/911 914/411/912
f 879/375/877 914/411/912 880/376/878
f 880/376/878 914/411/912 915/412/913
f 880/376/878 915/412/913 881/377/879
f 881/377/879 915/412/913 916/413/914
f 881/377/879 916/413/914 882/378/880
f 882/378/880 916/413/914 917/414/915
f 882/378/880 917/414/915 883/379/881
f 883/379/881 917/414/915 918/415/916
f 883/379/881 918/415/916 884/380/882
f 884/380/882 918/415/916 919/416/917
f 884/380/882 919/416/917 885/381/883
f 885/381/883 919/416/917 920/417/918
f 885/381/883 920/417/918 886/382/884
f 886/382/884 920/417/918 921/418/919
f 886/382/884 921/418/919 887/383/885
f 887/383/885 921/418/919 888/419/886
f 887/383/885 888/419/886 854/384/852
f 888/385/886 922/420/920 923/421/921
f 888/385/886 923/421/921 889/386/887
f 889/386/887 923/421/921 924/422/922
f 889/386/887 924/422/922 890/387/888
f 890/387/888 924/422/922 925/423/923
f 890/387/888 925/423/923 891/388/889
f 891/388/889 925/423/923 926/424/924
f 891/388/889 926/424/924 892/389/890
f 892/389/890 926/424/924 927/425/925
f 892/389/890 927/425/925 893/390/891
f 893/390/891 927/425/925 928/426/926
f 893/390/891 928/426/926 894/391/892
f 894/391/892 928/426/926 929/427/927
f 894/391/892 929/427/927 895/392/893
f 895/392/893 929/427/927 930/428/928
f 895/392/893 930/428/928 896/393/894
f 896/393/894 930/428/928 931/429/929
f 896/393/894 931/429/929 897/394/895
f 897/394/895 931/429/929 932/430/930
f 897/394/895 932/430/930 898/395/896
f 898/395/896 932/430/930 933/431/931
f 898/395/896 933/431/931 899/396/897
f 899/396/897 933/431/931 934/432/932
f 899/396/897 934/432/932 900/397/898
f 900/397/898 934/432/932 935/433/933
f 900/397/898 935/433/933 901/398/899
f 901/398/899 935/433/933 936/434/934
f 901/398/899 936/434/934 902/399/900
f 902/399/900 936/434/934 937/435/935
f 902/399/900 937/435/935 903/400/901
f 903/400/901 937/435/935 938/436/936
f 903/400/901 938/436/936 904/401/902
f 904/401/902 938/436/936 939/437/937
f 904/401/902 939/437/937 905/402/903
f 905/402/903 939/437/937 940/438/938
f 905/402/903 940/438/938 906/403/904
f 906/403/904 940/438/938 941/439/939
f 906/403/904 941/439/939 907/404/905
f 907/404/905 941/439/939 942/440/940
f 907/404/905 942/440/940 908/405/906
f 908/405/906 942/440/940 943/441/941
f 908/405/906 943/441/941 909/406/907
f 909/406/907 943/441/941 944/442/942
f 909/406/907 944/442/942 910/407/908
f 910/407/908 944/442/942 945/443/943
f 910/407/908 945/443/943 911/408/909
f 911/408/909 945/443/943 946/444/944
f 911/408/909 946/444/944 912/409/910
f 912/409/910 946/444/944 947/445/945
f 912/409/910 947/445/945 913/410/911
f 913/410/911 947/445/945 948/446/946
f 913/410/911 948/446/946 914/411/912
f 914/411/912 948/446/946 949/447/947
f 914/411/912 949/447/947 915/412/913
f 915/412/913 949/447/947 950/448/948
f 915/412/913 950/448/948 916/413/914
f 916/413/914 950/448/948 951/449/949
f 916/413/914 951/449/949 917/414/915
f 917/414/915 951/449/949 952/450/950
f 917/414/915 952/450/950 918/415/916
f 918/415/916 952/450/950 953/451/951
f 918/415/916 953/451/951 919/416/917
f 919/416/917 953/451/951 954/452/952
f 919/416/917 954/452/952 920/417/918
f 920/417/918 954/452/952 955/453/953
f 920/417/918 955/453/953 921/418/919
f 921/418/919 955/453/953 922/454/920
f 921/418/919 922/454/920 888/419/886
f 922/420/920 956/455/954 957/456/955
f 922/420/920 957/456/955 923/421/921
f 923/421/921 957/456/955 958/457/956
f 923/421/921 958/457/956 924/422/922
f 924/422/922 958/457/956 959/458/957
f 924/422/922 959/458/957 925/423/923
f 925/423/923 959/458/957 960/459/958
f 925/423/923 960/459/958 926/424/924
f 926/424/924 960/459/958 961/460/959
f 926/424/924 961/460/959 927/425/925
f 927/425/925 961/460/959 962/461/960
f 927/425/925 962/461/960 928/426/926
f 928/426/926 962/461/960 963/462/961
f 928/426/926 963/462/961 929/427/927
f 929/427/927 963/462/961 964/463/962
f 929/427/927 964/463/962 930/428/928
f 930/428/928 964/463/962 965/464/963
f 930/428/928 965/464/963 931/429/929
f 931/429/929 965/464/963 966/465/964
f 931/429/929 966/465/964 932/430/930
f 932/430/930 966/465/964 967/466/965
f 932/430/930 967/466/965 933/431/931
f 933/431/931 967/466/965 968/467/966
f 933/431/931 968/467/966 934/432/932
f 934/432/932 968/467/966 969/468/967
f 934/432/932 969/468/967 935/433/933
f 935/433/933 969/468/967 970/469/968
f 935/433/933 970/469/968 936/434/934
f 936/434/934 970/469/968 971/470/969
f 936/434/934 971/470/969 937/435/935
f 937/435/935 971/470/969 972/471/970
f 937/435/935 972/471/970 938/436/936
f 938/436/936 972/471/970 973/472/971
f 938/436/936 973/472/971 939/437/937
f 939/437/937 973/472/971 974/473/972
f 939/437/937 974/473/972 940/438/938
f 940/438/938 974/473/972 975/474/973
f 940/438/938 975/474/973 941/439/939
f 941/439/939 975/474/973 976/475/974
f 941/439/939 976/475/974 942/440/940
f 942/440/940 976/475/974 977/476/975
f 942/440/940 977/476/975 943/441/941
f 943/441/941 977/476/975 978/477/976
f 943/441/941 978/477/976 944/442/942
f 944/442/942 978/477/976 979/478/977
f 944/442/942 979/478/977 945/443/943
f 945/443/943 979/478/977 980/479/978
f 945/443/943 980/479/978 946/444/944
f 946/444/944 980/479/978 981/480/979
f 946/444/944 981/480/979 947/445/945
f 947/445/945 981/480/979 982/481/980
f 947/445/945 982/481/980 948/446/946
f 948/446/946 982/481/980 983/482/437
f 948/446/946 983/482/437 949/447/947
f 949/447/947 983/482/437 984/483/981
f 949/447/947 984/483/981 950/448/948
f 950/448/948 984/483/981 985/484/982
f 950/448/948 985/484/982 951/449/949
f 951/449/949 985/484/982 986/485/983
f 951/449/949 986/485/983 952/450/950
f 952/450/950 986/485/983 987/486/984
f 952/450/950 987/486/984 953/451/951
f 953/451/951 987/486/984 988/487/985
f 953/451/951 988/487/985 954/452/952
f 954/452/952 988/487/985 989/488/986
f 954/452/952 989/488/986 955/453/953
f 955/453/953 989/488/986 956/489/954
f 955/453/953 956/489/954 922/454/920
f 956/455/954 990/490/987 991/491/988
f 956/455/954 991/491/988 957/456/955
f 957/456/955 991/491/988 992/492/989
f 957/456/955 992/492/989 958/457/956
f 958/457/956 992/492/989 993/493/990
f 958/457/956 993/493/990 959/458/957
f 959/458/957 993/493/990 994/494/991
f 959/458/957 994/494/991 960/459/958
f 960/459/958 994/494/991 995/495/992
f 960/459/958 995/495/992 961/460/959
f 961/460/959 995/495/992 996/496/993
f 961/460/959 996/496/993 962/461/960
f 962/461/960 996/496/993 997/497/994
f 962/461/960 997/497/994 963/462/961
f 963/462/961 997/497/994 998/498/995
f 963/462/961 998/498/995 964/463/962
f 964/463/962 998/498/995 999/499/996
f 964/463/962 999/499/996 965/464/963
f 965/464/963 999/499/996 1000/500/997
f 965/464/963 1000/500/997 966/465/964
f 966/465/964 1000/500/997 1001/501/998
f 966/465/964 1001/501/998 967/466/965
f 967/466/965 1001/501/998 1002/502/999
f 967/466/965 1002/502/999 968/467/966
f 968/467/966 1002/502/999 1003/503/1000
f 968/467/966 1003/503/1000 969/468/967
f 969/468/967 1003/503/1000 1004/504/1001
f 969/468/967 1004/504/1001 970/469/968
f 970/469/968 1004/504/1001 1005/505/1002
f 970/469/968 1005/505/1002 971/470/969
f 971/470/969 1005/505/1002 1006/506/1003
f 971/470/969 1006/506/1003 972/471/970
f 972/471/970 1006/506/1003 1007/507/1004
f 972/471/970 1007/507/1004 973/472/971
f 973/472/971 1007/507/1004 1008/508/1005
f 973/472/971 1008/508/1005 974/473/972
f 974/473/972 1008/508/1005 1009/509/1006
f 974/473/972 1009/509/1006 975/474/973
f 975/474/973 1009/509/1006 1010/510/1007
f 975/474/973 1010/510/1007 976/475/974
f 976/475/974 1010/510/1007 1011/511/1008
f 976/475/974 1011/511/1008 977/476/975
f 977/476/975 1011/511/1008 1012/512/1009
f 977/476/975 1012/512/1009 978/477/976
f 978/477/976 1012/512/1009 1013/513/1010
f 978/477/976 1013/513/1010 979/478/977
f 979/478/977 1013/513/1010 1014/514/1011
f 979/478/977 1014/514/1011 980/479/978
f 980/479/978 1014/514/1011 1015/515/1012
f 980/479/978 1015/515/1012 981/480/979
f 981/480/979 1015/515/1012 1016/516/1013
f 981/480/979 1016/516/1013 982/481/980
f 982/481/980 1016/516/1013 1017/517/1014
f 982/481/980 1017/517/1014 983/482/437
f 983/482/437 1017/517/1014 1018/518/1015
f 983/482/437 1018/518/1015 984/483/981
f 984/483/981 1018/518/1015 1019/519/1016
f 984/483/981 1019/519/1016 985/484/982
f 985/484/982 1019/519/1016 1020/520/1017
f 985/484/982 1020/520/1017 986/485/983
f 986/485/983 1020/520/1017 1021/521/1018
f 986/485/983 1021/521/1018 987/486/984
f 987/486/984 1021/521/1018 1022/522/1019
f 987/486/984 1022/522/1019 988/487/985
f 988/487/985 1022/522/1019 1023/523/1020
f 988/487/985 1023/523/1020 989/488/986
f 989/488/986 1023/523/1020 990/524/987
f 989/488/986 990/524/987 956/489/954
f 990/490/987 1024/525/1021 1025/526/1022
f 990/490/987 1025/526/1022 991/491/988
f 991/491/988 1025/526/1022 1026/527/1023
f 991/491/988 1026/527/1023 992/492/989
f 992/492/989 1026/527/1023 1027/528/1024
f 992/492/989 1027/528/1024 993/493/990
f 993/493/990 1027/528/1024 1028/529/1025
f 993/493/990 1028/529/1025 994/494/991
f 994/494/991 1028/529/1025 1029/530/1026
f 994/494/991 1029/530/1026 995/495/992
f 995/495/992 1029/530/1026 1030/531/1027
f 995/495/992 1030/531/1027 996/496/993
f 996/496/993 1030/531/1027 1031/532/1028
f 996/496/993 1031/532/1028 997/497/994
f 997/497/994 1031/532/1028 1032/533/1029
f 997/497/994 1032/533/1029 998/498/995
f 998/498/995 1032/533/1029 1033/534/1030
f 998/498/995 1033/534/1030 999/499/996
f 999/499/996 1033/534/1030 1034/535/1031
f 999/499/996 1034/535/1031 1000/500/997
f 1000/500/997 1034/535/1031 1035/536/1032
f 1000/500/997 1035/536/1032 1001/501/998
f 1001/501/998 1035/536/1032 1036/537/1033
f 1001/501/998 1036/537/1033 1002/502/999
f 1002/502/999 1036/537/1033 1037/538/1034
f 1002/502/999 1037/538/1034 1003/503/1000
f 1003/503/1000 1037/538/1034 1038/539/1035
f 1003/503/1000 1038/539/1035 1004/504/1001
f 1004/504/1001 1038/539/1035 1039/540/1036
f 1004/504/1001 1039/540/1036 1005/505/1002
f 1005/505/1002 1039/540/1036 1040/541/1037
f 1005/505/1002 1040/541/1037 1006/506/1003
f 1006/506/1003 1040/541/1037 1041/542/1038
f 1006/506/1003 1041/542/1038 1007/507/1004
f 1007/507/1004 1041/542/1038 1042/543/1039
f 1007/507/1004 1042/543/1039 1008/508/1005
f 1008/508/1005 1042/543/1039 1043/544/1040
f 1008/508/1005 1043/544/1040 1009/509/1006
f 1009/509/1006 1043/544/1040 1044/545/1041
f 1009/509/1006 1044/545/1041 1010/510/1007
f 1010/510/1007 1044/545/1041 1045/546/1042
f 1010/510/1007 1045/546/1042 1011/511/1008
f 1011/511/1008 1045/546/1042 1046/547/1043
f 1011/511/1008 1046/547/1043 1012/512/1009
f 1012/512/1009 1046/547/1043 1047/548/1044
f 1012/512/1009 1047/548/1044 1013/513/1010
f 1013/513/1010 1047/548/1044 1048/549/1045
f 1013/513/1010 1048/549/1045 1014/514/1011
f 1014/514/1011 1048/549/1045 1049/550/1046
f 1014/514/1011 1049/550/1046 1015/515/1012
f 1015/515/1012 1049/550/1046 1050/551/1047
f 1015/515/1012 1050/551/1047 1016/516/1013
f 1016/516/1013 1050/551/1047 1051/552/1048
f 1016/516/1013 1051/552/1048 1017/517/1014
f 1017/517/1014 1051/552/1048 1052/553/1049
f 1017/517/1014 1052/553/1049 1018/518/1015
f 1018/518/1015 1052/553/1049 1053/554/1050
f 1018/518/1015 1053/554/1050 1019/519/1016
f 1019/519/1016 1053/554/1050 1054/555/1051
f 1019/519/1016 1054/555/1051 1020/520/1017
f 1020/520/1017 1054/555/1051 1055/556/1052
f 1020/520/1017 1055/556/1052 1021/521/1018
f 1021/521/1018 1055/556/1052 1056/557/1053
f 1021/521/1018 1056/557/1053 1022/522/1019
f 1022/522/1019 1056/557/1053 1057/558/1054
f 1022/522/1019 1057/558/1054 1023/523/1020
f 1023/523/1020 1057/558/1054 1024/559/1021
f 1023/523/1020 1024/559/1021 990/524/987
f 1024/525/1021 1058/560/1055 1059/561/1056
f 1024/525/1021 1059/561/1056 1025/526/1022
f 1025/526/1022 1059/561/1056 1060/562/1057
f 1025/526/1022 1060/562/1057 1026/527/1023
f 1026/527/1023 1060/562/1057 1061/563/1058
f 1026/527/1023 1061/563/1058 1027/528/1024
f 1027/528/1024 1061/563/1058 1062/564/1059
f 1027/528/1024 1062/564/1059 1028/529/1025
f 1028/529/1025 1062/564/1059 1063/565/1060
f 1028/529/1025 1063/565/1060 1029/530/1026
f 1029/530/1026 1063/565/1060 1064/566/1061
f 1029/530/1026 1064/566/1061 1030/531/1027
f 1030/531/1027 1064/566/1061 1065/567/1062
f 1030/531/1027 1065/567/1062 1031/532/1028
f 1031/532/1028 1065/567/1062 1066/568/1063
f 1031/532/1028 1066/568/1063 1032/533/1029
f 1032/533/1029 1066/568/1063 1067/569/1064
f 1032/533/1029 1067/569/1064 1033/534/1030
f 1033/534/1030 1067/569/1064 1068/570/1065
f 1033/534/1030 1068/570/1065 1034/535/1031
f 1034/535/1031 1068/570/1065 1069/571/1066
f 1034/535/1031 1069/571/1066 1035/536/1032
f 1035/536/1032 1069/571/1066 1070/572/1067
f 1035/536/1032 1070/572/1067 1036/537/1033
f 1036/537/1033 1070/572/1067 1071/573/1068
f 1036/537/1033 1071/573/1068 1037/538/1034
f 1037/538/1034 1071/573/1068 1072/574/1069
f 1037/538/1034 1072/574/1069 1038/539/1035
f 1038/539/1035 1072/574/1069 1073/575/1070
f 1038/539/1035 1073/575/1070 1039/540/1036
f 1039/540/1036 1073/575/1070 1074/576/1071
f 1039/540/1036 1074/576/1071 1040/541/1037
f 1040/541/1037 1074/576/1071 1075/577/1072
f 1040/541/1037 1075/577/1072 1041/542/1038
f 1041/542/1038 1075/577/1072 1076/578/1073
f 1041/542/1038 1076/578/1073 1042/543/1039
f 1042/543/1039 1076/578/1073 1077/579/1074
f 1042/543/1039 1077/579/1074 1043/544/1040
f 1043/544/1040 1077/579/1074 1078/580/1075
f 1043/544/1040 1078/580/1075 1044/545/1041
f 1044/545/1041 1078/580/1075 1079/581/1076
f 1044/545/1041 1079/581/1076 1045/546/1042
f 1045/546/1042 1079/581/1076 1080/582/1077
f 1045/546/1042 1080/582/1077 1046/547/1043
f 1046/547/1043 1080/582/1077 1081/583/1078
f 1046/547/1043 1081/583/1078 1047/548/1044
f 1047/548/1044 1081/583/1078 1082/584/1079
f 1047/548/1044 1082/584/1079 1048/549/1045
f 1048/549/1045 1082/584/1079 1083/585/1080
f 1048/549/1045 1083/585/1080 1049/550/1046
f 1049/550/1046 1083/585/1080 1084/586/1081
f 1049/550/1046 1084/586/1081 1050/551/1047
f 1050/551/1047 1084/586/1081 1085/587/1082
f 1050/551/1047 1085/587/1082 1051/552/1048
f 1051/552/1048 1085/587/1082 1086/588/1083
f 1051/552/1048 1086/588/1083 1052/553/1049
f 1052/553/1049 1086/588/1083 1087/589/1084
f 1052/553/1049 1087/589/1084 1053/554/1050
f 1053/554/1050 1087/589/1084 1088/590/1085
f 1053/554/1050 1088/590/1085 1054/555/1051
f 1054/555/1051 1088/590/1085 1089/591/1086
f 1054/555/1051 1089/591/1086 1055/556/1052
f 1055/556/1052 1089/591/1086 1090/592/1087
f 1055/556/1052 1090/592/1087 1056/557/1053
f 1056/557/1053 1090/592/1087 1091/593/1088
f 1056/557/1053 1091/593/1088 1057/558/1054
f 1057/558/1054 1091/593/1088 1058/594/1055
f 1057/558/1054 1058/594/1055 1024/559/1021
f 1092/595/1089 1059/561/1056 1058/560/1055
f 1092/596/1089 1060/562/1057 1059/561/1056
f 1092/597/1089 1061/563/1058 1060/562/1057
f 1092/598/1089 1062/564/1059 1061/563/1058
f 1092/599/1089 1063/565/1060 1062/564/1059
f 1092/600/1089 1064/566/1061 1063/565/1060
f 1092/601/1089 1065/567/1062 1064/566/1061
f 1092/602/1089 1066/568/1063 1065/567/1062
f 1092/603/1089 1067/569/1064 1066/568/1063
f 1092/604/1089 1068/570/1065 1067/569/1064
f 1092/605/1089 1069/571/1066 1068/570/1065
f 1092/606/1089 1070/572/1067 1069/571/1066
f 1092/607/1089 1071/573/1068 1070/572/1067
f 1092/608/1089 1072/574/1069 1071/573/1068
f 1092/609/1089 1073/575/1070 1072/574/1069
f 1092/610/1089 1074/576/1071 1073/575/1070
f 1092/611/1089 1075/577/1072 1074/576/1071
f 1092/612/1089 1076/578/1073 1075/577/1072
f 1092/613/1089 1077/579/1074 1076/578/1073
f 1092/614/1089 1078/580/1075 1077/579/1074
f 1092/615/1089 1079/581/1076 1078/580/1075
f 1092/616/1089 1080/582/1077 1079/581/1076
f 1092/617/1089 1081/583/1078 1080/582/1077
f 1092/618/1089 1082/584/1079 1081/583/1078
f 1092/619/1089 1083/585/1080 1082/584/1079
f 1092/620/1089 1084/586/1081 1083/585/1080
f 1092/621/1089 1085/587/1082 1084/586/1081
f 1092/622/1089 1086/588/1083 1085/587/1082
f 1092/623/1089 1087/589/1084 1086/588/1083
f 1092/624/1089 1088/590/1085 1087/589/1084
f 1092/625/1089 1089/591/1086 1088/590/1085
f 1092/626/1089 1090/592/1087 1089/591/1086
f 1092/627/1089 1091/593/1088 1090/592/1087
f 1092/628/1089 1058/594/1055 1091/593/1088
s 0
f 1100/595/1090 1097/595/1090 1125/595/1090 1127/595/1090
f 1119/595/1099 1118/595/1099 1122/595/1099 1123/595/1099
f 1097/595/1099 1098/595/1099 1126/595/1099 1125/595/1099
f 1118/595/1090 1120/595/1090 1124/595/1090 1122/595/1090
f 1132/595/1090 1133/595/1090 1131/595/1090
f 1132/595/1100 1130/595/1100 1131/595/1100
f 1136/595/1101 1137/595/1101 1135/595/1101
f 1136/595/1102 1134/595/1102 1135/595/1102
f 1140/595/1103 1141/595/1103 1139/595/1103
f 1140/595/1104 1138/595/1104 1139/595/1104
s 1
usemtl floor
f 1093/595/1 1094/595/1 1095/595/1
f 1095/595/1 1096/595/1 1093/595/1
usemtl ceiling
f 1120/595/1097 1100/595/1098 1127/595/1098 1124/595/1097
f 1121/595/546 1119/595/1097 1098/595/1098 1099/595/546
f 1120/595/1097 1121/595/546 1099/595/546 1100/595/1098
f 1123/595/1097 1122/595/546 1125/595/546 1126/595/1098
f 1122/595/546 1124/595/1097 1127/595/1098 1125/595/546
f 1098/595/1098 1119/595/1097 1123/595/1097 1126/595/1098
usemtl backWall
f 1101/595/1090 1102/595/1090 1103/595/1090
f 1103/595/1090 1104/595/1090 1101/595/1090
usemtl rightWall
f 1105/595/1091 1106/595/1091 1107/595/1091
f 1107/595/1091 1108/595/1091 1117/595/1091 1105/595/1091
usemtl leftWall
f 1109/595/1092 1110/595/1093 1111/595/1094
f 1111/595/1094 1112/595/1095 1109/595/1092
s 0
f 1128/595/1090 1129/595/1090 1127/595/1090
f 1128/595/1100 1125/595/1100 1127/595/1100
s 1
usemtl light
f 1113/595/1096 1114/595/1096 1115/595/1096
f 1115/595/1096 1116/595/1096 1113/595/1096
f 1142/595/1105 1143/595/1105 1144/595/1105
f 1144/595/1105 1145/595/1105 1142/595/1105
f 1146/595/1096 1147/595/1096 1148/595/1096
f 1148/595/1096 1149/595/1096 1146/595/1096
f 1150/595/1106 1151/595/1106 1152/595/1106
f 1152/595/1106 1153/595/1106 1150/595/1106
f 1154/595/1107 1155/595/1107 1156/595/1107
f 1156/595/1107 1157/595/1107 1154/595/1107
