# Blender 5.0.1
# www.blender.org
mtllib side_lit_box.mtl
o Floor
v -1.000000 0.000000 1.000000
v 1.000000 0.000000 1.000000
v -1.000000 0.000000 -1.000000
v 1.000000 0.000000 -1.000000
vn -0.0000 1.0000 -0.0000
vt 0.000000 0.000000
vt 1.000000 0.000000
vt 1.000000 1.000000
vt 0.000000 1.000000
s 0
usemtl floor
f 1/1/1 2/2/1 4/3/1 3/4/1
o Ceiling
v -1.000000 2.000000 1.000000
v 1.000000 2.000000 1.000000
v -1.000000 2.000000 -1.000000
v 1.000000 2.000000 -1.000000
vn -0.0000 1.0000 -0.0000
vt 0.000000 0.000000
vt 1.000000 0.000000
vt 1.000000 1.000000
vt 0.000000 1.000000
s 0
usemtl floor
f 5/5/2 6/6/2 8/7/2 7/8/2
o Left_wall
v -1.000000 0.000000 1.000000
v 1.000000 0.000000 1.000000
v -1.000000 2.000000 1.000000
v 1.000000 2.000000 1.000000
v -1.000000 2.000000 1.000000
v -1.000000 0.000000 1.000000
v 1.000000 0.000000 1.000000
v 1.000000 2.000000 1.000000
v -1.000000 1.333333 1.000000
v -1.000000 0.666667 1.000000
v -0.333333 0.000000 1.000000
v 0.333333 0.000000 1.000000
v 1.000000 0.666667 1.000000
v 1.000000 1.333333 1.000000
v 0.333333 2.000000 1.000000
v -0.333333 2.000000 1.000000
v -0.333333 0.666667 1.000000
v -0.333333 1.333333 1.000000
v 0.333333 0.666667 1.000000
v 0.333333 1.333333 1.000000
vn -0.0000 -0.0000 1.0000
vt 0.666667 0.666667
vt 1.000000 0.666667
vt 1.000000 1.000000
vt 0.666667 1.000000
vt 0.000000 0.000000
vt 0.000000 0.333333
vt 0.000000 0.666667
vt 0.000000 1.000000
vt 1.000000 0.000000
vt 0.666667 0.000000
vt 0.333333 0.000000
vt 1.000000 0.333333
vt 0.333333 1.000000
vt 0.333333 0.666667
vt 0.333333 0.333333
vt 0.666667 0.333333
s 0
usemtl Left_wall
f 28/9/3 22/10/3 16/11/3 23/12/3
f 14/13/3 18/14/3 17/15/3 13/16/3 11/16/3 9/13/3
f 15/17/3 20/18/3 19/19/3 14/13/3 9/13/3 10/17/3
f 16/11/3 22/10/3 21/20/3 15/17/3 10/17/3 12/11/3
f 13/16/3 24/21/3 23/12/3 16/11/3 12/11/3 11/16/3
f 17/15/3 26/22/3 24/21/3 13/16/3
f 26/22/3 28/9/3 23/12/3 24/21/3
f 14/13/3 19/19/3 25/23/3 18/14/3
f 18/14/3 25/23/3 26/22/3 17/15/3
f 19/19/3 20/18/3 27/24/3 25/23/3
f 20/18/3 15/17/3 21/20/3 27/24/3
f 27/24/3 21/20/3 22/10/3 28/9/3
o Right_wall
v -1.000000 0.000000 -1.000000
v 1.000000 0.000000 -1.000000
v -1.000000 2.000000 -1.000000
v 1.000000 2.000000 -1.000000
vn -0.0000 -0.0000 1.0000
vt 0.000000 0.000000
vt 1.000000 0.000000
vt 1.000000 1.000000
vt 0.000000 1.000000
s 0
usemtl Right_wall
f 29/25/4 30/26/4 32/27/4 31/28/4
o Back_wall
v 1.000000 0.000000 1.000000
v 1.000000 2.000000 1.000000
v 1.000000 0.000000 -1.000000
v 1.000000 2.000000 -1.000000
vn -1.0000 -0.0000 -0.0000
vt 0.000000 0.000000
vt 1.000000 0.000000
vt 1.000000 1.000000
vt 0.000000 1.000000
s 0
usemtl floor
f 33/29/5 34/30/5 36/31/5 35/32/5
o Light
v -0.250000 0.750000 3.000000
v 0.250000 0.750000 3.000000
v -0.250000 1.250000 3.000000
v 0.250000 1.250000 3.000000
vn -0.0000 -0.0000 1.0000
vt 0.000000 0.000000
vt 1.000000 0.000000
vt 1.000000 1.000000
vt 0.000000 1.000000
s 0
usemtl Light
f 37/33/6 38/34/6 40/35/6 39/36/6
o Icosphere
v 0.250000 0.000000 0.250000
v 0.430902 0.138195 0.381431
v 0.180903 0.138195 0.462662
v 0.026393 0.138196 0.250000
v 0.180903 0.138195 0.037338
v 0.430902 0.138195 0.118569
v 0.319097 0.361805 0.462662
v 0.069098 0.361805 0.381431
v 0.069098 0.361805 0.118569
v 0.319097 0.361805 0.037338
v 0.473607 0.361804 0.250000
v 0.250000 0.500000 0.250000
v 0.183016 0.125456 0.456160
v 0.185516 0.112329 0.448465
v 0.188435 0.098979 0.439480
v 0.191795 0.085620 0.429141
v 0.195598 0.072502 0.417436
v 0.199828 0.059899 0.404417
v 0.204445 0.048092 0.390206
v 0.209386 0.037336 0.374999
v 0.214568 0.027845 0.359049
v 0.219897 0.019761 0.342650
v 0.225272 0.013153 0.326107
v 0.230598 0.008013 0.309713
v 0.235793 0.004264 0.293726
v 0.240788 0.001784 0.278352
v 0.245534 0.000418 0.263744
v 0.261691 0.000418 0.258494
v 0.274118 0.001784 0.267522
v 0.287195 0.004264 0.277024
v 0.300795 0.008013 0.286904
v 0.314741 0.013154 0.297036
v 0.328813 0.019761 0.307260
v 0.342763 0.027845 0.317395
v 0.356331 0.037336 0.327253
v 0.369267 0.048092 0.336651
v 0.381355 0.059899 0.345434
v 0.392430 0.072502 0.353480
v 0.402387 0.085620 0.360714
v 0.411181 0.098979 0.367104
v 0.418825 0.112329 0.372657
v 0.425371 0.125456 0.377413
v 0.420905 0.134388 0.391157
v 0.409613 0.130753 0.401009
v 0.396975 0.127394 0.410830
v 0.382985 0.124425 0.420428
v 0.367702 0.121959 0.429588
v 0.351252 0.120107 0.438085
v 0.333836 0.118956 0.445701
v 0.315717 0.118566 0.452253
v 0.297208 0.118956 0.457603
v 0.278641 0.120107 0.461678
v 0.260339 0.121959 0.464473
v 0.242590 0.124425 0.466046
v 0.225631 0.127394 0.466504
v 0.209634 0.130753 0.465988
v 0.194707 0.134388 0.464654
v 0.437062 0.134388 0.131081
v 0.442943 0.130753 0.144865
v 0.448377 0.127395 0.159920
v 0.453182 0.124425 0.176191
v 0.457171 0.121960 0.193556
v 0.460168 0.120107 0.211826
v 0.462030 0.118956 0.230744
v 0.462662 0.118566 0.250000
v 0.462030 0.118956 0.269256
v 0.460168 0.120107 0.288174
v 0.457171 0.121960 0.306444
v 0.453182 0.124425 0.323809
v 0.448377 0.127395 0.340080
v 0.442943 0.130753 0.355135
v 0.437062 0.134388 0.368919
v 0.261691 0.000418 0.241506
v 0.274118 0.001784 0.232478
v 0.287195 0.004264 0.222976
v 0.300795 0.008013 0.213096
v 0.314741 0.013154 0.202964
v 0.328813 0.019761 0.192740
v 0.342763 0.027845 0.182605
v 0.356331 0.037336 0.172747
v 0.369267 0.048092 0.163349
v 0.381355 0.059899 0.154566
v 0.392430 0.072502 0.146520
v 0.402387 0.085620 0.139286
v 0.411181 0.098979 0.132896
v 0.418825 0.112329 0.127343
v 0.425371 0.125456 0.122587
v 0.033230 0.125457 0.250000
v 0.041321 0.112330 0.250000
v 0.050769 0.098980 0.250000
v 0.061640 0.085621 0.250000
v 0.073947 0.072503 0.250000
v 0.087636 0.059900 0.250000
v 0.102578 0.048092 0.250000
v 0.118568 0.037337 0.250000
v 0.135338 0.027845 0.250000
v 0.152582 0.019762 0.250000
v 0.169976 0.013154 0.250000
v 0.187213 0.008013 0.250000
v 0.204024 0.004264 0.250000
v 0.220189 0.001784 0.250000
v 0.235549 0.000418 0.250000
v 0.168564 0.134388 0.456160
v 0.155704 0.130753 0.448465
v 0.142458 0.127394 0.439480
v 0.129007 0.124425 0.429141
v 0.115573 0.121959 0.417436
v 0.102409 0.120107 0.404417
v 0.089782 0.118956 0.390206
v 0.077953 0.118566 0.374999
v 0.067145 0.118957 0.359049
v 0.057532 0.120107 0.342650
v 0.049218 0.121960 0.326107
v 0.042237 0.124425 0.309713
v 0.036561 0.127395 0.293726
v 0.032109 0.130754 0.278352
v 0.028765 0.134389 0.263744
v 0.183016 0.125456 0.043840
v 0.185516 0.112329 0.051535
v 0.188435 0.098979 0.060520
v 0.191795 0.085620 0.070859
v 0.195598 0.072502 0.082564
v 0.199828 0.059899 0.095583
v 0.204445 0.048092 0.109794
v 0.209386 0.037336 0.125001
v 0.214568 0.027845 0.140951
v 0.219897 0.019761 0.157350
v 0.225272 0.013153 0.173893
v 0.230598 0.008013 0.190287
v 0.235793 0.004264 0.206274
v 0.240788 0.001784 0.221648
v 0.245534 0.000418 0.236256
v 0.028765 0.134389 0.236256
v 0.032109 0.130754 0.221648
v 0.036561 0.127395 0.206274
v 0.042237 0.124425 0.190287
v 0.049218 0.121960 0.173893
v 0.057532 0.120107 0.157350
v 0.067145 0.118957 0.140951
v 0.077953 0.118566 0.125001
v 0.089782 0.118956 0.109794
v 0.102409 0.120107 0.095583
v 0.115573 0.121959 0.082564
v 0.129007 0.124425 0.070859
v 0.142458 0.127394 0.060520
v 0.155704 0.130753 0.051535
v 0.168564 0.134388 0.043840
v 0.194707 0.134388 0.035346
v 0.209634 0.130753 0.034012
v 0.225631 0.127394 0.033496
v 0.242590 0.124425 0.033954
v 0.260339 0.121959 0.035527
v 0.278641 0.120107 0.038322
v 0.297208 0.118956 0.042397
v 0.315717 0.118566 0.047747
v 0.333836 0.118956 0.054298
v 0.351252 0.120107 0.061915
v 0.367702 0.121959 0.070412
v 0.382985 0.124425 0.079572
v 0.396975 0.127394 0.089170
v 0.409613 0.130753 0.098991
v 0.420905 0.134388 0.108843
v 0.478461 0.351160 0.258494
v 0.482797 0.339434 0.267522
v 0.486427 0.326628 0.277024
v 0.489156 0.312787 0.286905
v 0.490795 0.298015 0.297036
v 0.491178 0.282473 0.307260
v 0.490186 0.266380 0.317396
v 0.487764 0.250000 0.327253
v 0.483930 0.233620 0.336652
v 0.478775 0.217527 0.345434
v 0.472455 0.201985 0.353481
v 0.465174 0.187212 0.360714
v 0.457159 0.173371 0.367104
v 0.448637 0.160565 0.372657
v 0.439822 0.148839 0.377413
v 0.439822 0.148839 0.122587
v 0.448637 0.160565 0.127343
v 0.457159 0.173371 0.132896
v 0.465174 0.187212 0.139286
v 0.472455 0.201985 0.146520
v 0.478775 0.217527 0.154566
v 0.483930 0.233620 0.163348
v 0.487764 0.250000 0.172747
v 0.490186 0.266380 0.182604
v 0.491178 0.282473 0.192740
v 0.490795 0.298015 0.202964
v 0.489156 0.312787 0.213095
v 0.486427 0.326628 0.222976
v 0.482797 0.339434 0.232478
v 0.478461 0.351160 0.241506
v 0.312519 0.351161 0.469904
v 0.305272 0.339435 0.476818
v 0.297358 0.326629 0.483207
v 0.288804 0.312788 0.488856
v 0.279674 0.298015 0.493545
v 0.270069 0.282473 0.497068
v 0.260123 0.266381 0.499257
v 0.250000 0.250000 0.500000
v 0.239877 0.233619 0.499257
v 0.229931 0.217527 0.497068
v 0.220326 0.201985 0.493545
v 0.211196 0.187212 0.488856
v 0.202642 0.173371 0.483207
v 0.194728 0.160565 0.476818
v 0.187481 0.148839 0.469904
v 0.429837 0.148839 0.391157
v 0.428038 0.160565 0.401010
v 0.425390 0.173371 0.410831
v 0.421790 0.187212 0.420429
v 0.417160 0.201985 0.429589
v 0.411460 0.217527 0.438086
v 0.404700 0.233619 0.445703
v 0.396946 0.250000 0.452254
v 0.388320 0.266381 0.457604
v 0.378986 0.282473 0.461679
v 0.369144 0.298016 0.464474
v 0.359002 0.312788 0.466047
v 0.348761 0.326629 0.466505
v 0.338602 0.339435 0.465988
v 0.328676 0.351161 0.464655
v 0.060178 0.351161 0.377413
v 0.051363 0.339435 0.372657
v 0.042841 0.326629 0.367104
v 0.034826 0.312788 0.360714
v 0.027545 0.298015 0.353480
v 0.021225 0.282473 0.345434
v 0.016070 0.266380 0.336652
v 0.012236 0.250000 0.327253
v 0.009814 0.233620 0.317396
v 0.008822 0.217527 0.307260
v 0.009205 0.201985 0.297036
v 0.010844 0.187213 0.286905
v 0.013573 0.173372 0.277024
v 0.017203 0.160566 0.267522
v 0.021539 0.148840 0.258494
v 0.171324 0.148839 0.464655
v 0.161398 0.160565 0.465988
v 0.151239 0.173371 0.466505
v 0.140998 0.187212 0.466047
v 0.130856 0.201985 0.464474
v 0.121014 0.217527 0.461679
v 0.111680 0.233619 0.457604
v 0.103054 0.250000 0.452254
v 0.095300 0.266381 0.445703
v 0.088540 0.282473 0.438086
v 0.082840 0.298015 0.429589
v 0.078210 0.312788 0.420429
v 0.074610 0.326629 0.410831
v 0.071962 0.339435 0.401010
v 0.070163 0.351161 0.391157
v 0.070163 0.351161 0.108843
v 0.071962 0.339435 0.098990
v 0.074610 0.326629 0.089169
v 0.078210 0.312788 0.079571
v 0.082840 0.298015 0.070411
v 0.088540 0.282473 0.061914
v 0.095300 0.266381 0.054297
v 0.103054 0.250000 0.047746
v 0.111680 0.233619 0.042396
v 0.121014 0.217527 0.038321
v 0.130856 0.201984 0.035526
v 0.140998 0.187212 0.033953
v 0.151239 0.173371 0.033495
v 0.161398 0.160565 0.034012
v 0.171324 0.148839 0.035345
v 0.021539 0.148840 0.241506
v 0.017203 0.160566 0.232478
v 0.013573 0.173372 0.222976
v 0.010844 0.187213 0.213095
v 0.009205 0.201985 0.202964
v 0.008822 0.217527 0.192740
v 0.009814 0.233620 0.182604
v 0.012236 0.250000 0.172747
v 0.016070 0.266380 0.163348
v 0.021225 0.282473 0.154566
v 0.027545 0.298015 0.146519
v 0.034826 0.312788 0.139286
v 0.042841 0.326629 0.132896
v 0.051363 0.339435 0.127343
v 0.060178 0.351161 0.122587
v 0.328676 0.351161 0.035345
v 0.338602 0.339435 0.034012
v 0.348761 0.326629 0.033495
v 0.359002 0.312788 0.033953
v 0.369144 0.298015 0.035526
v 0.378986 0.282473 0.038321
v 0.388320 0.266381 0.042396
v 0.396946 0.250000 0.047746
v 0.404700 0.233619 0.054297
v 0.411460 0.217527 0.061914
v 0.417160 0.201985 0.070411
v 0.421790 0.187212 0.079571
v 0.425390 0.173371 0.089169
v 0.428038 0.160565 0.098990
v 0.429837 0.148839 0.108843
v 0.187481 0.148839 0.030096
v 0.194728 0.160565 0.023182
v 0.202642 0.173371 0.016793
v 0.211196 0.187212 0.011144
v 0.220326 0.201985 0.006455
v 0.229931 0.217527 0.002932
v 0.239877 0.233619 0.000743
v 0.250000 0.250000 0.000000
v 0.260123 0.266381 0.000743
v 0.270069 0.282473 0.002932
v 0.279674 0.298015 0.006455
v 0.288804 0.312788 0.011144
v 0.297358 0.326629 0.016793
v 0.305272 0.339435 0.023182
v 0.312519 0.351161 0.030096
v 0.471235 0.365611 0.263744
v 0.467891 0.369246 0.278352
v 0.463439 0.372605 0.293726
v 0.457763 0.375575 0.309713
v 0.450782 0.378040 0.326107
v 0.442468 0.379893 0.342650
v 0.432855 0.381043 0.359049
v 0.422047 0.381434 0.374999
v 0.410218 0.381044 0.390206
v 0.397591 0.379893 0.404417
v 0.384427 0.378041 0.417436
v 0.370993 0.375575 0.429141
v 0.357542 0.372606 0.439480
v 0.344296 0.369247 0.448465
v 0.331436 0.365612 0.456160
v 0.305293 0.365612 0.464654
v 0.290366 0.369247 0.465988
v 0.274369 0.372606 0.466504
v 0.257410 0.375575 0.466046
v 0.239661 0.378041 0.464473
v 0.221359 0.379893 0.461678
v 0.202792 0.381044 0.457603
v 0.184283 0.381434 0.452253
v 0.166164 0.381044 0.445702
v 0.148748 0.379893 0.438085
v 0.132298 0.378041 0.429588
v 0.117015 0.375575 0.420428
v 0.103025 0.372606 0.410830
v 0.090387 0.369247 0.401009
v 0.079095 0.365612 0.391157
v 0.062938 0.365612 0.368919
v 0.057057 0.369247 0.355135
v 0.051623 0.372605 0.340080
v 0.046818 0.375575 0.323809
v 0.042829 0.378040 0.306444
v 0.039832 0.379893 0.288174
v 0.037970 0.381043 0.269256
v 0.037338 0.381434 0.250000
v 0.037970 0.381043 0.230744
v 0.039832 0.379893 0.211826
v 0.042829 0.378040 0.193556
v 0.046818 0.375575 0.176191
v 0.051623 0.372605 0.159920
v 0.057057 0.369247 0.144865
v 0.062938 0.365612 0.131081
v 0.079095 0.365612 0.108843
v 0.090387 0.369247 0.098991
v 0.103025 0.372606 0.089170
v 0.117015 0.375575 0.079572
v 0.132298 0.378041 0.070412
v 0.148748 0.379893 0.061915
v 0.166164 0.381044 0.054299
v 0.184283 0.381434 0.047747
v 0.202792 0.381044 0.042397
v 0.221359 0.379893 0.038322
v 0.239661 0.378041 0.035527
v 0.257410 0.375575 0.033954
v 0.274369 0.372606 0.033496
v 0.290366 0.369247 0.034012
v 0.305293 0.365612 0.035346
v 0.331436 0.365612 0.043840
v 0.344296 0.369247 0.051535
v 0.357542 0.372606 0.060520
v 0.370993 0.375575 0.070859
v 0.384427 0.378041 0.082564
v 0.397591 0.379893 0.095583
v 0.410218 0.381044 0.109794
v 0.422047 0.381434 0.125001
v 0.432855 0.381043 0.140951
v 0.442468 0.379893 0.157350
v 0.450782 0.378040 0.173893
v 0.457763 0.375575 0.190287
v 0.463439 0.372605 0.206274
v 0.467891 0.369246 0.221648
v 0.471236 0.365611 0.236256
v 0.254466 0.499582 0.263744
v 0.259212 0.498216 0.278352
v 0.264207 0.495736 0.293726
v 0.269402 0.491987 0.309713
v 0.274728 0.486847 0.326107
v 0.280103 0.480239 0.342650
v 0.285432 0.472155 0.359049
v 0.290614 0.462664 0.374999
v 0.295555 0.451908 0.390206
v 0.300172 0.440101 0.404417
v 0.304402 0.427498 0.417436
v 0.308205 0.414380 0.429141
v 0.311565 0.401021 0.439480
v 0.314484 0.387671 0.448465
v 0.316984 0.374544 0.456160
v 0.466770 0.374543 0.250000
v 0.458679 0.387670 0.250000
v 0.449231 0.401020 0.250000
v 0.438360 0.414379 0.250000
v 0.426053 0.427497 0.250000
v 0.412364 0.440100 0.250000
v 0.397422 0.451908 0.250000
v 0.381432 0.462663 0.250000
v 0.364662 0.472155 0.250000
v 0.347418 0.480238 0.250000
v 0.330024 0.486846 0.250000
v 0.312787 0.491987 0.250000
v 0.295976 0.495736 0.250000
v 0.279811 0.498216 0.250000
v 0.264451 0.499582 0.250000
v 0.238309 0.499582 0.258494
v 0.225882 0.498216 0.267522
v 0.212805 0.495736 0.277024
v 0.199205 0.491987 0.286904
v 0.185259 0.486846 0.297036
v 0.171187 0.480239 0.307260
v 0.157237 0.472155 0.317395
v 0.143669 0.462664 0.327253
v 0.130733 0.451908 0.336651
v 0.118645 0.440101 0.345434
v 0.107570 0.427498 0.353480
v 0.097613 0.414380 0.360714
v 0.088819 0.401021 0.367104
v 0.081175 0.387671 0.372657
v 0.074629 0.374544 0.377413
v 0.238309 0.499582 0.241506
v 0.225882 0.498216 0.232478
v 0.212805 0.495736 0.222976
v 0.199205 0.491987 0.213096
v 0.185259 0.486846 0.202964
v 0.171187 0.480239 0.192740
v 0.157237 0.472155 0.182605
v 0.143669 0.462664 0.172747
v 0.130733 0.451908 0.163349
v 0.118645 0.440101 0.154566
v 0.107570 0.427498 0.146520
v 0.097613 0.414380 0.139286
v 0.088819 0.401021 0.132896
v 0.081175 0.387671 0.127343
v 0.074629 0.374544 0.122587
v 0.254466 0.499582 0.236256
v 0.259212 0.498216 0.221648
v 0.264207 0.495736 0.206274
v 0.269402 0.491987 0.190287
v 0.274728 0.486847 0.173893
v 0.280103 0.480239 0.157350
v 0.285432 0.472155 0.140951
v 0.290614 0.462664 0.125001
v 0.295555 0.451908 0.109794
v 0.300172 0.440101 0.095583
v 0.304402 0.427498 0.082564
v 0.308205 0.414380 0.070859
v 0.311565 0.401021 0.060520
v 0.314484 0.387671 0.051535
v 0.316984 0.374544 0.043840
v 0.269560 0.498828 0.235789
v 0.285572 0.497022 0.235348
v 0.274927 0.497022 0.220697
v 0.302370 0.493989 0.234948
v 0.291549 0.494668 0.219813
v 0.280498 0.493989 0.204845
v 0.319760 0.489576 0.234603
v 0.308915 0.490976 0.219026
v 0.297663 0.490976 0.203540
v 0.286200 0.489576 0.188413
v 0.337483 0.483669 0.234328
v 0.326792 0.485802 0.218371
v 0.315502 0.486526 0.202410
v 0.303811 0.485802 0.186741
v 0.291938 0.483669 0.171642
v 0.355233 0.476218 0.234137
v 0.344882 0.479053 0.217876
v 0.333742 0.480512 0.201507
v 0.321998 0.480512 0.185342
v 0.309872 0.479054 0.169689
v 0.297605 0.476218 0.154820
v 0.372670 0.467249 0.234038
v 0.362844 0.470713 0.217567
v 0.352050 0.472873 0.200875
v 0.340450 0.473607 0.184284
v 0.328256 0.472873 0.168125
v 0.315715 0.470714 0.152702
v 0.303087 0.467250 0.138267
v 0.389453 0.456877 0.234038
v 0.380314 0.460854 0.217463
v 0.370058 0.463637 0.200550
v 0.358807 0.465070 0.183624
v 0.346750 0.465070 0.167030
v 0.334130 0.463637 0.151099
v 0.321214 0.460855 0.136119
v 0.308273 0.456877 0.122305
v 0.405273 0.445292 0.234137
v 0.396946 0.449637 0.217567
v 0.387390 0.452925 0.200550
v 0.376682 0.454978 0.183399
v 0.364975 0.455676 0.166466
v 0.352488 0.454978 0.150099
v 0.339485 0.452926 0.134616
v 0.326253 0.449638 0.120269
v 0.313068 0.445292 0.107230
v 0.419875 0.432748 0.234328
v 0.412438 0.437302 0.217876
v 0.403704 0.440950 0.200875
v 0.393703 0.443503 0.183624
v 0.382542 0.444819 0.166466
v 0.370404 0.444820 0.149759
v 0.357534 0.443504 0.133842
v 0.344217 0.440950 0.119000
v 0.330747 0.437303 0.105440
v 0.317398 0.432749 0.093283
v 0.433085 0.419537 0.234603
v 0.426564 0.424139 0.218370
v 0.418724 0.427990 0.201506
v 0.409548 0.430903 0.184284
v 0.399095 0.432720 0.167030
v 0.387502 0.433338 0.150099
v 0.374982 0.432720 0.133842
v 0.361802 0.430903 0.118568
v 0.348258 0.427991 0.104519
v 0.334642 0.424140 0.091852
v 0.321219 0.419538 0.080634
v 0.444809 0.405957 0.234948
v 0.439187 0.410465 0.219026
v 0.432261 0.414366 0.202410
v 0.423976 0.417486 0.185342
v 0.414345 0.419668 0.168125
v 0.403457 0.420791 0.151099
v 0.391481 0.420791 0.134616
v 0.378653 0.419668 0.118999
v 0.365255 0.417486 0.104519
v 0.351582 0.414366 0.091366
v 0.337919 0.410465 0.079644
v 0.324514 0.405958 0.069377
v 0.455035 0.392289 0.235348
v 0.450255 0.396583 0.219812
v 0.444219 0.400401 0.203539
v 0.436841 0.403585 0.186741
v 0.428095 0.405988 0.169689
v 0.418022 0.407486 0.152701
v 0.406744 0.407994 0.136118
v 0.394458 0.407486 0.120269
v 0.381414 0.405989 0.105439
v 0.367900 0.403586 0.091851
v 0.354203 0.400401 0.079644
v 0.340591 0.396584 0.068874
v 0.327293 0.392290 0.059528
v 0.463811 0.378775 0.235789
v 0.459795 0.382768 0.220697
v 0.454591 0.386395 0.204844
v 0.448093 0.389521 0.188412
v 0.440243 0.392012 0.171641
v 0.431044 0.393749 0.154819
v 0.420571 0.394641 0.138266
v 0.408974 0.394641 0.122304
v 0.396467 0.393749 0.107229
v 0.383312 0.392012 0.093282
v 0.369787 0.389522 0.080634
v 0.356167 0.386396 0.069377
v 0.342698 0.382769 0.059528
v 0.329586 0.378776 0.051045
v 0.242529 0.498828 0.227006
v 0.247058 0.497022 0.211642
v 0.229834 0.497022 0.217238
v 0.251868 0.493989 0.195542
v 0.234129 0.494668 0.201156
v 0.216479 0.493989 0.207041
v 0.256913 0.489576 0.178897
v 0.238748 0.490976 0.184397
v 0.220542 0.490976 0.190313
v 0.202613 0.489576 0.196541
v 0.262129 0.483669 0.161956
v 0.243648 0.485802 0.167193
v 0.224980 0.486526 0.172998
v 0.206465 0.485802 0.179275
v 0.188436 0.483669 0.185901
v 0.267431 0.476218 0.145016
v 0.248767 0.479054 0.149835
v 0.229757 0.480512 0.155372
v 0.210755 0.480512 0.161546
v 0.192121 0.479054 0.168241
v 0.174189 0.476218 0.175313
v 0.272726 0.467250 0.128402
v 0.254025 0.470714 0.132658
v 0.234814 0.472873 0.137764
v 0.215451 0.473607 0.143670
v 0.196314 0.472873 0.150274
v 0.177771 0.470714 0.157434
v 0.160140 0.467250 0.164984
v 0.277912 0.456877 0.112440
v 0.259323 0.460855 0.116010
v 0.240069 0.463637 0.120538
v 0.220495 0.465071 0.126008
v 0.200988 0.465071 0.132346
v 0.181937 0.463637 0.139426
v 0.163699 0.460855 0.147081
v 0.146562 0.456877 0.155119
v 0.282894 0.445292 0.097426
v 0.264562 0.449638 0.100225
v 0.245425 0.452926 0.104054
v 0.225805 0.454978 0.108938
v 0.206083 0.455676 0.114839
v 0.186658 0.454978 0.121658
v 0.167915 0.452926 0.129239
v 0.150182 0.449638 0.137390
v 0.133706 0.445292 0.145901
v 0.287588 0.432749 0.083597
v 0.269643 0.437303 0.085586
v 0.250775 0.440950 0.088639
v 0.231278 0.443504 0.092819
v 0.211511 0.444820 0.098132
v 0.191871 0.444820 0.104514
v 0.172756 0.443504 0.111835
v 0.154526 0.440950 0.119913
v 0.137467 0.437303 0.128533
v 0.121780 0.432749 0.137473
v 0.291932 0.419538 0.071119
v 0.274479 0.424140 0.072304
v 0.256018 0.427991 0.074549
v 0.236803 0.430903 0.077954
v 0.217163 0.432721 0.082564
v 0.197478 0.433339 0.088357
v 0.178148 0.432721 0.095241
v 0.159549 0.430903 0.103055
v 0.142003 0.427991 0.111595
v 0.125748 0.424140 0.120630
v 0.110931 0.419538 0.129930
v 0.295883 0.405958 0.060074
v 0.279003 0.410465 0.060502
v 0.261060 0.414367 0.061954
v 0.242267 0.417487 0.064559
v 0.222916 0.419668 0.068398
v 0.203360 0.420791 0.073492
v 0.183982 0.420791 0.079788
v 0.165166 0.419668 0.087163
v 0.147255 0.417487 0.095431
v 0.130520 0.414366 0.104369
v 0.115150 0.410465 0.113741
v 0.101243 0.405958 0.123318
v 0.299423 0.392290 0.050473
v 0.283171 0.396584 0.050218
v 0.265829 0.400401 0.050930
v 0.247573 0.403586 0.052756
v 0.228653 0.405989 0.055805
v 0.209384 0.407486 0.060136
v 0.190128 0.407995 0.065737
v 0.171257 0.407486 0.072524
v 0.153124 0.405989 0.080346
v 0.136024 0.403586 0.089000
v 0.120182 0.400401 0.098254
v 0.105733 0.396584 0.107872
v 0.092735 0.392290 0.117631
v 0.302554 0.378776 0.042263
v 0.286960 0.382769 0.041418
v 0.270275 0.386396 0.041469
v 0.252640 0.389522 0.042571
v 0.234264 0.392013 0.044854
v 0.215423 0.393749 0.048405
v 0.196444 0.394642 0.053250
v 0.177679 0.394642 0.059347
v 0.159477 0.393749 0.066583
v 0.142147 0.392013 0.074785
v 0.125939 0.389522 0.083739
v 0.111024 0.386396 0.093214
v 0.097496 0.382769 0.102980
v 0.085376 0.378776 0.112829
v 0.225823 0.498828 0.250000
v 0.212610 0.497022 0.240945
v 0.212610 0.497022 0.259055
v 0.198785 0.493989 0.231395
v 0.198642 0.494668 0.250000
v 0.198785 0.493989 0.268605
v 0.184513 0.489576 0.221453
v 0.184131 0.490976 0.240429
v 0.184131 0.490976 0.259571
v 0.184513 0.489576 0.278547
v 0.170013 0.483669 0.211258
v 0.169283 0.485802 0.230452
v 0.169035 0.486526 0.250000
v 0.169283 0.485802 0.269548
v 0.170013 0.483669 0.288742
v 0.155541 0.476218 0.200980
v 0.154357 0.479053 0.220219
v 0.153748 0.480512 0.240010
v 0.153748 0.480512 0.259990
v 0.154357 0.479053 0.279781
v 0.155541 0.476218 0.299020
v 0.141376 0.467250 0.190811
v 0.139644 0.470714 0.209911
v 0.138565 0.472873 0.229760
v 0.138198 0.473607 0.250000
v 0.138565 0.472873 0.270240
v 0.139644 0.470714 0.290089
v 0.141376 0.467250 0.309189
v 0.127798 0.456877 0.180946
v 0.125449 0.460855 0.199727
v 0.123805 0.463637 0.219438
v 0.122958 0.465070 0.239744
v 0.122958 0.465070 0.260256
v 0.123805 0.463637 0.280562
v 0.125449 0.460855 0.300273
v 0.127798 0.456877 0.319054
v 0.115058 0.445292 0.171568
v 0.112055 0.449638 0.189867
v 0.109783 0.452926 0.209251
v 0.108365 0.454978 0.229419
v 0.107883 0.455676 0.250000
v 0.108365 0.454978 0.270581
v 0.109783 0.452926 0.290749
v 0.112055 0.449638 0.310133
v 0.115058 0.445292 0.328432
v 0.103357 0.432749 0.162830
v 0.099703 0.437302 0.180512
v 0.096776 0.440950 0.199399
v 0.094727 0.443504 0.219233
v 0.093671 0.444819 0.239675
v 0.093671 0.444819 0.260325
v 0.094727 0.443504 0.280767
v 0.096776 0.440950 0.300601
v 0.099703 0.437302 0.319488
v 0.103357 0.432749 0.337170
v 0.092831 0.419538 0.154843
v 0.088565 0.424140 0.171808
v 0.084996 0.427991 0.190059
v 0.082296 0.430903 0.209386
v 0.080611 0.432720 0.229489
v 0.080038 0.433338 0.250000
v 0.080611 0.432720 0.270511
v 0.082296 0.430903 0.290614
v 0.084996 0.427991 0.309941
v 0.088565 0.424140 0.328192
v 0.092831 0.419538 0.345157
v 0.083549 0.405958 0.147672
v 0.078739 0.410465 0.163858
v 0.074575 0.414366 0.181372
v 0.071245 0.417486 0.200049
v 0.068917 0.419668 0.219639
v 0.067718 0.420791 0.239813
v 0.067718 0.420791 0.260187
v 0.068917 0.419668 0.280361
v 0.071245 0.417486 0.299951
v 0.074575 0.414366 0.318628
v 0.078739 0.410465 0.336142
v 0.083549 0.405958 0.352328
v 0.075511 0.392290 0.141338
v 0.070246 0.396583 0.156716
v 0.065565 0.400401 0.173429
v 0.061659 0.403586 0.191356
v 0.058713 0.405989 0.210292
v 0.056877 0.407486 0.229956
v 0.056253 0.407994 0.250000
v 0.056877 0.407486 0.270044
v 0.058713 0.405989 0.289708
v 0.061659 0.403586 0.308644
v 0.065565 0.400401 0.326571
v 0.070246 0.396583 0.343284
v 0.075511 0.392290 0.358662
v 0.068670 0.378776 0.135823
v 0.063048 0.382768 0.150393
v 0.057941 0.386396 0.166277
v 0.053539 0.389521 0.183390
v 0.050032 0.392012 0.201572
v 0.047587 0.393749 0.220588
v 0.046330 0.394641 0.240135
v 0.046330 0.394641 0.259865
v 0.047587 0.393749 0.279412
v 0.050032 0.392012 0.298428
v 0.053539 0.389521 0.316610
v 0.057941 0.386396 0.333723
v 0.063048 0.382768 0.349607
v 0.068670 0.378776 0.364177
v 0.242529 0.498828 0.272994
v 0.229834 0.497022 0.282762
v 0.247058 0.497022 0.288358
v 0.216479 0.493989 0.292959
v 0.234129 0.494668 0.298844
v 0.251868 0.493989 0.304458
v 0.202613 0.489576 0.303459
v 0.220542 0.490976 0.309687
v 0.238748 0.490976 0.315603
v 0.256913 0.489576 0.321103
v 0.188436 0.483669 0.314099
v 0.206465 0.485802 0.320725
v 0.224980 0.486526 0.327002
v 0.243648 0.485802 0.332807
v 0.262129 0.483669 0.338044
v 0.174189 0.476218 0.324687
v 0.192121 0.479054 0.331759
v 0.210755 0.480512 0.338454
v 0.229757 0.480512 0.344628
v 0.248767 0.479054 0.350165
v 0.267431 0.476218 0.354984
v 0.160140 0.467250 0.335016
v 0.177771 0.470714 0.342566
v 0.196314 0.472873 0.349726
v 0.215451 0.473607 0.356330
v 0.234814 0.472873 0.362236
v 0.254025 0.470714 0.367342
v 0.272726 0.467250 0.371598
v 0.146562 0.456877 0.344881
v 0.163699 0.460855 0.352919
v 0.181937 0.463637 0.360574
v 0.200988 0.465071 0.367654
v 0.220495 0.465071 0.373992
v 0.240069 0.463637 0.379462
v 0.259323 0.460855 0.383990
v 0.277912 0.456877 0.387560
v 0.133706 0.445292 0.354099
v 0.150182 0.449638 0.362610
v 0.167915 0.452926 0.370761
v 0.186658 0.454978 0.378342
v 0.206083 0.455676 0.385161
v 0.225805 0.454978 0.391062
v 0.245425 0.452926 0.395946
v 0.264562 0.449638 0.399775
v 0.282894 0.445292 0.402574
v 0.121780 0.432749 0.362527
v 0.137467 0.437303 0.371467
v 0.154526 0.440950 0.380087
v 0.172756 0.443504 0.388165
v 0.191871 0.444820 0.395486
v 0.211511 0.444820 0.401868
v 0.231278 0.443504 0.407181
v 0.250775 0.440950 0.411361
v 0.269643 0.437303 0.414414
v 0.287588 0.432749 0.416403
v 0.110931 0.419538 0.370070
v 0.125748 0.424140 0.379370
v 0.142003 0.427991 0.388405
v 0.159549 0.430903 0.396945
v 0.178148 0.432721 0.404759
v 0.197478 0.433339 0.411643
v 0.217163 0.432721 0.417436
v 0.236803 0.430903 0.422046
v 0.256018 0.427991 0.425451
v 0.274479 0.424140 0.427696
v 0.291932 0.419538 0.428881
v 0.101243 0.405958 0.376682
v 0.115150 0.410465 0.386259
v 0.130520 0.414366 0.395631
v 0.147255 0.417487 0.404569
v 0.165166 0.419668 0.412837
v 0.183982 0.420791 0.420212
v 0.203360 0.420791 0.426508
v 0.222916 0.419668 0.431602
v 0.242267 0.417487 0.435441
v 0.261060 0.414367 0.438046
v 0.279003 0.410465 0.439498
v 0.295883 0.405958 0.439926
v 0.092735 0.392290 0.382369
v 0.105733 0.396584 0.392128
v 0.120182 0.400401 0.401745
v 0.136024 0.403586 0.411000
v 0.153124 0.405989 0.419654
v 0.171257 0.407486 0.427476
v 0.190128 0.407995 0.434264
v 0.209384 0.407486 0.439865
v 0.228653 0.405989 0.444195
v 0.247573 0.403586 0.447244
v 0.265829 0.400401 0.449070
v 0.283171 0.396584 0.449782
v 0.299423 0.392290 0.449527
v 0.085376 0.378776 0.387171
v 0.097496 0.382769 0.397020
v 0.111024 0.386396 0.406786
v 0.125939 0.389522 0.416261
v 0.142147 0.392013 0.425215
v 0.159477 0.393749 0.433417
v 0.177679 0.394642 0.440653
v 0.196444 0.394642 0.446750
v 0.215423 0.393749 0.451595
v 0.234264 0.392013 0.455146
v 0.252640 0.389522 0.457429
v 0.270275 0.386396 0.458531
v 0.286960 0.382769 0.458582
v 0.302554 0.378776 0.457737
v 0.269560 0.498828 0.264211
v 0.274927 0.497022 0.279303
v 0.285572 0.497022 0.264652
v 0.280498 0.493989 0.295155
v 0.291549 0.494668 0.280187
v 0.302370 0.493989 0.265052
v 0.286200 0.489576 0.311587
v 0.297663 0.490976 0.296460
v 0.308915 0.490976 0.280974
v 0.319760 0.489576 0.265397
v 0.291938 0.483669 0.328358
v 0.303811 0.485802 0.313259
v 0.315502 0.486526 0.297590
v 0.326792 0.485802 0.281629
v 0.337483 0.483669 0.265672
v 0.297605 0.476218 0.345180
v 0.309872 0.479054 0.330311
v 0.321998 0.480512 0.314658
v 0.333742 0.480512 0.298493
v 0.344882 0.479053 0.282124
v 0.355233 0.476218 0.265863
v 0.303087 0.467250 0.361733
v 0.315715 0.470714 0.347298
v 0.328256 0.472873 0.331875
v 0.340450 0.473607 0.315716
v 0.352050 0.472873 0.299125
v 0.362844 0.470713 0.282433
v 0.372670 0.467249 0.265962
v 0.308273 0.456877 0.377695
v 0.321214 0.460855 0.363881
v 0.334130 0.463637 0.348901
v 0.346750 0.465071 0.332970
v 0.358807 0.465070 0.316376
v 0.370058 0.463637 0.299450
v 0.380314 0.460854 0.282537
v 0.389453 0.456877 0.265962
v 0.313068 0.445292 0.392770
v 0.326253 0.449638 0.379731
v 0.339485 0.452926 0.365384
v 0.352488 0.454978 0.349901
v 0.364975 0.455676 0.333534
v 0.376682 0.454978 0.316601
v 0.387390 0.452925 0.299450
v 0.396946 0.449637 0.282433
v 0.405273 0.445292 0.265863
v 0.317398 0.432749 0.406717
v 0.330747 0.437303 0.394560
v 0.344217 0.440950 0.381000
v 0.357534 0.443504 0.366158
v 0.370404 0.444820 0.350241
v 0.382542 0.444819 0.333534
v 0.393703 0.443503 0.316376
v 0.403704 0.440950 0.299125
v 0.412438 0.437302 0.282124
v 0.419875 0.432748 0.265672
v 0.321219 0.419538 0.419366
v 0.334642 0.424140 0.408148
v 0.348258 0.427991 0.395481
v 0.361802 0.430903 0.381432
v 0.374982 0.432720 0.366158
v 0.387502 0.433338 0.349901
v 0.399095 0.432720 0.332970
v 0.409548 0.430903 0.315716
v 0.418724 0.427990 0.298494
v 0.426564 0.424139 0.281630
v 0.433085 0.419537 0.265397
v 0.324514 0.405958 0.430623
v 0.337919 0.410465 0.420356
v 0.351582 0.414366 0.408634
v 0.365255 0.417486 0.395481
v 0.378653 0.419668 0.381001
v 0.391481 0.420791 0.365384
v 0.403457 0.420791 0.348901
v 0.414345 0.419668 0.331875
v 0.423976 0.417486 0.314658
v 0.432261 0.414366 0.297590
v 0.439187 0.410464 0.280974
v 0.444809 0.405957 0.265052
v 0.327293 0.392290 0.440472
v 0.340591 0.396584 0.431125
v 0.354203 0.400401 0.420356
v 0.367900 0.403586 0.408149
v 0.381414 0.405989 0.394561
v 0.394458 0.407486 0.379731
v 0.406744 0.407994 0.363882
v 0.418022 0.407486 0.347299
v 0.428095 0.405988 0.330311
v 0.436841 0.403585 0.313259
v 0.444219 0.400401 0.296461
v 0.450255 0.396583 0.280188
v 0.455035 0.392289 0.264652
v 0.329586 0.378776 0.448955
v 0.342698 0.382769 0.440472
v 0.356167 0.386396 0.430623
v 0.369787 0.389522 0.419366
v 0.383312 0.392012 0.406718
v 0.396467 0.393749 0.392771
v 0.408974 0.394641 0.377696
v 0.420571 0.394641 0.361734
v 0.431044 0.393749 0.345181
v 0.440243 0.392012 0.328359
v 0.448093 0.389521 0.311588
v 0.454591 0.386395 0.295156
v 0.459795 0.382768 0.279303
v 0.463811 0.378775 0.264211
v 0.475900 0.354597 0.227006
v 0.479962 0.342435 0.217238
v 0.472259 0.357841 0.211642
v 0.483222 0.329134 0.207041
v 0.475935 0.345224 0.201156
v 0.467395 0.360787 0.195542
v 0.485475 0.314758 0.196540
v 0.478710 0.331420 0.190312
v 0.470568 0.347705 0.184397
v 0.461191 0.363326 0.178897
v 0.486532 0.299435 0.185900
v 0.480377 0.316516 0.179274
v 0.472744 0.333400 0.172998
v 0.463748 0.349774 0.167193
v 0.453575 0.365349 0.161956
v 0.486239 0.283360 0.175312
v 0.480756 0.300667 0.168241
v 0.473727 0.317987 0.161546
v 0.465228 0.334983 0.155372
v 0.455422 0.351335 0.149835
v 0.444539 0.366760 0.145016
v 0.484501 0.266784 0.164984
v 0.479714 0.284102 0.157434
v 0.473353 0.301654 0.150273
v 0.465451 0.319099 0.143670
v 0.456135 0.336090 0.137764
v 0.445612 0.352307 0.132657
v 0.434150 0.367485 0.128402
v 0.481295 0.250000 0.155119
v 0.477189 0.267106 0.147080
v 0.471521 0.284664 0.139426
v 0.464283 0.302345 0.132345
v 0.455559 0.319793 0.126007
v 0.445523 0.336660 0.120537
v 0.434423 0.352638 0.116009
v 0.422553 0.367485 0.112440
v 0.476683 0.233320 0.145900
v 0.473201 0.250000 0.137389
v 0.468211 0.267332 0.129238
v 0.461665 0.285015 0.121657
v 0.453602 0.302701 0.114838
v 0.444158 0.320030 0.108937
v 0.433547 0.336660 0.104054
v 0.422048 0.352307 0.100224
v 0.409962 0.366760 0.097425
v 0.470797 0.217043 0.137472
v 0.467854 0.233111 0.128533
v 0.463488 0.250000 0.119912
v 0.457619 0.267448 0.111834
v 0.450247 0.285134 0.104513
v 0.441464 0.302701 0.098131
v 0.431447 0.319794 0.092818
v 0.420443 0.336091 0.088638
v 0.408742 0.351335 0.085585
v 0.396643 0.365350 0.083597
v 0.463832 0.201431 0.129930
v 0.461323 0.216742 0.120630
v 0.457497 0.233003 0.111595
v 0.452255 0.250000 0.103055
v 0.445563 0.267448 0.095240
v 0.437471 0.285015 0.088356
v 0.428114 0.302345 0.082563
v 0.417705 0.319099 0.077953
v 0.406507 0.334984 0.074548
v 0.394807 0.349774 0.072303
v 0.382885 0.363327 0.071118
v 0.456019 0.186693 0.123318
v 0.453831 0.201147 0.113741
v 0.450446 0.216640 0.104369
v 0.445753 0.233003 0.095430
v 0.439694 0.250000 0.087162
v 0.432283 0.267332 0.079787
v 0.423617 0.284664 0.073491
v 0.413866 0.301654 0.068397
v 0.403261 0.317987 0.064558
v 0.392066 0.333401 0.061953
v 0.380552 0.347705 0.060501
v 0.368971 0.360788 0.060074
v 0.447598 0.172970 0.117631
v 0.445625 0.186517 0.107871
v 0.442579 0.201147 0.098254
v 0.438342 0.216742 0.089000
v 0.432844 0.233111 0.080345
v 0.426073 0.250000 0.072523
v 0.418089 0.267106 0.065735
v 0.409022 0.284103 0.060134
v 0.399066 0.300668 0.055804
v 0.388455 0.316516 0.052754
v 0.377442 0.331421 0.050929
v 0.366271 0.345225 0.050217
v 0.355162 0.357842 0.050473
v 0.438802 0.160344 0.112829
v 0.436953 0.172970 0.102979
v 0.434147 0.186693 0.093213
v 0.430273 0.201431 0.083739
v 0.425252 0.217043 0.074784
v 0.419055 0.233320 0.066582
v 0.411713 0.250000 0.059346
v 0.403321 0.266784 0.053249
v 0.394035 0.283360 0.048404
v 0.384055 0.299436 0.044853
v 0.373609 0.314758 0.042570
v 0.362926 0.329134 0.041468
v 0.352220 0.342436 0.041417
v 0.341675 0.354598 0.042262
v 0.297937 0.354598 0.028051
v 0.289902 0.342436 0.021169
v 0.282199 0.357842 0.026766
v 0.281211 0.329134 0.014918
v 0.273363 0.345225 0.020030
v 0.265385 0.360788 0.026417
v 0.271921 0.314758 0.009530
v 0.263907 0.331421 0.014040
v 0.255765 0.347705 0.019956
v 0.247637 0.363327 0.027174
v 0.262129 0.299436 0.005237
v 0.253925 0.316516 0.009043
v 0.245597 0.333400 0.014363
v 0.237296 0.349774 0.021125
v 0.229172 0.365350 0.029182
v 0.251969 0.283360 0.002244
v 0.243549 0.300668 0.005273
v 0.235009 0.317987 0.009889
v 0.226511 0.334984 0.016064
v 0.218215 0.351335 0.023680
v 0.210268 0.366761 0.032541
v 0.241608 0.266784 0.000705
v 0.232949 0.284103 0.002925
v 0.224173 0.301654 0.006762
v 0.215450 0.319099 0.012236
v 0.206955 0.336091 0.019272
v 0.198846 0.352308 0.027702
v 0.191257 0.367486 0.037288
v 0.231236 0.250000 0.000705
v 0.222322 0.267106 0.002126
v 0.213290 0.284664 0.005151
v 0.204320 0.302345 0.009847
v 0.195596 0.319794 0.016186
v 0.187292 0.336660 0.024040
v 0.179556 0.352638 0.033198
v 0.172493 0.367486 0.043385
v 0.221043 0.233320 0.002244
v 0.211873 0.250000 0.002924
v 0.202579 0.267332 0.005151
v 0.193346 0.285015 0.009035
v 0.184369 0.302701 0.014596
v 0.175838 0.320030 0.021755
v 0.167915 0.336660 0.030337
v 0.160719 0.352308 0.040090
v 0.154323 0.366761 0.050719
v 0.211209 0.217043 0.005237
v 0.201798 0.233111 0.005273
v 0.192250 0.250000 0.006762
v 0.182753 0.267448 0.009847
v 0.173512 0.285134 0.014596
v 0.164729 0.302701 0.020977
v 0.156581 0.319794 0.028863
v 0.149204 0.336091 0.038036
v 0.142685 0.351335 0.048221
v 0.137055 0.365350 0.059113
v 0.201884 0.201431 0.009530
v 0.192263 0.216742 0.009043
v 0.182488 0.233003 0.009889
v 0.172746 0.250000 0.012236
v 0.163245 0.267448 0.016186
v 0.154198 0.285015 0.021755
v 0.145797 0.302345 0.028863
v 0.138196 0.319099 0.037338
v 0.131498 0.334984 0.046936
v 0.125747 0.349774 0.057370
v 0.120936 0.363327 0.068342
v 0.193181 0.186693 0.014918
v 0.183396 0.201147 0.014039
v 0.173437 0.216640 0.014362
v 0.163485 0.233003 0.016063
v 0.153749 0.250000 0.019271
v 0.144446 0.267332 0.024040
v 0.135780 0.284664 0.030336
v 0.127922 0.301654 0.038036
v 0.120993 0.317987 0.046936
v 0.115057 0.333401 0.056778
v 0.110118 0.347705 0.067280
v 0.106133 0.360788 0.078162
v 0.185170 0.172970 0.021169
v 0.175279 0.186516 0.020029
v 0.165190 0.201147 0.019955
v 0.155080 0.216742 0.021124
v 0.145150 0.233111 0.023679
v 0.135618 0.250000 0.027701
v 0.126696 0.267106 0.033197
v 0.118567 0.284103 0.040090
v 0.111372 0.300668 0.048220
v 0.105193 0.316516 0.057370
v 0.100054 0.331421 0.067280
v 0.095925 0.345225 0.077684
v 0.092735 0.357842 0.088328
v 0.177885 0.160344 0.028051
v 0.167946 0.172970 0.026766
v 0.157791 0.186693 0.026416
v 0.147583 0.201431 0.027173
v 0.137515 0.217043 0.029181
v 0.127800 0.233320 0.032540
v 0.118649 0.250000 0.037287
v 0.110257 0.266784 0.043384
v 0.102779 0.283360 0.050718
v 0.096319 0.299436 0.059112
v 0.090920 0.314758 0.068342
v 0.086570 0.329134 0.078161
v 0.083214 0.342436 0.088328
v 0.080758 0.354598 0.098618
v 0.053728 0.354598 0.135823
v 0.044699 0.342435 0.141338
v 0.047642 0.357841 0.150393
v 0.036068 0.329134 0.147672
v 0.038504 0.345225 0.156716
v 0.042114 0.360787 0.166277
v 0.028073 0.314758 0.154843
v 0.029886 0.331421 0.163858
v 0.032996 0.347705 0.173429
v 0.037349 0.363326 0.183390
v 0.020964 0.299436 0.162830
v 0.022049 0.316516 0.171808
v 0.024535 0.333400 0.181372
v 0.028401 0.349774 0.191356
v 0.033553 0.365350 0.201572
v 0.014978 0.283360 0.171568
v 0.015257 0.300667 0.180511
v 0.017009 0.317987 0.190059
v 0.020255 0.334983 0.200049
v 0.024934 0.351335 0.210292
v 0.030906 0.366760 0.220588
v 0.010313 0.266784 0.180946
v 0.009748 0.284102 0.189867
v 0.010686 0.301654 0.199399
v 0.013197 0.319099 0.209386
v 0.017263 0.336090 0.219639
v 0.022774 0.352307 0.229956
v 0.029546 0.367485 0.240135
v 0.007108 0.250000 0.190811
v 0.005705 0.267106 0.199727
v 0.005791 0.284664 0.209251
v 0.007485 0.302345 0.219233
v 0.010818 0.319793 0.229489
v 0.015722 0.336660 0.239813
v 0.022041 0.352638 0.250000
v 0.029546 0.367485 0.259865
v 0.005421 0.233320 0.200980
v 0.003235 0.250000 0.209911
v 0.002481 0.267332 0.219438
v 0.003321 0.285015 0.229419
v 0.005836 0.302701 0.239675
v 0.010009 0.320029 0.250000
v 0.015722 0.336660 0.260187
v 0.022774 0.352307 0.270044
v 0.030906 0.366760 0.279412
v 0.005229 0.217043 0.211258
v 0.002355 0.233111 0.220219
v 0.000821 0.250000 0.229760
v 0.000821 0.267448 0.239744
v 0.002481 0.285134 0.250000
v 0.005836 0.302701 0.260325
v 0.010818 0.319793 0.270511
v 0.017263 0.336090 0.280361
v 0.024934 0.351335 0.289708
v 0.033553 0.365350 0.298428
v 0.006430 0.201432 0.221453
v 0.002994 0.216742 0.230452
v 0.000779 0.233004 0.240010
v 0.000000 0.250000 0.250000
v 0.000821 0.267448 0.260256
v 0.003321 0.285015 0.270581
v 0.007485 0.302345 0.280767
v 0.013197 0.319099 0.290614
v 0.020255 0.334983 0.299951
v 0.028401 0.349774 0.308644
v 0.037350 0.363326 0.316610
v 0.008865 0.186693 0.231395
v 0.005006 0.201148 0.240429
v 0.002236 0.216640 0.250000
v 0.000779 0.233004 0.259990
v 0.000821 0.250000 0.270241
v 0.002481 0.267332 0.280562
v 0.005791 0.284664 0.290749
v 0.010686 0.301654 0.300601
v 0.017009 0.317987 0.309941
v 0.024535 0.333400 0.318628
v 0.032996 0.347705 0.326571
v 0.042114 0.360787 0.333723
v 0.012335 0.172971 0.240945
v 0.008194 0.186517 0.250000
v 0.005006 0.201148 0.259571
v 0.002994 0.216742 0.269548
v 0.002355 0.233111 0.279781
v 0.003235 0.250000 0.290089
v 0.005705 0.267107 0.300273
v 0.009748 0.284103 0.310133
v 0.015257 0.300668 0.319489
v 0.022049 0.316516 0.328192
v 0.029886 0.331421 0.336142
v 0.038505 0.345225 0.343284
v 0.047642 0.357841 0.349607
v 0.016629 0.160345 0.250000
v 0.012335 0.172971 0.259055
v 0.008865 0.186693 0.268605
v 0.006430 0.201432 0.278547
v 0.005229 0.217043 0.288743
v 0.005421 0.233320 0.299020
v 0.007108 0.250000 0.309190
v 0.010313 0.266784 0.319055
v 0.014978 0.283361 0.328433
v 0.020964 0.299436 0.337171
v 0.028073 0.314758 0.345157
v 0.036068 0.329134 0.352328
v 0.044700 0.342436 0.358662
v 0.053728 0.354598 0.364177
v 0.080758 0.354598 0.401382
v 0.083214 0.342436 0.411672
v 0.092735 0.357842 0.411672
v 0.086570 0.329134 0.421839
v 0.095924 0.345225 0.422316
v 0.106133 0.360788 0.421838
v 0.090919 0.314758 0.431658
v 0.100053 0.331421 0.432720
v 0.110118 0.347705 0.432720
v 0.120936 0.363327 0.431658
v 0.096319 0.299436 0.440888
v 0.105193 0.316516 0.442630
v 0.115057 0.333400 0.443222
v 0.125747 0.349774 0.442630
v 0.137055 0.365350 0.440887
v 0.102779 0.283360 0.449282
v 0.111372 0.300668 0.451780
v 0.120993 0.317987 0.453064
v 0.131498 0.334984 0.453064
v 0.142685 0.351335 0.451779
v 0.154323 0.366760 0.449281
v 0.110257 0.266784 0.456616
v 0.118567 0.284102 0.459910
v 0.127922 0.301654 0.461964
v 0.138196 0.319099 0.462662
v 0.149204 0.336090 0.461964
v 0.160719 0.352307 0.459910
v 0.172493 0.367485 0.456615
v 0.118649 0.250000 0.462713
v 0.126696 0.267106 0.466803
v 0.135780 0.284664 0.469664
v 0.145797 0.302345 0.471137
v 0.156580 0.319793 0.471137
v 0.167915 0.336660 0.469663
v 0.179556 0.352638 0.466802
v 0.191257 0.367485 0.462712
v 0.127800 0.233320 0.467460
v 0.135618 0.250000 0.472299
v 0.144446 0.267332 0.475960
v 0.154198 0.285015 0.478245
v 0.164729 0.302701 0.479023
v 0.175838 0.320029 0.478245
v 0.187292 0.336660 0.475959
v 0.198846 0.352307 0.472298
v 0.210268 0.366760 0.467459
v 0.137515 0.217043 0.470819
v 0.145150 0.233111 0.476321
v 0.153749 0.250000 0.480729
v 0.163245 0.267448 0.483814
v 0.173512 0.285134 0.485404
v 0.184369 0.302701 0.485404
v 0.195595 0.319793 0.483814
v 0.206955 0.336090 0.480728
v 0.218215 0.351335 0.476320
v 0.229171 0.365350 0.470818
v 0.147583 0.201431 0.472827
v 0.155080 0.216742 0.478876
v 0.163485 0.233003 0.483936
v 0.172746 0.250000 0.487764
v 0.182753 0.267448 0.490153
v 0.193345 0.285015 0.490965
v 0.204320 0.302345 0.490153
v 0.215450 0.319099 0.487764
v 0.226511 0.334984 0.483936
v 0.237296 0.349774 0.478875
v 0.247637 0.363327 0.472826
v 0.157791 0.186693 0.473584
v 0.165190 0.201147 0.480045
v 0.173437 0.216640 0.485638
v 0.182488 0.233003 0.490111
v 0.192249 0.250000 0.493238
v 0.202579 0.267332 0.494849
v 0.213290 0.284664 0.494848
v 0.224173 0.301654 0.493238
v 0.235009 0.317987 0.490111
v 0.245597 0.333400 0.485637
v 0.255765 0.347705 0.480044
v 0.265384 0.360788 0.473583
v 0.167946 0.172970 0.473234
v 0.175279 0.186516 0.479971
v 0.183396 0.201147 0.485961
v 0.192263 0.216742 0.490957
v 0.201797 0.233111 0.494727
v 0.211873 0.250000 0.497076
v 0.222322 0.267106 0.497874
v 0.232949 0.284102 0.497075
v 0.243548 0.300668 0.494727
v 0.253925 0.316516 0.490957
v 0.263907 0.331421 0.485960
v 0.273363 0.345225 0.479970
v 0.282199 0.357842 0.473234
v 0.177885 0.160344 0.471949
v 0.185170 0.172970 0.478831
v 0.193181 0.186693 0.485082
v 0.201884 0.201431 0.490470
v 0.211209 0.217043 0.494763
v 0.221043 0.233320 0.497756
v 0.231236 0.250000 0.499295
v 0.241608 0.266784 0.499295
v 0.251968 0.283360 0.497756
v 0.262129 0.299436 0.494763
v 0.271921 0.314758 0.490470
v 0.281211 0.329134 0.485082
v 0.289902 0.342436 0.478831
v 0.297937 0.354598 0.471949
v 0.341675 0.354598 0.457738
v 0.352220 0.342436 0.458583
v 0.355162 0.357842 0.449527
v 0.362926 0.329134 0.458532
v 0.366271 0.345225 0.449783
v 0.368971 0.360788 0.439926
v 0.373609 0.314758 0.457430
v 0.377442 0.331421 0.449071
v 0.380552 0.347705 0.439499
v 0.382885 0.363327 0.428882
v 0.384055 0.299436 0.455147
v 0.388455 0.316516 0.447246
v 0.392066 0.333400 0.438047
v 0.394806 0.349774 0.427697
v 0.396643 0.365350 0.416404
v 0.394035 0.283360 0.451596
v 0.399066 0.300667 0.444196
v 0.403261 0.317987 0.435442
v 0.406507 0.334983 0.425452
v 0.408742 0.351335 0.414415
v 0.409962 0.366760 0.402575
v 0.403321 0.266784 0.446751
v 0.409022 0.284102 0.439866
v 0.413866 0.301654 0.431603
v 0.417705 0.319099 0.422047
v 0.420443 0.336090 0.411362
v 0.422048 0.352307 0.399776
v 0.422553 0.367485 0.387560
v 0.411713 0.250000 0.440654
v 0.418089 0.267106 0.434265
v 0.423617 0.284664 0.426509
v 0.428114 0.302345 0.417438
v 0.431446 0.319793 0.407182
v 0.433547 0.336660 0.395947
v 0.434423 0.352638 0.383991
v 0.434150 0.367485 0.371598
v 0.419055 0.233320 0.433418
v 0.426073 0.250000 0.427477
v 0.432283 0.267332 0.420213
v 0.437470 0.285014 0.411644
v 0.441464 0.302701 0.401869
v 0.444157 0.320029 0.391063
v 0.445523 0.336660 0.379463
v 0.445612 0.352307 0.367343
v 0.444539 0.366760 0.354984
v 0.425252 0.217043 0.425216
v 0.432844 0.233111 0.419655
v 0.439693 0.250000 0.412839
v 0.445563 0.267448 0.404761
v 0.450247 0.285134 0.395488
v 0.453602 0.302701 0.385162
v 0.455559 0.319793 0.373993
v 0.456135 0.336090 0.362236
v 0.455422 0.351334 0.350165
v 0.453575 0.365349 0.338044
v 0.430273 0.201431 0.416261
v 0.438342 0.216742 0.411001
v 0.445753 0.233003 0.404570
v 0.452255 0.250000 0.396946
v 0.457619 0.267448 0.388166
v 0.461665 0.285014 0.378343
v 0.464283 0.302345 0.367655
v 0.465451 0.319099 0.356331
v 0.465229 0.334983 0.344629
v 0.463748 0.349773 0.332807
v 0.461191 0.363326 0.321103
v 0.434147 0.186692 0.406787
v 0.442578 0.201147 0.401746
v 0.450446 0.216639 0.395631
v 0.457497 0.233003 0.388406
v 0.463488 0.249999 0.380088
v 0.468211 0.267332 0.370762
v 0.471521 0.284664 0.360575
v 0.473353 0.301654 0.349727
v 0.473727 0.317986 0.338454
v 0.472745 0.333400 0.327002
v 0.470568 0.347704 0.315603
v 0.467395 0.360787 0.304458
v 0.436953 0.172970 0.397021
v 0.445625 0.186516 0.392129
v 0.453830 0.201147 0.386259
v 0.461322 0.216742 0.379371
v 0.467854 0.233110 0.371468
v 0.473201 0.249999 0.362611
v 0.477189 0.267106 0.352920
v 0.479714 0.284102 0.342566
v 0.480756 0.300667 0.331759
v 0.480377 0.316515 0.320726
v 0.478710 0.331420 0.309688
v 0.475935 0.345224 0.298844
v 0.472259 0.357841 0.288358
v 0.438801 0.160344 0.387171
v 0.447598 0.172970 0.382369
v 0.456019 0.186692 0.376683
v 0.463832 0.201431 0.370070
v 0.470797 0.217042 0.362528
v 0.476682 0.233319 0.354100
v 0.481295 0.249999 0.344882
v 0.484501 0.266783 0.335017
v 0.486239 0.283359 0.324688
v 0.486532 0.299435 0.314100
v 0.485475 0.314757 0.303460
v 0.483222 0.329133 0.292960
v 0.479962 0.342435 0.282762
v 0.475900 0.354597 0.272994
v 0.322115 0.339656 0.028051
v 0.332054 0.327030 0.026766
v 0.314830 0.327030 0.021169
v 0.342209 0.313307 0.026416
v 0.324721 0.313483 0.020029
v 0.306819 0.313307 0.014918
v 0.352417 0.298569 0.027173
v 0.334810 0.298853 0.019955
v 0.316604 0.298853 0.014039
v 0.298116 0.298569 0.009530
v 0.362485 0.282957 0.029181
v 0.344920 0.283258 0.021124
v 0.326563 0.283360 0.014362
v 0.307737 0.283258 0.009043
v 0.288791 0.282957 0.005237
v 0.372200 0.266680 0.032540
v 0.354850 0.266889 0.023679
v 0.336515 0.266997 0.016063
v 0.317512 0.266997 0.009889
v 0.298203 0.266889 0.005273
v 0.278957 0.266680 0.002244
v 0.381351 0.250000 0.037287
v 0.364382 0.250000 0.027701
v 0.346251 0.250000 0.019271
v 0.327254 0.250000 0.012236
v 0.307751 0.250000 0.006762
v 0.288127 0.250000 0.002924
v 0.268764 0.250000 0.000705
v 0.389743 0.233216 0.043384
v 0.373304 0.232894 0.033197
v 0.355554 0.232668 0.024040
v 0.336755 0.232552 0.016186
v 0.317247 0.232552 0.009847
v 0.297421 0.232668 0.005151
v 0.277678 0.232894 0.002126
v 0.258392 0.233216 0.000705
v 0.397221 0.216640 0.050718
v 0.381433 0.215897 0.040090
v 0.364220 0.215336 0.030336
v 0.345802 0.214985 0.021755
v 0.326488 0.214866 0.014596
v 0.306655 0.214985 0.009035
v 0.286710 0.215336 0.005152
v 0.267051 0.215897 0.002925
v 0.248032 0.216640 0.002244
v 0.403681 0.200564 0.059112
v 0.388628 0.199332 0.048220
v 0.372078 0.198346 0.038036
v 0.354203 0.197655 0.028863
v 0.335271 0.197299 0.020977
v 0.315631 0.197299 0.014596
v 0.295680 0.197655 0.009847
v 0.275827 0.198346 0.006762
v 0.256452 0.199332 0.005273
v 0.237871 0.200564 0.005237
v 0.409081 0.185242 0.068342
v 0.394807 0.183484 0.057370
v 0.379007 0.182013 0.046936
v 0.361804 0.180901 0.037338
v 0.343420 0.180206 0.028863
v 0.324162 0.179970 0.021755
v 0.304404 0.180206 0.016186
v 0.284550 0.180901 0.012236
v 0.264991 0.182013 0.009890
v 0.246075 0.183484 0.009043
v 0.228079 0.185242 0.009530
v 0.413430 0.170866 0.078161
v 0.399947 0.168579 0.067280
v 0.384943 0.166599 0.056778
v 0.368502 0.165016 0.046936
v 0.350796 0.163909 0.038036
v 0.332085 0.163339 0.030337
v 0.312708 0.163339 0.024041
v 0.293045 0.163909 0.019272
v 0.273489 0.165016 0.016064
v 0.254403 0.166599 0.014363
v 0.236093 0.168579 0.014040
v 0.218789 0.170866 0.014918
v 0.416786 0.157564 0.088328
v 0.404076 0.154775 0.077684
v 0.389882 0.152295 0.067280
v 0.374253 0.150226 0.057370
v 0.357315 0.148665 0.048221
v 0.339281 0.147692 0.040090
v 0.320444 0.147362 0.033198
v 0.301154 0.147692 0.027702
v 0.281785 0.148665 0.023680
v 0.262704 0.150226 0.021125
v 0.244235 0.152295 0.019956
v 0.226637 0.154775 0.020030
v 0.210098 0.157564 0.021169
v 0.419242 0.145402 0.098618
v 0.407265 0.142158 0.088328
v 0.393867 0.139212 0.078162
v 0.379064 0.136673 0.068342
v 0.362945 0.134650 0.059113
v 0.345677 0.133239 0.050719
v 0.327507 0.132514 0.043385
v 0.308743 0.132514 0.037288
v 0.289732 0.133239 0.032541
v 0.270828 0.134650 0.029182
v 0.252363 0.136673 0.027174
v 0.234615 0.139212 0.026417
v 0.217801 0.142158 0.026766
v 0.202063 0.145402 0.028051
v 0.061199 0.339656 0.112829
v 0.063047 0.327030 0.102979
v 0.052402 0.327030 0.117631
v 0.065853 0.313307 0.093213
v 0.054375 0.313483 0.107871
v 0.043981 0.313307 0.123317
v 0.069727 0.298569 0.083739
v 0.057422 0.298853 0.098254
v 0.046170 0.298853 0.113741
v 0.036168 0.298569 0.129930
v 0.074748 0.282957 0.074784
v 0.061658 0.283258 0.088999
v 0.049554 0.283360 0.104369
v 0.038678 0.283258 0.120630
v 0.029203 0.282957 0.137472
v 0.080945 0.266680 0.066582
v 0.067156 0.266889 0.080345
v 0.054247 0.266997 0.095430
v 0.042503 0.266997 0.111594
v 0.032146 0.266889 0.128533
v 0.023317 0.266680 0.145900
v 0.088287 0.250000 0.059346
v 0.073927 0.250000 0.072523
v 0.060307 0.250000 0.087161
v 0.047745 0.250000 0.103054
v 0.036512 0.250000 0.119912
v 0.026799 0.250000 0.137389
v 0.018705 0.250000 0.155119
v 0.096679 0.233216 0.053249
v 0.081911 0.232894 0.065735
v 0.067717 0.232668 0.079787
v 0.054438 0.232552 0.095239
v 0.042381 0.232552 0.111834
v 0.031789 0.232668 0.129238
v 0.022811 0.232894 0.147080
v 0.015499 0.233216 0.164984
v 0.105965 0.216640 0.048404
v 0.090978 0.215897 0.060134
v 0.076383 0.215336 0.073491
v 0.062530 0.214985 0.088356
v 0.049753 0.214866 0.104512
v 0.038335 0.214985 0.121657
v 0.028479 0.215336 0.139425
v 0.020286 0.215898 0.157434
v 0.013761 0.216640 0.175312
v 0.115945 0.200564 0.044853
v 0.100934 0.199332 0.055804
v 0.086134 0.198346 0.068397
v 0.071886 0.197655 0.082562
v 0.058536 0.197299 0.098131
v 0.046398 0.197299 0.114838
v 0.035717 0.197655 0.132345
v 0.026647 0.198346 0.150273
v 0.019244 0.199333 0.168241
v 0.013468 0.200565 0.185900
v 0.126391 0.185242 0.042570
v 0.111545 0.183484 0.052754
v 0.096739 0.182013 0.064557
v 0.082295 0.180901 0.077952
v 0.068554 0.180207 0.092818
v 0.055843 0.179970 0.108937
v 0.044441 0.180207 0.126006
v 0.034549 0.180901 0.143669
v 0.026273 0.182013 0.161545
v 0.019623 0.183484 0.179274
v 0.014525 0.185242 0.196540
v 0.137074 0.170866 0.041468
v 0.122559 0.168579 0.050929
v 0.107935 0.166599 0.061953
v 0.093494 0.165016 0.074548
v 0.079558 0.163910 0.088638
v 0.066453 0.163340 0.104053
v 0.054477 0.163340 0.120537
v 0.043866 0.163910 0.137763
v 0.034772 0.165017 0.155371
v 0.027256 0.166600 0.172997
v 0.021290 0.168580 0.190312
v 0.016778 0.170866 0.207041
v 0.147780 0.157564 0.041417
v 0.133729 0.154775 0.050217
v 0.119449 0.152295 0.060501
v 0.105194 0.150226 0.072303
v 0.091258 0.148665 0.085585
v 0.077953 0.147693 0.100224
v 0.065577 0.147362 0.116009
v 0.054389 0.147693 0.132657
v 0.044578 0.148665 0.149834
v 0.036252 0.150226 0.167192
v 0.029433 0.152295 0.184396
v 0.024065 0.154776 0.201156
v 0.020038 0.157565 0.217238
v 0.158326 0.145402 0.042262
v 0.144838 0.142158 0.050473
v 0.131029 0.139212 0.060074
v 0.117116 0.136673 0.071118
v 0.103357 0.134650 0.083596
v 0.090038 0.133240 0.097425
v 0.077448 0.132515 0.112439
v 0.065851 0.132515 0.128401
v 0.055461 0.133240 0.145015
v 0.046425 0.134651 0.161955
v 0.038809 0.136674 0.178896
v 0.032605 0.139213 0.195542
v 0.027741 0.142159 0.211641
v 0.024100 0.145403 0.227006
v 0.061199 0.339656 0.387171
v 0.052402 0.327030 0.382369
v 0.063047 0.327030 0.397021
v 0.043981 0.313307 0.376683
v 0.054375 0.313483 0.392129
v 0.065853 0.313307 0.406787
v 0.036168 0.298569 0.370070
v 0.046170 0.298853 0.386259
v 0.057421 0.298853 0.401746
v 0.069727 0.298569 0.416261
v 0.029203 0.282957 0.362528
v 0.038678 0.283258 0.379370
v 0.049554 0.283360 0.395631
v 0.061658 0.283258 0.411001
v 0.074748 0.282957 0.425216
v 0.023317 0.266680 0.354100
v 0.032146 0.266889 0.371467
v 0.042503 0.266997 0.388406
v 0.054247 0.266997 0.404570
v 0.067156 0.266889 0.419655
v 0.080945 0.266680 0.433418
v 0.018705 0.250000 0.344881
v 0.026799 0.250000 0.362611
v 0.036512 0.250000 0.380088
v 0.047745 0.250000 0.396946
v 0.060307 0.250000 0.412839
v 0.073927 0.250000 0.427477
v 0.088287 0.250000 0.440654
v 0.015499 0.233216 0.335016
v 0.022811 0.232894 0.352920
v 0.031789 0.232668 0.370762
v 0.042381 0.232552 0.388166
v 0.054438 0.232552 0.404761
v 0.067717 0.232668 0.420213
v 0.081911 0.232894 0.434265
v 0.096679 0.233216 0.446751
v 0.013761 0.216640 0.324688
v 0.020286 0.215898 0.342566
v 0.028479 0.215336 0.360575
v 0.038335 0.214985 0.378343
v 0.049753 0.214866 0.395488
v 0.062530 0.214985 0.411644
v 0.076383 0.215336 0.426509
v 0.090978 0.215897 0.439866
v 0.105965 0.216640 0.451596
v 0.013468 0.200565 0.314100
v 0.019244 0.199333 0.331759
v 0.026647 0.198346 0.349727
v 0.035717 0.197655 0.367655
v 0.046398 0.197299 0.385162
v 0.058536 0.197299 0.401869
v 0.071886 0.197655 0.417438
v 0.086134 0.198346 0.431603
v 0.100934 0.199332 0.444196
v 0.115945 0.200564 0.455147
v 0.014525 0.185242 0.303460
v 0.019623 0.183484 0.320726
v 0.026273 0.182013 0.338455
v 0.034549 0.180901 0.356331
v 0.044441 0.180207 0.373994
v 0.055843 0.179970 0.391063
v 0.068554 0.180207 0.407182
v 0.082295 0.180901 0.422048
v 0.096739 0.182013 0.435443
v 0.111545 0.183484 0.447246
v 0.126391 0.185242 0.457430
v 0.016778 0.170866 0.292959
v 0.021290 0.168580 0.309688
v 0.027256 0.166600 0.327003
v 0.034772 0.165017 0.344629
v 0.043866 0.163910 0.362237
v 0.054477 0.163340 0.379463
v 0.066453 0.163340 0.395947
v 0.079558 0.163910 0.411362
v 0.093493 0.165016 0.425452
v 0.107935 0.166600 0.438047
v 0.122559 0.168579 0.449071
v 0.137074 0.170866 0.458532
v 0.020038 0.157565 0.282762
v 0.024065 0.154776 0.298844
v 0.029433 0.152295 0.315604
v 0.036252 0.150226 0.332808
v 0.044578 0.148665 0.350166
v 0.054389 0.147693 0.367343
v 0.065577 0.147362 0.383991
v 0.077953 0.147693 0.399776
v 0.091258 0.148665 0.414415
v 0.105194 0.150226 0.427697
v 0.119449 0.152295 0.439500
v 0.133729 0.154775 0.449783
v 0.147780 0.157564 0.458583
v 0.024100 0.145403 0.272994
v 0.027741 0.142159 0.288359
v 0.032605 0.139213 0.304458
v 0.038809 0.136674 0.321103
v 0.046425 0.134651 0.338045
v 0.055461 0.133240 0.354985
v 0.065851 0.132515 0.371599
v 0.077448 0.132515 0.387561
v 0.090038 0.133240 0.402575
v 0.103357 0.134650 0.416404
v 0.117116 0.136673 0.428882
v 0.131029 0.139212 0.439926
v 0.144838 0.142158 0.449527
v 0.158326 0.145402 0.457738
v 0.322115 0.339656 0.471949
v 0.314830 0.327030 0.478831
v 0.332054 0.327030 0.473234
v 0.306819 0.313307 0.485082
v 0.324721 0.313483 0.479971
v 0.342209 0.313307 0.473584
v 0.298116 0.298569 0.490470
v 0.316604 0.298853 0.485961
v 0.334810 0.298853 0.480045
v 0.352417 0.298569 0.472827
v 0.288791 0.282957 0.494763
v 0.307737 0.283258 0.490957
v 0.326563 0.283360 0.485638
v 0.344920 0.283258 0.478876
v 0.362485 0.282957 0.470819
v 0.278957 0.266680 0.497756
v 0.298203 0.266889 0.494727
v 0.317512 0.266997 0.490111
v 0.336515 0.266997 0.483937
v 0.354850 0.266889 0.476321
v 0.372200 0.266680 0.467460
v 0.268764 0.250000 0.499295
v 0.288127 0.250000 0.497075
v 0.307751 0.250000 0.493238
v 0.327254 0.250000 0.487764
v 0.346251 0.250000 0.480729
v 0.364382 0.250000 0.472299
v 0.381351 0.250000 0.462713
v 0.258392 0.233216 0.499295
v 0.277678 0.232894 0.497874
v 0.297421 0.232668 0.494849
v 0.317247 0.232552 0.490153
v 0.336755 0.232552 0.483814
v 0.355554 0.232668 0.475960
v 0.373304 0.232894 0.466803
v 0.389743 0.233216 0.456616
v 0.248032 0.216640 0.497756
v 0.267051 0.215897 0.497075
v 0.286710 0.215336 0.494848
v 0.306655 0.214985 0.490965
v 0.326488 0.214866 0.485404
v 0.345802 0.214985 0.478245
v 0.364220 0.215336 0.469664
v 0.381433 0.215897 0.459910
v 0.397221 0.216640 0.449282
v 0.237871 0.200564 0.494763
v 0.256452 0.199332 0.494727
v 0.275827 0.198346 0.493238
v 0.295680 0.197655 0.490153
v 0.315631 0.197299 0.485404
v 0.335271 0.197299 0.479023
v 0.354203 0.197655 0.471137
v 0.372078 0.198346 0.461964
v 0.388628 0.199332 0.451780
v 0.403681 0.200564 0.440888
v 0.228079 0.185242 0.490470
v 0.246075 0.183484 0.490957
v 0.264991 0.182013 0.490110
v 0.284550 0.180901 0.487764
v 0.304404 0.180206 0.483814
v 0.324162 0.179970 0.478245
v 0.343420 0.180206 0.471137
v 0.361804 0.180901 0.462662
v 0.379007 0.182013 0.453064
v 0.394807 0.183484 0.442630
v 0.409081 0.185242 0.431658
v 0.218789 0.170866 0.485082
v 0.236093 0.168579 0.485960
v 0.254403 0.166599 0.485637
v 0.273489 0.165016 0.483936
v 0.293045 0.163909 0.480728
v 0.312708 0.163339 0.475959
v 0.332085 0.163339 0.469663
v 0.350796 0.163909 0.461964
v 0.368502 0.165016 0.453064
v 0.384943 0.166599 0.443222
v 0.399947 0.168579 0.432720
v 0.413430 0.170866 0.421839
v 0.210098 0.157564 0.478831
v 0.226637 0.154775 0.479970
v 0.244235 0.152295 0.480044
v 0.262704 0.150226 0.478875
v 0.281785 0.148665 0.476320
v 0.301154 0.147692 0.472298
v 0.320444 0.147362 0.466802
v 0.339281 0.147692 0.459910
v 0.357315 0.148665 0.451779
v 0.374253 0.150226 0.442630
v 0.389882 0.152295 0.432720
v 0.404075 0.154775 0.422316
v 0.416786 0.157564 0.411672
v 0.202063 0.145402 0.471949
v 0.217801 0.142158 0.473234
v 0.234615 0.139212 0.473583
v 0.252363 0.136673 0.472826
v 0.270828 0.134650 0.470818
v 0.289732 0.133239 0.467459
v 0.308743 0.132514 0.462712
v 0.327507 0.132514 0.456615
v 0.345677 0.133239 0.449281
v 0.362945 0.134650 0.440887
v 0.379064 0.136673 0.431658
v 0.393867 0.139212 0.421838
v 0.407265 0.142158 0.411672
v 0.419242 0.145402 0.401382
v 0.483371 0.339655 0.250000
v 0.487665 0.327029 0.259055
v 0.487665 0.327029 0.240945
v 0.491135 0.313307 0.268605
v 0.491806 0.313483 0.250000
v 0.491135 0.313307 0.231395
v 0.493570 0.298568 0.278547
v 0.494994 0.298852 0.259571
v 0.494994 0.298852 0.240429
v 0.493570 0.298568 0.221453
v 0.494771 0.282957 0.288742
v 0.497006 0.283258 0.269548
v 0.497764 0.283360 0.250000
v 0.497006 0.283258 0.230452
v 0.494771 0.282957 0.211258
v 0.494579 0.266680 0.299020
v 0.497645 0.266889 0.279781
v 0.499221 0.266997 0.259990
v 0.499221 0.266997 0.240010
v 0.497645 0.266889 0.220219
v 0.494579 0.266680 0.200980
v 0.492892 0.250000 0.309189
v 0.496765 0.250000 0.290089
v 0.499179 0.250000 0.270241
v 0.500000 0.250000 0.250000
v 0.499179 0.250000 0.229760
v 0.496765 0.250000 0.209911
v 0.492892 0.250000 0.190811
v 0.489687 0.233216 0.319054
v 0.494295 0.232894 0.300273
v 0.497519 0.232668 0.280562
v 0.499179 0.232552 0.260256
v 0.499179 0.232552 0.239744
v 0.497519 0.232668 0.219438
v 0.494295 0.232894 0.199727
v 0.489687 0.233216 0.180946
v 0.485022 0.216640 0.328432
v 0.490252 0.215898 0.310133
v 0.494209 0.215336 0.290749
v 0.496679 0.214985 0.270581
v 0.497519 0.214866 0.250000
v 0.496679 0.214985 0.229419
v 0.494209 0.215336 0.209251
v 0.490252 0.215898 0.189867
v 0.485022 0.216640 0.171568
v 0.479036 0.200564 0.337170
v 0.484743 0.199333 0.319489
v 0.489314 0.198346 0.300601
v 0.492515 0.197655 0.280767
v 0.494164 0.197299 0.260325
v 0.494164 0.197299 0.239675
v 0.492515 0.197655 0.219233
v 0.489314 0.198346 0.199399
v 0.484743 0.199333 0.180511
v 0.479036 0.200564 0.162830
v 0.471927 0.185242 0.345157
v 0.477951 0.183484 0.328192
v 0.482991 0.182013 0.309941
v 0.486803 0.180901 0.290614
v 0.489182 0.180207 0.270511
v 0.489991 0.179971 0.250000
v 0.489182 0.180207 0.229489
v 0.486803 0.180901 0.209386
v 0.482991 0.182013 0.190059
v 0.477951 0.183484 0.171808
v 0.471927 0.185242 0.154843
v 0.463932 0.170866 0.352328
v 0.470114 0.168579 0.336142
v 0.475465 0.166600 0.318628
v 0.479745 0.165017 0.299951
v 0.482737 0.163910 0.280361
v 0.484278 0.163340 0.260187
v 0.484278 0.163340 0.239813
v 0.482737 0.163910 0.219639
v 0.479745 0.165017 0.200049
v 0.475465 0.166600 0.181372
v 0.470114 0.168579 0.163858
v 0.463932 0.170866 0.147672
v 0.455300 0.157565 0.358662
v 0.461496 0.154775 0.343284
v 0.467004 0.152295 0.326571
v 0.471599 0.150226 0.308644
v 0.475066 0.148665 0.289708
v 0.477226 0.147693 0.270044
v 0.477959 0.147362 0.250000
v 0.477226 0.147693 0.229956
v 0.475066 0.148665 0.210292
v 0.471599 0.150226 0.191356
v 0.467004 0.152295 0.173429
v 0.461496 0.154775 0.156716
v 0.455300 0.157565 0.141338
v 0.446272 0.145402 0.364177
v 0.452358 0.142159 0.349607
v 0.457886 0.139213 0.333723
v 0.462650 0.136674 0.316610
v 0.466447 0.134650 0.298428
v 0.469094 0.133240 0.279412
v 0.470454 0.132515 0.259865
v 0.470454 0.132515 0.240135
v 0.469094 0.133240 0.220588
v 0.466447 0.134650 0.201572
v 0.462650 0.136674 0.183390
v 0.457886 0.139213 0.166277
v 0.452358 0.142159 0.150393
v 0.446272 0.145402 0.135823
v 0.414624 0.121224 0.112829
v 0.407265 0.107710 0.117631
v 0.402504 0.117231 0.102980
v 0.398757 0.094042 0.123318
v 0.394267 0.103416 0.107872
v 0.388976 0.113604 0.093214
v 0.389069 0.080462 0.129930
v 0.384850 0.089535 0.113741
v 0.379818 0.099599 0.098254
v 0.374061 0.110478 0.083739
v 0.378220 0.067251 0.137472
v 0.374252 0.075860 0.120630
v 0.369480 0.085634 0.104369
v 0.363976 0.096414 0.089000
v 0.357853 0.107988 0.074785
v 0.366294 0.054708 0.145900
v 0.362533 0.062698 0.128533
v 0.357997 0.072009 0.111595
v 0.352745 0.082514 0.095431
v 0.346876 0.094011 0.080346
v 0.340523 0.106251 0.066583
v 0.353438 0.043123 0.155119
v 0.349818 0.050362 0.137390
v 0.345474 0.059050 0.119913
v 0.340451 0.069097 0.103055
v 0.334834 0.080332 0.087162
v 0.328743 0.092514 0.072524
v 0.322321 0.105358 0.059347
v 0.339860 0.032750 0.164984
v 0.336301 0.039145 0.147081
v 0.332085 0.047074 0.129239
v 0.327244 0.056496 0.111835
v 0.321852 0.067280 0.095240
v 0.316018 0.079209 0.079788
v 0.309872 0.092005 0.065736
v 0.303556 0.105358 0.053250
v 0.325811 0.023782 0.175313
v 0.322229 0.029286 0.157434
v 0.318063 0.036363 0.139426
v 0.313341 0.045022 0.121657
v 0.308129 0.055180 0.104513
v 0.302522 0.066662 0.088357
v 0.296640 0.079209 0.073492
v 0.290616 0.092514 0.060135
v 0.284577 0.106251 0.048405
v 0.311564 0.016331 0.185901
v 0.307879 0.020947 0.168241
v 0.303686 0.027127 0.150274
v 0.299012 0.034930 0.132346
v 0.293917 0.044324 0.114839
v 0.288489 0.055180 0.098132
v 0.282837 0.067280 0.082563
v 0.277083 0.080332 0.068398
v 0.271347 0.094011 0.055805
v 0.265736 0.107988 0.044854
v 0.297387 0.010424 0.196540
v 0.293534 0.014198 0.179274
v 0.289245 0.019488 0.161546
v 0.284549 0.026393 0.143670
v 0.279505 0.034930 0.126007
v 0.274195 0.045022 0.108938
v 0.268721 0.056496 0.092819
v 0.263197 0.069097 0.077953
v 0.257733 0.082514 0.064558
v 0.252427 0.096414 0.052755
v 0.247360 0.110478 0.042571
v 0.283521 0.006011 0.207041
v 0.279458 0.009024 0.190312
v 0.275020 0.013474 0.172998
v 0.270243 0.019488 0.155372
v 0.265186 0.027127 0.137764
v 0.259931 0.036363 0.120537
v 0.254575 0.047074 0.104054
v 0.249224 0.059050 0.088639
v 0.243982 0.072009 0.074549
v 0.238940 0.085634 0.061954
v 0.234171 0.099599 0.050930
v 0.229725 0.113604 0.041469
v 0.270166 0.002978 0.217238
v 0.265871 0.005332 0.201156
v 0.261252 0.009024 0.184397
v 0.256352 0.014198 0.167193
v 0.251232 0.020947 0.149835
v 0.245975 0.029286 0.132657
v 0.240676 0.039146 0.116009
v 0.235437 0.050362 0.100224
v 0.230357 0.062698 0.085586
v 0.225521 0.075860 0.072303
v 0.220997 0.089535 0.060501
v 0.216829 0.103417 0.050218
v 0.213040 0.117231 0.041418
v 0.257471 0.001172 0.227006
v 0.252942 0.002978 0.211642
v 0.248132 0.006011 0.195542
v 0.243087 0.010424 0.178897
v 0.237871 0.016331 0.161956
v 0.232569 0.023782 0.145015
v 0.227274 0.032750 0.128402
v 0.222088 0.043123 0.112440
v 0.217106 0.054708 0.097425
v 0.212411 0.067251 0.083597
v 0.208068 0.080462 0.071118
v 0.204117 0.094042 0.060074
v 0.200577 0.107710 0.050473
v 0.197445 0.121224 0.042263
v 0.170414 0.121224 0.051045
v 0.172707 0.107710 0.059528
v 0.157301 0.117231 0.059528
v 0.175486 0.094042 0.069377
v 0.159408 0.103416 0.068875
v 0.143833 0.113604 0.069377
v 0.178781 0.080462 0.080634
v 0.162081 0.089535 0.079644
v 0.145797 0.099599 0.079644
v 0.130213 0.110478 0.080634
v 0.182602 0.067251 0.093283
v 0.165358 0.075860 0.091852
v 0.148418 0.085634 0.091366
v 0.132100 0.096414 0.091852
v 0.116688 0.107988 0.093282
v 0.186932 0.054708 0.107230
v 0.169252 0.062697 0.105440
v 0.151742 0.072009 0.104520
v 0.134745 0.082514 0.104519
v 0.118585 0.094011 0.105440
v 0.103532 0.106251 0.107229
v 0.191727 0.043123 0.122305
v 0.173746 0.050362 0.120269
v 0.155782 0.059050 0.119000
v 0.138197 0.069097 0.118568
v 0.121346 0.080332 0.119000
v 0.105542 0.092514 0.120269
v 0.091026 0.105359 0.122305
v 0.196913 0.032750 0.138267
v 0.178786 0.039145 0.136119
v 0.160514 0.047074 0.134616
v 0.142466 0.056496 0.133842
v 0.125018 0.067280 0.133842
v 0.108519 0.079209 0.134616
v 0.093255 0.092006 0.136119
v 0.079429 0.105359 0.138267
v 0.202395 0.023782 0.154820
v 0.184284 0.029286 0.152702
v 0.165870 0.036363 0.151100
v 0.147512 0.045022 0.150099
v 0.129596 0.055181 0.149759
v 0.112498 0.066662 0.150099
v 0.096543 0.079209 0.151099
v 0.081978 0.092515 0.152702
v 0.068956 0.106251 0.154820
v 0.208062 0.016331 0.171642
v 0.190128 0.020946 0.169689
v 0.171744 0.027127 0.168125
v 0.153249 0.034930 0.167030
v 0.135024 0.044324 0.166466
v 0.117458 0.055181 0.166466
v 0.100905 0.067280 0.167030
v 0.085654 0.080333 0.168125
v 0.071905 0.094012 0.169689
v 0.059757 0.107988 0.171642
v 0.213800 0.010424 0.188413
v 0.196189 0.014198 0.186741
v 0.178002 0.019488 0.185342
v 0.159550 0.026393 0.184284
v 0.141193 0.034930 0.183624
v 0.123318 0.045022 0.183400
v 0.106297 0.056497 0.183624
v 0.090451 0.069098 0.184284
v 0.076023 0.082514 0.185342
v 0.063158 0.096415 0.186741
v 0.051907 0.110479 0.188413
v 0.219502 0.006011 0.204845
v 0.202336 0.009024 0.203540
v 0.184498 0.013474 0.202410
v 0.166258 0.019488 0.201507
v 0.147949 0.027127 0.200875
v 0.129942 0.036363 0.200550
v 0.112610 0.047075 0.200550
v 0.096296 0.059050 0.200875
v 0.081275 0.072010 0.201507
v 0.067739 0.085634 0.202410
v 0.055781 0.099600 0.203540
v 0.045409 0.113605 0.204845
v 0.225073 0.002978 0.220697
v 0.208451 0.005332 0.219813
v 0.191084 0.009024 0.219026
v 0.173208 0.014198 0.218371
v 0.155118 0.020947 0.217876
v 0.137156 0.029287 0.217567
v 0.119686 0.039146 0.217463
v 0.103054 0.050363 0.217567
v 0.087562 0.062698 0.217876
v 0.073435 0.075861 0.218371
v 0.060813 0.089536 0.219026
v 0.049744 0.103417 0.219813
v 0.040205 0.117232 0.220697
v 0.230440 0.001172 0.235789
v 0.214428 0.002978 0.235348
v 0.197630 0.006011 0.234948
v 0.180240 0.010424 0.234603
v 0.162516 0.016331 0.234328
v 0.144767 0.023783 0.234137
v 0.127330 0.032751 0.234038
v 0.110547 0.043123 0.234038
v 0.094727 0.054709 0.234137
v 0.080125 0.067252 0.234328
v 0.066915 0.080463 0.234603
v 0.055190 0.094043 0.234948
v 0.044965 0.107711 0.235348
v 0.036189 0.121225 0.235789
v 0.036189 0.121225 0.264211
v 0.044965 0.107711 0.264652
v 0.040205 0.117232 0.279303
v 0.055191 0.094043 0.265052
v 0.049744 0.103417 0.280187
v 0.045409 0.113605 0.295156
v 0.066915 0.080463 0.265397
v 0.060813 0.089536 0.280974
v 0.055781 0.099600 0.296460
v 0.051907 0.110479 0.311587
v 0.080125 0.067252 0.265672
v 0.073435 0.075861 0.281630
v 0.067739 0.085634 0.297590
v 0.063158 0.096415 0.313259
v 0.059757 0.107988 0.328359
v 0.094727 0.054709 0.265863
v 0.087562 0.062698 0.282124
v 0.081276 0.072010 0.298493
v 0.076023 0.082514 0.314658
v 0.071905 0.094012 0.330311
v 0.068956 0.106251 0.345180
v 0.110547 0.043123 0.265962
v 0.103054 0.050363 0.282433
v 0.096296 0.059050 0.299125
v 0.090451 0.069098 0.315716
v 0.085655 0.080333 0.331875
v 0.081978 0.092515 0.347298
v 0.079429 0.105359 0.361733
v 0.127330 0.032751 0.265962
v 0.119686 0.039146 0.282538
v 0.112610 0.047075 0.299450
v 0.106297 0.056497 0.316376
v 0.100905 0.067280 0.332970
v 0.096543 0.079209 0.348901
v 0.093255 0.092006 0.363881
v 0.091026 0.105359 0.377695
v 0.144767 0.023783 0.265863
v 0.137156 0.029287 0.282433
v 0.129942 0.036363 0.299450
v 0.123318 0.045022 0.316601
v 0.117458 0.055181 0.333535
v 0.112498 0.066662 0.349901
v 0.108519 0.079209 0.365384
v 0.105542 0.092514 0.379731
v 0.103532 0.106251 0.392771
v 0.162516 0.016331 0.265672
v 0.155118 0.020947 0.282125
v 0.147949 0.027127 0.299125
v 0.141193 0.034930 0.316376
v 0.135025 0.044324 0.333535
v 0.129596 0.055181 0.350241
v 0.125018 0.067280 0.366158
v 0.121346 0.080332 0.381001
v 0.118585 0.094011 0.394560
v 0.116688 0.107988 0.406718
v 0.180240 0.010424 0.265397
v 0.173208 0.014198 0.281630
v 0.166258 0.019488 0.298494
v 0.159550 0.026393 0.315716
v 0.153249 0.034930 0.332970
v 0.147512 0.045022 0.349901
v 0.142466 0.056497 0.366159
v 0.138197 0.069097 0.381432
v 0.134745 0.082514 0.395481
v 0.132100 0.096414 0.408148
v 0.130213 0.110478 0.419366
v 0.197630 0.006011 0.265052
v 0.191084 0.009024 0.280974
v 0.184498 0.013474 0.297590
v 0.178002 0.019488 0.314658
v 0.171744 0.027127 0.331875
v 0.165870 0.036363 0.348901
v 0.160514 0.047075 0.365384
v 0.155782 0.059050 0.381001
v 0.151742 0.072010 0.395481
v 0.148418 0.085634 0.408634
v 0.145797 0.099599 0.420356
v 0.143833 0.113604 0.430623
v 0.214428 0.002978 0.264652
v 0.208450 0.005332 0.280188
v 0.202336 0.009024 0.296461
v 0.196189 0.014198 0.313259
v 0.190128 0.020947 0.330311
v 0.184284 0.029287 0.347299
v 0.178786 0.039146 0.363882
v 0.173746 0.050362 0.379731
v 0.169252 0.062698 0.394560
v 0.165358 0.075860 0.408149
v 0.162081 0.089535 0.420356
v 0.159408 0.103417 0.431126
v 0.157301 0.117231 0.440472
v 0.230440 0.001172 0.264211
v 0.225073 0.002978 0.279303
v 0.219502 0.006011 0.295156
v 0.213800 0.010424 0.311588
v 0.208062 0.016331 0.328359
v 0.202395 0.023782 0.345181
v 0.196913 0.032750 0.361733
v 0.191727 0.043123 0.377695
v 0.186932 0.054708 0.392771
v 0.182602 0.067251 0.406718
v 0.178781 0.080462 0.419366
v 0.175486 0.094042 0.430623
v 0.172707 0.107710 0.440472
v 0.170414 0.121224 0.448955
v 0.431330 0.121224 0.135823
v 0.436952 0.117232 0.150394
v 0.424489 0.107710 0.141338
v 0.442059 0.113604 0.166277
v 0.429754 0.103417 0.156716
v 0.416451 0.094042 0.147672
v 0.446461 0.110479 0.183390
v 0.434435 0.099599 0.173429
v 0.421261 0.089535 0.163858
v 0.407169 0.080462 0.154843
v 0.449968 0.107988 0.201572
v 0.438341 0.096414 0.191356
v 0.425425 0.085634 0.181372
v 0.411435 0.075860 0.171808
v 0.396643 0.067251 0.162830
v 0.452414 0.106251 0.220588
v 0.441287 0.094011 0.210292
v 0.428755 0.082514 0.200049
v 0.415004 0.072009 0.190059
v 0.400297 0.062698 0.180512
v 0.384942 0.054708 0.171568
v 0.453670 0.105359 0.240135
v 0.443123 0.092514 0.229956
v 0.431083 0.080332 0.219639
v 0.417704 0.069097 0.209386
v 0.403224 0.059050 0.199399
v 0.387945 0.050362 0.189867
v 0.372202 0.043123 0.180946
v 0.453670 0.105359 0.259865
v 0.443747 0.092006 0.250000
v 0.432282 0.079209 0.239813
v 0.419389 0.067280 0.229489
v 0.405273 0.056496 0.219233
v 0.390217 0.047074 0.209251
v 0.374551 0.039145 0.199727
v 0.358624 0.032750 0.190811
v 0.452414 0.106251 0.279412
v 0.443123 0.092515 0.270044
v 0.432282 0.079209 0.260187
v 0.419962 0.066662 0.250000
v 0.406329 0.055181 0.239675
v 0.391635 0.045022 0.229420
v 0.376195 0.036363 0.219438
v 0.360356 0.029286 0.209911
v 0.344459 0.023782 0.200980
v 0.449968 0.107988 0.298428
v 0.441287 0.094012 0.289708
v 0.431083 0.080333 0.280361
v 0.419389 0.067280 0.270511
v 0.406329 0.055181 0.260325
v 0.392117 0.044324 0.250000
v 0.377042 0.034930 0.239745
v 0.361436 0.027127 0.229760
v 0.345643 0.020947 0.220219
v 0.329987 0.016331 0.211258
v 0.446461 0.110479 0.316610
v 0.438341 0.096414 0.308644
v 0.428755 0.082514 0.299951
v 0.417704 0.069098 0.290614
v 0.405273 0.056497 0.280767
v 0.391635 0.045022 0.270581
v 0.377042 0.034930 0.260256
v 0.361803 0.026393 0.250000
v 0.346253 0.019488 0.240010
v 0.330717 0.014198 0.230452
v 0.315487 0.010424 0.221453
v 0.442059 0.113605 0.333723
v 0.434436 0.099599 0.326571
v 0.425425 0.085634 0.318628
v 0.415005 0.072010 0.309941
v 0.403224 0.059050 0.300601
v 0.390217 0.047075 0.290749
v 0.376195 0.036363 0.280562
v 0.361436 0.027127 0.270241
v 0.346253 0.019488 0.259990
v 0.330965 0.013474 0.250000
v 0.315870 0.009024 0.240429
v 0.301216 0.006011 0.231395
v 0.436952 0.117232 0.349607
v 0.429754 0.103417 0.343284
v 0.421262 0.089535 0.336142
v 0.411435 0.075860 0.328192
v 0.400297 0.062698 0.319489
v 0.387945 0.050363 0.310133
v 0.374552 0.039146 0.300273
v 0.360356 0.029287 0.290089
v 0.345644 0.020947 0.279781
v 0.330717 0.014198 0.269548
v 0.315870 0.009024 0.259571
v 0.301358 0.005332 0.250000
v 0.287390 0.002978 0.240945
v 0.431330 0.121224 0.364177
v 0.424489 0.107710 0.358662
v 0.416452 0.094042 0.352328
v 0.407169 0.080462 0.345157
v 0.396644 0.067252 0.337170
v 0.384943 0.054708 0.328432
v 0.372202 0.043123 0.319054
v 0.358624 0.032750 0.309190
v 0.344460 0.023782 0.299020
v 0.329987 0.016331 0.288742
v 0.315487 0.010424 0.278547
v 0.301216 0.006011 0.268605
v 0.287390 0.002978 0.259055
v 0.274177 0.001172 0.250000
v 0.197446 0.121224 0.457737
v 0.200577 0.107710 0.449527
v 0.213040 0.117231 0.458582
v 0.204117 0.094042 0.439926
v 0.216829 0.103416 0.449782
v 0.229725 0.113604 0.458531
v 0.208068 0.080462 0.428881
v 0.220997 0.089535 0.439499
v 0.234171 0.099599 0.449070
v 0.247360 0.110478 0.457429
v 0.212412 0.067251 0.416403
v 0.225521 0.075860 0.427696
v 0.238940 0.085634 0.438046
v 0.252427 0.096414 0.447245
v 0.265736 0.107987 0.455146
v 0.217106 0.054708 0.402574
v 0.230357 0.062697 0.414414
v 0.243983 0.072009 0.425451
v 0.257733 0.082514 0.435441
v 0.271347 0.094011 0.444195
v 0.284577 0.106251 0.451595
v 0.222088 0.043123 0.387560
v 0.235438 0.050362 0.399775
v 0.249225 0.059050 0.411361
v 0.263198 0.069097 0.422046
v 0.277084 0.080332 0.431602
v 0.290616 0.092514 0.439865
v 0.303556 0.105358 0.446750
v 0.227275 0.032750 0.371598
v 0.240677 0.039145 0.383990
v 0.254575 0.047074 0.395946
v 0.268722 0.056496 0.407181
v 0.282838 0.067280 0.417436
v 0.296641 0.079209 0.426508
v 0.309872 0.092005 0.434264
v 0.322321 0.105358 0.440653
v 0.232569 0.023782 0.354984
v 0.245976 0.029286 0.367342
v 0.259931 0.036363 0.379462
v 0.274195 0.045022 0.391062
v 0.288489 0.055180 0.401868
v 0.302522 0.066662 0.411643
v 0.316018 0.079209 0.420212
v 0.328743 0.092514 0.427476
v 0.340523 0.106251 0.433417
v 0.237872 0.016331 0.338044
v 0.251233 0.020946 0.350165
v 0.265186 0.027127 0.362236
v 0.279505 0.034930 0.373992
v 0.293918 0.044324 0.385161
v 0.308129 0.055180 0.395487
v 0.321853 0.067280 0.404760
v 0.334834 0.080332 0.412838
v 0.346877 0.094011 0.419654
v 0.357853 0.107988 0.425215
v 0.243087 0.010424 0.321103
v 0.256352 0.014198 0.332807
v 0.270243 0.019488 0.344628
v 0.284550 0.026393 0.356330
v 0.299013 0.034930 0.367654
v 0.313342 0.045022 0.378342
v 0.327244 0.056496 0.388165
v 0.340451 0.069097 0.396945
v 0.352746 0.082514 0.404569
v 0.363976 0.096414 0.411000
v 0.374061 0.110478 0.416261
v 0.248132 0.006011 0.304458
v 0.261252 0.009024 0.315603
v 0.275020 0.013474 0.327002
v 0.289246 0.019488 0.338454
v 0.303686 0.027127 0.349726
v 0.318063 0.036363 0.360574
v 0.332085 0.047074 0.370761
v 0.345475 0.059050 0.380087
v 0.357998 0.072010 0.388405
v 0.369480 0.085634 0.395631
v 0.379818 0.099599 0.401746
v 0.388976 0.113604 0.406786
v 0.252943 0.002978 0.288358
v 0.265871 0.005332 0.298844
v 0.279458 0.009024 0.309688
v 0.293535 0.014198 0.320726
v 0.307879 0.020947 0.331759
v 0.322229 0.029287 0.342566
v 0.336302 0.039146 0.352919
v 0.349819 0.050362 0.362610
v 0.362533 0.062698 0.371467
v 0.374253 0.075860 0.379370
v 0.384850 0.089535 0.386259
v 0.394267 0.103417 0.392128
v 0.402504 0.117232 0.397020
v 0.257471 0.001172 0.272994
v 0.270166 0.002978 0.282762
v 0.283521 0.006011 0.292959
v 0.297387 0.010424 0.303460
v 0.311564 0.016331 0.314100
v 0.325811 0.023782 0.324688
v 0.339860 0.032750 0.335016
v 0.353438 0.043123 0.344881
v 0.366294 0.054708 0.354100
v 0.378220 0.067252 0.362528
v 0.389069 0.080462 0.370070
v 0.398757 0.094042 0.376682
v 0.407265 0.107710 0.382369
v 0.414624 0.121224 0.387171
vn 0.0110 -0.9994 0.0340
vn 0.7250 -0.4728 0.5008
vn -0.0289 -0.9994 0.0210
vn -0.0289 -0.9994 -0.0210
vn 0.0110 -0.9994 -0.0340
vn 0.7471 -0.4371 0.5008
vn -0.2454 -0.4371 0.8653
vn -0.8988 -0.4371 0.0340
vn -0.3101 -0.4371 -0.8443
vn 0.7072 -0.4371 -0.5558
vn 0.7361 -0.4150 0.5348
vn -0.2812 -0.4150 0.8653
vn -0.9098 -0.4150 -0.0000
vn -0.2812 -0.4150 -0.8653
vn 0.7361 -0.4150 -0.5348
vn 0.2922 0.4728 0.8313
vn -0.7003 0.4728 0.5348
vn -0.7250 0.4728 -0.5008
vn 0.2522 0.4728 -0.8443
vn 0.8809 0.4728 -0.0210
vn 0.0289 0.9994 -0.0210
vn 0.0885 0.9959 -0.0210
vn 0.1516 0.9882 -0.0209
vn 0.2176 0.9758 -0.0208
vn 0.2857 0.9581 -0.0207
vn 0.3551 0.9346 -0.0205
vn 0.4244 0.9053 -0.0204
vn 0.4925 0.8701 -0.0203
vn 0.5580 0.8296 -0.0203
vn 0.6199 0.7844 -0.0204
vn 0.6772 0.7355 -0.0205
vn 0.7291 0.6840 -0.0207
vn 0.7755 0.6310 -0.0208
vn 0.8161 0.5776 -0.0209
vn 0.8511 0.5246 -0.0210
vn 0.0488 0.9982 -0.0354
vn 0.0473 0.9959 -0.0777
vn 0.1110 0.9931 -0.0373
vn 0.1096 0.9908 -0.0796
vn 0.0698 0.9931 -0.0940
vn 0.0667 0.9882 -0.1377
vn 0.1766 0.9835 -0.0391
vn 0.1752 0.9812 -0.0813
vn 0.1345 0.9861 -0.0977
vn 0.1314 0.9812 -0.1415
vn 0.0918 0.9835 -0.1559
vn 0.0870 0.9758 -0.2005
vn 0.2450 0.9687 -0.0407
vn 0.2436 0.9663 -0.0827
vn 0.2025 0.9741 -0.1011
vn 0.1994 0.9691 -0.1449
vn 0.1587 0.9741 -0.1613
vn 0.1540 0.9663 -0.2061
vn 0.1145 0.9687 -0.2205
vn 0.1079 0.9581 -0.2654
vn 0.3153 0.9480 -0.0421
vn 0.3139 0.9457 -0.0839
vn 0.2730 0.9564 -0.1041
vn 0.2700 0.9515 -0.1478
vn 0.2288 0.9592 -0.1662
vn 0.2240 0.9515 -0.2111
vn 0.1833 0.9564 -0.2275
vn 0.1768 0.9457 -0.2726
vn 0.1375 0.9481 -0.2869
vn 0.1292 0.9346 -0.3313
vn 0.3863 0.9214 -0.0432
vn 0.3849 0.9191 -0.0847
vn 0.3450 0.9326 -0.1065
vn 0.3420 0.9277 -0.1501
vn 0.3010 0.9383 -0.1703
vn 0.2962 0.9306 -0.2152
vn 0.2550 0.9383 -0.2336
vn 0.2484 0.9277 -0.2788
vn 0.2079 0.9326 -0.2952
vn 0.1995 0.9191 -0.3399
vn 0.1605 0.9214 -0.3540
vn 0.1505 0.9053 -0.3973
vn 0.4567 0.8885 -0.0439
vn 0.4553 0.8862 -0.0853
vn 0.4171 0.9024 -0.1082
vn 0.4141 0.8975 -0.1516
vn 0.3741 0.9110 -0.1734
vn 0.3693 0.9033 -0.2183
vn 0.3283 0.9140 -0.2385
vn 0.3217 0.9033 -0.2838
vn 0.2806 0.9110 -0.3022
vn 0.2722 0.8975 -0.3470
vn 0.2318 0.9024 -0.3633
vn 0.2218 0.8862 -0.4067
vn 0.1829 0.8885 -0.4208
vn 0.1715 0.8701 -0.4621
vn 0.5252 0.8498 -0.0441
vn 0.5238 0.8475 -0.0854
vn 0.4880 0.8660 -0.1090
vn 0.4850 0.8611 -0.1525
vn 0.4468 0.8773 -0.1754
vn 0.4420 0.8696 -0.2202
vn 0.4020 0.8831 -0.2420
vn 0.3954 0.8724 -0.2873
vn 0.3544 0.8831 -0.3075
vn 0.3460 0.8696 -0.3523
vn 0.3049 0.8773 -0.3707
vn 0.2949 0.8611 -0.4142
vn 0.2545 0.8660 -0.4305
vn 0.2431 0.8475 -0.4718
vn 0.2043 0.8498 -0.4859
vn 0.1918 0.8296 -0.5244
vn 0.5905 0.8059 -0.0439
vn 0.5890 0.8036 -0.0853
vn 0.5563 0.8238 -0.1090
vn 0.5533 0.8189 -0.1525
vn 0.5175 0.8374 -0.1761
vn 0.5127 0.8297 -0.2208
vn 0.4745 0.8458 -0.2438
vn 0.4679 0.8352 -0.2890
vn 0.4279 0.8487 -0.3109
vn 0.4195 0.8352 -0.3557
vn 0.3785 0.8458 -0.3759
vn 0.3685 0.8297 -0.4194
vn 0.3274 0.8374 -0.4378
vn 0.3160 0.8189 -0.4791
vn 0.2756 0.8238 -0.4954
vn 0.2631 0.8036 -0.5339
vn 0.2242 0.8059 -0.5480
vn 0.2109 0.7844 -0.5833
vn 0.6513 0.7576 -0.0432
vn 0.6499 0.7553 -0.0847
vn 0.6206 0.7767 -0.1082
vn 0.6175 0.7718 -0.1516
vn 0.5848 0.7920 -0.1754
vn 0.5801 0.7842 -0.2202
vn 0.5443 0.8027 -0.2438
vn 0.5377 0.7920 -0.2890
vn 0.4995 0.8082 -0.3120
vn 0.4911 0.7947 -0.3568
vn 0.4511 0.8082 -0.3786
vn 0.4411 0.7920 -0.4221
vn 0.4000 0.8027 -0.4424
vn 0.3887 0.7842 -0.4836
vn 0.3475 0.7920 -0.5020
vn 0.3351 0.7718 -0.5405
vn 0.2946 0.7767 -0.5568
vn 0.2814 0.7553 -0.5919
vn 0.2424 0.7576 -0.6061
vn 0.2288 0.7356 -0.6377
vn 0.7069 0.7060 -0.0421
vn 0.7055 0.7037 -0.0839
vn 0.6798 0.7256 -0.1065
vn 0.6768 0.7207 -0.1501
vn 0.6475 0.7420 -0.1734
vn 0.6428 0.7343 -0.2183
vn 0.6101 0.7545 -0.2420
vn 0.6035 0.7438 -0.2873
vn 0.5678 0.7622 -0.3109
vn 0.5594 0.7487 -0.3557
vn 0.5211 0.7649 -0.3786
vn 0.5111 0.7487 -0.4221
vn 0.4711 0.7622 -0.4439
vn 0.4597 0.7438 -0.4852
vn 0.4187 0.7545 -0.5054
vn 0.4062 0.7343 -0.5438
vn 0.3650 0.7420 -0.5622
vn 0.3519 0.7207 -0.5973
vn 0.3113 0.7256 -0.6136
vn 0.2978 0.7037 -0.6451
vn 0.2585 0.7060 -0.6593
vn 0.2450 0.6841 -0.6871
vn 0.7568 0.6524 -0.0407
vn 0.7554 0.6501 -0.0827
vn 0.7333 0.6719 -0.1041
vn 0.7303 0.6670 -0.1478
vn 0.7046 0.6888 -0.1703
vn 0.6999 0.6811 -0.2152
vn 0.6706 0.7024 -0.2385
vn 0.6640 0.6917 -0.2838
vn 0.6314 0.7119 -0.3075
vn 0.6230 0.6984 -0.3523
vn 0.5873 0.7168 -0.3759
vn 0.5773 0.7006 -0.4194
vn 0.5390 0.7168 -0.4424
vn 0.5276 0.6984 -0.4836
vn 0.4876 0.7119 -0.5054
vn 0.4751 0.6917 -0.5438
vn 0.4341 0.7024 -0.5641
vn 0.4209 0.6811 -0.5991
vn 0.3797 0.6888 -0.6175
vn 0.3662 0.6670 -0.6489
vn 0.3256 0.6719 -0.6653
vn 0.3121 0.6501 -0.6928
vn 0.2726 0.6524 -0.7072
vn 0.2594 0.6310 -0.7311
vn 0.8007 0.5978 -0.0391
vn 0.7992 0.5955 -0.0813
vn 0.7807 0.6167 -0.1011
vn 0.7776 0.6118 -0.1449
vn 0.7556 0.6336 -0.1662
vn 0.7508 0.6259 -0.2111
vn 0.7252 0.6477 -0.2336
vn 0.7186 0.6370 -0.2789
vn 0.6894 0.6584 -0.3022
vn 0.6810 0.6448 -0.3470
vn 0.6483 0.6650 -0.3707
vn 0.6383 0.6488 -0.4142
vn 0.6026 0.6673 -0.4378
vn 0.5912 0.6488 -0.4791
vn 0.5529 0.6650 -0.5020
vn 0.5405 0.6448 -0.5405
vn 0.5004 0.6584 -0.5622
vn 0.4873 0.6370 -0.5973
vn 0.4463 0.6477 -0.6175
vn 0.4328 0.6259 -0.6489
vn 0.3916 0.6336 -0.6673
vn 0.3781 0.6118 -0.6948
vn 0.3374 0.6167 -0.7112
vn 0.3243 0.5955 -0.7350
vn 0.2846 0.5978 -0.7494
vn 0.2721 0.5776 -0.7697
vn 0.8386 0.5434 -0.0373
vn 0.8372 0.5411 -0.0796
vn 0.8218 0.5613 -0.0977
vn 0.8188 0.5564 -0.1415
vn 0.8002 0.5776 -0.1613
vn 0.7955 0.5699 -0.2061
vn 0.7734 0.5917 -0.2275
vn 0.7668 0.5811 -0.2726
vn 0.7411 0.6030 -0.2952
vn 0.7328 0.5895 -0.3399
vn 0.7035 0.6109 -0.3633
vn 0.6935 0.5947 -0.4067
vn 0.6607 0.6149 -0.4305
vn 0.6493 0.5965 -0.4718
vn 0.6136 0.6149 -0.4954
vn 0.6011 0.5947 -0.5339
vn 0.5629 0.6109 -0.5568
vn 0.5497 0.5895 -0.5919
vn 0.5098 0.6030 -0.6136
vn 0.4962 0.5811 -0.6451
vn 0.4553 0.5917 -0.6653
vn 0.4419 0.5699 -0.6928
vn 0.4007 0.5776 -0.7112
vn 0.3876 0.5564 -0.7350
vn 0.3469 0.5613 -0.7514
vn 0.3344 0.5411 -0.7716
vn 0.2946 0.5434 -0.7861
vn 0.2830 0.5246 -0.8030
vn 0.8710 0.4900 -0.0354
vn 0.8695 0.4877 -0.0777
vn 0.8571 0.5065 -0.0940
vn 0.8540 0.5016 -0.1377
vn 0.8386 0.5219 -0.1559
vn 0.8339 0.5142 -0.2005
vn 0.8152 0.5356 -0.2205
vn 0.8087 0.5250 -0.2654
vn 0.7865 0.5470 -0.2869
vn 0.7782 0.5336 -0.3313
vn 0.7523 0.5556 -0.3540
vn 0.7424 0.5395 -0.3973
vn 0.7129 0.5609 -0.4208
vn 0.7015 0.5425 -0.4621
vn 0.6687 0.5628 -0.4859
vn 0.6562 0.5425 -0.5244
vn 0.6205 0.5609 -0.5480
vn 0.6073 0.5395 -0.5833
vn 0.5692 0.5556 -0.6061
vn 0.5556 0.5336 -0.6377
vn 0.5158 0.5470 -0.6593
vn 0.5023 0.5250 -0.6871
vn 0.4616 0.5356 -0.7072
vn 0.4484 0.5142 -0.7311
vn 0.4074 0.5219 -0.7494
vn 0.3949 0.5017 -0.7697
vn 0.3543 0.5065 -0.7861
vn 0.3426 0.4877 -0.8030
vn 0.3028 0.4900 -0.8174
vn 0.2922 0.4728 -0.8313
vn -0.0110 0.9994 -0.0340
vn 0.0074 0.9959 -0.0907
vn 0.0270 0.9882 -0.1507
vn 0.0475 0.9758 -0.2134
vn 0.0687 0.9581 -0.2781
vn 0.0902 0.9346 -0.3440
vn 0.1117 0.9053 -0.4099
vn 0.1328 0.8701 -0.4746
vn 0.1531 0.8296 -0.5370
vn 0.1722 0.7844 -0.5959
vn 0.1898 0.7356 -0.6504
vn 0.2057 0.6841 -0.6998
vn 0.2199 0.6310 -0.7439
vn 0.2323 0.5776 -0.7826
vn 0.2430 0.5246 -0.8159
vn -0.0186 0.9982 -0.0573
vn -0.0593 0.9959 -0.0690
vn -0.0012 0.9931 -0.1171
vn -0.0418 0.9908 -0.1288
vn -0.0679 0.9931 -0.0954
vn -0.1104 0.9882 -0.1060
vn 0.0174 0.9835 -0.1801
vn -0.0232 0.9812 -0.1917
vn -0.0514 0.9861 -0.1581
vn -0.0940 0.9812 -0.1687
vn -0.1199 0.9835 -0.1355
vn -0.1638 0.9758 -0.1447
vn 0.0370 0.9687 -0.2456
vn -0.0034 0.9663 -0.2573
vn -0.0336 0.9741 -0.2238
vn -0.0762 0.9691 -0.2345
vn -0.1044 0.9741 -0.2008
vn -0.1485 0.9663 -0.2101
vn -0.1743 0.9687 -0.1770
vn -0.2190 0.9581 -0.1847
vn 0.0574 0.9481 -0.3129
vn 0.0172 0.9457 -0.3245
vn -0.0146 0.9564 -0.2918
vn -0.0571 0.9515 -0.3024
vn -0.0874 0.9592 -0.2689
vn -0.1315 0.9515 -0.2783
vn -0.1597 0.9564 -0.2447
vn -0.2046 0.9457 -0.2524
vn -0.2303 0.9481 -0.2194
vn -0.2752 0.9346 -0.2253
vn 0.0783 0.9214 -0.3808
vn 0.0384 0.9191 -0.3922
vn 0.0053 0.9326 -0.3610
vn -0.0371 0.9277 -0.3716
vn -0.0690 0.9383 -0.3389
vn -0.1131 0.9306 -0.3482
vn -0.1434 0.9383 -0.3147
vn -0.1884 0.9277 -0.3224
vn -0.2165 0.9326 -0.2889
vn -0.2616 0.9191 -0.2948
vn -0.2871 0.9214 -0.2620
vn -0.3313 0.9053 -0.2659
vn 0.0994 0.8885 -0.4479
vn 0.0596 0.8862 -0.4594
vn 0.0260 0.9024 -0.4301
vn -0.0163 0.8975 -0.4407
vn -0.0493 0.9110 -0.4094
vn -0.0935 0.9033 -0.4187
vn -0.1254 0.9140 -0.3859
vn -0.1705 0.9033 -0.3937
vn -0.2007 0.9110 -0.3602
vn -0.2459 0.8975 -0.3661
vn -0.2739 0.9024 -0.3327
vn -0.3183 0.8862 -0.3366
vn -0.3437 0.8885 -0.3040
vn -0.3865 0.8701 -0.3059
vn 0.1203 0.8498 -0.5131
vn 0.0806 0.8475 -0.5246
vn 0.0471 0.8660 -0.4979
vn 0.0049 0.8611 -0.5084
vn -0.0287 0.8773 -0.4791
vn -0.0728 0.8696 -0.4884
vn -0.1059 0.8831 -0.4571
vn -0.1510 0.8724 -0.4648
vn -0.1830 0.8831 -0.4321
vn -0.2282 0.8696 -0.4379
vn -0.2584 0.8773 -0.4045
vn -0.3028 0.8611 -0.4084
vn -0.3307 0.8660 -0.3751
vn -0.3736 0.8475 -0.3770
vn -0.3990 0.8498 -0.3444
vn -0.4395 0.8296 -0.3444
vn 0.1407 0.8059 -0.5751
vn 0.1009 0.8036 -0.5866
vn 0.0682 0.8238 -0.5628
vn 0.0260 0.8189 -0.5733
vn -0.0075 0.8374 -0.5466
vn -0.0516 0.8297 -0.5559
vn -0.0852 0.8458 -0.5266
vn -0.1303 0.8352 -0.5343
vn -0.1634 0.8487 -0.5030
vn -0.2086 0.8352 -0.5089
vn -0.2406 0.8458 -0.4761
vn -0.2850 0.8297 -0.4800
vn -0.3152 0.8374 -0.4466
vn -0.3580 0.8189 -0.4485
vn -0.3860 0.8238 -0.4152
vn -0.4264 0.8036 -0.4152
vn -0.4519 0.8059 -0.3826
vn -0.4895 0.7844 -0.3809
vn 0.1602 0.7576 -0.6328
vn 0.1202 0.7553 -0.6443
vn 0.0889 0.7767 -0.6236
vn 0.0466 0.7718 -0.6342
vn 0.0139 0.7920 -0.6104
vn -0.0302 0.7842 -0.6197
vn -0.0636 0.8027 -0.5930
vn -0.1087 0.7920 -0.6007
vn -0.1424 0.8082 -0.5714
vn -0.1876 0.7947 -0.5773
vn -0.2207 0.8082 -0.5460
vn -0.2651 0.7920 -0.5499
vn -0.2971 0.8027 -0.5172
vn -0.3399 0.7842 -0.5191
vn -0.3701 0.7920 -0.4857
vn -0.4105 0.7718 -0.4857
vn -0.4385 0.7767 -0.4523
vn -0.4760 0.7553 -0.4505
vn -0.5015 0.7576 -0.4178
vn -0.5358 0.7356 -0.4146
vn 0.1784 0.7060 -0.6854
vn 0.1382 0.7037 -0.6969
vn 0.1088 0.7256 -0.6794
vn 0.0664 0.7207 -0.6900
vn 0.0351 0.7420 -0.6694
vn -0.0090 0.7343 -0.6787
vn -0.0416 0.7545 -0.6550
vn -0.0867 0.7438 -0.6627
vn -0.1202 0.7622 -0.6360
vn -0.1654 0.7487 -0.6419
vn -0.1991 0.7649 -0.6126
vn -0.2435 0.7487 -0.6166
vn -0.2766 0.7622 -0.5852
vn -0.3194 0.7438 -0.5871
vn -0.3513 0.7545 -0.5544
vn -0.3917 0.7343 -0.5544
vn -0.4219 0.7420 -0.5209
vn -0.4593 0.7207 -0.5192
vn -0.4874 0.7256 -0.4857
vn -0.5215 0.7037 -0.4825
vn -0.5472 0.7060 -0.4496
vn -0.5778 0.6841 -0.4453
vn 0.1951 0.6524 -0.7323
vn 0.1547 0.6501 -0.7439
vn 0.1276 0.6719 -0.7296
vn 0.0851 0.6670 -0.7402
vn 0.0558 0.6888 -0.7228
vn 0.0116 0.6811 -0.7321
vn -0.0196 0.7024 -0.7115
vn -0.0647 0.6917 -0.7192
vn -0.0974 0.7119 -0.6955
vn -0.1426 0.6984 -0.7014
vn -0.1761 0.7168 -0.6747
vn -0.2205 0.7006 -0.6786
vn -0.2541 0.7168 -0.6493
vn -0.2969 0.6984 -0.6513
vn -0.3300 0.7119 -0.6199
vn -0.3704 0.6917 -0.6199
vn -0.4024 0.7024 -0.5872
vn -0.4397 0.6811 -0.5855
vn -0.4700 0.6888 -0.5520
vn -0.5039 0.6670 -0.5488
vn -0.5321 0.6719 -0.5152
vn -0.5625 0.6501 -0.5109
vn -0.5883 0.6524 -0.4778
vn -0.6151 0.6310 -0.4726
vn 0.2102 0.5978 -0.7736
vn 0.1697 0.5955 -0.7852
vn 0.1451 0.6167 -0.7737
vn 0.1025 0.6118 -0.7843
vn 0.0754 0.6336 -0.7700
vn 0.0313 0.6259 -0.7793
vn 0.0019 0.6477 -0.7619
vn -0.0431 0.6370 -0.7696
vn -0.0744 0.6584 -0.7490
vn -0.1196 0.6448 -0.7549
vn -0.1522 0.6650 -0.7311
vn -0.1967 0.6489 -0.7351
vn -0.2302 0.6673 -0.7083
vn -0.2730 0.6489 -0.7103
vn -0.3066 0.6650 -0.6810
vn -0.3470 0.6448 -0.6810
vn -0.3801 0.6584 -0.6497
vn -0.4175 0.6370 -0.6480
vn -0.4494 0.6477 -0.6153
vn -0.4834 0.6259 -0.6121
vn -0.5136 0.6336 -0.5786
vn -0.5439 0.6118 -0.5743
vn -0.5722 0.6167 -0.5406
vn -0.5988 0.5955 -0.5355
vn -0.6248 0.5978 -0.5022
vn -0.6479 0.5776 -0.4966
vn 0.2237 0.5434 -0.8091
vn 0.1830 0.5411 -0.8208
vn 0.1610 0.5613 -0.8118
vn 0.1184 0.5564 -0.8225
vn 0.0938 0.5776 -0.8109
vn 0.0498 0.5699 -0.8202
vn 0.0226 0.5917 -0.8058
vn -0.0223 0.5811 -0.8136
vn -0.0517 0.6030 -0.7961
vn -0.0968 0.5895 -0.8020
vn -0.1281 0.6109 -0.7813
vn -0.1725 0.5947 -0.7852
vn -0.2052 0.6149 -0.7614
vn -0.2480 0.5965 -0.7633
vn -0.2815 0.6149 -0.7366
vn -0.3220 0.5947 -0.7366
vn -0.3556 0.6109 -0.7074
vn -0.3931 0.5895 -0.7057
vn -0.4261 0.6030 -0.6744
vn -0.4601 0.5811 -0.6713
vn -0.4920 0.5917 -0.6386
vn -0.5224 0.5699 -0.6343
vn -0.5526 0.5776 -0.6009
vn -0.5792 0.5564 -0.5958
vn -0.6075 0.5613 -0.5621
vn -0.6305 0.5411 -0.5565
vn -0.6566 0.5434 -0.5231
vn -0.6762 0.5246 -0.5173
vn 0.2355 0.4900 -0.8393
vn 0.1948 0.4877 -0.8510
vn 0.1754 0.5065 -0.8442
vn 0.1329 0.5017 -0.8548
vn 0.1109 0.5219 -0.8458
vn 0.0670 0.5142 -0.8550
vn 0.0422 0.5356 -0.8434
vn -0.0025 0.5250 -0.8511
vn -0.0298 0.5470 -0.8366
vn -0.0747 0.5336 -0.8425
vn -0.1042 0.5556 -0.8249
vn -0.1485 0.5395 -0.8288
vn -0.1799 0.5609 -0.8081
vn -0.2227 0.5425 -0.8100
vn -0.2554 0.5628 -0.7862
vn -0.2960 0.5425 -0.7862
vn -0.3294 0.5609 -0.7595
vn -0.3671 0.5395 -0.7578
vn -0.4005 0.5556 -0.7286
vn -0.4348 0.5336 -0.7254
vn -0.4676 0.5470 -0.6943
vn -0.4982 0.5250 -0.6900
vn -0.5299 0.5356 -0.6575
vn -0.5568 0.5142 -0.6524
vn -0.5868 0.5219 -0.6191
vn -0.6100 0.5017 -0.6134
vn -0.6381 0.5065 -0.5798
vn -0.6578 0.4877 -0.5740
vn -0.6838 0.4900 -0.5406
vn -0.7003 0.4728 -0.5348
vn -0.0357 0.9994 -0.0000
vn -0.0840 0.9959 -0.0351
vn -0.1350 0.9882 -0.0722
vn -0.1883 0.9758 -0.1111
vn -0.2433 0.9581 -0.1512
vn -0.2993 0.9346 -0.1921
vn -0.3553 0.9053 -0.2329
vn -0.4103 0.8701 -0.2730
vn -0.4634 0.8296 -0.3115
vn -0.5135 0.7844 -0.3479
vn -0.5599 0.7356 -0.3814
vn -0.6020 0.6841 -0.4119
vn -0.6396 0.6310 -0.4390
vn -0.6725 0.5776 -0.4627
vn -0.7009 0.5246 -0.4833
vn -0.0603 0.9982 -0.0000
vn -0.0840 0.9959 0.0351
vn -0.1117 0.9931 -0.0351
vn -0.1354 0.9908 -0.0000
vn -0.1117 0.9931 0.0351
vn -0.1350 0.9882 0.0722
vn -0.1659 0.9835 -0.0722
vn -0.1895 0.9812 -0.0372
vn -0.1662 0.9861 -0.0000
vn -0.1895 0.9812 0.0372
vn -0.1659 0.9835 0.0722
vn -0.1883 0.9758 0.1111
vn -0.2222 0.9687 -0.1111
vn -0.2457 0.9663 -0.0763
vn -0.2232 0.9741 -0.0372
vn -0.2465 0.9691 -0.0000
vn -0.2232 0.9741 0.0372
vn -0.2457 0.9663 0.0763
vn -0.2222 0.9687 0.1111
vn -0.2433 0.9581 0.1512
vn -0.2799 0.9481 -0.1512
vn -0.3033 0.9457 -0.1166
vn -0.2820 0.9564 -0.0763
vn -0.3053 0.9515 -0.0391
vn -0.2828 0.9592 -0.0000
vn -0.3053 0.9515 0.0391
vn -0.2820 0.9564 0.0763
vn -0.3033 0.9457 0.1166
vn -0.2799 0.9481 0.1512
vn -0.2993 0.9346 0.1921
vn -0.3379 0.9214 -0.1921
vn -0.3612 0.9191 -0.1577
vn -0.3417 0.9326 -0.1166
vn -0.3649 0.9277 -0.0796
vn -0.3436 0.9383 -0.0391
vn -0.3661 0.9306 -0.0000
vn -0.3436 0.9383 0.0391
vn -0.3649 0.9277 0.0796
vn -0.3417 0.9326 0.1166
vn -0.3612 0.9191 0.1577
vn -0.3379 0.9214 0.1921
vn -0.3553 0.9053 0.2329
vn -0.3953 0.8885 -0.2329
vn -0.4185 0.8862 -0.1987
vn -0.4010 0.9024 -0.1577
vn -0.4242 0.8975 -0.1207
vn -0.4046 0.9110 -0.0796
vn -0.4271 0.9033 -0.0405
vn -0.4058 0.9140 -0.0000
vn -0.4271 0.9033 0.0405
vn -0.4046 0.9110 0.0796
vn -0.4242 0.8975 0.1207
vn -0.4010 0.9024 0.1577
vn -0.4185 0.8862 0.1987
vn -0.3953 0.8885 0.2329
vn -0.4103 0.8701 0.2730
vn -0.4509 0.8498 -0.2730
vn -0.4740 0.8475 -0.2388
vn -0.4589 0.8660 -0.1987
vn -0.4820 0.8611 -0.1618
vn -0.4646 0.8773 -0.1207
vn -0.4870 0.8696 -0.0817
vn -0.4674 0.8831 -0.0405
vn -0.4887 0.8724 -0.0000
vn -0.4674 0.8831 0.0405
vn -0.4870 0.8696 0.0817
vn -0.4646 0.8773 0.1207
vn -0.4820 0.8611 0.1618
vn -0.4589 0.8660 0.1987
vn -0.4740 0.8475 0.2388
vn -0.4509 0.8498 0.2730
vn -0.4634 0.8296 0.3115
vn -0.5035 0.8059 -0.3115
vn -0.5267 0.8036 -0.2773
vn -0.5141 0.8238 -0.2388
vn -0.5372 0.8189 -0.2019
vn -0.5222 0.8374 -0.1618
vn -0.5446 0.8297 -0.1227
vn -0.5272 0.8458 -0.0817
vn -0.5484 0.8352 -0.0412
vn -0.5289 0.8487 -0.0000
vn -0.5484 0.8352 0.0412
vn -0.5272 0.8458 0.0817
vn -0.5446 0.8297 0.1227
vn -0.5222 0.8374 0.1618
vn -0.5372 0.8189 0.2019
vn -0.5141 0.8238 0.2388
vn -0.5267 0.8036 0.2773
vn -0.5035 0.8059 0.3115
vn -0.5135 0.7844 0.3479
vn -0.5523 0.7576 -0.3479
vn -0.5756 0.7553 -0.3134
vn -0.5656 0.7767 -0.2773
vn -0.5887 0.7718 -0.2403
vn -0.5762 0.7920 -0.2019
vn -0.5987 0.7842 -0.1628
vn -0.5837 0.8027 -0.1227
vn -0.6049 0.7920 -0.0822
vn -0.5875 0.8082 -0.0412
vn -0.6071 0.7947 -0.0000
vn -0.5875 0.8082 0.0412
vn -0.6049 0.7920 0.0822
vn -0.5837 0.8027 0.1227
vn -0.5987 0.7842 0.1628
vn -0.5762 0.7920 0.2019
vn -0.5887 0.7718 0.2403
vn -0.5656 0.7767 0.2773
vn -0.5756 0.7553 0.3134
vn -0.5523 0.7576 0.3479
vn -0.5599 0.7356 0.3814
vn -0.5967 0.7060 -0.3814
vn -0.6201 0.7037 -0.3468
vn -0.6126 0.7256 -0.3134
vn -0.6357 0.7207 -0.2764
vn -0.6258 0.7420 -0.2403
vn -0.6483 0.7343 -0.2012
vn -0.6358 0.7545 -0.1628
vn -0.6571 0.7438 -0.1223
vn -0.6420 0.7622 -0.0822
vn -0.6616 0.7487 -0.0410
vn -0.6442 0.7649 -0.0000
vn -0.6616 0.7487 0.0410
vn -0.6420 0.7622 0.0822
vn -0.6571 0.7438 0.1223
vn -0.6358 0.7545 0.1628
vn -0.6483 0.7343 0.2012
vn -0.6258 0.7420 0.2403
vn -0.6357 0.7207 0.2764
vn -0.6126 0.7256 0.3134
vn -0.6201 0.7037 0.3468
vn -0.5967 0.7060 0.3814
vn -0.6020 0.6841 0.4119
vn -0.6362 0.6524 -0.4119
vn -0.6597 0.6501 -0.3771
vn -0.6544 0.6719 -0.3468
vn -0.6777 0.6670 -0.3097
vn -0.6702 0.6888 -0.2764
vn -0.6927 0.6811 -0.2373
vn -0.6828 0.7024 -0.2012
vn -0.7040 0.6917 -0.1607
vn -0.6916 0.7119 -0.1223
vn -0.7111 0.6984 -0.0811
vn -0.6961 0.7168 -0.0410
vn -0.7135 0.7006 -0.0000
vn -0.6961 0.7168 0.0410
vn -0.7111 0.6984 0.0811
vn -0.6916 0.7119 0.1223
vn -0.7040 0.6917 0.1607
vn -0.6828 0.7024 0.2012
vn -0.6927 0.6811 0.2373
vn -0.6702 0.6888 0.2764
vn -0.6777 0.6670 0.3097
vn -0.6544 0.6719 0.3468
vn -0.6597 0.6501 0.3771
vn -0.6362 0.6524 0.4119
vn -0.6396 0.6310 0.4390
vn -0.6707 0.5978 -0.4390
vn -0.6944 0.5955 -0.4040
vn -0.6910 0.6167 -0.3771
vn -0.7143 0.6118 -0.3398
vn -0.7090 0.6336 -0.3097
vn -0.7315 0.6259 -0.2705
vn -0.7240 0.6477 -0.2373
vn -0.7453 0.6370 -0.1968
vn -0.7353 0.6584 -0.1607
vn -0.7549 0.6448 -0.1196
vn -0.7424 0.6650 -0.0811
vn -0.7599 0.6488 -0.0401
vn -0.7448 0.6673 -0.0000
vn -0.7599 0.6488 0.0401
vn -0.7424 0.6650 0.0811
vn -0.7549 0.6448 0.1196
vn -0.7353 0.6584 0.1607
vn -0.7453 0.6370 0.1968
vn -0.7240 0.6477 0.2373
vn -0.7315 0.6259 0.2705
vn -0.7090 0.6336 0.3097
vn -0.7143 0.6118 0.3398
vn -0.6910 0.6167 0.3771
vn -0.6944 0.5955 0.4040
vn -0.6707 0.5978 0.4390
vn -0.6725 0.5776 0.4627
vn -0.7004 0.5434 -0.4628
vn -0.7241 0.5411 -0.4277
vn -0.7223 0.5613 -0.4040
vn -0.7456 0.5564 -0.3668
vn -0.7422 0.5776 -0.3398
vn -0.7647 0.5699 -0.3008
vn -0.7594 0.5917 -0.2706
vn -0.7806 0.5811 -0.2302
vn -0.7731 0.6030 -0.1968
vn -0.7926 0.5895 -0.1558
vn -0.7827 0.6109 -0.1196
vn -0.8001 0.5947 -0.0786
vn -0.7876 0.6149 -0.0401
vn -0.8026 0.5965 -0.0000
vn -0.7876 0.6149 0.0401
vn -0.8001 0.5947 0.0786
vn -0.7827 0.6109 0.1196
vn -0.7926 0.5895 0.1558
vn -0.7731 0.6030 0.1968
vn -0.7806 0.5811 0.2302
vn -0.7594 0.5917 0.2706
vn -0.7647 0.5699 0.3008
vn -0.7422 0.5776 0.3398
vn -0.7456 0.5564 0.3668
vn -0.7223 0.5613 0.4040
vn -0.7241 0.5411 0.4277
vn -0.7004 0.5434 0.4628
vn -0.7009 0.5246 0.4833
vn -0.7255 0.4900 -0.4833
vn -0.7492 0.4877 -0.4482
vn -0.7487 0.5065 -0.4277
vn -0.7719 0.5017 -0.3906
vn -0.7701 0.5219 -0.3668
vn -0.7925 0.5142 -0.3279
vn -0.7891 0.5356 -0.3008
vn -0.8102 0.5250 -0.2606
vn -0.8049 0.5470 -0.2302
vn -0.8243 0.5336 -0.1893
vn -0.8167 0.5556 -0.1558
vn -0.8341 0.5395 -0.1149
vn -0.8241 0.5609 -0.0786
vn -0.8392 0.5425 -0.0385
vn -0.8266 0.5628 -0.0000
vn -0.8392 0.5425 0.0385
vn -0.8241 0.5609 0.0786
vn -0.8341 0.5395 0.1149
vn -0.8167 0.5556 0.1558
vn -0.8243 0.5336 0.1893
vn -0.8049 0.5470 0.2302
vn -0.8102 0.5250 0.2606
vn -0.7891 0.5356 0.3008
vn -0.7925 0.5142 0.3279
vn -0.7701 0.5219 0.3668
vn -0.7719 0.5017 0.3906
vn -0.7487 0.5065 0.4277
vn -0.7492 0.4877 0.4482
vn -0.7255 0.4900 0.4833
vn -0.7250 0.4728 0.5008
vn -0.0110 0.9994 0.0340
vn -0.0593 0.9959 0.0690
vn -0.1104 0.9882 0.1060
vn -0.1638 0.9758 0.1447
vn -0.2190 0.9581 0.1847
vn -0.2752 0.9346 0.2253
vn -0.3313 0.9053 0.2659
vn -0.3865 0.8701 0.3059
vn -0.4395 0.8296 0.3444
vn -0.4895 0.7844 0.3809
vn -0.5358 0.7356 0.4146
vn -0.5778 0.6841 0.4453
vn -0.6151 0.6310 0.4726
vn -0.6479 0.5776 0.4966
vn -0.6762 0.5246 0.5173
vn -0.0186 0.9982 0.0573
vn 0.0074 0.9959 0.0907
vn -0.0679 0.9931 0.0954
vn -0.0418 0.9908 0.1288
vn -0.0012 0.9931 0.1171
vn 0.0270 0.9882 0.1507
vn -0.1199 0.9835 0.1355
vn -0.0940 0.9812 0.1687
vn -0.0514 0.9861 0.1581
vn -0.0232 0.9812 0.1917
vn 0.0174 0.9835 0.1801
vn 0.0475 0.9758 0.2134
vn -0.1743 0.9687 0.1770
vn -0.1485 0.9663 0.2101
vn -0.1044 0.9741 0.2008
vn -0.0762 0.9691 0.2345
vn -0.0336 0.9741 0.2238
vn -0.0034 0.9663 0.2573
vn 0.0370 0.9687 0.2456
vn 0.0687 0.9581 0.2781
vn -0.2303 0.9481 0.2194
vn -0.2046 0.9457 0.2524
vn -0.1597 0.9564 0.2447
vn -0.1315 0.9515 0.2783
vn -0.0874 0.9592 0.2689
vn -0.0571 0.9515 0.3024
vn -0.0146 0.9564 0.2918
vn 0.0172 0.9457 0.3245
vn 0.0574 0.9481 0.3129
vn 0.0902 0.9346 0.3440
vn -0.2871 0.9214 0.2620
vn -0.2616 0.9191 0.2948
vn -0.2165 0.9326 0.2889
vn -0.1884 0.9277 0.3224
vn -0.1434 0.9383 0.3147
vn -0.1131 0.9306 0.3482
vn -0.0690 0.9383 0.3389
vn -0.0371 0.9277 0.3716
vn 0.0053 0.9326 0.3610
vn 0.0384 0.9191 0.3922
vn 0.0783 0.9214 0.3808
vn 0.1117 0.9053 0.4099
vn -0.3437 0.8885 0.3040
vn -0.3183 0.8862 0.3366
vn -0.2739 0.9024 0.3327
vn -0.2459 0.8975 0.3661
vn -0.2007 0.9110 0.3602
vn -0.1705 0.9033 0.3937
vn -0.1254 0.9140 0.3859
vn -0.0935 0.9033 0.4187
vn -0.0493 0.9110 0.4094
vn -0.0163 0.8975 0.4407
vn 0.0260 0.9024 0.4301
vn 0.0596 0.8862 0.4594
vn 0.0994 0.8885 0.4479
vn 0.1328 0.8701 0.4746
vn -0.3990 0.8498 0.3444
vn -0.3736 0.8475 0.3770
vn -0.3307 0.8660 0.3751
vn -0.3028 0.8611 0.4084
vn -0.2584 0.8773 0.4045
vn -0.2282 0.8696 0.4379
vn -0.1830 0.8831 0.4320
vn -0.1510 0.8724 0.4648
vn -0.1059 0.8831 0.4571
vn -0.0728 0.8696 0.4884
vn -0.0287 0.8773 0.4791
vn 0.0049 0.8611 0.5084
vn 0.0471 0.8660 0.4979
vn 0.0806 0.8475 0.5246
vn 0.1203 0.8498 0.5131
vn 0.1531 0.8296 0.5370
vn -0.4519 0.8059 0.3826
vn -0.4264 0.8036 0.4152
vn -0.3860 0.8238 0.4152
vn -0.3580 0.8189 0.4485
vn -0.3152 0.8374 0.4466
vn -0.2850 0.8297 0.4800
vn -0.2406 0.8458 0.4761
vn -0.2086 0.8352 0.5089
vn -0.1634 0.8487 0.5030
vn -0.1303 0.8352 0.5343
vn -0.0852 0.8458 0.5266
vn -0.0516 0.8297 0.5559
vn -0.0075 0.8374 0.5466
vn 0.0260 0.8189 0.5733
vn 0.0682 0.8238 0.5628
vn 0.1009 0.8036 0.5866
vn 0.1407 0.8059 0.5751
vn 0.1722 0.7844 0.5959
vn -0.5015 0.7576 0.4178
vn -0.4760 0.7553 0.4505
vn -0.4385 0.7767 0.4523
vn -0.4105 0.7718 0.4857
vn -0.3701 0.7920 0.4857
vn -0.3399 0.7842 0.5191
vn -0.2971 0.8027 0.5172
vn -0.2651 0.7920 0.5499
vn -0.2207 0.8082 0.5460
vn -0.1876 0.7947 0.5773
vn -0.1424 0.8082 0.5714
vn -0.1087 0.7920 0.6007
vn -0.0636 0.8027 0.5930
vn -0.0302 0.7842 0.6197
vn 0.0139 0.7920 0.6104
vn 0.0466 0.7718 0.6342
vn 0.0889 0.7767 0.6236
vn 0.1202 0.7553 0.6443
vn 0.1602 0.7576 0.6328
vn 0.1897 0.7356 0.6504
vn -0.5472 0.7060 0.4496
vn -0.5215 0.7037 0.4825
vn -0.4874 0.7256 0.4857
vn -0.4593 0.7207 0.5192
vn -0.4219 0.7420 0.5209
vn -0.3917 0.7343 0.5544
vn -0.3513 0.7545 0.5544
vn -0.3194 0.7438 0.5871
vn -0.2766 0.7622 0.5852
vn -0.2435 0.7487 0.6166
vn -0.1991 0.7649 0.6126
vn -0.1654 0.7487 0.6419
vn -0.1202 0.7622 0.6360
vn -0.0867 0.7438 0.6627
vn -0.0416 0.7545 0.6550
vn -0.0090 0.7343 0.6787
vn 0.0351 0.7420 0.6694
vn 0.0664 0.7207 0.6900
vn 0.1088 0.7256 0.6794
vn 0.1382 0.7037 0.6969
vn 0.1784 0.7060 0.6854
vn 0.2057 0.6841 0.6998
vn -0.5883 0.6524 0.4778
vn -0.5625 0.6501 0.5109
vn -0.5321 0.6719 0.5152
vn -0.5039 0.6670 0.5488
vn -0.4700 0.6888 0.5520
vn -0.4397 0.6811 0.5855
vn -0.4024 0.7024 0.5872
vn -0.3704 0.6917 0.6199
vn -0.3300 0.7119 0.6199
vn -0.2969 0.6984 0.6513
vn -0.2541 0.7168 0.6493
vn -0.2205 0.7006 0.6786
vn -0.1761 0.7168 0.6747
vn -0.1426 0.6984 0.7014
vn -0.0974 0.7119 0.6955
vn -0.0647 0.6917 0.7192
vn -0.0196 0.7024 0.7115
vn 0.0116 0.6811 0.7321
vn 0.0558 0.6888 0.7228
vn 0.0851 0.6670 0.7402
vn 0.1276 0.6719 0.7296
vn 0.1547 0.6501 0.7439
vn 0.1951 0.6524 0.7323
vn 0.2199 0.6310 0.7439
vn -0.6248 0.5978 0.5022
vn -0.5988 0.5955 0.5355
vn -0.5722 0.6167 0.5406
vn -0.5439 0.6118 0.5743
vn -0.5136 0.6336 0.5786
vn -0.4834 0.6259 0.6121
vn -0.4494 0.6477 0.6153
vn -0.4175 0.6370 0.6480
vn -0.3801 0.6584 0.6497
vn -0.3470 0.6448 0.6810
vn -0.3066 0.6650 0.6810
vn -0.2730 0.6488 0.7103
vn -0.2302 0.6673 0.7083
vn -0.1967 0.6488 0.7351
vn -0.1522 0.6650 0.7311
vn -0.1196 0.6448 0.7549
vn -0.0744 0.6584 0.7490
vn -0.0431 0.6370 0.7696
vn 0.0019 0.6477 0.7619
vn 0.0313 0.6259 0.7793
vn 0.0754 0.6336 0.7700
vn 0.1025 0.6118 0.7843
vn 0.1451 0.6167 0.7737
vn 0.1697 0.5955 0.7852
vn 0.2102 0.5978 0.7736
vn 0.2323 0.5776 0.7826
vn -0.6566 0.5434 0.5231
vn -0.6305 0.5411 0.5565
vn -0.6075 0.5613 0.5621
vn -0.5792 0.5564 0.5958
vn -0.5526 0.5776 0.6009
vn -0.5224 0.5699 0.6343
vn -0.4920 0.5917 0.6386
vn -0.4601 0.5811 0.6713
vn -0.4261 0.6030 0.6744
vn -0.3931 0.5895 0.7057
vn -0.3556 0.6109 0.7074
vn -0.3220 0.5947 0.7366
vn -0.2815 0.6149 0.7366
vn -0.2480 0.5965 0.7633
vn -0.2052 0.6149 0.7614
vn -0.1725 0.5947 0.7852
vn -0.1281 0.6109 0.7813
vn -0.0968 0.5895 0.8020
vn -0.0517 0.6030 0.7961
vn -0.0223 0.5811 0.8135
vn 0.0226 0.5917 0.8058
vn 0.0498 0.5699 0.8202
vn 0.0938 0.5776 0.8109
vn 0.1184 0.5564 0.8225
vn 0.1610 0.5613 0.8118
vn 0.1830 0.5411 0.8208
vn 0.2237 0.5434 0.8091
vn 0.2430 0.5246 0.8159
vn -0.6838 0.4900 0.5406
vn -0.6578 0.4877 0.5740
vn -0.6381 0.5065 0.5798
vn -0.6100 0.5017 0.6134
vn -0.5868 0.5219 0.6191
vn -0.5568 0.5142 0.6524
vn -0.5299 0.5356 0.6575
vn -0.4982 0.5250 0.6900
vn -0.4676 0.5470 0.6943
vn -0.4348 0.5336 0.7254
vn -0.4005 0.5556 0.7286
vn -0.3671 0.5395 0.7578
vn -0.3294 0.5610 0.7595
vn -0.2960 0.5425 0.7862
vn -0.2554 0.5628 0.7862
vn -0.2227 0.5425 0.8100
vn -0.1799 0.5609 0.8081
vn -0.1485 0.5395 0.8288
vn -0.1042 0.5556 0.8249
vn -0.0747 0.5336 0.8425
vn -0.0298 0.5470 0.8366
vn -0.0025 0.5250 0.8511
vn 0.0422 0.5356 0.8434
vn 0.0670 0.5142 0.8550
vn 0.1109 0.5219 0.8458
vn 0.1329 0.5017 0.8548
vn 0.1754 0.5065 0.8442
vn 0.1948 0.4877 0.8510
vn 0.2355 0.4900 0.8393
vn 0.2522 0.4728 0.8443
vn 0.0289 0.9994 0.0210
vn 0.0473 0.9959 0.0777
vn 0.0667 0.9882 0.1377
vn 0.0870 0.9758 0.2005
vn 0.1079 0.9581 0.2654
vn 0.1292 0.9346 0.3313
vn 0.1505 0.9053 0.3973
vn 0.1715 0.8701 0.4621
vn 0.1918 0.8296 0.5244
vn 0.2109 0.7844 0.5833
vn 0.2288 0.7356 0.6377
vn 0.2450 0.6841 0.6871
vn 0.2594 0.6310 0.7311
vn 0.2721 0.5776 0.7697
vn 0.2830 0.5246 0.8030
vn 0.0488 0.9982 0.0354
vn 0.0885 0.9959 0.0210
vn 0.0698 0.9931 0.0940
vn 0.1096 0.9908 0.0796
vn 0.1110 0.9931 0.0373
vn 0.1516 0.9882 0.0209
vn 0.0918 0.9835 0.1559
vn 0.1314 0.9812 0.1415
vn 0.1345 0.9861 0.0977
vn 0.1752 0.9812 0.0813
vn 0.1766 0.9835 0.0391
vn 0.2176 0.9758 0.0208
vn 0.1145 0.9687 0.2205
vn 0.1539 0.9663 0.2061
vn 0.1587 0.9741 0.1613
vn 0.1995 0.9691 0.1449
vn 0.2025 0.9741 0.1011
vn 0.2436 0.9663 0.0827
vn 0.2450 0.9687 0.0407
vn 0.2857 0.9581 0.0207
vn 0.1375 0.9481 0.2869
vn 0.1768 0.9457 0.2726
vn 0.1833 0.9564 0.2275
vn 0.2240 0.9515 0.2111
vn 0.2288 0.9592 0.1662
vn 0.2700 0.9515 0.1478
vn 0.2730 0.9564 0.1041
vn 0.3139 0.9457 0.0839
vn 0.3153 0.9480 0.0421
vn 0.3551 0.9346 0.0205
vn 0.1605 0.9214 0.3540
vn 0.1995 0.9191 0.3399
vn 0.2079 0.9326 0.2952
vn 0.2484 0.9277 0.2788
vn 0.2550 0.9383 0.2336
vn 0.2962 0.9306 0.2152
vn 0.3010 0.9383 0.1703
vn 0.3420 0.9277 0.1501
vn 0.3450 0.9326 0.1065
vn 0.3849 0.9191 0.0847
vn 0.3863 0.9214 0.0432
vn 0.4244 0.9053 0.0204
vn 0.1829 0.8885 0.4208
vn 0.2218 0.8862 0.4067
vn 0.2318 0.9024 0.3633
vn 0.2722 0.8975 0.3470
vn 0.2806 0.9110 0.3022
vn 0.3217 0.9033 0.2838
vn 0.3283 0.9140 0.2385
vn 0.3693 0.9033 0.2183
vn 0.3741 0.9110 0.1734
vn 0.4141 0.8975 0.1516
vn 0.4171 0.9024 0.1082
vn 0.4553 0.8862 0.0853
vn 0.4567 0.8885 0.0439
vn 0.4925 0.8701 0.0203
vn 0.2043 0.8498 0.4859
vn 0.2431 0.8475 0.4718
vn 0.2545 0.8660 0.4305
vn 0.2949 0.8611 0.4142
vn 0.3049 0.8773 0.3707
vn 0.3460 0.8696 0.3523
vn 0.3544 0.8831 0.3075
vn 0.3954 0.8724 0.2873
vn 0.4020 0.8831 0.2420
vn 0.4420 0.8696 0.2202
vn 0.4468 0.8773 0.1754
vn 0.4850 0.8611 0.1525
vn 0.4880 0.8660 0.1090
vn 0.5238 0.8475 0.0854
vn 0.5252 0.8498 0.0441
vn 0.5580 0.8296 0.0203
vn 0.2242 0.8059 0.5480
vn 0.2631 0.8036 0.5339
vn 0.2756 0.8238 0.4954
vn 0.3160 0.8189 0.4791
vn 0.3274 0.8374 0.4378
vn 0.3685 0.8297 0.4194
vn 0.3785 0.8458 0.3759
vn 0.4195 0.8352 0.3557
vn 0.4279 0.8487 0.3109
vn 0.4679 0.8352 0.2890
vn 0.4745 0.8458 0.2438
vn 0.5127 0.8297 0.2208
vn 0.5175 0.8374 0.1761
vn 0.5533 0.8189 0.1525
vn 0.5563 0.8238 0.1090
vn 0.5890 0.8036 0.0853
vn 0.5905 0.8059 0.0439
vn 0.6199 0.7844 0.0204
vn 0.2424 0.7576 0.6061
vn 0.2814 0.7553 0.5919
vn 0.2946 0.7767 0.5568
vn 0.3351 0.7718 0.5405
vn 0.3475 0.7920 0.5020
vn 0.3887 0.7842 0.4836
vn 0.4001 0.8027 0.4424
vn 0.4411 0.7920 0.4221
vn 0.4511 0.8082 0.3786
vn 0.4911 0.7947 0.3568
vn 0.4995 0.8082 0.3120
vn 0.5377 0.7920 0.2890
vn 0.5443 0.8027 0.2438
vn 0.5801 0.7842 0.2202
vn 0.5848 0.7920 0.1754
vn 0.6175 0.7718 0.1516
vn 0.6206 0.7767 0.1082
vn 0.6499 0.7553 0.0847
vn 0.6513 0.7576 0.0432
vn 0.6772 0.7355 0.0205
vn 0.2585 0.7060 0.6593
vn 0.2978 0.7037 0.6451
vn 0.3113 0.7256 0.6136
vn 0.3519 0.7207 0.5973
vn 0.3650 0.7420 0.5622
vn 0.4062 0.7343 0.5438
vn 0.4187 0.7545 0.5054
vn 0.4597 0.7438 0.4852
vn 0.4711 0.7622 0.4439
vn 0.5111 0.7487 0.4221
vn 0.5211 0.7649 0.3786
vn 0.5594 0.7487 0.3557
vn 0.5678 0.7622 0.3109
vn 0.6035 0.7438 0.2873
vn 0.6101 0.7545 0.2420
vn 0.6428 0.7343 0.2183
vn 0.6475 0.7420 0.1734
vn 0.6768 0.7207 0.1501
vn 0.6798 0.7256 0.1065
vn 0.7055 0.7037 0.0839
vn 0.7069 0.7060 0.0421
vn 0.7291 0.6840 0.0206
vn 0.2726 0.6524 0.7072
vn 0.3121 0.6501 0.6928
vn 0.3256 0.6719 0.6653
vn 0.3662 0.6670 0.6489
vn 0.3797 0.6888 0.6175
vn 0.4209 0.6811 0.5991
vn 0.4341 0.7024 0.5641
vn 0.4751 0.6917 0.5438
vn 0.4876 0.7119 0.5054
vn 0.5276 0.6984 0.4836
vn 0.5390 0.7168 0.4424
vn 0.5773 0.7006 0.4194
vn 0.5873 0.7168 0.3759
vn 0.6230 0.6984 0.3524
vn 0.6314 0.7119 0.3075
vn 0.6640 0.6917 0.2838
vn 0.6706 0.7024 0.2385
vn 0.6999 0.6811 0.2152
vn 0.7046 0.6888 0.1703
vn 0.7303 0.6670 0.1478
vn 0.7333 0.6719 0.1041
vn 0.7554 0.6501 0.0827
vn 0.7568 0.6524 0.0407
vn 0.7755 0.6310 0.0208
vn 0.2846 0.5978 0.7494
vn 0.3243 0.5955 0.7350
vn 0.3374 0.6167 0.7112
vn 0.3781 0.6118 0.6948
vn 0.3916 0.6336 0.6673
vn 0.4328 0.6259 0.6489
vn 0.4463 0.6477 0.6175
vn 0.4873 0.6370 0.5973
vn 0.5004 0.6584 0.5622
vn 0.5405 0.6448 0.5405
vn 0.5529 0.6650 0.5020
vn 0.5912 0.6488 0.4791
vn 0.6026 0.6673 0.4378
vn 0.6383 0.6488 0.4142
vn 0.6483 0.6650 0.3707
vn 0.6810 0.6448 0.3470
vn 0.6894 0.6584 0.3022
vn 0.7186 0.6370 0.2789
vn 0.7252 0.6477 0.2336
vn 0.7508 0.6259 0.2111
vn 0.7556 0.6336 0.1662
vn 0.7776 0.6118 0.1449
vn 0.7807 0.6167 0.1011
vn 0.7992 0.5955 0.0813
vn 0.8007 0.5978 0.0391
vn 0.8161 0.5776 0.0209
vn 0.2946 0.5434 0.7861
vn 0.3344 0.5411 0.7716
vn 0.3469 0.5613 0.7514
vn 0.3876 0.5564 0.7350
vn 0.4007 0.5776 0.7112
vn 0.4419 0.5699 0.6928
vn 0.4553 0.5917 0.6653
vn 0.4962 0.5811 0.6451
vn 0.5098 0.6030 0.6136
vn 0.5497 0.5895 0.5919
vn 0.5629 0.6109 0.5568
vn 0.6011 0.5947 0.5339
vn 0.6136 0.6149 0.4954
vn 0.6493 0.5965 0.4718
vn 0.6607 0.6149 0.4305
vn 0.6935 0.5947 0.4067
vn 0.7035 0.6109 0.3633
vn 0.7328 0.5895 0.3399
vn 0.7411 0.6030 0.2952
vn 0.7668 0.5811 0.2726
vn 0.7734 0.5917 0.2275
vn 0.7955 0.5699 0.2061
vn 0.8002 0.5776 0.1613
vn 0.8188 0.5564 0.1415
vn 0.8218 0.5613 0.0977
vn 0.8372 0.5411 0.0796
vn 0.8386 0.5434 0.0373
vn 0.8511 0.5246 0.0210
vn 0.3028 0.4900 0.8174
vn 0.3426 0.4877 0.8030
vn 0.3543 0.5065 0.7861
vn 0.3949 0.5017 0.7697
vn 0.4074 0.5219 0.7494
vn 0.4484 0.5142 0.7311
vn 0.4616 0.5356 0.7072
vn 0.5023 0.5250 0.6871
vn 0.5158 0.5470 0.6593
vn 0.5556 0.5336 0.6377
vn 0.5692 0.5556 0.6061
vn 0.6073 0.5395 0.5833
vn 0.6205 0.5609 0.5480
vn 0.6562 0.5425 0.5244
vn 0.6687 0.5628 0.4859
vn 0.7015 0.5425 0.4621
vn 0.7129 0.5609 0.4208
vn 0.7424 0.5395 0.3973
vn 0.7523 0.5556 0.3540
vn 0.7782 0.5336 0.3313
vn 0.7865 0.5470 0.2869
vn 0.8087 0.5250 0.2654
vn 0.8152 0.5356 0.2205
vn 0.8339 0.5142 0.2005
vn 0.8386 0.5219 0.1559
vn 0.8540 0.5016 0.1377
vn 0.8571 0.5065 0.0940
vn 0.8695 0.4877 0.0777
vn 0.8710 0.4900 0.0354
vn 0.8809 0.4728 0.0210
vn 0.8988 0.4371 -0.0340
vn 0.9172 0.3923 -0.0690
vn 0.9332 0.3432 -0.1060
vn 0.9461 0.2899 -0.1447
vn 0.9549 0.2326 -0.1847
vn 0.9590 0.1718 -0.2253
vn 0.9579 0.1085 -0.2659
vn 0.9511 0.0435 -0.3059
vn 0.9386 -0.0221 -0.3444
vn 0.9205 -0.0870 -0.3809
vn 0.8975 -0.1503 -0.4146
vn 0.8702 -0.2108 -0.4453
vn 0.8395 -0.2680 -0.4726
vn 0.8063 -0.3212 -0.4966
vn 0.7716 -0.3703 -0.5173
vn 0.9011 0.4297 -0.0573
vn 0.8874 0.4520 -0.0907
vn 0.9186 0.3834 -0.0954
vn 0.9049 0.4057 -0.1288
vn 0.8888 0.4431 -0.1171
vn 0.8718 0.4661 -0.1507
vn 0.9333 0.3326 -0.1354
vn 0.9196 0.3547 -0.1687
vn 0.9050 0.3951 -0.1581
vn 0.8879 0.4181 -0.1917
vn 0.8719 0.4554 -0.1801
vn 0.8516 0.4789 -0.2134
vn 0.9443 0.2773 -0.1770
vn 0.9307 0.2994 -0.2101
vn 0.9179 0.3422 -0.2008
vn 0.9009 0.3653 -0.2345
vn 0.8862 0.4056 -0.2238
vn 0.8658 0.4291 -0.2573
vn 0.8499 0.4663 -0.2456
vn 0.8262 0.4899 -0.2781
vn 0.9510 0.2180 -0.2194
vn 0.9374 0.2399 -0.2524
vn 0.9268 0.2849 -0.2447
vn 0.9098 0.3078 -0.2783
vn 0.8970 0.3508 -0.2689
vn 0.8766 0.3744 -0.3024
vn 0.8619 0.4146 -0.2918
vn 0.8382 0.4384 -0.3245
vn 0.8223 0.4753 -0.3129
vn 0.7956 0.4987 -0.3440
vn 0.9525 0.1552 -0.2620
vn 0.9390 0.1770 -0.2948
vn 0.9309 0.2234 -0.2889
vn 0.9140 0.2463 -0.3224
vn 0.9034 0.2914 -0.3147
vn 0.8829 0.3150 -0.3482
vn 0.8701 0.3579 -0.3389
vn 0.8463 0.3817 -0.3716
vn 0.8317 0.4218 -0.3610
vn 0.8049 0.4453 -0.3922
vn 0.7891 0.4821 -0.3808
vn 0.7597 0.5048 -0.4099
vn 0.9484 0.0899 -0.3040
vn 0.9350 0.1117 -0.3366
vn 0.9296 0.1586 -0.3327
vn 0.9127 0.1814 -0.3661
vn 0.9046 0.2279 -0.3602
vn 0.8842 0.2515 -0.3937
vn 0.8735 0.2966 -0.3859
vn 0.8497 0.3204 -0.4187
vn 0.8369 0.3633 -0.4094
vn 0.8100 0.3868 -0.4407
vn 0.7955 0.4269 -0.4301
vn 0.7660 0.4497 -0.4594
vn 0.7503 0.4863 -0.4479
vn 0.7188 0.5079 -0.4746
vn 0.9385 0.0232 -0.3444
vn 0.9251 0.0449 -0.3770
vn 0.9225 0.0914 -0.3751
vn 0.9056 0.1143 -0.4084
vn 0.9002 0.1612 -0.4045
vn 0.8798 0.1848 -0.4379
vn 0.8717 0.2313 -0.4321
vn 0.8479 0.2551 -0.4648
vn 0.8372 0.3002 -0.4571
vn 0.8103 0.3238 -0.4884
vn 0.7975 0.3666 -0.4791
vn 0.7680 0.3895 -0.5084
vn 0.7535 0.4294 -0.4979
vn 0.7220 0.4511 -0.5246
vn 0.7063 0.4877 -0.5131
vn 0.6735 0.5079 -0.5370
vn 0.9229 -0.0438 -0.3826
vn 0.9095 -0.0220 -0.4152
vn 0.9094 0.0232 -0.4152
vn 0.8926 0.0460 -0.4485
vn 0.8899 0.0926 -0.4466
vn 0.8695 0.1161 -0.4800
vn 0.8641 0.1631 -0.4761
vn 0.8403 0.1869 -0.5089
vn 0.8322 0.2334 -0.5030
vn 0.8053 0.2570 -0.5343
vn 0.7946 0.3020 -0.5266
vn 0.7651 0.3249 -0.5559
vn 0.7523 0.3678 -0.5466
vn 0.7209 0.3895 -0.5733
vn 0.7063 0.4294 -0.5628
vn 0.6736 0.4497 -0.5866
vn 0.6579 0.4863 -0.5751
vn 0.6246 0.5048 -0.5959
vn 0.9019 -0.1098 -0.4178
vn 0.8884 -0.0880 -0.4505
vn 0.8908 -0.0449 -0.4523
vn 0.8739 -0.0220 -0.4857
vn 0.8738 0.0232 -0.4857
vn 0.8534 0.0467 -0.5191
vn 0.8508 0.0932 -0.5172
vn 0.8270 0.1170 -0.5499
vn 0.8216 0.1640 -0.5460
vn 0.7947 0.1876 -0.5773
vn 0.7865 0.2341 -0.5715
vn 0.7570 0.2570 -0.6007
vn 0.7464 0.3020 -0.5930
vn 0.7149 0.3238 -0.6197
vn 0.7021 0.3666 -0.6104
vn 0.6695 0.3868 -0.6342
vn 0.6549 0.4269 -0.6236
vn 0.6218 0.4453 -0.6443
vn 0.6060 0.4821 -0.6328
vn 0.5730 0.4987 -0.6504
vn 0.8762 -0.1737 -0.4496
vn 0.8626 -0.1517 -0.4825
vn 0.8670 -0.1114 -0.4857
vn 0.8500 -0.0885 -0.5192
vn 0.8524 -0.0455 -0.5209
vn 0.8320 -0.0220 -0.5544
vn 0.8319 0.0232 -0.5544
vn 0.8081 0.0470 -0.5871
vn 0.8055 0.0935 -0.5852
vn 0.7786 0.1170 -0.6166
vn 0.7732 0.1640 -0.6126
vn 0.7436 0.1869 -0.6419
vn 0.7355 0.2334 -0.6360
vn 0.7041 0.2551 -0.6627
vn 0.6934 0.3002 -0.6550
vn 0.6608 0.3204 -0.6787
vn 0.6480 0.3633 -0.6694
vn 0.6149 0.3817 -0.6900
vn 0.6003 0.4218 -0.6794
vn 0.5676 0.4384 -0.6969
vn 0.5517 0.4753 -0.6854
vn 0.5198 0.4899 -0.6998
vn 0.8466 -0.2345 -0.4778
vn 0.8330 -0.2124 -0.5109
vn 0.8389 -0.1754 -0.5152
vn 0.8219 -0.1524 -0.5488
vn 0.8263 -0.1123 -0.5520
vn 0.8058 -0.0887 -0.5855
vn 0.8082 -0.0458 -0.5872
vn 0.7844 -0.0220 -0.6199
vn 0.7843 0.0232 -0.6199
vn 0.7574 0.0467 -0.6513
vn 0.7548 0.0932 -0.6493
vn 0.7253 0.1161 -0.6786
vn 0.7199 0.1631 -0.6747
vn 0.6884 0.1848 -0.7014
vn 0.6803 0.2313 -0.6955
vn 0.6476 0.2515 -0.7193
vn 0.6370 0.2966 -0.7115
vn 0.6040 0.3150 -0.7321
vn 0.5912 0.3579 -0.7228
vn 0.5585 0.3744 -0.7402
vn 0.5439 0.4146 -0.7296
vn 0.5122 0.4291 -0.7440
vn 0.4962 0.4663 -0.7323
vn 0.4661 0.4789 -0.7439
vn 0.8141 -0.2915 -0.5022
vn 0.8004 -0.2693 -0.5355
vn 0.8075 -0.2359 -0.5406
vn 0.7905 -0.2129 -0.5743
vn 0.7964 -0.1760 -0.5786
vn 0.7759 -0.1524 -0.6121
vn 0.7803 -0.1123 -0.6153
vn 0.7565 -0.0885 -0.6480
vn 0.7588 -0.0455 -0.6497
vn 0.7319 -0.0220 -0.6810
vn 0.7319 0.0232 -0.6810
vn 0.7024 0.0460 -0.7103
vn 0.6998 0.0926 -0.7083
vn 0.6683 0.1143 -0.7351
vn 0.6629 0.1612 -0.7311
vn 0.6302 0.1814 -0.7549
vn 0.6221 0.2279 -0.7490
vn 0.5891 0.2463 -0.7696
vn 0.5784 0.2914 -0.7619
vn 0.5458 0.3079 -0.7793
vn 0.5330 0.3508 -0.7700
vn 0.5014 0.3653 -0.7843
vn 0.4867 0.4056 -0.7737
vn 0.4568 0.4181 -0.7852
vn 0.4407 0.4554 -0.7736
vn 0.4127 0.4661 -0.7826
vn 0.7797 -0.3442 -0.5231
vn 0.7659 -0.3220 -0.5565
vn 0.7737 -0.2923 -0.5621
vn 0.7567 -0.2693 -0.5958
vn 0.7637 -0.2359 -0.6009
vn 0.7433 -0.2124 -0.6343
vn 0.7492 -0.1754 -0.6386
vn 0.7255 -0.1517 -0.6713
vn 0.7299 -0.1114 -0.6745
vn 0.7030 -0.0880 -0.7057
vn 0.7054 -0.0449 -0.7074
vn 0.6759 -0.0220 -0.7366
vn 0.6759 0.0232 -0.7366
vn 0.6444 0.0449 -0.7633
vn 0.6418 0.0914 -0.7614
vn 0.6091 0.1117 -0.7852
vn 0.6037 0.1586 -0.7813
vn 0.5705 0.1770 -0.8020
vn 0.5624 0.2234 -0.7961
vn 0.5297 0.2399 -0.8136
vn 0.5191 0.2849 -0.8059
vn 0.4874 0.2994 -0.8202
vn 0.4746 0.3422 -0.8109
vn 0.4447 0.3547 -0.8225
vn 0.4300 0.3951 -0.8118
vn 0.4021 0.4057 -0.8208
vn 0.3860 0.4431 -0.8091
vn 0.3605 0.4520 -0.8159
vn 0.7441 -0.3925 -0.5406
vn 0.7304 -0.3703 -0.5740
vn 0.7384 -0.3442 -0.5798
vn 0.7215 -0.3212 -0.6134
vn 0.7292 -0.2915 -0.6191
vn 0.7089 -0.2680 -0.6524
vn 0.7160 -0.2345 -0.6575
vn 0.6924 -0.2108 -0.6900
vn 0.6984 -0.1737 -0.6943
vn 0.6717 -0.1503 -0.7255
vn 0.6761 -0.1098 -0.7286
vn 0.6467 -0.0870 -0.7578
vn 0.6490 -0.0438 -0.7595
vn 0.6176 -0.0221 -0.7862
vn 0.6176 0.0232 -0.7862
vn 0.5848 0.0435 -0.8100
vn 0.5822 0.0899 -0.8081
vn 0.5489 0.1085 -0.8288
vn 0.5435 0.1552 -0.8249
vn 0.5106 0.1718 -0.8425
vn 0.5026 0.2180 -0.8366
vn 0.4707 0.2326 -0.8511
vn 0.4601 0.2773 -0.8434
vn 0.4300 0.2899 -0.8550
vn 0.4172 0.3326 -0.8458
vn 0.3892 0.3432 -0.8548
vn 0.3746 0.3834 -0.8442
vn 0.3491 0.3923 -0.8510
vn 0.3330 0.4298 -0.8393
vn 0.3101 0.4371 -0.8443
vn 0.2454 0.4371 -0.8653
vn 0.2178 0.3923 -0.8937
vn 0.1875 0.3432 -0.9203
vn 0.1547 0.2899 -0.9445
vn 0.1194 0.2326 -0.9652
vn 0.0821 0.1718 -0.9817
vn 0.0431 0.1085 -0.9932
vn 0.0030 0.0435 -0.9991
vn -0.0375 -0.0221 -0.9991
vn -0.0778 -0.0870 -0.9932
vn -0.1170 -0.1503 -0.9817
vn -0.1546 -0.2108 -0.9652
vn -0.1901 -0.2680 -0.9445
vn -0.2231 -0.3212 -0.9203
vn -0.2535 -0.3703 -0.8937
vn 0.2240 0.4297 -0.8747
vn 0.1880 0.4520 -0.8720
vn 0.1931 0.3834 -0.9031
vn 0.1571 0.4057 -0.9004
vn 0.1633 0.4431 -0.8815
vn 0.1261 0.4661 -0.8757
vn 0.1596 0.3326 -0.9295
vn 0.1237 0.3547 -0.9267
vn 0.1293 0.3951 -0.9095
vn 0.0920 0.4181 -0.9037
vn 0.0982 0.4554 -0.8849
vn 0.0602 0.4789 -0.8758
vn 0.1235 0.2773 -0.9528
vn 0.0878 0.2994 -0.9501
vn 0.0927 0.3422 -0.9350
vn 0.0554 0.3653 -0.9293
vn 0.0610 0.4056 -0.9120
vn 0.0229 0.4291 -0.9029
vn 0.0290 0.4663 -0.8842
vn -0.0092 0.4899 -0.8717
vn 0.0852 0.2180 -0.9722
vn 0.0497 0.2399 -0.9695
vn 0.0537 0.2849 -0.9571
vn 0.0165 0.3079 -0.9513
vn 0.0214 0.3508 -0.9362
vn -0.0168 0.3744 -0.9271
vn -0.0112 0.4146 -0.9099
vn -0.0496 0.4384 -0.8974
vn -0.0435 0.4753 -0.8788
vn -0.0813 0.4987 -0.8630
vn 0.0451 0.1552 -0.9868
vn 0.0098 0.1770 -0.9842
vn 0.0129 0.2234 -0.9746
vn -0.0242 0.2463 -0.9689
vn -0.0201 0.2914 -0.9564
vn -0.0583 0.3150 -0.9473
vn -0.0534 0.3579 -0.9322
vn -0.0919 0.3817 -0.9197
vn -0.0863 0.4218 -0.9026
vn -0.1243 0.4453 -0.8867
vn -0.1183 0.4821 -0.8681
vn -0.1551 0.5048 -0.8492
vn 0.0040 0.0899 -0.9959
vn -0.0312 0.1117 -0.9933
vn -0.0291 0.1586 -0.9869
vn -0.0661 0.1814 -0.9812
vn -0.0630 0.2279 -0.9716
vn -0.1012 0.2515 -0.9626
vn -0.0971 0.2966 -0.9501
vn -0.1356 0.3204 -0.9375
vn -0.1307 0.3633 -0.9225
vn -0.1688 0.3868 -0.9066
vn -0.1633 0.4269 -0.8895
vn -0.2002 0.4497 -0.8705
vn -0.1942 0.4863 -0.8520
vn -0.2293 0.5079 -0.8303
vn -0.0375 0.0232 -0.9990
vn -0.0727 0.0449 -0.9963
vn -0.0717 0.0914 -0.9932
vn -0.1086 0.1143 -0.9875
vn -0.1065 0.1612 -0.9811
vn -0.1446 0.1848 -0.9721
vn -0.1415 0.2313 -0.9625
vn -0.1801 0.2551 -0.9500
vn -0.1760 0.3002 -0.9375
vn -0.2141 0.3238 -0.9216
vn -0.2092 0.3666 -0.9065
vn -0.2462 0.3895 -0.8875
vn -0.2407 0.4294 -0.8704
vn -0.2758 0.4511 -0.8488
vn -0.2698 0.4877 -0.8303
vn -0.3026 0.5079 -0.8065
vn -0.0787 -0.0438 -0.9959
vn -0.1138 -0.0220 -0.9933
vn -0.1138 0.0232 -0.9932
vn -0.1508 0.0460 -0.9875
vn -0.1498 0.0926 -0.9844
vn -0.1879 0.1161 -0.9753
vn -0.1858 0.1631 -0.9690
vn -0.2243 0.1869 -0.9564
vn -0.2212 0.2334 -0.9469
vn -0.2593 0.2569 -0.9310
vn -0.2553 0.3020 -0.9185
vn -0.2923 0.3249 -0.8995
vn -0.2874 0.3678 -0.8844
vn -0.3225 0.3895 -0.8627
vn -0.3170 0.4294 -0.8457
vn -0.3497 0.4497 -0.8219
vn -0.3437 0.4863 -0.8034
vn -0.3737 0.5048 -0.7782
vn -0.1187 -0.1098 -0.9868
vn -0.1540 -0.0880 -0.9842
vn -0.1549 -0.0449 -0.9869
vn -0.1919 -0.0220 -0.9812
vn -0.1919 0.0232 -0.9811
vn -0.2300 0.0467 -0.9721
vn -0.2289 0.0932 -0.9690
vn -0.2675 0.1171 -0.9564
vn -0.2654 0.1640 -0.9501
vn -0.3035 0.1876 -0.9342
vn -0.3004 0.2341 -0.9246
vn -0.3374 0.2569 -0.9056
vn -0.3334 0.3020 -0.8931
vn -0.3685 0.3238 -0.8714
vn -0.3636 0.3666 -0.8564
vn -0.3963 0.3868 -0.8327
vn -0.3907 0.4269 -0.8156
vn -0.4206 0.4453 -0.7904
vn -0.4146 0.4821 -0.7718
vn -0.4415 0.4987 -0.7460
vn -0.1569 -0.1737 -0.9722
vn -0.1924 -0.1517 -0.9695
vn -0.1940 -0.1114 -0.9746
vn -0.2311 -0.0885 -0.9689
vn -0.2320 -0.0455 -0.9716
vn -0.2702 -0.0220 -0.9626
vn -0.2702 0.0232 -0.9625
vn -0.3087 0.0470 -0.9500
vn -0.3077 0.0935 -0.9469
vn -0.3458 0.1170 -0.9310
vn -0.3437 0.1640 -0.9246
vn -0.3807 0.1869 -0.9056
vn -0.3776 0.2334 -0.8961
vn -0.4127 0.2551 -0.8744
vn -0.4087 0.3002 -0.8619
vn -0.4413 0.3204 -0.8382
vn -0.4364 0.3633 -0.8231
vn -0.4662 0.3817 -0.7981
vn -0.4607 0.4218 -0.7809
vn -0.4874 0.4384 -0.7552
vn -0.4813 0.4753 -0.7365
vn -0.5049 0.4899 -0.7107
vn -0.1928 -0.2345 -0.9528
vn -0.2285 -0.2124 -0.9501
vn -0.2308 -0.1754 -0.9571
vn -0.2680 -0.1524 -0.9513
vn -0.2696 -0.1123 -0.9564
vn -0.3078 -0.0887 -0.9473
vn -0.3087 -0.0458 -0.9501
vn -0.3472 -0.0220 -0.9375
vn -0.3472 0.0232 -0.9375
vn -0.3853 0.0467 -0.9216
vn -0.3843 0.0932 -0.9185
vn -0.4213 0.1161 -0.8995
vn -0.4192 0.1631 -0.8931
vn -0.4544 0.1848 -0.8714
vn -0.4513 0.2313 -0.8619
vn -0.4839 0.2515 -0.8382
vn -0.4799 0.2966 -0.8257
vn -0.5096 0.3150 -0.8007
vn -0.5047 0.3579 -0.7856
vn -0.5314 0.3744 -0.7599
vn -0.5258 0.4146 -0.7427
vn -0.5493 0.4291 -0.7170
vn -0.5432 0.4663 -0.6983
vn -0.5635 0.4789 -0.6732
vn -0.2261 -0.2915 -0.9295
vn -0.2620 -0.2693 -0.9267
vn -0.2647 -0.2360 -0.9350
vn -0.3019 -0.2129 -0.9293
vn -0.3042 -0.1760 -0.9362
vn -0.3424 -0.1524 -0.9271
vn -0.3440 -0.1123 -0.9322
vn -0.3825 -0.0885 -0.9197
vn -0.3834 -0.0455 -0.9225
vn -0.4215 -0.0220 -0.9066
vn -0.4215 0.0232 -0.9065
vn -0.4585 0.0460 -0.8875
vn -0.4574 0.0926 -0.8844
vn -0.4926 0.1143 -0.8627
vn -0.4905 0.1612 -0.8564
vn -0.5232 0.1814 -0.8327
vn -0.5201 0.2279 -0.8231
vn -0.5499 0.2463 -0.7981
vn -0.5459 0.2914 -0.7856
vn -0.5725 0.3079 -0.7599
vn -0.5676 0.3508 -0.7448
vn -0.5910 0.3653 -0.7192
vn -0.5854 0.4056 -0.7020
vn -0.6057 0.4181 -0.6770
vn -0.5995 0.4554 -0.6582
vn -0.6168 0.4661 -0.6343
vn -0.2566 -0.3442 -0.9031
vn -0.2926 -0.3220 -0.9004
vn -0.2955 -0.2923 -0.9095
vn -0.3328 -0.2693 -0.9037
vn -0.3355 -0.2360 -0.9120
vn -0.3736 -0.2124 -0.9030
vn -0.3759 -0.1754 -0.9099
vn -0.4142 -0.1517 -0.8974
vn -0.4159 -0.1114 -0.9026
vn -0.4539 -0.0880 -0.8867
vn -0.4548 -0.0449 -0.8895
vn -0.4917 -0.0220 -0.8705
vn -0.4917 0.0232 -0.8705
vn -0.5268 0.0449 -0.8488
vn -0.5258 0.0914 -0.8457
vn -0.5586 0.1117 -0.8219
vn -0.5565 0.1586 -0.8156
vn -0.5864 0.1770 -0.7904
vn -0.5833 0.2234 -0.7809
vn -0.6101 0.2399 -0.7552
vn -0.6060 0.2849 -0.7427
vn -0.6295 0.2994 -0.7170
vn -0.6246 0.3422 -0.7020
vn -0.6448 0.3547 -0.6770
vn -0.6392 0.3951 -0.6598
vn -0.6564 0.4057 -0.6361
vn -0.6502 0.4431 -0.6171
vn -0.6646 0.4520 -0.5950
vn -0.2842 -0.3925 -0.8747
vn -0.3202 -0.3703 -0.8720
vn -0.3233 -0.3442 -0.8815
vn -0.3604 -0.3212 -0.8757
vn -0.3634 -0.2915 -0.8849
vn -0.4014 -0.2680 -0.8758
vn -0.4041 -0.2345 -0.8842
vn -0.4423 -0.2108 -0.8717
vn -0.4446 -0.1737 -0.8788
vn -0.4824 -0.1503 -0.8630
vn -0.4841 -0.1098 -0.8681
vn -0.5209 -0.0870 -0.8492
vn -0.5218 -0.0438 -0.8520
vn -0.5569 -0.0221 -0.8303
vn -0.5568 0.0232 -0.8303
vn -0.5896 0.0435 -0.8065
vn -0.5886 0.0899 -0.8034
vn -0.6186 0.1085 -0.7782
vn -0.6166 0.1552 -0.7719
vn -0.6434 0.1718 -0.7460
vn -0.6404 0.2180 -0.7365
vn -0.6640 0.2326 -0.7107
vn -0.6600 0.2773 -0.6983
vn -0.6803 0.2899 -0.6732
vn -0.6754 0.3326 -0.6582
vn -0.6927 0.3432 -0.6343
vn -0.6871 0.3834 -0.6171
vn -0.7015 0.3923 -0.5950
vn -0.6953 0.4297 -0.5760
vn -0.7072 0.4371 -0.5558
vn -0.7471 0.4371 -0.5008
vn -0.7826 0.3923 -0.4833
vn -0.8173 0.3432 -0.4628
vn -0.8505 0.2899 -0.4390
vn -0.8811 0.2326 -0.4119
vn -0.9083 0.1718 -0.3814
vn -0.9312 0.1085 -0.3479
vn -0.9492 0.0435 -0.3115
vn -0.9618 -0.0221 -0.2730
vn -0.9686 -0.0870 -0.2329
vn -0.9698 -0.1503 -0.1921
vn -0.9657 -0.2108 -0.1512
vn -0.9570 -0.2680 -0.1111
vn -0.9442 -0.3212 -0.0722
vn -0.9283 -0.3703 -0.0351
vn -0.7627 0.4297 -0.4833
vn -0.7712 0.4520 -0.4482
vn -0.7993 0.3834 -0.4628
vn -0.8078 0.4057 -0.4277
vn -0.7879 0.4431 -0.4277
vn -0.7939 0.4661 -0.3905
vn -0.8347 0.3326 -0.4390
vn -0.8432 0.3547 -0.4040
vn -0.8250 0.3951 -0.4040
vn -0.8311 0.4181 -0.3668
vn -0.8112 0.4554 -0.3668
vn -0.8144 0.4789 -0.3279
vn -0.8680 0.2773 -0.4119
vn -0.8765 0.2994 -0.3771
vn -0.8606 0.3422 -0.3771
vn -0.8667 0.3653 -0.3398
vn -0.8485 0.4056 -0.3398
vn -0.8517 0.4291 -0.3008
vn -0.8319 0.4663 -0.3008
vn -0.8319 0.4899 -0.2606
vn -0.8983 0.2180 -0.3814
vn -0.9067 0.2399 -0.3468
vn -0.8936 0.2849 -0.3468
vn -0.8996 0.3078 -0.3097
vn -0.8838 0.3508 -0.3097
vn -0.8869 0.3744 -0.2705
vn -0.8688 0.4146 -0.2706
vn -0.8688 0.4384 -0.2302
vn -0.8492 0.4753 -0.2302
vn -0.8459 0.4987 -0.1893
vn -0.9246 0.1552 -0.3479
vn -0.9330 0.1770 -0.3134
vn -0.9230 0.2234 -0.3134
vn -0.9289 0.2463 -0.2764
vn -0.9158 0.2914 -0.2764
vn -0.9190 0.3150 -0.2373
vn -0.9031 0.3579 -0.2373
vn -0.9031 0.3817 -0.1968
vn -0.8851 0.4218 -0.1968
vn -0.8817 0.4453 -0.1558
vn -0.8622 0.4821 -0.1558
vn -0.8556 0.5048 -0.1149
vn -0.9460 0.0899 -0.3115
vn -0.9543 0.1117 -0.2773
vn -0.9476 0.1586 -0.2773
vn -0.9536 0.1814 -0.2403
vn -0.9436 0.2279 -0.2403
vn -0.9467 0.2515 -0.2012
vn -0.9336 0.2966 -0.2012
vn -0.9336 0.3204 -0.1607
vn -0.9177 0.3633 -0.1607
vn -0.9144 0.3868 -0.1196
vn -0.8964 0.4269 -0.1196
vn -0.8897 0.4497 -0.0786
vn -0.8703 0.4863 -0.0786
vn -0.8605 0.5079 -0.0385
vn -0.9617 0.0232 -0.2730
vn -0.9700 0.0449 -0.2388
vn -0.9668 0.0914 -0.2388
vn -0.9727 0.1143 -0.2019
vn -0.9661 0.1612 -0.2019
vn -0.9692 0.1848 -0.1628
vn -0.9592 0.2313 -0.1628
vn -0.9592 0.2551 -0.1223
vn -0.9460 0.3002 -0.1223
vn -0.9427 0.3238 -0.0811
vn -0.9268 0.3666 -0.0811
vn -0.9202 0.3895 -0.0401
vn -0.9022 0.4294 -0.0401
vn -0.8925 0.4511 -0.0000
vn -0.8730 0.4877 -0.0000
vn -0.8605 0.5079 0.0385
vn -0.9715 -0.0438 -0.2329
vn -0.9798 -0.0220 -0.1987
vn -0.9798 0.0232 -0.1987
vn -0.9858 0.0460 -0.1618
vn -0.9825 0.0926 -0.1618
vn -0.9856 0.1161 -0.1227
vn -0.9789 0.1631 -0.1227
vn -0.9789 0.1869 -0.0822
vn -0.9689 0.2334 -0.0822
vn -0.9656 0.2569 -0.0410
vn -0.9524 0.3020 -0.0410
vn -0.9457 0.3249 -0.0000
vn -0.9299 0.3678 -0.0000
vn -0.9202 0.3895 0.0401
vn -0.9022 0.4294 0.0401
vn -0.8897 0.4497 0.0786
vn -0.8703 0.4863 0.0786
vn -0.8556 0.5048 0.1149
vn -0.9752 -0.1098 -0.1921
vn -0.9836 -0.0880 -0.1577
vn -0.9865 -0.0449 -0.1577
vn -0.9924 -0.0220 -0.1207
vn -0.9924 0.0232 -0.1207
vn -0.9956 0.0467 -0.0817
vn -0.9923 0.0932 -0.0817
vn -0.9923 0.1170 -0.0412
vn -0.9856 0.1640 -0.0412
vn -0.9822 0.1876 -0.0000
vn -0.9722 0.2341 -0.0000
vn -0.9656 0.2569 0.0410
vn -0.9524 0.3020 0.0410
vn -0.9427 0.3238 0.0811
vn -0.9268 0.3666 0.0811
vn -0.9144 0.3868 0.1196
vn -0.8964 0.4269 0.1196
vn -0.8817 0.4453 0.1558
vn -0.8622 0.4821 0.1558
vn -0.8459 0.4987 0.1893
vn -0.9731 -0.1737 -0.1512
vn -0.9815 -0.1517 -0.1166
vn -0.9869 -0.1114 -0.1166
vn -0.9929 -0.0885 -0.0796
vn -0.9958 -0.0455 -0.0796
vn -0.9989 -0.0220 -0.0405
vn -0.9989 0.0232 -0.0405
vn -0.9989 0.0470 -0.0000
vn -0.9956 0.0935 -0.0000
vn -0.9923 0.1170 0.0412
vn -0.9856 0.1640 0.0412
vn -0.9789 0.1869 0.0822
vn -0.9689 0.2334 0.0822
vn -0.9592 0.2551 0.1223
vn -0.9460 0.3002 0.1223
vn -0.9336 0.3204 0.1607
vn -0.9177 0.3633 0.1607
vn -0.9031 0.3817 0.1968
vn -0.8851 0.4218 0.1968
vn -0.8688 0.4384 0.2302
vn -0.8492 0.4753 0.2302
vn -0.8319 0.4899 0.2606
vn -0.9658 -0.2345 -0.1111
vn -0.9742 -0.2124 -0.0763
vn -0.9815 -0.1754 -0.0763
vn -0.9875 -0.1524 -0.0391
vn -0.9929 -0.1123 -0.0391
vn -0.9961 -0.0887 -0.0000
vn -0.9990 -0.0458 -0.0000
vn -0.9989 -0.0220 0.0405
vn -0.9989 0.0232 0.0405
vn -0.9956 0.0467 0.0817
vn -0.9923 0.0932 0.0817
vn -0.9856 0.1161 0.1227
vn -0.9790 0.1631 0.1227
vn -0.9692 0.1848 0.1628
vn -0.9592 0.2313 0.1628
vn -0.9467 0.2515 0.2012
vn -0.9336 0.2966 0.2012
vn -0.9190 0.3150 0.2373
vn -0.9031 0.3579 0.2373
vn -0.8869 0.3744 0.2705
vn -0.8688 0.4146 0.2706
vn -0.8517 0.4291 0.3008
vn -0.8319 0.4663 0.3008
vn -0.8144 0.4789 0.3279
vn -0.9539 -0.2915 -0.0722
vn -0.9623 -0.2693 -0.0372
vn -0.9711 -0.2359 -0.0372
vn -0.9771 -0.2129 -0.0000
vn -0.9844 -0.1760 -0.0000
vn -0.9875 -0.1524 0.0391
vn -0.9929 -0.1123 0.0391
vn -0.9929 -0.0885 0.0796
vn -0.9958 -0.0455 0.0796
vn -0.9924 -0.0220 0.1207
vn -0.9924 0.0232 0.1207
vn -0.9858 0.0460 0.1618
vn -0.9825 0.0926 0.1618
vn -0.9727 0.1143 0.2019
vn -0.9661 0.1612 0.2019
vn -0.9536 0.1814 0.2403
vn -0.9436 0.2279 0.2403
vn -0.9289 0.2463 0.2764
vn -0.9158 0.2914 0.2764
vn -0.8996 0.3078 0.3097
vn -0.8838 0.3508 0.3097
vn -0.8667 0.3653 0.3398
vn -0.8485 0.4056 0.3398
vn -0.8311 0.4181 0.3668
vn -0.8112 0.4554 0.3668
vn -0.7939 0.4661 0.3906
vn -0.9382 -0.3442 -0.0351
vn -0.9468 -0.3220 -0.0000
vn -0.9563 -0.2923 -0.0000
vn -0.9623 -0.2693 0.0372
vn -0.9711 -0.2359 0.0372
vn -0.9742 -0.2124 0.0763
vn -0.9815 -0.1754 0.0763
vn -0.9815 -0.1517 0.1166
vn -0.9869 -0.1114 0.1166
vn -0.9836 -0.0880 0.1577
vn -0.9865 -0.0448 0.1577
vn -0.9798 -0.0220 0.1987
vn -0.9798 0.0232 0.1987
vn -0.9700 0.0449 0.2388
vn -0.9668 0.0914 0.2388
vn -0.9543 0.1117 0.2773
vn -0.9476 0.1586 0.2773
vn -0.9330 0.1770 0.3134
vn -0.9230 0.2234 0.3134
vn -0.9067 0.2399 0.3468
vn -0.8936 0.2849 0.3468
vn -0.8765 0.2994 0.3771
vn -0.8606 0.3422 0.3771
vn -0.8432 0.3547 0.4040
vn -0.8250 0.3951 0.4040
vn -0.8078 0.4057 0.4277
vn -0.7879 0.4431 0.4277
vn -0.7712 0.4520 0.4482
vn -0.9198 -0.3925 -0.0000
vn -0.9283 -0.3703 0.0351
vn -0.9382 -0.3442 0.0351
vn -0.9442 -0.3212 0.0722
vn -0.9539 -0.2915 0.0722
vn -0.9570 -0.2680 0.1111
vn -0.9658 -0.2345 0.1111
vn -0.9657 -0.2108 0.1512
vn -0.9731 -0.1737 0.1512
vn -0.9698 -0.1503 0.1921
vn -0.9752 -0.1098 0.1921
vn -0.9686 -0.0870 0.2329
vn -0.9715 -0.0438 0.2329
vn -0.9618 -0.0221 0.2730
vn -0.9617 0.0232 0.2730
vn -0.9492 0.0435 0.3115
vn -0.9460 0.0899 0.3115
vn -0.9312 0.1085 0.3479
vn -0.9246 0.1552 0.3479
vn -0.9083 0.1718 0.3814
vn -0.8983 0.2180 0.3814
vn -0.8811 0.2326 0.4119
vn -0.8680 0.2773 0.4119
vn -0.8505 0.2899 0.4390
vn -0.8347 0.3326 0.4390
vn -0.8173 0.3432 0.4628
vn -0.7993 0.3834 0.4628
vn -0.7826 0.3923 0.4833
vn -0.7627 0.4298 0.4833
vn -0.7471 0.4371 0.5008
vn -0.7072 0.4371 0.5558
vn -0.7015 0.3923 0.5950
vn -0.6927 0.3432 0.6343
vn -0.6803 0.2899 0.6732
vn -0.6640 0.2326 0.7107
vn -0.6434 0.1718 0.7460
vn -0.6186 0.1085 0.7782
vn -0.5896 0.0435 0.8065
vn -0.5569 -0.0221 0.8303
vn -0.5209 -0.0870 0.8492
vn -0.4824 -0.1503 0.8630
vn -0.4423 -0.2108 0.8717
vn -0.4014 -0.2680 0.8758
vn -0.3604 -0.3212 0.8757
vn -0.3202 -0.3703 0.8720
vn -0.6953 0.4297 0.5760
vn -0.6646 0.4520 0.5950
vn -0.6871 0.3834 0.6171
vn -0.6564 0.4057 0.6361
vn -0.6502 0.4431 0.6171
vn -0.6168 0.4661 0.6343
vn -0.6754 0.3326 0.6582
vn -0.6448 0.3547 0.6770
vn -0.6392 0.3951 0.6598
vn -0.6057 0.4181 0.6770
vn -0.5995 0.4554 0.6582
vn -0.5635 0.4789 0.6732
vn -0.6600 0.2773 0.6983
vn -0.6295 0.2994 0.7170
vn -0.6246 0.3422 0.7020
vn -0.5910 0.3653 0.7192
vn -0.5854 0.4056 0.7020
vn -0.5493 0.4291 0.7170
vn -0.5432 0.4663 0.6983
vn -0.5049 0.4899 0.7107
vn -0.6404 0.2180 0.7365
vn -0.6101 0.2399 0.7552
vn -0.6060 0.2849 0.7427
vn -0.5725 0.3079 0.7599
vn -0.5676 0.3508 0.7448
vn -0.5314 0.3744 0.7599
vn -0.5258 0.4146 0.7427
vn -0.4874 0.4384 0.7552
vn -0.4813 0.4753 0.7365
vn -0.4415 0.4987 0.7460
vn -0.6166 0.1552 0.7719
vn -0.5864 0.1770 0.7904
vn -0.5833 0.2234 0.7809
vn -0.5499 0.2463 0.7981
vn -0.5459 0.2914 0.7856
vn -0.5096 0.3150 0.8007
vn -0.5047 0.3579 0.7856
vn -0.4662 0.3817 0.7981
vn -0.4607 0.4218 0.7809
vn -0.4206 0.4453 0.7904
vn -0.4146 0.4821 0.7718
vn -0.3737 0.5048 0.7782
vn -0.5886 0.0899 0.8034
vn -0.5586 0.1117 0.8219
vn -0.5565 0.1586 0.8156
vn -0.5232 0.1814 0.8327
vn -0.5201 0.2279 0.8231
vn -0.4839 0.2515 0.8382
vn -0.4799 0.2966 0.8257
vn -0.4413 0.3204 0.8382
vn -0.4364 0.3633 0.8231
vn -0.3963 0.3868 0.8327
vn -0.3907 0.4269 0.8156
vn -0.3497 0.4497 0.8219
vn -0.3437 0.4863 0.8034
vn -0.3026 0.5079 0.8065
vn -0.5568 0.0232 0.8303
vn -0.5268 0.0449 0.8488
vn -0.5258 0.0914 0.8457
vn -0.4926 0.1143 0.8627
vn -0.4905 0.1612 0.8564
vn -0.4544 0.1848 0.8714
vn -0.4513 0.2313 0.8619
vn -0.4127 0.2551 0.8744
vn -0.4087 0.3002 0.8619
vn -0.3685 0.3238 0.8714
vn -0.3636 0.3666 0.8564
vn -0.3225 0.3895 0.8627
vn -0.3170 0.4294 0.8457
vn -0.2758 0.4511 0.8488
vn -0.2698 0.4877 0.8303
vn -0.2293 0.5079 0.8303
vn -0.5218 -0.0438 0.8520
vn -0.4917 -0.0220 0.8705
vn -0.4917 0.0232 0.8705
vn -0.4585 0.0460 0.8875
vn -0.4574 0.0926 0.8844
vn -0.4213 0.1161 0.8995
vn -0.4192 0.1631 0.8931
vn -0.3807 0.1869 0.9056
vn -0.3776 0.2334 0.8961
vn -0.3374 0.2570 0.9056
vn -0.3334 0.3020 0.8931
vn -0.2923 0.3249 0.8995
vn -0.2874 0.3678 0.8844
vn -0.2462 0.3895 0.8875
vn -0.2407 0.4294 0.8704
vn -0.2002 0.4497 0.8705
vn -0.1942 0.4863 0.8520
vn -0.1551 0.5048 0.8492
vn -0.4841 -0.1098 0.8681
vn -0.4539 -0.0880 0.8867
vn -0.4548 -0.0449 0.8895
vn -0.4215 -0.0220 0.9066
vn -0.4215 0.0232 0.9065
vn -0.3853 0.0467 0.9216
vn -0.3843 0.0932 0.9185
vn -0.3458 0.1170 0.9310
vn -0.3437 0.1640 0.9246
vn -0.3035 0.1876 0.9342
vn -0.3004 0.2341 0.9246
vn -0.2593 0.2569 0.9310
vn -0.2553 0.3021 0.9185
vn -0.2141 0.3238 0.9216
vn -0.2092 0.3666 0.9065
vn -0.1688 0.3868 0.9066
vn -0.1633 0.4269 0.8895
vn -0.1243 0.4453 0.8867
vn -0.1183 0.4821 0.8681
vn -0.0813 0.4987 0.8630
vn -0.4446 -0.1737 0.8788
vn -0.4142 -0.1517 0.8974
vn -0.4159 -0.1114 0.9026
vn -0.3825 -0.0885 0.9197
vn -0.3834 -0.0455 0.9225
vn -0.3472 -0.0220 0.9375
vn -0.3472 0.0232 0.9375
vn -0.3087 0.0470 0.9500
vn -0.3077 0.0935 0.9469
vn -0.2675 0.1170 0.9564
vn -0.2654 0.1640 0.9501
vn -0.2243 0.1869 0.9564
vn -0.2212 0.2334 0.9469
vn -0.1801 0.2551 0.9500
vn -0.1760 0.3002 0.9375
vn -0.1356 0.3204 0.9375
vn -0.1307 0.3633 0.9225
vn -0.0919 0.3817 0.9197
vn -0.0863 0.4218 0.9026
vn -0.0496 0.4384 0.8974
vn -0.0435 0.4753 0.8788
vn -0.0092 0.4899 0.8717
vn -0.4041 -0.2345 0.8842
vn -0.3736 -0.2124 0.9030
vn -0.3759 -0.1754 0.9099
vn -0.3424 -0.1524 0.9271
vn -0.3440 -0.1123 0.9322
vn -0.3078 -0.0887 0.9473
vn -0.3087 -0.0458 0.9501
vn -0.2702 -0.0220 0.9626
vn -0.2702 0.0232 0.9625
vn -0.2300 0.0467 0.9721
vn -0.2290 0.0932 0.9690
vn -0.1879 0.1161 0.9753
vn -0.1858 0.1631 0.9690
vn -0.1446 0.1848 0.9721
vn -0.1415 0.2313 0.9625
vn -0.1012 0.2515 0.9626
vn -0.0971 0.2966 0.9501
vn -0.0583 0.3150 0.9473
vn -0.0534 0.3579 0.9322
vn -0.0168 0.3744 0.9271
vn -0.0112 0.4146 0.9099
vn 0.0229 0.4291 0.9029
vn 0.0290 0.4663 0.8842
vn 0.0602 0.4789 0.8758
vn -0.3634 -0.2915 0.8849
vn -0.3328 -0.2693 0.9037
vn -0.3355 -0.2360 0.9120
vn -0.3019 -0.2129 0.9293
vn -0.3042 -0.1761 0.9362
vn -0.2680 -0.1524 0.9513
vn -0.2696 -0.1123 0.9564
vn -0.2311 -0.0885 0.9689
vn -0.2320 -0.0455 0.9716
vn -0.1919 -0.0220 0.9812
vn -0.1919 0.0232 0.9811
vn -0.1508 0.0460 0.9875
vn -0.1498 0.0926 0.9844
vn -0.1086 0.1143 0.9875
vn -0.1065 0.1612 0.9811
vn -0.0661 0.1814 0.9812
vn -0.0630 0.2279 0.9716
vn -0.0242 0.2463 0.9689
vn -0.0201 0.2914 0.9564
vn 0.0165 0.3078 0.9513
vn 0.0214 0.3508 0.9362
vn 0.0554 0.3653 0.9293
vn 0.0610 0.4056 0.9120
vn 0.0920 0.4181 0.9037
vn 0.0982 0.4554 0.8849
vn 0.1261 0.4661 0.8757
vn -0.3233 -0.3442 0.8815
vn -0.2926 -0.3220 0.9004
vn -0.2955 -0.2923 0.9095
vn -0.2620 -0.2693 0.9267
vn -0.2647 -0.2359 0.9350
vn -0.2285 -0.2124 0.9501
vn -0.2308 -0.1754 0.9571
vn -0.1924 -0.1517 0.9695
vn -0.1940 -0.1114 0.9746
vn -0.1540 -0.0880 0.9842
vn -0.1549 -0.0449 0.9869
vn -0.1138 -0.0220 0.9933
vn -0.1138 0.0232 0.9932
vn -0.0727 0.0449 0.9963
vn -0.0717 0.0914 0.9932
vn -0.0312 0.1117 0.9933
vn -0.0291 0.1586 0.9869
vn 0.0098 0.1770 0.9842
vn 0.0129 0.2234 0.9746
vn 0.0497 0.2399 0.9695
vn 0.0537 0.2849 0.9571
vn 0.0878 0.2994 0.9501
vn 0.0927 0.3422 0.9350
vn 0.1237 0.3547 0.9267
vn 0.1293 0.3951 0.9095
vn 0.1571 0.4057 0.9004
vn 0.1633 0.4431 0.8815
vn 0.1880 0.4520 0.8720
vn -0.2842 -0.3925 0.8747
vn -0.2535 -0.3703 0.8937
vn -0.2566 -0.3442 0.9031
vn -0.2231 -0.3212 0.9203
vn -0.2261 -0.2915 0.9295
vn -0.1901 -0.2680 0.9445
vn -0.1928 -0.2345 0.9528
vn -0.1546 -0.2108 0.9652
vn -0.1569 -0.1737 0.9722
vn -0.1170 -0.1503 0.9817
vn -0.1187 -0.1098 0.9868
vn -0.0778 -0.0870 0.9932
vn -0.0787 -0.0438 0.9959
vn -0.0375 -0.0221 0.9991
vn -0.0375 0.0232 0.9990
vn 0.0030 0.0435 0.9991
vn 0.0040 0.0899 0.9959
vn 0.0431 0.1085 0.9932
vn 0.0451 0.1552 0.9868
vn 0.0821 0.1718 0.9817
vn 0.0852 0.2180 0.9722
vn 0.1194 0.2326 0.9652
vn 0.1235 0.2773 0.9528
vn 0.1547 0.2899 0.9445
vn 0.1596 0.3326 0.9295
vn 0.1875 0.3432 0.9203
vn 0.1931 0.3834 0.9031
vn 0.2178 0.3923 0.8937
vn 0.2240 0.4298 0.8747
vn 0.2454 0.4371 0.8653
vn 0.3101 0.4371 0.8443
vn 0.3491 0.3923 0.8510
vn 0.3892 0.3432 0.8548
vn 0.4300 0.2899 0.8550
vn 0.4707 0.2326 0.8511
vn 0.5106 0.1718 0.8425
vn 0.5489 0.1085 0.8288
vn 0.5848 0.0435 0.8100
vn 0.6176 -0.0221 0.7862
vn 0.6467 -0.0870 0.7578
vn 0.6717 -0.1503 0.7255
vn 0.6924 -0.2108 0.6900
vn 0.7089 -0.2680 0.6524
vn 0.7215 -0.3212 0.6134
vn 0.7304 -0.3703 0.5740
vn 0.3330 0.4297 0.8393
vn 0.3605 0.4520 0.8159
vn 0.3746 0.3834 0.8442
vn 0.4021 0.4057 0.8208
vn 0.3860 0.4431 0.8091
vn 0.4127 0.4661 0.7826
vn 0.4172 0.3326 0.8458
vn 0.4447 0.3547 0.8225
vn 0.4300 0.3951 0.8118
vn 0.4568 0.4181 0.7852
vn 0.4407 0.4554 0.7736
vn 0.4661 0.4789 0.7439
vn 0.4601 0.2773 0.8434
vn 0.4874 0.2994 0.8202
vn 0.4746 0.3422 0.8109
vn 0.5014 0.3653 0.7843
vn 0.4867 0.4056 0.7737
vn 0.5122 0.4291 0.7440
vn 0.4962 0.4663 0.7323
vn 0.5198 0.4899 0.6998
vn 0.5026 0.2180 0.8366
vn 0.5297 0.2399 0.8136
vn 0.5191 0.2849 0.8059
vn 0.5458 0.3079 0.7793
vn 0.5330 0.3508 0.7700
vn 0.5585 0.3744 0.7402
vn 0.5439 0.4146 0.7296
vn 0.5676 0.4384 0.6969
vn 0.5517 0.4753 0.6854
vn 0.5730 0.4987 0.6504
vn 0.5435 0.1552 0.8249
vn 0.5705 0.1770 0.8020
vn 0.5624 0.2234 0.7961
vn 0.5891 0.2463 0.7696
vn 0.5784 0.2914 0.7619
vn 0.6040 0.3150 0.7321
vn 0.5912 0.3579 0.7228
vn 0.6149 0.3817 0.6900
vn 0.6003 0.4218 0.6794
vn 0.6218 0.4453 0.6443
vn 0.6060 0.4821 0.6328
vn 0.6246 0.5048 0.5959
vn 0.5822 0.0899 0.8081
vn 0.6091 0.1117 0.7852
vn 0.6037 0.1586 0.7813
vn 0.6302 0.1814 0.7549
vn 0.6221 0.2279 0.7490
vn 0.6476 0.2515 0.7193
vn 0.6370 0.2966 0.7115
vn 0.6608 0.3204 0.6787
vn 0.6480 0.3633 0.6694
vn 0.6695 0.3868 0.6342
vn 0.6549 0.4269 0.6236
vn 0.6736 0.4497 0.5866
vn 0.6579 0.4863 0.5751
vn 0.6735 0.5079 0.5370
vn 0.6176 0.0232 0.7862
vn 0.6444 0.0449 0.7633
vn 0.6418 0.0914 0.7614
vn 0.6683 0.1143 0.7351
vn 0.6629 0.1612 0.7311
vn 0.6884 0.1848 0.7014
vn 0.6803 0.2313 0.6955
vn 0.7041 0.2551 0.6627
vn 0.6934 0.3002 0.6550
vn 0.7149 0.3238 0.6197
vn 0.7021 0.3666 0.6104
vn 0.7209 0.3895 0.5733
vn 0.7063 0.4294 0.5628
vn 0.7220 0.4511 0.5246
vn 0.7063 0.4877 0.5131
vn 0.7188 0.5079 0.4746
vn 0.6490 -0.0438 0.7595
vn 0.6759 -0.0220 0.7366
vn 0.6759 0.0232 0.7366
vn 0.7024 0.0460 0.7103
vn 0.6998 0.0926 0.7084
vn 0.7253 0.1161 0.6786
vn 0.7198 0.1631 0.6747
vn 0.7436 0.1869 0.6419
vn 0.7355 0.2334 0.6360
vn 0.7570 0.2569 0.6007
vn 0.7464 0.3020 0.5930
vn 0.7651 0.3249 0.5559
vn 0.7523 0.3678 0.5466
vn 0.7680 0.3895 0.5084
vn 0.7535 0.4294 0.4979
vn 0.7660 0.4497 0.4594
vn 0.7503 0.4863 0.4479
vn 0.7597 0.5048 0.4099
vn 0.6761 -0.1098 0.7286
vn 0.7030 -0.0880 0.7057
vn 0.7054 -0.0449 0.7074
vn 0.7319 -0.0220 0.6810
vn 0.7319 0.0232 0.6810
vn 0.7574 0.0467 0.6513
vn 0.7548 0.0932 0.6493
vn 0.7786 0.1170 0.6166
vn 0.7732 0.1640 0.6126
vn 0.7947 0.1876 0.5773
vn 0.7865 0.2341 0.5714
vn 0.8053 0.2569 0.5343
vn 0.7946 0.3020 0.5266
vn 0.8103 0.3237 0.4884
vn 0.7975 0.3666 0.4791
vn 0.8100 0.3868 0.4407
vn 0.7955 0.4268 0.4301
vn 0.8049 0.4453 0.3922
vn 0.7891 0.4821 0.3808
vn 0.7956 0.4987 0.3440
vn 0.6984 -0.1737 0.6943
vn 0.7255 -0.1517 0.6713
vn 0.7299 -0.1114 0.6745
vn 0.7565 -0.0885 0.6480
vn 0.7588 -0.0455 0.6497
vn 0.7844 -0.0220 0.6199
vn 0.7843 0.0232 0.6199
vn 0.8081 0.0470 0.5871
vn 0.8055 0.0935 0.5852
vn 0.8270 0.1170 0.5499
vn 0.8216 0.1640 0.5460
vn 0.8403 0.1869 0.5089
vn 0.8322 0.2334 0.5030
vn 0.8479 0.2551 0.4648
vn 0.8372 0.3002 0.4571
vn 0.8497 0.3204 0.4187
vn 0.8369 0.3633 0.4094
vn 0.8463 0.3817 0.3716
vn 0.8317 0.4218 0.3610
vn 0.8382 0.4384 0.3245
vn 0.8223 0.4753 0.3129
vn 0.8262 0.4899 0.2781
vn 0.7160 -0.2345 0.6575
vn 0.7433 -0.2124 0.6343
vn 0.7492 -0.1754 0.6386
vn 0.7759 -0.1524 0.6121
vn 0.7803 -0.1123 0.6153
vn 0.8058 -0.0887 0.5855
vn 0.8082 -0.0458 0.5872
vn 0.8320 -0.0220 0.5544
vn 0.8319 0.0232 0.5544
vn 0.8534 0.0467 0.5191
vn 0.8508 0.0932 0.5172
vn 0.8695 0.1161 0.4800
vn 0.8641 0.1631 0.4761
vn 0.8798 0.1848 0.4380
vn 0.8717 0.2313 0.4321
vn 0.8842 0.2515 0.3937
vn 0.8735 0.2966 0.3860
vn 0.8829 0.3150 0.3482
vn 0.8701 0.3579 0.3389
vn 0.8766 0.3744 0.3024
vn 0.8619 0.4146 0.2918
vn 0.8658 0.4291 0.2573
vn 0.8499 0.4663 0.2456
vn 0.8516 0.4789 0.2134
vn 0.7292 -0.2915 0.6191
vn 0.7567 -0.2693 0.5958
vn 0.7637 -0.2359 0.6009
vn 0.7905 -0.2129 0.5743
vn 0.7964 -0.1761 0.5786
vn 0.8219 -0.1524 0.5488
vn 0.8263 -0.1123 0.5520
vn 0.8500 -0.0885 0.5192
vn 0.8524 -0.0455 0.5209
vn 0.8739 -0.0220 0.4857
vn 0.8738 0.0232 0.4857
vn 0.8926 0.0460 0.4485
vn 0.8899 0.0926 0.4466
vn 0.9056 0.1143 0.4084
vn 0.9002 0.1612 0.4045
vn 0.9127 0.1814 0.3661
vn 0.9046 0.2279 0.3602
vn 0.9140 0.2463 0.3224
vn 0.9034 0.2914 0.3147
vn 0.9098 0.3078 0.2783
vn 0.8970 0.3508 0.2689
vn 0.9009 0.3653 0.2345
vn 0.8862 0.4056 0.2238
vn 0.8879 0.4181 0.1917
vn 0.8719 0.4554 0.1801
vn 0.8718 0.4661 0.1507
vn 0.7384 -0.3442 0.5798
vn 0.7659 -0.3220 0.5565
vn 0.7737 -0.2923 0.5621
vn 0.8004 -0.2693 0.5355
vn 0.8075 -0.2360 0.5406
vn 0.8330 -0.2124 0.5109
vn 0.8389 -0.1754 0.5152
vn 0.8626 -0.1517 0.4825
vn 0.8670 -0.1114 0.4857
vn 0.8884 -0.0880 0.4505
vn 0.8908 -0.0449 0.4523
vn 0.9095 -0.0220 0.4152
vn 0.9094 0.0232 0.4152
vn 0.9251 0.0449 0.3770
vn 0.9225 0.0914 0.3751
vn 0.9350 0.1117 0.3366
vn 0.9296 0.1586 0.3327
vn 0.9390 0.1770 0.2948
vn 0.9309 0.2234 0.2889
vn 0.9374 0.2399 0.2524
vn 0.9268 0.2849 0.2447
vn 0.9307 0.2994 0.2101
vn 0.9179 0.3422 0.2008
vn 0.9196 0.3547 0.1687
vn 0.9050 0.3951 0.1581
vn 0.9049 0.4057 0.1288
vn 0.8888 0.4431 0.1171
vn 0.8874 0.4520 0.0907
vn 0.7441 -0.3925 0.5406
vn 0.7716 -0.3703 0.5173
vn 0.7797 -0.3442 0.5231
vn 0.8063 -0.3212 0.4966
vn 0.8141 -0.2915 0.5022
vn 0.8395 -0.2680 0.4726
vn 0.8466 -0.2345 0.4778
vn 0.8702 -0.2108 0.4453
vn 0.8762 -0.1737 0.4496
vn 0.8975 -0.1503 0.4146
vn 0.9019 -0.1098 0.4178
vn 0.9205 -0.0870 0.3809
vn 0.9229 -0.0438 0.3826
vn 0.9386 -0.0221 0.3444
vn 0.9385 0.0232 0.3444
vn 0.9511 0.0435 0.3059
vn 0.9484 0.0899 0.3040
vn 0.9579 0.1085 0.2659
vn 0.9525 0.1552 0.2620
vn 0.9590 0.1718 0.2253
vn 0.9510 0.2180 0.2194
vn 0.9549 0.2326 0.1847
vn 0.9443 0.2773 0.1770
vn 0.9461 0.2899 0.1447
vn 0.9333 0.3326 0.1355
vn 0.9332 0.3432 0.1060
vn 0.9186 0.3834 0.0954
vn 0.9172 0.3923 0.0690
vn 0.9011 0.4297 0.0573
vn 0.8988 0.4371 0.0340
vn 0.2812 0.4150 -0.8653
vn 0.3202 0.3703 -0.8720
vn 0.3604 0.3212 -0.8757
vn 0.4014 0.2680 -0.8758
vn 0.4423 0.2108 -0.8717
vn 0.4824 0.1503 -0.8630
vn 0.5209 0.0870 -0.8492
vn 0.5569 0.0221 -0.8303
vn 0.5896 -0.0435 -0.8065
vn 0.6186 -0.1085 -0.7782
vn 0.6434 -0.1718 -0.7460
vn 0.6640 -0.2326 -0.7107
vn 0.6803 -0.2899 -0.6732
vn 0.6927 -0.3432 -0.6343
vn 0.7015 -0.3923 -0.5950
vn 0.2842 0.3925 -0.8747
vn 0.2535 0.3703 -0.8937
vn 0.3233 0.3442 -0.8815
vn 0.2926 0.3220 -0.9004
vn 0.2566 0.3442 -0.9031
vn 0.2231 0.3212 -0.9203
vn 0.3634 0.2915 -0.8849
vn 0.3328 0.2693 -0.9037
vn 0.2955 0.2923 -0.9095
vn 0.2620 0.2693 -0.9267
vn 0.2261 0.2915 -0.9295
vn 0.1901 0.2680 -0.9445
vn 0.4041 0.2345 -0.8842
vn 0.3736 0.2124 -0.9030
vn 0.3355 0.2360 -0.9120
vn 0.3019 0.2129 -0.9293
vn 0.2647 0.2360 -0.9350
vn 0.2285 0.2124 -0.9501
vn 0.1928 0.2345 -0.9528
vn 0.1546 0.2108 -0.9652
vn 0.4446 0.1737 -0.8788
vn 0.4142 0.1517 -0.8974
vn 0.3759 0.1754 -0.9099
vn 0.3424 0.1524 -0.9271
vn 0.3042 0.1760 -0.9362
vn 0.2680 0.1524 -0.9513
vn 0.2308 0.1754 -0.9571
vn 0.1924 0.1517 -0.9695
vn 0.1569 0.1737 -0.9722
vn 0.1170 0.1503 -0.9817
vn 0.4841 0.1098 -0.8681
vn 0.4539 0.0880 -0.8867
vn 0.4159 0.1114 -0.9026
vn 0.3825 0.0885 -0.9197
vn 0.3440 0.1123 -0.9322
vn 0.3078 0.0887 -0.9473
vn 0.2696 0.1123 -0.9564
vn 0.2311 0.0885 -0.9689
vn 0.1940 0.1114 -0.9746
vn 0.1540 0.0880 -0.9842
vn 0.1187 0.1098 -0.9868
vn 0.0778 0.0870 -0.9932
vn 0.5218 0.0438 -0.8520
vn 0.4917 0.0220 -0.8705
vn 0.4548 0.0449 -0.8895
vn 0.4215 0.0220 -0.9066
vn 0.3834 0.0455 -0.9225
vn 0.3472 0.0220 -0.9375
vn 0.3087 0.0458 -0.9501
vn 0.2702 0.0220 -0.9626
vn 0.2320 0.0455 -0.9716
vn 0.1919 0.0220 -0.9812
vn 0.1549 0.0449 -0.9869
vn 0.1138 0.0220 -0.9933
vn 0.0787 0.0438 -0.9959
vn 0.0375 0.0221 -0.9991
vn 0.5568 -0.0232 -0.8303
vn 0.5268 -0.0449 -0.8488
vn 0.4917 -0.0232 -0.8705
vn 0.4585 -0.0460 -0.8875
vn 0.4215 -0.0232 -0.9065
vn 0.3853 -0.0467 -0.9216
vn 0.3472 -0.0232 -0.9375
vn 0.3087 -0.0470 -0.9500
vn 0.2702 -0.0232 -0.9625
vn 0.2300 -0.0467 -0.9721
vn 0.1919 -0.0232 -0.9811
vn 0.1508 -0.0460 -0.9875
vn 0.1138 -0.0232 -0.9932
vn 0.0727 -0.0449 -0.9963
vn 0.0375 -0.0232 -0.9990
vn -0.0030 -0.0435 -0.9991
vn 0.5886 -0.0899 -0.8034
vn 0.5586 -0.1117 -0.8219
vn 0.5258 -0.0914 -0.8457
vn 0.4926 -0.1143 -0.8627
vn 0.4574 -0.0926 -0.8844
vn 0.4213 -0.1161 -0.8995
vn 0.3843 -0.0932 -0.9185
vn 0.3458 -0.1170 -0.9310
vn 0.3077 -0.0935 -0.9469
vn 0.2675 -0.1170 -0.9564
vn 0.2290 -0.0932 -0.9690
vn 0.1879 -0.1161 -0.9753
vn 0.1498 -0.0926 -0.9844
vn 0.1086 -0.1143 -0.9875
vn 0.0717 -0.0914 -0.9932
vn 0.0312 -0.1117 -0.9933
vn -0.0040 -0.0899 -0.9959
vn -0.0431 -0.1085 -0.9932
vn 0.6166 -0.1552 -0.7719
vn 0.5864 -0.1770 -0.7904
vn 0.5565 -0.1586 -0.8156
vn 0.5232 -0.1814 -0.8327
vn 0.4905 -0.1612 -0.8564
vn 0.4544 -0.1848 -0.8714
vn 0.4192 -0.1631 -0.8931
vn 0.3807 -0.1869 -0.9056
vn 0.3437 -0.1640 -0.9246
vn 0.3035 -0.1876 -0.9342
vn 0.2654 -0.1640 -0.9501
vn 0.2243 -0.1869 -0.9564
vn 0.1858 -0.1631 -0.9690
vn 0.1446 -0.1848 -0.9721
vn 0.1065 -0.1612 -0.9811
vn 0.0661 -0.1814 -0.9812
vn 0.0291 -0.1586 -0.9869
vn -0.0098 -0.1770 -0.9842
vn -0.0451 -0.1552 -0.9868
vn -0.0821 -0.1718 -0.9817
vn 0.6404 -0.2180 -0.7365
vn 0.6101 -0.2399 -0.7552
vn 0.5833 -0.2234 -0.7809
vn 0.5499 -0.2463 -0.7981
vn 0.5201 -0.2279 -0.8231
vn 0.4839 -0.2515 -0.8382
vn 0.4513 -0.2313 -0.8619
vn 0.4127 -0.2551 -0.8744
vn 0.3776 -0.2334 -0.8961
vn 0.3374 -0.2570 -0.9056
vn 0.3004 -0.2341 -0.9246
vn 0.2593 -0.2570 -0.9310
vn 0.2212 -0.2334 -0.9469
vn 0.1801 -0.2551 -0.9500
vn 0.1415 -0.2313 -0.9625
vn 0.1012 -0.2515 -0.9626
vn 0.0630 -0.2279 -0.9716
vn 0.0242 -0.2463 -0.9689
vn -0.0129 -0.2234 -0.9746
vn -0.0497 -0.2399 -0.9695
vn -0.0852 -0.2180 -0.9722
vn -0.1194 -0.2326 -0.9652
vn 0.6600 -0.2773 -0.6983
vn 0.6295 -0.2994 -0.7170
vn 0.6060 -0.2849 -0.7427
vn 0.5725 -0.3079 -0.7599
vn 0.5459 -0.2914 -0.7856
vn 0.5096 -0.3150 -0.8007
vn 0.4799 -0.2966 -0.8257
vn 0.4413 -0.3204 -0.8382
vn 0.4087 -0.3002 -0.8619
vn 0.3685 -0.3238 -0.8714
vn 0.3334 -0.3020 -0.8931
vn 0.2923 -0.3249 -0.8995
vn 0.2553 -0.3020 -0.9185
vn 0.2141 -0.3238 -0.9216
vn 0.1760 -0.3002 -0.9375
vn 0.1356 -0.3204 -0.9375
vn 0.0971 -0.2966 -0.9501
vn 0.0583 -0.3150 -0.9473
vn 0.0201 -0.2914 -0.9564
vn -0.0165 -0.3079 -0.9513
vn -0.0537 -0.2849 -0.9571
vn -0.0878 -0.2994 -0.9501
vn -0.1235 -0.2773 -0.9528
vn -0.1547 -0.2899 -0.9445
vn 0.6754 -0.3326 -0.6582
vn 0.6448 -0.3547 -0.6770
vn 0.6246 -0.3422 -0.7020
vn 0.5910 -0.3653 -0.7192
vn 0.5676 -0.3508 -0.7448
vn 0.5314 -0.3744 -0.7599
vn 0.5047 -0.3579 -0.7856
vn 0.4662 -0.3817 -0.7981
vn 0.4364 -0.3633 -0.8231
vn 0.3963 -0.3868 -0.8327
vn 0.3636 -0.3666 -0.8564
vn 0.3225 -0.3895 -0.8627
vn 0.2874 -0.3678 -0.8844
vn 0.2462 -0.3895 -0.8875
vn 0.2092 -0.3666 -0.9065
vn 0.1688 -0.3868 -0.9066
vn 0.1307 -0.3633 -0.9225
vn 0.0919 -0.3817 -0.9197
vn 0.0534 -0.3579 -0.9322
vn 0.0168 -0.3744 -0.9271
vn -0.0214 -0.3508 -0.9362
vn -0.0554 -0.3653 -0.9293
vn -0.0927 -0.3422 -0.9350
vn -0.1237 -0.3547 -0.9267
vn -0.1596 -0.3326 -0.9295
vn -0.1875 -0.3432 -0.9203
vn 0.6871 -0.3834 -0.6171
vn 0.6564 -0.4057 -0.6361
vn 0.6392 -0.3951 -0.6598
vn 0.6057 -0.4181 -0.6770
vn 0.5854 -0.4056 -0.7020
vn 0.5493 -0.4291 -0.7170
vn 0.5258 -0.4146 -0.7427
vn 0.4874 -0.4384 -0.7552
vn 0.4607 -0.4218 -0.7809
vn 0.4206 -0.4453 -0.7904
vn 0.3907 -0.4269 -0.8156
vn 0.3497 -0.4497 -0.8219
vn 0.3170 -0.4294 -0.8457
vn 0.2758 -0.4511 -0.8488
vn 0.2407 -0.4294 -0.8704
vn 0.2002 -0.4497 -0.8705
vn 0.1633 -0.4269 -0.8895
vn 0.1243 -0.4453 -0.8867
vn 0.0863 -0.4218 -0.9026
vn 0.0496 -0.4384 -0.8974
vn 0.0112 -0.4146 -0.9099
vn -0.0229 -0.4291 -0.9029
vn -0.0610 -0.4056 -0.9120
vn -0.0920 -0.4181 -0.9037
vn -0.1293 -0.3951 -0.9095
vn -0.1571 -0.4057 -0.9004
vn -0.1931 -0.3834 -0.9031
vn -0.2178 -0.3923 -0.8937
vn 0.6953 -0.4297 -0.5760
vn 0.6646 -0.4520 -0.5950
vn 0.6502 -0.4431 -0.6171
vn 0.6168 -0.4661 -0.6343
vn 0.5995 -0.4554 -0.6582
vn 0.5635 -0.4789 -0.6732
vn 0.5432 -0.4663 -0.6983
vn 0.5049 -0.4899 -0.7107
vn 0.4813 -0.4753 -0.7365
vn 0.4415 -0.4987 -0.7460
vn 0.4146 -0.4821 -0.7718
vn 0.3737 -0.5048 -0.7782
vn 0.3437 -0.4863 -0.8034
vn 0.3026 -0.5079 -0.8065
vn 0.2698 -0.4877 -0.8303
vn 0.2293 -0.5079 -0.8303
vn 0.1942 -0.4863 -0.8520
vn 0.1551 -0.5048 -0.8492
vn 0.1183 -0.4821 -0.8681
vn 0.0813 -0.4987 -0.8630
vn 0.0435 -0.4753 -0.8788
vn 0.0092 -0.4899 -0.8717
vn -0.0290 -0.4663 -0.8842
vn -0.0602 -0.4789 -0.8758
vn -0.0982 -0.4554 -0.8849
vn -0.1261 -0.4661 -0.8757
vn -0.1633 -0.4431 -0.8815
vn -0.1880 -0.4520 -0.8720
vn -0.2240 -0.4298 -0.8747
vn -0.2454 -0.4371 -0.8653
vn -0.7361 0.4150 -0.5348
vn -0.7304 0.3703 -0.5740
vn -0.7215 0.3212 -0.6134
vn -0.7089 0.2680 -0.6524
vn -0.6924 0.2108 -0.6900
vn -0.6717 0.1503 -0.7255
vn -0.6467 0.0870 -0.7578
vn -0.6176 0.0221 -0.7862
vn -0.5848 -0.0435 -0.8100
vn -0.5489 -0.1085 -0.8288
vn -0.5106 -0.1718 -0.8425
vn -0.4707 -0.2326 -0.8511
vn -0.4300 -0.2899 -0.8550
vn -0.3892 -0.3432 -0.8548
vn -0.3491 -0.3923 -0.8510
vn -0.7441 0.3925 -0.5406
vn -0.7716 0.3703 -0.5173
vn -0.7384 0.3442 -0.5798
vn -0.7659 0.3220 -0.5565
vn -0.7797 0.3442 -0.5231
vn -0.8063 0.3212 -0.4966
vn -0.7293 0.2915 -0.6191
vn -0.7567 0.2693 -0.5958
vn -0.7737 0.2923 -0.5621
vn -0.8004 0.2693 -0.5355
vn -0.8141 0.2915 -0.5022
vn -0.8395 0.2680 -0.4726
vn -0.7160 0.2345 -0.6575
vn -0.7433 0.2124 -0.6343
vn -0.7637 0.2360 -0.6009
vn -0.7905 0.2129 -0.5743
vn -0.8075 0.2359 -0.5406
vn -0.8330 0.2124 -0.5109
vn -0.8466 0.2345 -0.4778
vn -0.8702 0.2108 -0.4453
vn -0.6984 0.1737 -0.6943
vn -0.7255 0.1517 -0.6713
vn -0.7492 0.1754 -0.6386
vn -0.7759 0.1524 -0.6121
vn -0.7964 0.1760 -0.5786
vn -0.8219 0.1524 -0.5488
vn -0.8389 0.1754 -0.5152
vn -0.8626 0.1517 -0.4825
vn -0.8762 0.1737 -0.4496
vn -0.8975 0.1503 -0.4146
vn -0.6761 0.1098 -0.7286
vn -0.7030 0.0880 -0.7057
vn -0.7299 0.1114 -0.6744
vn -0.7565 0.0885 -0.6480
vn -0.7803 0.1123 -0.6153
vn -0.8058 0.0887 -0.5855
vn -0.8263 0.1123 -0.5520
vn -0.8500 0.0885 -0.5192
vn -0.8670 0.1114 -0.4857
vn -0.8884 0.0880 -0.4505
vn -0.9019 0.1098 -0.4178
vn -0.9205 0.0870 -0.3809
vn -0.6490 0.0438 -0.7595
vn -0.6759 0.0220 -0.7366
vn -0.7054 0.0449 -0.7074
vn -0.7319 0.0220 -0.6810
vn -0.7588 0.0455 -0.6497
vn -0.7843 0.0220 -0.6199
vn -0.8082 0.0458 -0.5872
vn -0.8320 0.0220 -0.5544
vn -0.8524 0.0455 -0.5209
vn -0.8739 0.0220 -0.4857
vn -0.8908 0.0449 -0.4523
vn -0.9095 0.0220 -0.4152
vn -0.9229 0.0438 -0.3826
vn -0.9386 0.0221 -0.3444
vn -0.6176 -0.0232 -0.7862
vn -0.6444 -0.0449 -0.7633
vn -0.6759 -0.0232 -0.7366
vn -0.7024 -0.0460 -0.7103
vn -0.7319 -0.0232 -0.6810
vn -0.7574 -0.0467 -0.6513
vn -0.7843 -0.0232 -0.6199
vn -0.8081 -0.0470 -0.5871
vn -0.8319 -0.0232 -0.5544
vn -0.8534 -0.0467 -0.5191
vn -0.8738 -0.0232 -0.4857
vn -0.8926 -0.0460 -0.4485
vn -0.9094 -0.0232 -0.4152
vn -0.9251 -0.0449 -0.3770
vn -0.9385 -0.0232 -0.3444
vn -0.9511 -0.0435 -0.3059
vn -0.5822 -0.0899 -0.8081
vn -0.6091 -0.1117 -0.7852
vn -0.6418 -0.0914 -0.7614
vn -0.6683 -0.1143 -0.7351
vn -0.6998 -0.0926 -0.7083
vn -0.7253 -0.1161 -0.6786
vn -0.7548 -0.0932 -0.6493
vn -0.7786 -0.1170 -0.6166
vn -0.8055 -0.0935 -0.5852
vn -0.8270 -0.1170 -0.5499
vn -0.8508 -0.0932 -0.5172
vn -0.8695 -0.1161 -0.4800
vn -0.8899 -0.0926 -0.4466
vn -0.9056 -0.1143 -0.4084
vn -0.9225 -0.0914 -0.3751
vn -0.9350 -0.1117 -0.3366
vn -0.9484 -0.0899 -0.3040
vn -0.9579 -0.1085 -0.2659
vn -0.5435 -0.1552 -0.8249
vn -0.5705 -0.1770 -0.8020
vn -0.6037 -0.1586 -0.7813
vn -0.6302 -0.1814 -0.7549
vn -0.6629 -0.1612 -0.7311
vn -0.6884 -0.1848 -0.7014
vn -0.7199 -0.1631 -0.6747
vn -0.7436 -0.1869 -0.6419
vn -0.7732 -0.1640 -0.6126
vn -0.7947 -0.1876 -0.5773
vn -0.8216 -0.1640 -0.5460
vn -0.8403 -0.1869 -0.5089
vn -0.8641 -0.1631 -0.4761
vn -0.8798 -0.1848 -0.4380
vn -0.9002 -0.1612 -0.4045
vn -0.9127 -0.1814 -0.3661
vn -0.9296 -0.1586 -0.3327
vn -0.9390 -0.1770 -0.2948
vn -0.9525 -0.1552 -0.2620
vn -0.9590 -0.1718 -0.2253
vn -0.5026 -0.2180 -0.8366
vn -0.5297 -0.2399 -0.8136
vn -0.5624 -0.2234 -0.7961
vn -0.5891 -0.2463 -0.7696
vn -0.6221 -0.2279 -0.7490
vn -0.6476 -0.2515 -0.7193
vn -0.6803 -0.2313 -0.6955
vn -0.7041 -0.2551 -0.6627
vn -0.7355 -0.2334 -0.6360
vn -0.7570 -0.2569 -0.6007
vn -0.7865 -0.2341 -0.5715
vn -0.8053 -0.2569 -0.5343
vn -0.8322 -0.2334 -0.5030
vn -0.8479 -0.2551 -0.4648
vn -0.8717 -0.2313 -0.4321
vn -0.8842 -0.2515 -0.3937
vn -0.9046 -0.2279 -0.3602
vn -0.9140 -0.2463 -0.3224
vn -0.9309 -0.2234 -0.2889
vn -0.9374 -0.2399 -0.2524
vn -0.9510 -0.2180 -0.2194
vn -0.9549 -0.2326 -0.1847
vn -0.4601 -0.2773 -0.8434
vn -0.4874 -0.2994 -0.8202
vn -0.5191 -0.2849 -0.8059
vn -0.5458 -0.3079 -0.7793
vn -0.5784 -0.2914 -0.7619
vn -0.6040 -0.3150 -0.7321
vn -0.6370 -0.2966 -0.7115
vn -0.6608 -0.3204 -0.6787
vn -0.6934 -0.3002 -0.6550
vn -0.7149 -0.3238 -0.6197
vn -0.7464 -0.3020 -0.5930
vn -0.7651 -0.3249 -0.5559
vn -0.7946 -0.3020 -0.5266
vn -0.8103 -0.3238 -0.4884
vn -0.8372 -0.3002 -0.4571
vn -0.8497 -0.3204 -0.4187
vn -0.8735 -0.2966 -0.3860
vn -0.8829 -0.3150 -0.3482
vn -0.9034 -0.2914 -0.3147
vn -0.9098 -0.3078 -0.2783
vn -0.9268 -0.2849 -0.2447
vn -0.9307 -0.2994 -0.2101
vn -0.9443 -0.2773 -0.1770
vn -0.9461 -0.2899 -0.1447
vn -0.4172 -0.3326 -0.8458
vn -0.4447 -0.3547 -0.8225
vn -0.4746 -0.3422 -0.8109
vn -0.5014 -0.3653 -0.7843
vn -0.5330 -0.3508 -0.7700
vn -0.5585 -0.3744 -0.7402
vn -0.5911 -0.3579 -0.7228
vn -0.6149 -0.3817 -0.6900
vn -0.6480 -0.3633 -0.6694
vn -0.6695 -0.3868 -0.6342
vn -0.7021 -0.3666 -0.6104
vn -0.7209 -0.3895 -0.5733
vn -0.7523 -0.3678 -0.5466
vn -0.7680 -0.3895 -0.5084
vn -0.7975 -0.3666 -0.4791
vn -0.8100 -0.3868 -0.4407
vn -0.8369 -0.3633 -0.4094
vn -0.8463 -0.3817 -0.3716
vn -0.8701 -0.3579 -0.3389
vn -0.8766 -0.3744 -0.3024
vn -0.8970 -0.3508 -0.2689
vn -0.9009 -0.3653 -0.2345
vn -0.9179 -0.3422 -0.2008
vn -0.9196 -0.3547 -0.1687
vn -0.9333 -0.3326 -0.1355
vn -0.9332 -0.3432 -0.1060
vn -0.3746 -0.3834 -0.8442
vn -0.4021 -0.4057 -0.8208
vn -0.4300 -0.3951 -0.8118
vn -0.4568 -0.4181 -0.7852
vn -0.4867 -0.4056 -0.7737
vn -0.5122 -0.4291 -0.7440
vn -0.5439 -0.4146 -0.7296
vn -0.5676 -0.4384 -0.6969
vn -0.6003 -0.4218 -0.6794
vn -0.6218 -0.4453 -0.6443
vn -0.6549 -0.4269 -0.6236
vn -0.6736 -0.4497 -0.5866
vn -0.7063 -0.4294 -0.5628
vn -0.7220 -0.4511 -0.5246
vn -0.7535 -0.4294 -0.4979
vn -0.7660 -0.4497 -0.4594
vn -0.7955 -0.4269 -0.4301
vn -0.8049 -0.4453 -0.3922
vn -0.8317 -0.4218 -0.3610
vn -0.8382 -0.4384 -0.3245
vn -0.8619 -0.4146 -0.2918
vn -0.8658 -0.4291 -0.2573
vn -0.8862 -0.4056 -0.2238
vn -0.8879 -0.4181 -0.1917
vn -0.9050 -0.3951 -0.1581
vn -0.9049 -0.4057 -0.1288
vn -0.9186 -0.3834 -0.0954
vn -0.9172 -0.3923 -0.0690
vn -0.3330 -0.4298 -0.8393
vn -0.3605 -0.4520 -0.8159
vn -0.3860 -0.4431 -0.8091
vn -0.4127 -0.4661 -0.7826
vn -0.4407 -0.4554 -0.7736
vn -0.4661 -0.4789 -0.7439
vn -0.4962 -0.4663 -0.7323
vn -0.5198 -0.4899 -0.6998
vn -0.5517 -0.4753 -0.6854
vn -0.5730 -0.4987 -0.6504
vn -0.6060 -0.4821 -0.6328
vn -0.6246 -0.5048 -0.5959
vn -0.6579 -0.4863 -0.5751
vn -0.6735 -0.5079 -0.5370
vn -0.7063 -0.4877 -0.5132
vn -0.7188 -0.5080 -0.4746
vn -0.7503 -0.4863 -0.4479
vn -0.7597 -0.5048 -0.4099
vn -0.7891 -0.4821 -0.3808
vn -0.7956 -0.4987 -0.3440
vn -0.8223 -0.4753 -0.3129
vn -0.8262 -0.4899 -0.2781
vn -0.8499 -0.4663 -0.2456
vn -0.8516 -0.4789 -0.2134
vn -0.8719 -0.4554 -0.1801
vn -0.8718 -0.4661 -0.1507
vn -0.8888 -0.4431 -0.1171
vn -0.8874 -0.4520 -0.0907
vn -0.9011 -0.4297 -0.0573
vn -0.8988 -0.4371 -0.0340
vn -0.7361 0.4150 0.5348
vn -0.7716 0.3703 0.5173
vn -0.8063 0.3212 0.4966
vn -0.8395 0.2680 0.4726
vn -0.8702 0.2108 0.4453
vn -0.8975 0.1503 0.4146
vn -0.9205 0.0870 0.3809
vn -0.9386 0.0221 0.3444
vn -0.9511 -0.0435 0.3059
vn -0.9579 -0.1085 0.2659
vn -0.9590 -0.1718 0.2253
vn -0.9549 -0.2326 0.1847
vn -0.9461 -0.2899 0.1447
vn -0.9332 -0.3432 0.1060
vn -0.9172 -0.3923 0.0690
vn -0.7441 0.3925 0.5406
vn -0.7304 0.3703 0.5740
vn -0.7797 0.3442 0.5231
vn -0.7659 0.3220 0.5565
vn -0.7384 0.3442 0.5798
vn -0.7215 0.3212 0.6134
vn -0.8141 0.2915 0.5022
vn -0.8004 0.2693 0.5355
vn -0.7737 0.2923 0.5621
vn -0.7567 0.2693 0.5958
vn -0.7292 0.2915 0.6191
vn -0.7089 0.2680 0.6524
vn -0.8466 0.2345 0.4778
vn -0.8330 0.2124 0.5109
vn -0.8075 0.2360 0.5406
vn -0.7905 0.2129 0.5743
vn -0.7637 0.2359 0.6009
vn -0.7433 0.2124 0.6343
vn -0.7160 0.2345 0.6575
vn -0.6924 0.2108 0.6900
vn -0.8762 0.1737 0.4496
vn -0.8626 0.1517 0.4825
vn -0.8389 0.1754 0.5152
vn -0.8219 0.1524 0.5488
vn -0.7964 0.1760 0.5786
vn -0.7759 0.1524 0.6121
vn -0.7492 0.1754 0.6386
vn -0.7255 0.1517 0.6713
vn -0.6984 0.1737 0.6943
vn -0.6717 0.1503 0.7255
vn -0.9019 0.1098 0.4178
vn -0.8884 0.0880 0.4505
vn -0.8670 0.1114 0.4857
vn -0.8500 0.0885 0.5192
vn -0.8263 0.1123 0.5520
vn -0.8058 0.0887 0.5855
vn -0.7803 0.1123 0.6153
vn -0.7565 0.0885 0.6480
vn -0.7299 0.1114 0.6745
vn -0.7030 0.0880 0.7057
vn -0.6761 0.1098 0.7286
vn -0.6467 0.0870 0.7578
vn -0.9229 0.0438 0.3826
vn -0.9095 0.0220 0.4152
vn -0.8908 0.0449 0.4523
vn -0.8739 0.0220 0.4857
vn -0.8524 0.0455 0.5209
vn -0.8320 0.0220 0.5544
vn -0.8082 0.0458 0.5872
vn -0.7844 0.0220 0.6199
vn -0.7588 0.0455 0.6497
vn -0.7319 0.0220 0.6810
vn -0.7054 0.0449 0.7074
vn -0.6759 0.0220 0.7366
vn -0.6490 0.0438 0.7595
vn -0.6176 0.0221 0.7862
vn -0.9385 -0.0232 0.3444
vn -0.9251 -0.0449 0.3770
vn -0.9094 -0.0232 0.4152
vn -0.8926 -0.0460 0.4485
vn -0.8738 -0.0232 0.4857
vn -0.8534 -0.0467 0.5191
vn -0.8319 -0.0232 0.5544
vn -0.8081 -0.0470 0.5871
vn -0.7843 -0.0232 0.6199
vn -0.7574 -0.0467 0.6513
vn -0.7319 -0.0232 0.6810
vn -0.7024 -0.0460 0.7103
vn -0.6759 -0.0232 0.7366
vn -0.6444 -0.0449 0.7633
vn -0.6176 -0.0232 0.7862
vn -0.5848 -0.0435 0.8100
vn -0.9484 -0.0899 0.3040
vn -0.9350 -0.1117 0.3366
vn -0.9225 -0.0914 0.3751
vn -0.9056 -0.1143 0.4084
vn -0.8899 -0.0926 0.4466
vn -0.8695 -0.1161 0.4800
vn -0.8508 -0.0932 0.5172
vn -0.8270 -0.1170 0.5499
vn -0.8055 -0.0935 0.5852
vn -0.7786 -0.1170 0.6166
vn -0.7548 -0.0932 0.6493
vn -0.7253 -0.1161 0.6786
vn -0.6998 -0.0926 0.7084
vn -0.6683 -0.1143 0.7351
vn -0.6418 -0.0914 0.7614
vn -0.6091 -0.1117 0.7852
vn -0.5822 -0.0899 0.8081
vn -0.5489 -0.1085 0.8288
vn -0.9525 -0.1552 0.2620
vn -0.9390 -0.1770 0.2948
vn -0.9296 -0.1586 0.3327
vn -0.9127 -0.1814 0.3661
vn -0.9002 -0.1612 0.4045
vn -0.8798 -0.1848 0.4380
vn -0.8641 -0.1631 0.4761
vn -0.8403 -0.1869 0.5089
vn -0.8216 -0.1640 0.5460
vn -0.7947 -0.1876 0.5774
vn -0.7732 -0.1640 0.6126
vn -0.7436 -0.1869 0.6419
vn -0.7198 -0.1631 0.6747
vn -0.6884 -0.1848 0.7014
vn -0.6629 -0.1612 0.7311
vn -0.6302 -0.1814 0.7549
vn -0.6037 -0.1586 0.7813
vn -0.5705 -0.1770 0.8020
vn -0.5435 -0.1552 0.8249
vn -0.5106 -0.1718 0.8425
vn -0.9510 -0.2180 0.2194
vn -0.9374 -0.2399 0.2524
vn -0.9309 -0.2234 0.2889
vn -0.9140 -0.2463 0.3224
vn -0.9046 -0.2279 0.3602
vn -0.8842 -0.2515 0.3937
vn -0.8717 -0.2313 0.4321
vn -0.8479 -0.2551 0.4648
vn -0.8322 -0.2334 0.5030
vn -0.8053 -0.2570 0.5343
vn -0.7865 -0.2341 0.5715
vn -0.7570 -0.2569 0.6007
vn -0.7355 -0.2334 0.6360
vn -0.7041 -0.2551 0.6627
vn -0.6803 -0.2313 0.6955
vn -0.6476 -0.2515 0.7193
vn -0.6221 -0.2279 0.7490
vn -0.5891 -0.2463 0.7696
vn -0.5624 -0.2234 0.7961
vn -0.5297 -0.2399 0.8136
vn -0.5026 -0.2180 0.8366
vn -0.4707 -0.2326 0.8511
vn -0.9443 -0.2773 0.1770
vn -0.9307 -0.2994 0.2101
vn -0.9268 -0.2849 0.2447
vn -0.9098 -0.3079 0.2783
vn -0.9034 -0.2914 0.3147
vn -0.8829 -0.3150 0.3482
vn -0.8735 -0.2966 0.3859
vn -0.8497 -0.3204 0.4187
vn -0.8372 -0.3002 0.4571
vn -0.8103 -0.3238 0.4884
vn -0.7946 -0.3020 0.5266
vn -0.7651 -0.3249 0.5559
vn -0.7464 -0.3020 0.5930
vn -0.7149 -0.3238 0.6197
vn -0.6934 -0.3002 0.6550
vn -0.6608 -0.3204 0.6787
vn -0.6370 -0.2966 0.7115
vn -0.6040 -0.3150 0.7321
vn -0.5784 -0.2914 0.7619
vn -0.5458 -0.3079 0.7793
vn -0.5191 -0.2849 0.8059
vn -0.4874 -0.2994 0.8202
vn -0.4601 -0.2773 0.8434
vn -0.4300 -0.2899 0.8550
vn -0.9333 -0.3326 0.1355
vn -0.9196 -0.3547 0.1687
vn -0.9179 -0.3422 0.2008
vn -0.9009 -0.3653 0.2345
vn -0.8970 -0.3508 0.2689
vn -0.8766 -0.3744 0.3024
vn -0.8701 -0.3579 0.3389
vn -0.8463 -0.3817 0.3716
vn -0.8369 -0.3633 0.4094
vn -0.8100 -0.3868 0.4407
vn -0.7975 -0.3666 0.4791
vn -0.7680 -0.3895 0.5084
vn -0.7523 -0.3678 0.5466
vn -0.7209 -0.3895 0.5733
vn -0.7021 -0.3666 0.6104
vn -0.6695 -0.3868 0.6342
vn -0.6480 -0.3633 0.6694
vn -0.6149 -0.3817 0.6900
vn -0.5912 -0.3579 0.7228
vn -0.5585 -0.3744 0.7402
vn -0.5330 -0.3508 0.7700
vn -0.5014 -0.3653 0.7843
vn -0.4746 -0.3422 0.8109
vn -0.4447 -0.3547 0.8225
vn -0.4172 -0.3326 0.8458
vn -0.3892 -0.3432 0.8548
vn -0.9186 -0.3834 0.0954
vn -0.9049 -0.4057 0.1288
vn -0.9050 -0.3951 0.1581
vn -0.8879 -0.4181 0.1918
vn -0.8862 -0.4056 0.2238
vn -0.8658 -0.4291 0.2573
vn -0.8619 -0.4146 0.2918
vn -0.8382 -0.4384 0.3245
vn -0.8317 -0.4218 0.3610
vn -0.8049 -0.4453 0.3922
vn -0.7955 -0.4269 0.4301
vn -0.7660 -0.4497 0.4594
vn -0.7535 -0.4294 0.4979
vn -0.7220 -0.4511 0.5246
vn -0.7063 -0.4294 0.5628
vn -0.6736 -0.4497 0.5866
vn -0.6549 -0.4269 0.6236
vn -0.6218 -0.4453 0.6443
vn -0.6003 -0.4218 0.6794
vn -0.5676 -0.4384 0.6969
vn -0.5439 -0.4146 0.7296
vn -0.5122 -0.4291 0.7440
vn -0.4867 -0.4056 0.7737
vn -0.4568 -0.4181 0.7852
vn -0.4300 -0.3951 0.8118
vn -0.4021 -0.4057 0.8208
vn -0.3746 -0.3834 0.8442
vn -0.3491 -0.3923 0.8510
vn -0.9011 -0.4297 0.0573
vn -0.8874 -0.4520 0.0907
vn -0.8888 -0.4431 0.1171
vn -0.8718 -0.4661 0.1507
vn -0.8719 -0.4554 0.1801
vn -0.8516 -0.4789 0.2134
vn -0.8499 -0.4663 0.2456
vn -0.8262 -0.4899 0.2781
vn -0.8223 -0.4753 0.3129
vn -0.7956 -0.4987 0.3440
vn -0.7891 -0.4821 0.3808
vn -0.7597 -0.5048 0.4099
vn -0.7503 -0.4863 0.4479
vn -0.7188 -0.5079 0.4746
vn -0.7063 -0.4877 0.5132
vn -0.6735 -0.5079 0.5370
vn -0.6579 -0.4863 0.5751
vn -0.6246 -0.5048 0.5959
vn -0.6060 -0.4821 0.6328
vn -0.5730 -0.4987 0.6504
vn -0.5517 -0.4753 0.6854
vn -0.5198 -0.4899 0.6998
vn -0.4962 -0.4663 0.7323
vn -0.4661 -0.4789 0.7439
vn -0.4407 -0.4554 0.7736
vn -0.4127 -0.4661 0.7826
vn -0.3860 -0.4431 0.8091
vn -0.3605 -0.4520 0.8159
vn -0.3330 -0.4298 0.8393
vn -0.3101 -0.4371 0.8443
vn 0.2811 0.4150 0.8653
vn 0.2535 0.3703 0.8937
vn 0.2231 0.3212 0.9203
vn 0.1901 0.2680 0.9445
vn 0.1546 0.2108 0.9652
vn 0.1170 0.1503 0.9817
vn 0.0778 0.0870 0.9932
vn 0.0375 0.0221 0.9991
vn -0.0030 -0.0435 0.9991
vn -0.0431 -0.1085 0.9932
vn -0.0821 -0.1718 0.9817
vn -0.1194 -0.2326 0.9652
vn -0.1547 -0.2899 0.9445
vn -0.1875 -0.3432 0.9203
vn -0.2178 -0.3923 0.8937
vn 0.2842 0.3925 0.8747
vn 0.3202 0.3703 0.8720
vn 0.2566 0.3442 0.9031
vn 0.2926 0.3220 0.9004
vn 0.3233 0.3442 0.8815
vn 0.3604 0.3212 0.8757
vn 0.2261 0.2915 0.9295
vn 0.2620 0.2693 0.9267
vn 0.2955 0.2923 0.9095
vn 0.3328 0.2693 0.9037
vn 0.3634 0.2915 0.8849
vn 0.4014 0.2680 0.8758
vn 0.1928 0.2345 0.9528
vn 0.2285 0.2124 0.9501
vn 0.2647 0.2359 0.9350
vn 0.3019 0.2129 0.9293
vn 0.3355 0.2359 0.9120
vn 0.3736 0.2124 0.9030
vn 0.4041 0.2345 0.8842
vn 0.4423 0.2108 0.8717
vn 0.1569 0.1737 0.9722
vn 0.1924 0.1517 0.9695
vn 0.2308 0.1754 0.9571
vn 0.2680 0.1524 0.9513
vn 0.3042 0.1760 0.9362
vn 0.3424 0.1524 0.9271
vn 0.3759 0.1754 0.9099
vn 0.4142 0.1517 0.8974
vn 0.4446 0.1737 0.8788
vn 0.4824 0.1503 0.8630
vn 0.1187 0.1098 0.9868
vn 0.1540 0.0880 0.9842
vn 0.1940 0.1114 0.9746
vn 0.2311 0.0885 0.9689
vn 0.2696 0.1123 0.9564
vn 0.3078 0.0887 0.9473
vn 0.3440 0.1123 0.9322
vn 0.3825 0.0885 0.9197
vn 0.4159 0.1114 0.9026
vn 0.4539 0.0880 0.8867
vn 0.4841 0.1098 0.8681
vn 0.5209 0.0870 0.8492
vn 0.0787 0.0438 0.9959
vn 0.1138 0.0220 0.9933
vn 0.1549 0.0449 0.9869
vn 0.1919 0.0220 0.9812
vn 0.2320 0.0455 0.9716
vn 0.2702 0.0220 0.9626
vn 0.3087 0.0458 0.9501
vn 0.3472 0.0220 0.9375
vn 0.3834 0.0455 0.9225
vn 0.4215 0.0220 0.9066
vn 0.4548 0.0449 0.8895
vn 0.4917 0.0220 0.8705
vn 0.5218 0.0438 0.8520
vn 0.5569 0.0221 0.8303
vn 0.0375 -0.0232 0.9990
vn 0.0727 -0.0449 0.9963
vn 0.1138 -0.0232 0.9932
vn 0.1508 -0.0460 0.9875
vn 0.1919 -0.0232 0.9811
vn 0.2300 -0.0467 0.9721
vn 0.2702 -0.0232 0.9625
vn 0.3087 -0.0470 0.9500
vn 0.3472 -0.0232 0.9375
vn 0.3853 -0.0467 0.9216
vn 0.4215 -0.0232 0.9065
vn 0.4585 -0.0460 0.8875
vn 0.4917 -0.0232 0.8705
vn 0.5268 -0.0449 0.8488
vn 0.5568 -0.0232 0.8303
vn 0.5896 -0.0435 0.8065
vn -0.0040 -0.0899 0.9959
vn 0.0312 -0.1117 0.9933
vn 0.0717 -0.0914 0.9932
vn 0.1086 -0.1143 0.9875
vn 0.1498 -0.0926 0.9844
vn 0.1879 -0.1161 0.9753
vn 0.2290 -0.0932 0.9690
vn 0.2675 -0.1170 0.9564
vn 0.3077 -0.0935 0.9469
vn 0.3458 -0.1170 0.9310
vn 0.3843 -0.0932 0.9185
vn 0.4213 -0.1161 0.8995
vn 0.4574 -0.0926 0.8844
vn 0.4926 -0.1143 0.8627
vn 0.5258 -0.0914 0.8457
vn 0.5586 -0.1117 0.8219
vn 0.5886 -0.0899 0.8034
vn 0.6186 -0.1085 0.7782
vn -0.0451 -0.1552 0.9868
vn -0.0098 -0.1770 0.9842
vn 0.0291 -0.1586 0.9869
vn 0.0661 -0.1814 0.9812
vn 0.1065 -0.1612 0.9811
vn 0.1446 -0.1848 0.9721
vn 0.1858 -0.1631 0.9690
vn 0.2243 -0.1869 0.9564
vn 0.2654 -0.1640 0.9501
vn 0.3035 -0.1876 0.9342
vn 0.3437 -0.1640 0.9246
vn 0.3807 -0.1869 0.9056
vn 0.4192 -0.1631 0.8931
vn 0.4544 -0.1848 0.8714
vn 0.4905 -0.1612 0.8564
vn 0.5232 -0.1814 0.8327
vn 0.5565 -0.1586 0.8156
vn 0.5864 -0.1770 0.7904
vn 0.6166 -0.1552 0.7719
vn 0.6434 -0.1718 0.7460
vn -0.0852 -0.2180 0.9722
vn -0.0497 -0.2399 0.9695
vn -0.0129 -0.2234 0.9746
vn 0.0242 -0.2463 0.9689
vn 0.0630 -0.2279 0.9716
vn 0.1012 -0.2515 0.9626
vn 0.1415 -0.2313 0.9625
vn 0.1801 -0.2551 0.9500
vn 0.2212 -0.2334 0.9469
vn 0.2593 -0.2570 0.9310
vn 0.3004 -0.2341 0.9246
vn 0.3374 -0.2570 0.9056
vn 0.3776 -0.2334 0.8961
vn 0.4127 -0.2551 0.8744
vn 0.4513 -0.2313 0.8619
vn 0.4839 -0.2515 0.8382
vn 0.5201 -0.2279 0.8231
vn 0.5499 -0.2463 0.7981
vn 0.5833 -0.2234 0.7809
vn 0.6101 -0.2399 0.7552
vn 0.6404 -0.2180 0.7365
vn 0.6640 -0.2326 0.7107
vn -0.1235 -0.2773 0.9528
vn -0.0878 -0.2994 0.9501
vn -0.0537 -0.2849 0.9571
vn -0.0165 -0.3078 0.9513
vn 0.0201 -0.2914 0.9564
vn 0.0583 -0.3150 0.9473
vn 0.0971 -0.2966 0.9501
vn 0.1356 -0.3204 0.9375
vn 0.1760 -0.3002 0.9375
vn 0.2141 -0.3238 0.9216
vn 0.2553 -0.3020 0.9185
vn 0.2923 -0.3249 0.8995
vn 0.3334 -0.3020 0.8931
vn 0.3685 -0.3238 0.8714
vn 0.4087 -0.3002 0.8619
vn 0.4413 -0.3204 0.8382
vn 0.4799 -0.2966 0.8257
vn 0.5096 -0.3150 0.8007
vn 0.5459 -0.2914 0.7856
vn 0.5725 -0.3079 0.7599
vn 0.6060 -0.2849 0.7427
vn 0.6295 -0.2994 0.7170
vn 0.6600 -0.2773 0.6983
vn 0.6803 -0.2899 0.6732
vn -0.1596 -0.3326 0.9295
vn -0.1237 -0.3547 0.9267
vn -0.0927 -0.3422 0.9350
vn -0.0554 -0.3653 0.9292
vn -0.0214 -0.3508 0.9362
vn 0.0168 -0.3744 0.9271
vn 0.0534 -0.3579 0.9322
vn 0.0919 -0.3817 0.9197
vn 0.1307 -0.3633 0.9225
vn 0.1688 -0.3868 0.9066
vn 0.2092 -0.3666 0.9065
vn 0.2462 -0.3895 0.8875
vn 0.2874 -0.3678 0.8844
vn 0.3225 -0.3895 0.8627
vn 0.3636 -0.3666 0.8564
vn 0.3963 -0.3868 0.8327
vn 0.4364 -0.3633 0.8231
vn 0.4662 -0.3817 0.7981
vn 0.5047 -0.3579 0.7856
vn 0.5314 -0.3744 0.7599
vn 0.5676 -0.3508 0.7448
vn 0.5910 -0.3653 0.7192
vn 0.6246 -0.3422 0.7020
vn 0.6448 -0.3547 0.6770
vn 0.6754 -0.3326 0.6582
vn 0.6927 -0.3432 0.6343
vn -0.1931 -0.3834 0.9031
vn -0.1571 -0.4057 0.9004
vn -0.1293 -0.3951 0.9095
vn -0.0920 -0.4181 0.9037
vn -0.0610 -0.4056 0.9120
vn -0.0229 -0.4291 0.9030
vn 0.0112 -0.4146 0.9099
vn 0.0496 -0.4384 0.8974
vn 0.0863 -0.4218 0.9026
vn 0.1243 -0.4453 0.8867
vn 0.1633 -0.4269 0.8895
vn 0.2002 -0.4497 0.8705
vn 0.2407 -0.4294 0.8704
vn 0.2758 -0.4511 0.8488
vn 0.3170 -0.4294 0.8457
vn 0.3497 -0.4497 0.8219
vn 0.3907 -0.4269 0.8156
vn 0.4206 -0.4453 0.7904
vn 0.4607 -0.4218 0.7809
vn 0.4874 -0.4384 0.7552
vn 0.5258 -0.4146 0.7427
vn 0.5493 -0.4291 0.7170
vn 0.5854 -0.4056 0.7020
vn 0.6057 -0.4181 0.6770
vn 0.6392 -0.3951 0.6598
vn 0.6564 -0.4057 0.6361
vn 0.6871 -0.3834 0.6171
vn 0.7015 -0.3923 0.5950
vn -0.2240 -0.4298 0.8747
vn -0.1880 -0.4520 0.8720
vn -0.1633 -0.4431 0.8815
vn -0.1261 -0.4661 0.8757
vn -0.0982 -0.4554 0.8849
vn -0.0602 -0.4789 0.8758
vn -0.0290 -0.4663 0.8842
vn 0.0092 -0.4899 0.8717
vn 0.0435 -0.4753 0.8788
vn 0.0813 -0.4987 0.8630
vn 0.1183 -0.4821 0.8681
vn 0.1551 -0.5048 0.8492
vn 0.1942 -0.4863 0.8520
vn 0.2293 -0.5079 0.8303
vn 0.2698 -0.4877 0.8303
vn 0.3026 -0.5080 0.8065
vn 0.3437 -0.4863 0.8034
vn 0.3737 -0.5048 0.7782
vn 0.4146 -0.4821 0.7718
vn 0.4415 -0.4987 0.7460
vn 0.4813 -0.4753 0.7365
vn 0.5049 -0.4899 0.7107
vn 0.5432 -0.4663 0.6983
vn 0.5635 -0.4789 0.6732
vn 0.5995 -0.4554 0.6582
vn 0.6168 -0.4661 0.6343
vn 0.6502 -0.4431 0.6171
vn 0.6646 -0.4520 0.5950
vn 0.6953 -0.4297 0.5760
vn 0.7072 -0.4371 0.5558
vn 0.9098 0.4150 -0.0000
vn 0.9283 0.3702 0.0351
vn 0.9442 0.3212 0.0722
vn 0.9570 0.2680 0.1111
vn 0.9657 0.2108 0.1512
vn 0.9698 0.1503 0.1921
vn 0.9686 0.0870 0.2329
vn 0.9618 0.0221 0.2730
vn 0.9492 -0.0435 0.3115
vn 0.9312 -0.1085 0.3479
vn 0.9083 -0.1718 0.3814
vn 0.8811 -0.2326 0.4119
vn 0.8505 -0.2899 0.4390
vn 0.8173 -0.3432 0.4628
vn 0.7826 -0.3923 0.4833
vn 0.9198 0.3925 -0.0000
vn 0.9283 0.3702 -0.0351
vn 0.9382 0.3442 0.0351
vn 0.9467 0.3220 -0.0000
vn 0.9382 0.3442 -0.0351
vn 0.9442 0.3212 -0.0722
vn 0.9539 0.2915 0.0722
vn 0.9623 0.2693 0.0372
vn 0.9563 0.2923 -0.0000
vn 0.9623 0.2693 -0.0372
vn 0.9539 0.2915 -0.0722
vn 0.9570 0.2680 -0.1111
vn 0.9658 0.2345 0.1111
vn 0.9742 0.2124 0.0763
vn 0.9711 0.2359 0.0372
vn 0.9771 0.2129 -0.0000
vn 0.9711 0.2359 -0.0372
vn 0.9742 0.2124 -0.0763
vn 0.9658 0.2345 -0.1111
vn 0.9657 0.2108 -0.1512
vn 0.9731 0.1737 0.1512
vn 0.9815 0.1517 0.1166
vn 0.9815 0.1754 0.0763
vn 0.9875 0.1524 0.0391
vn 0.9844 0.1760 -0.0000
vn 0.9875 0.1524 -0.0391
vn 0.9815 0.1754 -0.0763
vn 0.9815 0.1517 -0.1166
vn 0.9731 0.1737 -0.1512
vn 0.9698 0.1503 -0.1921
vn 0.9752 0.1098 0.1921
vn 0.9836 0.0880 0.1577
vn 0.9869 0.1114 0.1166
vn 0.9929 0.0885 0.0796
vn 0.9929 0.1123 0.0391
vn 0.9961 0.0887 -0.0000
vn 0.9929 0.1123 -0.0391
vn 0.9929 0.0885 -0.0796
vn 0.9869 0.1114 -0.1166
vn 0.9836 0.0880 -0.1577
vn 0.9752 0.1098 -0.1921
vn 0.9686 0.0870 -0.2329
vn 0.9715 0.0438 0.2329
vn 0.9798 0.0220 0.1987
vn 0.9865 0.0449 0.1577
vn 0.9924 0.0220 0.1207
vn 0.9958 0.0455 0.0796
vn 0.9989 0.0220 0.0405
vn 0.9990 0.0458 -0.0000
vn 0.9989 0.0220 -0.0405
vn 0.9958 0.0455 -0.0796
vn 0.9924 0.0220 -0.1207
vn 0.9865 0.0449 -0.1577
vn 0.9798 0.0220 -0.1987
vn 0.9715 0.0438 -0.2329
vn 0.9618 0.0221 -0.2730
vn 0.9617 -0.0232 0.2730
vn 0.9700 -0.0449 0.2388
vn 0.9798 -0.0232 0.1987
vn 0.9858 -0.0460 0.1618
vn 0.9924 -0.0232 0.1207
vn 0.9956 -0.0467 0.0817
vn 0.9989 -0.0232 0.0405
vn 0.9989 -0.0470 -0.0000
vn 0.9989 -0.0232 -0.0405
vn 0.9956 -0.0467 -0.0817
vn 0.9924 -0.0232 -0.1207
vn 0.9858 -0.0460 -0.1618
vn 0.9798 -0.0232 -0.1987
vn 0.9700 -0.0449 -0.2388
vn 0.9617 -0.0232 -0.2730
vn 0.9492 -0.0435 -0.3115
vn 0.9460 -0.0899 0.3115
vn 0.9543 -0.1117 0.2773
vn 0.9668 -0.0914 0.2388
vn 0.9727 -0.1143 0.2019
vn 0.9825 -0.0926 0.1618
vn 0.9856 -0.1161 0.1227
vn 0.9923 -0.0932 0.0817
vn 0.9923 -0.1170 0.0412
vn 0.9956 -0.0935 -0.0000
vn 0.9923 -0.1170 -0.0412
vn 0.9923 -0.0932 -0.0817
vn 0.9856 -0.1161 -0.1227
vn 0.9825 -0.0926 -0.1618
vn 0.9727 -0.1143 -0.2019
vn 0.9668 -0.0914 -0.2388
vn 0.9543 -0.1117 -0.2773
vn 0.9460 -0.0899 -0.3115
vn 0.9312 -0.1085 -0.3479
vn 0.9246 -0.1552 0.3479
vn 0.9330 -0.1770 0.3134
vn 0.9476 -0.1586 0.2773
vn 0.9536 -0.1814 0.2403
vn 0.9661 -0.1612 0.2019
vn 0.9692 -0.1848 0.1628
vn 0.9789 -0.1631 0.1227
vn 0.9789 -0.1869 0.0822
vn 0.9856 -0.1640 0.0412
vn 0.9822 -0.1876 -0.0000
vn 0.9856 -0.1640 -0.0412
vn 0.9789 -0.1869 -0.0822
vn 0.9789 -0.1631 -0.1227
vn 0.9692 -0.1848 -0.1628
vn 0.9661 -0.1612 -0.2019
vn 0.9536 -0.1814 -0.2403
vn 0.9476 -0.1586 -0.2773
vn 0.9330 -0.1770 -0.3134
vn 0.9246 -0.1552 -0.3479
vn 0.9083 -0.1718 -0.3814
vn 0.8983 -0.2180 0.3814
vn 0.9067 -0.2399 0.3468
vn 0.9230 -0.2234 0.3134
vn 0.9289 -0.2463 0.2764
vn 0.9436 -0.2279 0.2403
vn 0.9467 -0.2515 0.2012
vn 0.9592 -0.2313 0.1628
vn 0.9592 -0.2551 0.1223
vn 0.9689 -0.2334 0.0822
vn 0.9656 -0.2569 0.0410
vn 0.9722 -0.2341 -0.0000
vn 0.9656 -0.2569 -0.0410
vn 0.9689 -0.2334 -0.0822
vn 0.9592 -0.2551 -0.1223
vn 0.9592 -0.2313 -0.1628
vn 0.9467 -0.2515 -0.2012
vn 0.9436 -0.2279 -0.2403
vn 0.9289 -0.2463 -0.2764
vn 0.9230 -0.2234 -0.3134
vn 0.9067 -0.2399 -0.3468
vn 0.8983 -0.2180 -0.3814
vn 0.8811 -0.2326 -0.4119
vn 0.8680 -0.2773 0.4119
vn 0.8765 -0.2994 0.3771
vn 0.8936 -0.2849 0.3468
vn 0.8996 -0.3078 0.3097
vn 0.9158 -0.2914 0.2764
vn 0.9190 -0.3150 0.2373
vn 0.9336 -0.2966 0.2012
vn 0.9336 -0.3204 0.1607
vn 0.9460 -0.3002 0.1223
vn 0.9427 -0.3238 0.0811
vn 0.9524 -0.3020 0.0410
vn 0.9457 -0.3249 -0.0000
vn 0.9524 -0.3020 -0.0410
vn 0.9427 -0.3238 -0.0811
vn 0.9460 -0.3002 -0.1223
vn 0.9336 -0.3204 -0.1607
vn 0.9336 -0.2966 -0.2012
vn 0.9190 -0.3150 -0.2373
vn 0.9158 -0.2914 -0.2764
vn 0.8996 -0.3078 -0.3097
vn 0.8936 -0.2849 -0.3468
vn 0.8765 -0.2994 -0.3771
vn 0.8680 -0.2773 -0.4119
vn 0.8505 -0.2899 -0.4390
vn 0.8347 -0.3326 0.4390
vn 0.8432 -0.3547 0.4040
vn 0.8606 -0.3422 0.3771
vn 0.8667 -0.3653 0.3398
vn 0.8838 -0.3508 0.3097
vn 0.8869 -0.3744 0.2705
vn 0.9031 -0.3579 0.2373
vn 0.9031 -0.3817 0.1968
vn 0.9177 -0.3633 0.1607
vn 0.9144 -0.3868 0.1196
vn 0.9268 -0.3666 0.0811
vn 0.9202 -0.3895 0.0401
vn 0.9299 -0.3678 -0.0000
vn 0.9202 -0.3895 -0.0401
vn 0.9268 -0.3666 -0.0811
vn 0.9144 -0.3868 -0.1196
vn 0.9177 -0.3633 -0.1607
vn 0.9031 -0.3817 -0.1968
vn 0.9031 -0.3579 -0.2373
vn 0.8869 -0.3744 -0.2705
vn 0.8838 -0.3508 -0.3097
vn 0.8667 -0.3653 -0.3398
vn 0.8606 -0.3422 -0.3771
vn 0.8432 -0.3547 -0.4040
vn 0.8347 -0.3326 -0.4390
vn 0.8173 -0.3432 -0.4627
vn 0.7993 -0.3834 0.4628
vn 0.8078 -0.4057 0.4277
vn 0.8250 -0.3951 0.4040
vn 0.8311 -0.4181 0.3668
vn 0.8485 -0.4056 0.3398
vn 0.8517 -0.4291 0.3008
vn 0.8688 -0.4146 0.2706
vn 0.8688 -0.4384 0.2302
vn 0.8851 -0.4218 0.1968
vn 0.8817 -0.4453 0.1558
vn 0.8964 -0.4269 0.1196
vn 0.8897 -0.4497 0.0786
vn 0.9022 -0.4294 0.0401
vn 0.8925 -0.4511 -0.0000
vn 0.9022 -0.4294 -0.0401
vn 0.8897 -0.4497 -0.0786
vn 0.8964 -0.4269 -0.1196
vn 0.8817 -0.4453 -0.1558
vn 0.8851 -0.4218 -0.1968
vn 0.8688 -0.4384 -0.2302
vn 0.8688 -0.4146 -0.2706
vn 0.8517 -0.4291 -0.3008
vn 0.8485 -0.4056 -0.3398
vn 0.8311 -0.4181 -0.3668
vn 0.8250 -0.3951 -0.4040
vn 0.8078 -0.4057 -0.4277
vn 0.7993 -0.3834 -0.4628
vn 0.7826 -0.3923 -0.4833
vn 0.7627 -0.4298 0.4833
vn 0.7712 -0.4520 0.4482
vn 0.7879 -0.4431 0.4277
vn 0.7939 -0.4661 0.3906
vn 0.8112 -0.4554 0.3668
vn 0.8144 -0.4789 0.3279
vn 0.8319 -0.4663 0.3008
vn 0.8319 -0.4899 0.2606
vn 0.8492 -0.4753 0.2302
vn 0.8459 -0.4987 0.1893
vn 0.8622 -0.4821 0.1558
vn 0.8556 -0.5048 0.1149
vn 0.8703 -0.4863 0.0786
vn 0.8605 -0.5079 0.0385
vn 0.8730 -0.4877 -0.0000
vn 0.8605 -0.5079 -0.0385
vn 0.8703 -0.4863 -0.0786
vn 0.8556 -0.5048 -0.1149
vn 0.8622 -0.4821 -0.1558
vn 0.8459 -0.4987 -0.1893
vn 0.8492 -0.4753 -0.2302
vn 0.8319 -0.4899 -0.2606
vn 0.8319 -0.4663 -0.3008
vn 0.8144 -0.4789 -0.3279
vn 0.8112 -0.4554 -0.3668
vn 0.7939 -0.4661 -0.3906
vn 0.7879 -0.4431 -0.4277
vn 0.7712 -0.4520 -0.4482
vn 0.7627 -0.4298 -0.4833
vn 0.7471 -0.4371 -0.5008
vn 0.7003 -0.4728 -0.5348
vn 0.6762 -0.5246 -0.5173
vn 0.6479 -0.5776 -0.4966
vn 0.6151 -0.6310 -0.4726
vn 0.5778 -0.6841 -0.4453
vn 0.5358 -0.7356 -0.4146
vn 0.4895 -0.7844 -0.3809
vn 0.4395 -0.8296 -0.3444
vn 0.3865 -0.8701 -0.3059
vn 0.3313 -0.9053 -0.2659
vn 0.2752 -0.9346 -0.2253
vn 0.2190 -0.9581 -0.1847
vn 0.1638 -0.9758 -0.1447
vn 0.1104 -0.9882 -0.1060
vn 0.0593 -0.9959 -0.0690
vn 0.6838 -0.4900 -0.5406
vn 0.6578 -0.4877 -0.5740
vn 0.6566 -0.5434 -0.5231
vn 0.6305 -0.5411 -0.5565
vn 0.6381 -0.5065 -0.5798
vn 0.6100 -0.5017 -0.6134
vn 0.6248 -0.5978 -0.5022
vn 0.5988 -0.5955 -0.5355
vn 0.6075 -0.5613 -0.5621
vn 0.5792 -0.5564 -0.5958
vn 0.5868 -0.5219 -0.6191
vn 0.5568 -0.5142 -0.6524
vn 0.5883 -0.6524 -0.4778
vn 0.5625 -0.6501 -0.5109
vn 0.5722 -0.6167 -0.5406
vn 0.5439 -0.6118 -0.5743
vn 0.5526 -0.5776 -0.6009
vn 0.5224 -0.5699 -0.6343
vn 0.5299 -0.5356 -0.6575
vn 0.4982 -0.5250 -0.6900
vn 0.5472 -0.7060 -0.4496
vn 0.5215 -0.7037 -0.4825
vn 0.5321 -0.6719 -0.5152
vn 0.5039 -0.6670 -0.5488
vn 0.5136 -0.6336 -0.5786
vn 0.4834 -0.6259 -0.6121
vn 0.4920 -0.5917 -0.6386
vn 0.4601 -0.5811 -0.6713
vn 0.4676 -0.5470 -0.6943
vn 0.4348 -0.5336 -0.7254
vn 0.5015 -0.7576 -0.4178
vn 0.4760 -0.7553 -0.4505
vn 0.4874 -0.7256 -0.4857
vn 0.4593 -0.7207 -0.5192
vn 0.4700 -0.6888 -0.5520
vn 0.4397 -0.6811 -0.5855
vn 0.4494 -0.6477 -0.6153
vn 0.4175 -0.6370 -0.6480
vn 0.4261 -0.6030 -0.6744
vn 0.3931 -0.5895 -0.7057
vn 0.4005 -0.5556 -0.7286
vn 0.3671 -0.5395 -0.7578
vn 0.4519 -0.8059 -0.3826
vn 0.4264 -0.8036 -0.4152
vn 0.4385 -0.7767 -0.4523
vn 0.4105 -0.7718 -0.4857
vn 0.4219 -0.7420 -0.5209
vn 0.3917 -0.7343 -0.5544
vn 0.4024 -0.7024 -0.5872
vn 0.3704 -0.6917 -0.6199
vn 0.3801 -0.6584 -0.6497
vn 0.3470 -0.6448 -0.6810
vn 0.3556 -0.6109 -0.7074
vn 0.3220 -0.5947 -0.7366
vn 0.3294 -0.5609 -0.7595
vn 0.2960 -0.5425 -0.7862
vn 0.3990 -0.8498 -0.3444
vn 0.3736 -0.8475 -0.3770
vn 0.3860 -0.8238 -0.4152
vn 0.3580 -0.8189 -0.4485
vn 0.3701 -0.7920 -0.4857
vn 0.3399 -0.7842 -0.5191
vn 0.3513 -0.7545 -0.5544
vn 0.3194 -0.7438 -0.5871
vn 0.3300 -0.7119 -0.6199
vn 0.2969 -0.6984 -0.6513
vn 0.3066 -0.6650 -0.6810
vn 0.2730 -0.6488 -0.7103
vn 0.2815 -0.6149 -0.7366
vn 0.2480 -0.5965 -0.7633
vn 0.2554 -0.5628 -0.7862
vn 0.2227 -0.5425 -0.8100
vn 0.3437 -0.8885 -0.3040
vn 0.3183 -0.8862 -0.3366
vn 0.3307 -0.8660 -0.3751
vn 0.3028 -0.8611 -0.4084
vn 0.3152 -0.8374 -0.4466
vn 0.2850 -0.8297 -0.4800
vn 0.2971 -0.8027 -0.5172
vn 0.2651 -0.7920 -0.5499
vn 0.2766 -0.7622 -0.5852
vn 0.2435 -0.7487 -0.6166
vn 0.2541 -0.7168 -0.6493
vn 0.2205 -0.7006 -0.6786
vn 0.2302 -0.6673 -0.7083
vn 0.1967 -0.6489 -0.7351
vn 0.2052 -0.6149 -0.7614
vn 0.1725 -0.5947 -0.7852
vn 0.1799 -0.5609 -0.8081
vn 0.1485 -0.5395 -0.8288
vn 0.2871 -0.9214 -0.2620
vn 0.2616 -0.9191 -0.2948
vn 0.2739 -0.9024 -0.3327
vn 0.2459 -0.8975 -0.3661
vn 0.2584 -0.8773 -0.4045
vn 0.2282 -0.8696 -0.4379
vn 0.2406 -0.8458 -0.4761
vn 0.2086 -0.8352 -0.5089
vn 0.2207 -0.8082 -0.5460
vn 0.1876 -0.7947 -0.5773
vn 0.1991 -0.7649 -0.6126
vn 0.1654 -0.7487 -0.6419
vn 0.1761 -0.7168 -0.6747
vn 0.1426 -0.6984 -0.7014
vn 0.1522 -0.6650 -0.7311
vn 0.1196 -0.6448 -0.7549
vn 0.1281 -0.6109 -0.7813
vn 0.0968 -0.5895 -0.8020
vn 0.1042 -0.5556 -0.8249
vn 0.0747 -0.5336 -0.8425
vn 0.2303 -0.9481 -0.2194
vn 0.2046 -0.9457 -0.2524
vn 0.2165 -0.9326 -0.2889
vn 0.1884 -0.9277 -0.3224
vn 0.2007 -0.9110 -0.3602
vn 0.1705 -0.9033 -0.3937
vn 0.1830 -0.8831 -0.4321
vn 0.1510 -0.8724 -0.4648
vn 0.1634 -0.8487 -0.5030
vn 0.1303 -0.8352 -0.5343
vn 0.1424 -0.8082 -0.5714
vn 0.1087 -0.7920 -0.6007
vn 0.1202 -0.7622 -0.6360
vn 0.0867 -0.7438 -0.6627
vn 0.0974 -0.7119 -0.6955
vn 0.0647 -0.6917 -0.7192
vn 0.0744 -0.6584 -0.7490
vn 0.0431 -0.6370 -0.7696
vn 0.0517 -0.6030 -0.7961
vn 0.0223 -0.5811 -0.8136
vn 0.0298 -0.5470 -0.8366
vn 0.0025 -0.5250 -0.8511
vn 0.1743 -0.9687 -0.1770
vn 0.1485 -0.9663 -0.2101
vn 0.1597 -0.9564 -0.2447
vn 0.1315 -0.9515 -0.2783
vn 0.1434 -0.9383 -0.3147
vn 0.1131 -0.9306 -0.3482
vn 0.1254 -0.9140 -0.3859
vn 0.0935 -0.9033 -0.4187
vn 0.1059 -0.8831 -0.4571
vn 0.0728 -0.8696 -0.4884
vn 0.0852 -0.8458 -0.5266
vn 0.0516 -0.8297 -0.5559
vn 0.0636 -0.8027 -0.5930
vn 0.0302 -0.7842 -0.6197
vn 0.0416 -0.7545 -0.6550
vn 0.0090 -0.7343 -0.6787
vn 0.0196 -0.7024 -0.7115
vn -0.0116 -0.6811 -0.7321
vn -0.0019 -0.6477 -0.7619
vn -0.0313 -0.6259 -0.7793
vn -0.0226 -0.5917 -0.8058
vn -0.0498 -0.5699 -0.8202
vn -0.0422 -0.5356 -0.8434
vn -0.0670 -0.5142 -0.8550
vn 0.1199 -0.9835 -0.1355
vn 0.0940 -0.9812 -0.1687
vn 0.1044 -0.9741 -0.2008
vn 0.0762 -0.9691 -0.2345
vn 0.0874 -0.9592 -0.2689
vn 0.0571 -0.9515 -0.3024
vn 0.0690 -0.9383 -0.3389
vn 0.0371 -0.9277 -0.3716
vn 0.0493 -0.9110 -0.4094
vn 0.0163 -0.8975 -0.4407
vn 0.0287 -0.8773 -0.4791
vn -0.0049 -0.8611 -0.5084
vn 0.0075 -0.8374 -0.5466
vn -0.0260 -0.8189 -0.5733
vn -0.0139 -0.7920 -0.6104
vn -0.0466 -0.7718 -0.6342
vn -0.0351 -0.7420 -0.6694
vn -0.0664 -0.7207 -0.6900
vn -0.0558 -0.6888 -0.7228
vn -0.0851 -0.6670 -0.7402
vn -0.0754 -0.6336 -0.7700
vn -0.1025 -0.6118 -0.7843
vn -0.0938 -0.5776 -0.8109
vn -0.1184 -0.5564 -0.8225
vn -0.1109 -0.5219 -0.8458
vn -0.1329 -0.5017 -0.8548
vn 0.0679 -0.9931 -0.0954
vn 0.0418 -0.9908 -0.1288
vn 0.0514 -0.9861 -0.1581
vn 0.0232 -0.9812 -0.1917
vn 0.0336 -0.9741 -0.2238
vn 0.0034 -0.9663 -0.2573
vn 0.0146 -0.9564 -0.2918
vn -0.0172 -0.9457 -0.3245
vn -0.0054 -0.9326 -0.3610
vn -0.0384 -0.9191 -0.3922
vn -0.0260 -0.9024 -0.4301
vn -0.0596 -0.8862 -0.4594
vn -0.0471 -0.8660 -0.4979
vn -0.0806 -0.8475 -0.5246
vn -0.0682 -0.8238 -0.5628
vn -0.1009 -0.8036 -0.5866
vn -0.0889 -0.7767 -0.6236
vn -0.1202 -0.7553 -0.6443
vn -0.1088 -0.7256 -0.6794
vn -0.1382 -0.7037 -0.6969
vn -0.1276 -0.6719 -0.7296
vn -0.1547 -0.6501 -0.7439
vn -0.1451 -0.6167 -0.7737
vn -0.1697 -0.5955 -0.7852
vn -0.1610 -0.5613 -0.8118
vn -0.1830 -0.5411 -0.8208
vn -0.1754 -0.5065 -0.8442
vn -0.1948 -0.4877 -0.8510
vn 0.0186 -0.9982 -0.0573
vn -0.0074 -0.9959 -0.0907
vn 0.0012 -0.9931 -0.1171
vn -0.0270 -0.9882 -0.1507
vn -0.0174 -0.9835 -0.1801
vn -0.0475 -0.9758 -0.2134
vn -0.0370 -0.9687 -0.2456
vn -0.0687 -0.9581 -0.2781
vn -0.0574 -0.9480 -0.3129
vn -0.0902 -0.9346 -0.3440
vn -0.0783 -0.9214 -0.3808
vn -0.1117 -0.9053 -0.4099
vn -0.0994 -0.8885 -0.4479
vn -0.1328 -0.8701 -0.4746
vn -0.1203 -0.8498 -0.5131
vn -0.1531 -0.8296 -0.5370
vn -0.1407 -0.8059 -0.5751
vn -0.1722 -0.7844 -0.5959
vn -0.1602 -0.7576 -0.6328
vn -0.1897 -0.7356 -0.6504
vn -0.1784 -0.7060 -0.6854
vn -0.2057 -0.6841 -0.6998
vn -0.1951 -0.6524 -0.7323
vn -0.2199 -0.6310 -0.7439
vn -0.2102 -0.5978 -0.7736
vn -0.2323 -0.5776 -0.7826
vn -0.2237 -0.5434 -0.8091
vn -0.2430 -0.5246 -0.8159
vn -0.2355 -0.4900 -0.8393
vn -0.2522 -0.4728 -0.8443
vn -0.2922 -0.4728 -0.8313
vn -0.2830 -0.5246 -0.8030
vn -0.2721 -0.5776 -0.7697
vn -0.2594 -0.6310 -0.7311
vn -0.2450 -0.6841 -0.6871
vn -0.2288 -0.7356 -0.6377
vn -0.2109 -0.7844 -0.5832
vn -0.1918 -0.8296 -0.5244
vn -0.1715 -0.8701 -0.4621
vn -0.1505 -0.9053 -0.3973
vn -0.1292 -0.9346 -0.3313
vn -0.1079 -0.9581 -0.2654
vn -0.0870 -0.9758 -0.2005
vn -0.0667 -0.9882 -0.1377
vn -0.0473 -0.9959 -0.0777
vn -0.3028 -0.4900 -0.8174
vn -0.3426 -0.4877 -0.8030
vn -0.2946 -0.5434 -0.7861
vn -0.3344 -0.5411 -0.7716
vn -0.3543 -0.5065 -0.7861
vn -0.3949 -0.5017 -0.7697
vn -0.2846 -0.5978 -0.7494
vn -0.3243 -0.5955 -0.7350
vn -0.3469 -0.5613 -0.7514
vn -0.3876 -0.5564 -0.7350
vn -0.4074 -0.5219 -0.7494
vn -0.4484 -0.5142 -0.7311
vn -0.2726 -0.6524 -0.7072
vn -0.3121 -0.6501 -0.6928
vn -0.3374 -0.6167 -0.7112
vn -0.3781 -0.6118 -0.6948
vn -0.4007 -0.5776 -0.7112
vn -0.4419 -0.5699 -0.6928
vn -0.4616 -0.5356 -0.7072
vn -0.5023 -0.5250 -0.6871
vn -0.2585 -0.7060 -0.6593
vn -0.2978 -0.7037 -0.6451
vn -0.3256 -0.6719 -0.6653
vn -0.3662 -0.6670 -0.6489
vn -0.3916 -0.6336 -0.6673
vn -0.4328 -0.6259 -0.6489
vn -0.4553 -0.5917 -0.6653
vn -0.4962 -0.5811 -0.6451
vn -0.5158 -0.5470 -0.6593
vn -0.5556 -0.5336 -0.6377
vn -0.2424 -0.7576 -0.6061
vn -0.2814 -0.7553 -0.5919
vn -0.3113 -0.7256 -0.6136
vn -0.3519 -0.7207 -0.5973
vn -0.3797 -0.6888 -0.6175
vn -0.4209 -0.6811 -0.5991
vn -0.4463 -0.6477 -0.6175
vn -0.4873 -0.6370 -0.5973
vn -0.5098 -0.6030 -0.6136
vn -0.5497 -0.5895 -0.5919
vn -0.5692 -0.5556 -0.6061
vn -0.6073 -0.5395 -0.5833
vn -0.2242 -0.8059 -0.5480
vn -0.2631 -0.8036 -0.5339
vn -0.2946 -0.7767 -0.5568
vn -0.3351 -0.7718 -0.5405
vn -0.3650 -0.7420 -0.5622
vn -0.4062 -0.7343 -0.5438
vn -0.4341 -0.7024 -0.5641
vn -0.4751 -0.6917 -0.5438
vn -0.5004 -0.6584 -0.5622
vn -0.5405 -0.6448 -0.5405
vn -0.5629 -0.6109 -0.5568
vn -0.6011 -0.5947 -0.5339
vn -0.6205 -0.5609 -0.5480
vn -0.6562 -0.5425 -0.5244
vn -0.2043 -0.8498 -0.4859
vn -0.2431 -0.8475 -0.4718
vn -0.2756 -0.8238 -0.4954
vn -0.3160 -0.8189 -0.4791
vn -0.3475 -0.7920 -0.5020
vn -0.3887 -0.7842 -0.4836
vn -0.4187 -0.7545 -0.5054
vn -0.4597 -0.7438 -0.4852
vn -0.4876 -0.7119 -0.5054
vn -0.5276 -0.6984 -0.4836
vn -0.5529 -0.6650 -0.5020
vn -0.5912 -0.6488 -0.4791
vn -0.6136 -0.6149 -0.4954
vn -0.6493 -0.5965 -0.4718
vn -0.6687 -0.5628 -0.4859
vn -0.7015 -0.5425 -0.4621
vn -0.1829 -0.8885 -0.4208
vn -0.2218 -0.8862 -0.4067
vn -0.2545 -0.8660 -0.4305
vn -0.2949 -0.8611 -0.4142
vn -0.3274 -0.8374 -0.4378
vn -0.3685 -0.8297 -0.4194
vn -0.4001 -0.8027 -0.4424
vn -0.4411 -0.7920 -0.4221
vn -0.4711 -0.7622 -0.4439
vn -0.5111 -0.7487 -0.4221
vn -0.5390 -0.7168 -0.4424
vn -0.5773 -0.7006 -0.4194
vn -0.6026 -0.6673 -0.4378
vn -0.6383 -0.6488 -0.4142
vn -0.6607 -0.6149 -0.4305
vn -0.6935 -0.5947 -0.4067
vn -0.7129 -0.5609 -0.4208
vn -0.7424 -0.5395 -0.3973
vn -0.1605 -0.9214 -0.3540
vn -0.1995 -0.9191 -0.3399
vn -0.2318 -0.9024 -0.3633
vn -0.2722 -0.8975 -0.3470
vn -0.3049 -0.8773 -0.3707
vn -0.3460 -0.8696 -0.3523
vn -0.3785 -0.8458 -0.3759
vn -0.4195 -0.8352 -0.3557
vn -0.4511 -0.8082 -0.3786
vn -0.4911 -0.7947 -0.3568
vn -0.5211 -0.7649 -0.3786
vn -0.5594 -0.7487 -0.3557
vn -0.5873 -0.7168 -0.3759
vn -0.6230 -0.6984 -0.3524
vn -0.6483 -0.6650 -0.3707
vn -0.6810 -0.6448 -0.3470
vn -0.7035 -0.6109 -0.3633
vn -0.7328 -0.5895 -0.3399
vn -0.7523 -0.5556 -0.3540
vn -0.7782 -0.5336 -0.3313
vn -0.1375 -0.9481 -0.2869
vn -0.1768 -0.9457 -0.2726
vn -0.2079 -0.9326 -0.2952
vn -0.2484 -0.9277 -0.2788
vn -0.2805 -0.9110 -0.3022
vn -0.3217 -0.9033 -0.2838
vn -0.3544 -0.8831 -0.3075
vn -0.3954 -0.8724 -0.2873
vn -0.4279 -0.8487 -0.3109
vn -0.4679 -0.8352 -0.2890
vn -0.4995 -0.8082 -0.3120
vn -0.5377 -0.7920 -0.2890
vn -0.5678 -0.7622 -0.3109
vn -0.6035 -0.7438 -0.2873
vn -0.6314 -0.7119 -0.3075
vn -0.6640 -0.6917 -0.2838
vn -0.6894 -0.6584 -0.3022
vn -0.7186 -0.6370 -0.2788
vn -0.7411 -0.6030 -0.2952
vn -0.7668 -0.5811 -0.2726
vn -0.7865 -0.5470 -0.2869
vn -0.8087 -0.5250 -0.2654
vn -0.1145 -0.9687 -0.2205
vn -0.1540 -0.9663 -0.2061
vn -0.1833 -0.9564 -0.2275
vn -0.2240 -0.9515 -0.2111
vn -0.2550 -0.9383 -0.2336
vn -0.2962 -0.9306 -0.2152
vn -0.3283 -0.9140 -0.2385
vn -0.3693 -0.9033 -0.2183
vn -0.4020 -0.8831 -0.2420
vn -0.4420 -0.8696 -0.2202
vn -0.4745 -0.8458 -0.2438
vn -0.5127 -0.8297 -0.2208
vn -0.5443 -0.8027 -0.2438
vn -0.5801 -0.7842 -0.2202
vn -0.6101 -0.7545 -0.2420
vn -0.6428 -0.7343 -0.2183
vn -0.6706 -0.7024 -0.2385
vn -0.6999 -0.6811 -0.2152
vn -0.7252 -0.6477 -0.2336
vn -0.7508 -0.6259 -0.2111
vn -0.7734 -0.5917 -0.2275
vn -0.7955 -0.5699 -0.2061
vn -0.8152 -0.5356 -0.2205
vn -0.8339 -0.5142 -0.2005
vn -0.0918 -0.9835 -0.1559
vn -0.1314 -0.9812 -0.1415
vn -0.1587 -0.9741 -0.1613
vn -0.1994 -0.9691 -0.1449
vn -0.2288 -0.9592 -0.1662
vn -0.2700 -0.9515 -0.1478
vn -0.3010 -0.9383 -0.1703
vn -0.3420 -0.9277 -0.1501
vn -0.3741 -0.9110 -0.1734
vn -0.4141 -0.8975 -0.1516
vn -0.4468 -0.8773 -0.1754
vn -0.4850 -0.8611 -0.1525
vn -0.5175 -0.8374 -0.1761
vn -0.5533 -0.8189 -0.1525
vn -0.5848 -0.7920 -0.1754
vn -0.6175 -0.7718 -0.1516
vn -0.6475 -0.7420 -0.1734
vn -0.6768 -0.7207 -0.1501
vn -0.7046 -0.6888 -0.1703
vn -0.7303 -0.6670 -0.1478
vn -0.7556 -0.6336 -0.1662
vn -0.7776 -0.6118 -0.1449
vn -0.8002 -0.5776 -0.1613
vn -0.8188 -0.5564 -0.1415
vn -0.8386 -0.5219 -0.1559
vn -0.8540 -0.5016 -0.1377
vn -0.0698 -0.9931 -0.0940
vn -0.1096 -0.9908 -0.0796
vn -0.1345 -0.9861 -0.0977
vn -0.1752 -0.9812 -0.0813
vn -0.2025 -0.9741 -0.1011
vn -0.2436 -0.9663 -0.0827
vn -0.2730 -0.9564 -0.1041
vn -0.3139 -0.9457 -0.0839
vn -0.3450 -0.9326 -0.1065
vn -0.3849 -0.9191 -0.0847
vn -0.4171 -0.9024 -0.1082
vn -0.4553 -0.8862 -0.0853
vn -0.4880 -0.8660 -0.1090
vn -0.5238 -0.8475 -0.0854
vn -0.5563 -0.8238 -0.1090
vn -0.5890 -0.8036 -0.0852
vn -0.6206 -0.7767 -0.1082
vn -0.6499 -0.7553 -0.0847
vn -0.6798 -0.7256 -0.1065
vn -0.7055 -0.7037 -0.0839
vn -0.7333 -0.6719 -0.1041
vn -0.7554 -0.6501 -0.0827
vn -0.7807 -0.6167 -0.1011
vn -0.7992 -0.5955 -0.0813
vn -0.8218 -0.5613 -0.0977
vn -0.8372 -0.5411 -0.0796
vn -0.8571 -0.5065 -0.0940
vn -0.8695 -0.4877 -0.0777
vn -0.0488 -0.9982 -0.0354
vn -0.0885 -0.9959 -0.0210
vn -0.1110 -0.9931 -0.0373
vn -0.1516 -0.9882 -0.0209
vn -0.1766 -0.9835 -0.0391
vn -0.2176 -0.9758 -0.0208
vn -0.2450 -0.9687 -0.0407
vn -0.2857 -0.9581 -0.0207
vn -0.3153 -0.9481 -0.0421
vn -0.3551 -0.9346 -0.0205
vn -0.3863 -0.9214 -0.0432
vn -0.4244 -0.9053 -0.0204
vn -0.4567 -0.8885 -0.0439
vn -0.4925 -0.8701 -0.0203
vn -0.5252 -0.8498 -0.0441
vn -0.5580 -0.8296 -0.0203
vn -0.5905 -0.8059 -0.0439
vn -0.6199 -0.7844 -0.0204
vn -0.6513 -0.7576 -0.0432
vn -0.6772 -0.7356 -0.0205
vn -0.7069 -0.7060 -0.0421
vn -0.7291 -0.6840 -0.0206
vn -0.7568 -0.6524 -0.0407
vn -0.7755 -0.6310 -0.0208
vn -0.8007 -0.5978 -0.0391
vn -0.8161 -0.5776 -0.0209
vn -0.8386 -0.5434 -0.0373
vn -0.8511 -0.5246 -0.0210
vn -0.8710 -0.4900 -0.0354
vn -0.8809 -0.4728 -0.0210
vn -0.8809 -0.4728 0.0210
vn -0.8511 -0.5246 0.0210
vn -0.8161 -0.5776 0.0209
vn -0.7755 -0.6310 0.0208
vn -0.7291 -0.6840 0.0206
vn -0.6772 -0.7356 0.0205
vn -0.6199 -0.7844 0.0204
vn -0.5580 -0.8296 0.0203
vn -0.4925 -0.8701 0.0203
vn -0.4244 -0.9053 0.0204
vn -0.3551 -0.9346 0.0205
vn -0.2857 -0.9581 0.0207
vn -0.2176 -0.9758 0.0208
vn -0.1516 -0.9882 0.0209
vn -0.0885 -0.9959 0.0210
vn -0.8710 -0.4900 0.0354
vn -0.8695 -0.4877 0.0777
vn -0.8386 -0.5434 0.0373
vn -0.8372 -0.5411 0.0796
vn -0.8571 -0.5065 0.0940
vn -0.8540 -0.5016 0.1377
vn -0.8007 -0.5978 0.0391
vn -0.7992 -0.5955 0.0813
vn -0.8218 -0.5613 0.0977
vn -0.8188 -0.5564 0.1415
vn -0.8386 -0.5219 0.1559
vn -0.8339 -0.5142 0.2005
vn -0.7568 -0.6524 0.0407
vn -0.7554 -0.6501 0.0827
vn -0.7807 -0.6167 0.1011
vn -0.7776 -0.6118 0.1449
vn -0.8002 -0.5776 0.1613
vn -0.7955 -0.5699 0.2061
vn -0.8152 -0.5356 0.2205
vn -0.8087 -0.5250 0.2654
vn -0.7069 -0.7060 0.0421
vn -0.7055 -0.7037 0.0839
vn -0.7333 -0.6719 0.1041
vn -0.7303 -0.6670 0.1478
vn -0.7556 -0.6336 0.1662
vn -0.7508 -0.6259 0.2111
vn -0.7734 -0.5917 0.2275
vn -0.7668 -0.5811 0.2726
vn -0.7865 -0.5470 0.2869
vn -0.7782 -0.5336 0.3313
vn -0.6513 -0.7576 0.0432
vn -0.6499 -0.7553 0.0847
vn -0.6798 -0.7256 0.1065
vn -0.6768 -0.7207 0.1501
vn -0.7046 -0.6888 0.1703
vn -0.6999 -0.6811 0.2152
vn -0.7252 -0.6477 0.2336
vn -0.7186 -0.6370 0.2788
vn -0.7411 -0.6030 0.2952
vn -0.7328 -0.5895 0.3399
vn -0.7523 -0.5556 0.3540
vn -0.7424 -0.5395 0.3973
vn -0.5905 -0.8059 0.0439
vn -0.5890 -0.8036 0.0853
vn -0.6206 -0.7767 0.1082
vn -0.6175 -0.7718 0.1517
vn -0.6475 -0.7420 0.1734
vn -0.6428 -0.7343 0.2183
vn -0.6706 -0.7024 0.2385
vn -0.6640 -0.6917 0.2838
vn -0.6894 -0.6584 0.3022
vn -0.6810 -0.6448 0.3470
vn -0.7035 -0.6109 0.3633
vn -0.6935 -0.5947 0.4067
vn -0.7129 -0.5609 0.4208
vn -0.7015 -0.5425 0.4621
vn -0.5252 -0.8498 0.0441
vn -0.5238 -0.8475 0.0854
vn -0.5563 -0.8238 0.1090
vn -0.5533 -0.8189 0.1525
vn -0.5848 -0.7920 0.1754
vn -0.5801 -0.7842 0.2202
vn -0.6101 -0.7545 0.2420
vn -0.6035 -0.7438 0.2873
vn -0.6314 -0.7119 0.3075
vn -0.6230 -0.6984 0.3523
vn -0.6483 -0.6650 0.3707
vn -0.6383 -0.6488 0.4142
vn -0.6607 -0.6149 0.4305
vn -0.6493 -0.5965 0.4718
vn -0.6687 -0.5628 0.4859
vn -0.6562 -0.5425 0.5244
vn -0.4567 -0.8885 0.0439
vn -0.4553 -0.8862 0.0853
vn -0.4880 -0.8660 0.1090
vn -0.4850 -0.8611 0.1525
vn -0.5175 -0.8374 0.1761
vn -0.5127 -0.8297 0.2208
vn -0.5443 -0.8027 0.2438
vn -0.5377 -0.7920 0.2890
vn -0.5678 -0.7622 0.3109
vn -0.5594 -0.7487 0.3557
vn -0.5873 -0.7168 0.3759
vn -0.5773 -0.7006 0.4194
vn -0.6026 -0.6673 0.4378
vn -0.5912 -0.6488 0.4791
vn -0.6136 -0.6149 0.4954
vn -0.6011 -0.5947 0.5339
vn -0.6205 -0.5609 0.5480
vn -0.6073 -0.5395 0.5833
vn -0.3863 -0.9214 0.0432
vn -0.3849 -0.9191 0.0847
vn -0.4171 -0.9024 0.1082
vn -0.4141 -0.8975 0.1516
vn -0.4468 -0.8773 0.1754
vn -0.4420 -0.8696 0.2202
vn -0.4745 -0.8458 0.2438
vn -0.4679 -0.8352 0.2890
vn -0.4995 -0.8082 0.3120
vn -0.4911 -0.7947 0.3568
vn -0.5211 -0.7649 0.3786
vn -0.5111 -0.7487 0.4221
vn -0.5390 -0.7168 0.4424
vn -0.5276 -0.6984 0.4836
vn -0.5529 -0.6650 0.5020
vn -0.5405 -0.6448 0.5405
vn -0.5629 -0.6109 0.5568
vn -0.5497 -0.5895 0.5919
vn -0.5692 -0.5556 0.6061
vn -0.5556 -0.5336 0.6377
vn -0.3153 -0.9481 0.0421
vn -0.3139 -0.9457 0.0839
vn -0.3450 -0.9326 0.1065
vn -0.3420 -0.9277 0.1501
vn -0.3741 -0.9110 0.1734
vn -0.3693 -0.9033 0.2183
vn -0.4020 -0.8831 0.2420
vn -0.3954 -0.8724 0.2873
vn -0.4279 -0.8487 0.3109
vn -0.4195 -0.8352 0.3557
vn -0.4511 -0.8082 0.3786
vn -0.4411 -0.7920 0.4221
vn -0.4711 -0.7622 0.4439
vn -0.4597 -0.7438 0.4852
vn -0.4876 -0.7119 0.5054
vn -0.4751 -0.6917 0.5438
vn -0.5004 -0.6584 0.5622
vn -0.4873 -0.6370 0.5973
vn -0.5098 -0.6030 0.6136
vn -0.4962 -0.5811 0.6451
vn -0.5159 -0.5470 0.6593
vn -0.5023 -0.5250 0.6871
vn -0.2450 -0.9687 0.0407
vn -0.2436 -0.9663 0.0827
vn -0.2730 -0.9564 0.1041
vn -0.2700 -0.9515 0.1478
vn -0.3010 -0.9383 0.1703
vn -0.2962 -0.9306 0.2152
vn -0.3283 -0.9140 0.2385
vn -0.3217 -0.9033 0.2838
vn -0.3544 -0.8831 0.3075
vn -0.3460 -0.8696 0.3524
vn -0.3785 -0.8458 0.3759
vn -0.3685 -0.8297 0.4194
vn -0.4001 -0.8027 0.4424
vn -0.3887 -0.7842 0.4836
vn -0.4187 -0.7545 0.5054
vn -0.4062 -0.7343 0.5438
vn -0.4341 -0.7024 0.5641
vn -0.4209 -0.6811 0.5991
vn -0.4463 -0.6477 0.6175
vn -0.4328 -0.6259 0.6489
vn -0.4553 -0.5917 0.6653
vn -0.4419 -0.5699 0.6928
vn -0.4616 -0.5356 0.7072
vn -0.4484 -0.5142 0.7311
vn -0.1766 -0.9835 0.0391
vn -0.1752 -0.9812 0.0813
vn -0.2025 -0.9741 0.1011
vn -0.1994 -0.9691 0.1449
vn -0.2288 -0.9592 0.1662
vn -0.2240 -0.9515 0.2111
vn -0.2550 -0.9383 0.2336
vn -0.2484 -0.9277 0.2789
vn -0.2806 -0.9110 0.3022
vn -0.2722 -0.8975 0.3470
vn -0.3049 -0.8773 0.3707
vn -0.2949 -0.8611 0.4142
vn -0.3274 -0.8374 0.4378
vn -0.3160 -0.8189 0.4791
vn -0.3475 -0.7920 0.5020
vn -0.3351 -0.7718 0.5405
vn -0.3650 -0.7420 0.5622
vn -0.3519 -0.7207 0.5973
vn -0.3797 -0.6888 0.6175
vn -0.3662 -0.6670 0.6489
vn -0.3916 -0.6336 0.6673
vn -0.3781 -0.6118 0.6948
vn -0.4007 -0.5776 0.7112
vn -0.3876 -0.5564 0.7350
vn -0.4074 -0.5219 0.7494
vn -0.3949 -0.5017 0.7697
vn -0.1110 -0.9931 0.0373
vn -0.1096 -0.9908 0.0796
vn -0.1345 -0.9861 0.0977
vn -0.1314 -0.9812 0.1415
vn -0.1587 -0.9741 0.1613
vn -0.1540 -0.9663 0.2061
vn -0.1833 -0.9564 0.2275
vn -0.1768 -0.9457 0.2726
vn -0.2079 -0.9326 0.2952
vn -0.1995 -0.9191 0.3399
vn -0.2318 -0.9024 0.3633
vn -0.2218 -0.8862 0.4067
vn -0.2545 -0.8660 0.4305
vn -0.2431 -0.8475 0.4718
vn -0.2756 -0.8238 0.4954
vn -0.2631 -0.8036 0.5339
vn -0.2946 -0.7767 0.5568
vn -0.2814 -0.7553 0.5919
vn -0.3113 -0.7256 0.6136
vn -0.2978 -0.7037 0.6451
vn -0.3256 -0.6719 0.6653
vn -0.3121 -0.6501 0.6928
vn -0.3374 -0.6167 0.7112
vn -0.3243 -0.5955 0.7350
vn -0.3469 -0.5613 0.7514
vn -0.3344 -0.5411 0.7716
vn -0.3543 -0.5065 0.7861
vn -0.3426 -0.4877 0.8030
vn -0.0488 -0.9982 0.0354
vn -0.0473 -0.9959 0.0777
vn -0.0698 -0.9931 0.0940
vn -0.0667 -0.9882 0.1377
vn -0.0918 -0.9835 0.1559
vn -0.0870 -0.9758 0.2005
vn -0.1145 -0.9687 0.2205
vn -0.1079 -0.9581 0.2654
vn -0.1375 -0.9481 0.2869
vn -0.1292 -0.9346 0.3313
vn -0.1605 -0.9214 0.3540
vn -0.1505 -0.9053 0.3973
vn -0.1829 -0.8885 0.4208
vn -0.1715 -0.8701 0.4621
vn -0.2043 -0.8498 0.4859
vn -0.1918 -0.8296 0.5244
vn -0.2242 -0.8059 0.5480
vn -0.2109 -0.7844 0.5832
vn -0.2424 -0.7576 0.6061
vn -0.2288 -0.7356 0.6377
vn -0.2585 -0.7060 0.6593
vn -0.2450 -0.6841 0.6871
vn -0.2726 -0.6524 0.7072
vn -0.2594 -0.6310 0.7311
vn -0.2846 -0.5978 0.7494
vn -0.2721 -0.5776 0.7697
vn -0.2946 -0.5434 0.7861
vn -0.2830 -0.5246 0.8030
vn -0.3028 -0.4900 0.8174
vn -0.2922 -0.4728 0.8313
vn 0.7250 -0.4728 -0.5008
vn 0.7492 -0.4877 -0.4482
vn 0.7719 -0.5017 -0.3906
vn 0.7925 -0.5142 -0.3279
vn 0.8102 -0.5250 -0.2606
vn 0.8243 -0.5336 -0.1893
vn 0.8341 -0.5395 -0.1149
vn 0.8392 -0.5425 -0.0385
vn 0.8392 -0.5425 0.0385
vn 0.8341 -0.5395 0.1149
vn 0.8243 -0.5336 0.1893
vn 0.8102 -0.5250 0.2606
vn 0.7925 -0.5142 0.3279
vn 0.7719 -0.5017 0.3906
vn 0.7492 -0.4877 0.4482
vn 0.7255 -0.4900 -0.4833
vn 0.7009 -0.5246 -0.4833
vn 0.7487 -0.5065 -0.4277
vn 0.7241 -0.5411 -0.4277
vn 0.7004 -0.5434 -0.4628
vn 0.6725 -0.5776 -0.4628
vn 0.7701 -0.5219 -0.3668
vn 0.7456 -0.5564 -0.3668
vn 0.7223 -0.5613 -0.4040
vn 0.6944 -0.5955 -0.4040
vn 0.6707 -0.5978 -0.4390
vn 0.6396 -0.6310 -0.4390
vn 0.7891 -0.5356 -0.3008
vn 0.7647 -0.5699 -0.3008
vn 0.7422 -0.5776 -0.3398
vn 0.7143 -0.6118 -0.3398
vn 0.6910 -0.6167 -0.3771
vn 0.6597 -0.6501 -0.3771
vn 0.6362 -0.6524 -0.4119
vn 0.6020 -0.6841 -0.4119
vn 0.8049 -0.5470 -0.2302
vn 0.7806 -0.5811 -0.2302
vn 0.7594 -0.5917 -0.2706
vn 0.7315 -0.6259 -0.2705
vn 0.7090 -0.6336 -0.3097
vn 0.6777 -0.6670 -0.3097
vn 0.6544 -0.6719 -0.3468
vn 0.6201 -0.7037 -0.3468
vn 0.5967 -0.7060 -0.3814
vn 0.5599 -0.7356 -0.3814
vn 0.8167 -0.5556 -0.1558
vn 0.7926 -0.5895 -0.1558
vn 0.7731 -0.6030 -0.1968
vn 0.7453 -0.6370 -0.1968
vn 0.7240 -0.6477 -0.2373
vn 0.6927 -0.6811 -0.2373
vn 0.6702 -0.6888 -0.2764
vn 0.6357 -0.7207 -0.2764
vn 0.6126 -0.7256 -0.3134
vn 0.5756 -0.7553 -0.3134
vn 0.5523 -0.7576 -0.3479
vn 0.5135 -0.7844 -0.3479
vn 0.8241 -0.5609 -0.0786
vn 0.8001 -0.5947 -0.0786
vn 0.7827 -0.6109 -0.1196
vn 0.7549 -0.6448 -0.1196
vn 0.7353 -0.6584 -0.1607
vn 0.7040 -0.6917 -0.1607
vn 0.6828 -0.7024 -0.2012
vn 0.6483 -0.7343 -0.2012
vn 0.6258 -0.7420 -0.2403
vn 0.5887 -0.7718 -0.2403
vn 0.5656 -0.7767 -0.2772
vn 0.5267 -0.8036 -0.2773
vn 0.5035 -0.8059 -0.3115
vn 0.4634 -0.8296 -0.3115
vn 0.8266 -0.5628 -0.0000
vn 0.8026 -0.5965 -0.0000
vn 0.7876 -0.6149 -0.0401
vn 0.7599 -0.6488 -0.0401
vn 0.7424 -0.6650 -0.0811
vn 0.7111 -0.6984 -0.0811
vn 0.6916 -0.7119 -0.1223
vn 0.6571 -0.7438 -0.1223
vn 0.6358 -0.7545 -0.1628
vn 0.5987 -0.7842 -0.1628
vn 0.5762 -0.7920 -0.2019
vn 0.5372 -0.8189 -0.2019
vn 0.5141 -0.8238 -0.2388
vn 0.4740 -0.8475 -0.2388
vn 0.4508 -0.8498 -0.2730
vn 0.4103 -0.8701 -0.2730
vn 0.8241 -0.5609 0.0786
vn 0.8001 -0.5947 0.0786
vn 0.7876 -0.6149 0.0401
vn 0.7599 -0.6488 0.0401
vn 0.7448 -0.6673 -0.0000
vn 0.7135 -0.7006 -0.0000
vn 0.6961 -0.7168 -0.0410
vn 0.6616 -0.7487 -0.0410
vn 0.6420 -0.7622 -0.0822
vn 0.6049 -0.7920 -0.0822
vn 0.5837 -0.8027 -0.1227
vn 0.5446 -0.8297 -0.1227
vn 0.5222 -0.8374 -0.1618
vn 0.4820 -0.8611 -0.1618
vn 0.4589 -0.8660 -0.1987
vn 0.4185 -0.8862 -0.1987
vn 0.3953 -0.8885 -0.2329
vn 0.3553 -0.9053 -0.2329
vn 0.8167 -0.5556 0.1558
vn 0.7926 -0.5895 0.1558
vn 0.7827 -0.6109 0.1196
vn 0.7549 -0.6448 0.1196
vn 0.7424 -0.6650 0.0811
vn 0.7111 -0.6984 0.0811
vn 0.6961 -0.7168 0.0410
vn 0.6616 -0.7487 0.0410
vn 0.6442 -0.7649 -0.0000
vn 0.6071 -0.7947 -0.0000
vn 0.5875 -0.8082 -0.0412
vn 0.5484 -0.8352 -0.0412
vn 0.5272 -0.8458 -0.0817
vn 0.4870 -0.8696 -0.0817
vn 0.4646 -0.8773 -0.1207
vn 0.4242 -0.8975 -0.1207
vn 0.4010 -0.9024 -0.1577
vn 0.3612 -0.9191 -0.1577
vn 0.3379 -0.9214 -0.1921
vn 0.2993 -0.9346 -0.1921
vn 0.8049 -0.5470 0.2302
vn 0.7806 -0.5811 0.2302
vn 0.7731 -0.6030 0.1968
vn 0.7453 -0.6370 0.1968
vn 0.7353 -0.6584 0.1607
vn 0.7040 -0.6917 0.1607
vn 0.6916 -0.7119 0.1223
vn 0.6571 -0.7438 0.1223
vn 0.6420 -0.7622 0.0822
vn 0.6049 -0.7920 0.0822
vn 0.5875 -0.8082 0.0412
vn 0.5484 -0.8352 0.0412
vn 0.5289 -0.8487 -0.0000
vn 0.4887 -0.8724 -0.0000
vn 0.4674 -0.8831 -0.0405
vn 0.4271 -0.9033 -0.0405
vn 0.4046 -0.9110 -0.0796
vn 0.3649 -0.9277 -0.0796
vn 0.3417 -0.9326 -0.1166
vn 0.3033 -0.9457 -0.1166
vn 0.2799 -0.9481 -0.1512
vn 0.2433 -0.9581 -0.1512
vn 0.7891 -0.5356 0.3008
vn 0.7647 -0.5699 0.3008
vn 0.7594 -0.5917 0.2706
vn 0.7315 -0.6259 0.2705
vn 0.7240 -0.6477 0.2373
vn 0.6927 -0.6811 0.2373
vn 0.6828 -0.7024 0.2012
vn 0.6483 -0.7343 0.2012
vn 0.6358 -0.7545 0.1628
vn 0.5987 -0.7842 0.1628
vn 0.5837 -0.8027 0.1227
vn 0.5446 -0.8297 0.1227
vn 0.5272 -0.8458 0.0817
vn 0.4870 -0.8696 0.0817
vn 0.4675 -0.8831 0.0405
vn 0.4271 -0.9033 0.0405
vn 0.4058 -0.9140 -0.0000
vn 0.3661 -0.9306 -0.0000
vn 0.3436 -0.9383 -0.0391
vn 0.3053 -0.9515 -0.0391
vn 0.2820 -0.9564 -0.0763
vn 0.2457 -0.9663 -0.0763
vn 0.2222 -0.9687 -0.1111
vn 0.1883 -0.9758 -0.1111
vn 0.7701 -0.5219 0.3668
vn 0.7456 -0.5564 0.3668
vn 0.7422 -0.5776 0.3398
vn 0.7143 -0.6118 0.3398
vn 0.7090 -0.6336 0.3097
vn 0.6777 -0.6670 0.3097
vn 0.6702 -0.6888 0.2764
vn 0.6357 -0.7207 0.2764
vn 0.6258 -0.7420 0.2403
vn 0.5887 -0.7718 0.2403
vn 0.5762 -0.7920 0.2019
vn 0.5372 -0.8189 0.2019
vn 0.5222 -0.8374 0.1618
vn 0.4820 -0.8611 0.1618
vn 0.4646 -0.8773 0.1207
vn 0.4242 -0.8975 0.1207
vn 0.4046 -0.9110 0.0796
vn 0.3649 -0.9277 0.0796
vn 0.3436 -0.9383 0.0391
vn 0.3053 -0.9515 0.0391
vn 0.2828 -0.9592 -0.0000
vn 0.2465 -0.9691 -0.0000
vn 0.2232 -0.9741 -0.0372
vn 0.1895 -0.9812 -0.0372
vn 0.1659 -0.9835 -0.0722
vn 0.1350 -0.9882 -0.0722
vn 0.7487 -0.5065 0.4277
vn 0.7241 -0.5411 0.4277
vn 0.7223 -0.5613 0.4040
vn 0.6944 -0.5955 0.4040
vn 0.6910 -0.6167 0.3771
vn 0.6597 -0.6501 0.3771
vn 0.6544 -0.6719 0.3468
vn 0.6201 -0.7037 0.3468
vn 0.6126 -0.7256 0.3134
vn 0.5756 -0.7553 0.3134
vn 0.5656 -0.7767 0.2773
vn 0.5267 -0.8036 0.2773
vn 0.5141 -0.8238 0.2388
vn 0.4740 -0.8475 0.2388
vn 0.4589 -0.8660 0.1987
vn 0.4185 -0.8862 0.1987
vn 0.4010 -0.9024 0.1577
vn 0.3612 -0.9191 0.1577
vn 0.3417 -0.9326 0.1166
vn 0.3033 -0.9457 0.1166
vn 0.2820 -0.9564 0.0763
vn 0.2457 -0.9663 0.0763
vn 0.2232 -0.9741 0.0372
vn 0.1895 -0.9812 0.0372
vn 0.1662 -0.9861 -0.0000
vn 0.1354 -0.9908 -0.0000
vn 0.1117 -0.9931 -0.0351
vn 0.0840 -0.9959 -0.0351
vn 0.7255 -0.4900 0.4833
vn 0.7009 -0.5246 0.4833
vn 0.7004 -0.5434 0.4628
vn 0.6725 -0.5776 0.4627
vn 0.6707 -0.5978 0.4390
vn 0.6396 -0.6310 0.4390
vn 0.6362 -0.6524 0.4119
vn 0.6020 -0.6841 0.4119
vn 0.5967 -0.7060 0.3814
vn 0.5599 -0.7356 0.3814
vn 0.5523 -0.7576 0.3479
vn 0.5135 -0.7844 0.3479
vn 0.5035 -0.8059 0.3115
vn 0.4634 -0.8296 0.3115
vn 0.4509 -0.8498 0.2730
vn 0.4103 -0.8701 0.2730
vn 0.3953 -0.8885 0.2329
vn 0.3553 -0.9053 0.2329
vn 0.3379 -0.9214 0.1921
vn 0.2993 -0.9346 0.1921
vn 0.2799 -0.9481 0.1512
vn 0.2433 -0.9581 0.1512
vn 0.2222 -0.9687 0.1111
vn 0.1883 -0.9758 0.1111
vn 0.1659 -0.9835 0.0722
vn 0.1350 -0.9882 0.0722
vn 0.1117 -0.9931 0.0351
vn 0.0840 -0.9959 0.0351
vn 0.0603 -0.9982 -0.0000
vn 0.0357 -0.9994 -0.0000
vn -0.2522 -0.4728 0.8443
vn -0.2430 -0.5246 0.8159
vn -0.2323 -0.5776 0.7826
vn -0.2199 -0.6310 0.7439
vn -0.2057 -0.6841 0.6998
vn -0.1897 -0.7356 0.6504
vn -0.1722 -0.7844 0.5958
vn -0.1531 -0.8296 0.5370
vn -0.1328 -0.8701 0.4746
vn -0.1117 -0.9053 0.4099
vn -0.0902 -0.9346 0.3440
vn -0.0687 -0.9581 0.2781
vn -0.0475 -0.9758 0.2134
vn -0.0270 -0.9882 0.1507
vn -0.0074 -0.9959 0.0907
vn -0.2355 -0.4900 0.8393
vn -0.1948 -0.4877 0.8510
vn -0.2237 -0.5434 0.8091
vn -0.1830 -0.5411 0.8208
vn -0.1754 -0.5065 0.8442
vn -0.1329 -0.5017 0.8548
vn -0.2102 -0.5978 0.7736
vn -0.1697 -0.5955 0.7852
vn -0.1610 -0.5613 0.8118
vn -0.1184 -0.5564 0.8225
vn -0.1109 -0.5219 0.8458
vn -0.0670 -0.5142 0.8550
vn -0.1951 -0.6524 0.7323
vn -0.1547 -0.6501 0.7440
vn -0.1451 -0.6167 0.7737
vn -0.1025 -0.6118 0.7843
vn -0.0938 -0.5776 0.8109
vn -0.0498 -0.5699 0.8202
vn -0.0422 -0.5356 0.8434
vn 0.0025 -0.5250 0.8511
vn -0.1784 -0.7060 0.6854
vn -0.1382 -0.7037 0.6969
vn -0.1276 -0.6719 0.7296
vn -0.0851 -0.6670 0.7402
vn -0.0754 -0.6336 0.7700
vn -0.0313 -0.6259 0.7793
vn -0.0226 -0.5917 0.8059
vn 0.0223 -0.5811 0.8135
vn 0.0298 -0.5470 0.8366
vn 0.0747 -0.5336 0.8425
vn -0.1602 -0.7576 0.6328
vn -0.1202 -0.7553 0.6443
vn -0.1088 -0.7256 0.6794
vn -0.0664 -0.7207 0.6900
vn -0.0558 -0.6888 0.7228
vn -0.0116 -0.6811 0.7321
vn -0.0019 -0.6477 0.7619
vn 0.0431 -0.6370 0.7696
vn 0.0517 -0.6030 0.7961
vn 0.0968 -0.5895 0.8020
vn 0.1042 -0.5556 0.8249
vn 0.1485 -0.5395 0.8288
vn -0.1407 -0.8059 0.5751
vn -0.1009 -0.8036 0.5866
vn -0.0889 -0.7767 0.6236
vn -0.0466 -0.7718 0.6342
vn -0.0351 -0.7420 0.6694
vn 0.0090 -0.7343 0.6787
vn 0.0196 -0.7024 0.7115
vn 0.0647 -0.6917 0.7192
vn 0.0744 -0.6584 0.7490
vn 0.1196 -0.6448 0.7549
vn 0.1281 -0.6109 0.7813
vn 0.1725 -0.5947 0.7852
vn 0.1799 -0.5609 0.8081
vn 0.2227 -0.5425 0.8100
vn -0.1203 -0.8498 0.5131
vn -0.0806 -0.8475 0.5246
vn -0.0682 -0.8238 0.5628
vn -0.0260 -0.8189 0.5733
vn -0.0139 -0.7920 0.6104
vn 0.0302 -0.7842 0.6197
vn 0.0416 -0.7545 0.6550
vn 0.0867 -0.7438 0.6627
vn 0.0974 -0.7119 0.6955
vn 0.1426 -0.6984 0.7014
vn 0.1522 -0.6650 0.7311
vn 0.1967 -0.6488 0.7351
vn 0.2052 -0.6149 0.7614
vn 0.2480 -0.5965 0.7633
vn 0.2554 -0.5628 0.7862
vn 0.2960 -0.5425 0.7862
vn -0.0994 -0.8885 0.4479
vn -0.0596 -0.8862 0.4594
vn -0.0471 -0.8660 0.4979
vn -0.0049 -0.8611 0.5084
vn 0.0075 -0.8374 0.5466
vn 0.0516 -0.8297 0.5559
vn 0.0636 -0.8027 0.5930
vn 0.1087 -0.7920 0.6007
vn 0.1202 -0.7622 0.6360
vn 0.1654 -0.7487 0.6419
vn 0.1761 -0.7168 0.6747
vn 0.2205 -0.7006 0.6786
vn 0.2302 -0.6673 0.7083
vn 0.2730 -0.6489 0.7103
vn 0.2815 -0.6149 0.7366
vn 0.3220 -0.5947 0.7366
vn 0.3294 -0.5610 0.7595
vn 0.3671 -0.5395 0.7578
vn -0.0783 -0.9214 0.3808
vn -0.0384 -0.9191 0.3922
vn -0.0260 -0.9024 0.4301
vn 0.0163 -0.8975 0.4407
vn 0.0287 -0.8773 0.4791
vn 0.0728 -0.8696 0.4884
vn 0.0852 -0.8458 0.5266
vn 0.1303 -0.8352 0.5343
vn 0.1424 -0.8082 0.5714
vn 0.1876 -0.7947 0.5773
vn 0.1991 -0.7649 0.6126
vn 0.2435 -0.7487 0.6166
vn 0.2541 -0.7168 0.6493
vn 0.2969 -0.6984 0.6513
vn 0.3066 -0.6650 0.6810
vn 0.3470 -0.6448 0.6810
vn 0.3556 -0.6109 0.7074
vn 0.3931 -0.5895 0.7057
vn 0.4005 -0.5556 0.7286
vn 0.4348 -0.5336 0.7254
vn -0.0574 -0.9481 0.3129
vn -0.0172 -0.9457 0.3245
vn -0.0054 -0.9326 0.3610
vn 0.0371 -0.9277 0.3716
vn 0.0493 -0.9110 0.4094
vn 0.0935 -0.9033 0.4187
vn 0.1059 -0.8831 0.4571
vn 0.1510 -0.8724 0.4648
vn 0.1634 -0.8487 0.5030
vn 0.2087 -0.8352 0.5089
vn 0.2207 -0.8082 0.5460
vn 0.2651 -0.7920 0.5499
vn 0.2766 -0.7622 0.5852
vn 0.3194 -0.7438 0.5871
vn 0.3300 -0.7119 0.6199
vn 0.3704 -0.6917 0.6199
vn 0.3801 -0.6584 0.6497
vn 0.4175 -0.6370 0.6480
vn 0.4261 -0.6030 0.6744
vn 0.4601 -0.5811 0.6713
vn 0.4676 -0.5470 0.6943
vn 0.4982 -0.5250 0.6900
vn -0.0370 -0.9687 0.2456
vn 0.0034 -0.9663 0.2573
vn 0.0146 -0.9564 0.2918
vn 0.0571 -0.9515 0.3024
vn 0.0690 -0.9383 0.3389
vn 0.1131 -0.9306 0.3482
vn 0.1254 -0.9140 0.3859
vn 0.1705 -0.9033 0.3937
vn 0.1830 -0.8831 0.4321
vn 0.2282 -0.8696 0.4379
vn 0.2406 -0.8458 0.4761
vn 0.2850 -0.8297 0.4800
vn 0.2971 -0.8027 0.5172
vn 0.3399 -0.7842 0.5191
vn 0.3513 -0.7545 0.5544
vn 0.3917 -0.7343 0.5544
vn 0.4024 -0.7024 0.5872
vn 0.4397 -0.6811 0.5855
vn 0.4494 -0.6477 0.6153
vn 0.4834 -0.6259 0.6121
vn 0.4920 -0.5917 0.6386
vn 0.5224 -0.5699 0.6343
vn 0.5299 -0.5356 0.6575
vn 0.5568 -0.5142 0.6524
vn -0.0174 -0.9835 0.1801
vn 0.0232 -0.9812 0.1917
vn 0.0336 -0.9741 0.2238
vn 0.0762 -0.9691 0.2345
vn 0.0874 -0.9592 0.2689
vn 0.1315 -0.9515 0.2783
vn 0.1434 -0.9383 0.3147
vn 0.1884 -0.9277 0.3224
vn 0.2007 -0.9110 0.3602
vn 0.2459 -0.8975 0.3661
vn 0.2584 -0.8773 0.4045
vn 0.3028 -0.8611 0.4084
vn 0.3152 -0.8374 0.4466
vn 0.3580 -0.8189 0.4485
vn 0.3701 -0.7920 0.4857
vn 0.4105 -0.7718 0.4857
vn 0.4219 -0.7420 0.5209
vn 0.4593 -0.7207 0.5192
vn 0.4700 -0.6888 0.5520
vn 0.5039 -0.6670 0.5488
vn 0.5136 -0.6336 0.5786
vn 0.5439 -0.6118 0.5743
vn 0.5526 -0.5776 0.6009
vn 0.5792 -0.5564 0.5958
vn 0.5868 -0.5219 0.6191
vn 0.6100 -0.5017 0.6134
vn 0.0012 -0.9931 0.1171
vn 0.0418 -0.9908 0.1288
vn 0.0514 -0.9861 0.1581
vn 0.0940 -0.9812 0.1687
vn 0.1044 -0.9741 0.2008
vn 0.1485 -0.9663 0.2101
vn 0.1597 -0.9564 0.2447
vn 0.2047 -0.9457 0.2524
vn 0.2165 -0.9326 0.2889
vn 0.2616 -0.9191 0.2948
vn 0.2739 -0.9024 0.3327
vn 0.3183 -0.8862 0.3366
vn 0.3307 -0.8660 0.3751
vn 0.3736 -0.8475 0.3770
vn 0.3860 -0.8238 0.4152
vn 0.4264 -0.8036 0.4152
vn 0.4385 -0.7767 0.4523
vn 0.4760 -0.7553 0.4505
vn 0.4874 -0.7256 0.4857
vn 0.5215 -0.7037 0.4825
vn 0.5321 -0.6719 0.5152
vn 0.5625 -0.6501 0.5109
vn 0.5722 -0.6167 0.5406
vn 0.5988 -0.5955 0.5355
vn 0.6075 -0.5613 0.5621
vn 0.6305 -0.5411 0.5565
vn 0.6381 -0.5065 0.5798
vn 0.6578 -0.4877 0.5740
vn 0.0186 -0.9982 0.0573
vn 0.0593 -0.9959 0.0690
vn 0.0679 -0.9931 0.0954
vn 0.1104 -0.9882 0.1060
vn 0.1199 -0.9835 0.1355
vn 0.1638 -0.9758 0.1447
vn 0.1743 -0.9687 0.1770
vn 0.2190 -0.9581 0.1847
vn 0.2303 -0.9481 0.2194
vn 0.2752 -0.9346 0.2253
vn 0.2871 -0.9214 0.2620
vn 0.3313 -0.9053 0.2659
vn 0.3437 -0.8885 0.3040
vn 0.3865 -0.8701 0.3059
vn 0.3990 -0.8498 0.3444
vn 0.4395 -0.8296 0.3444
vn 0.4519 -0.8059 0.3826
vn 0.4895 -0.7844 0.3809
vn 0.5015 -0.7576 0.4178
vn 0.5358 -0.7356 0.4146
vn 0.5472 -0.7060 0.4496
vn 0.5778 -0.6841 0.4453
vn 0.5883 -0.6524 0.4778
vn 0.6151 -0.6310 0.4726
vn 0.6248 -0.5978 0.5022
vn 0.6479 -0.5776 0.4966
vn 0.6566 -0.5434 0.5231
vn 0.6762 -0.5246 0.5173
vn 0.6838 -0.4900 0.5406
vn 0.7003 -0.4728 0.5348
vt 0.181819 0.000000
vt 0.187501 0.009841
vt 0.176137 0.009841
vt 0.272728 0.157461
vt 0.278410 0.147620
vt 0.284092 0.157461
vt 0.909091 0.000000
vt 0.914773 0.009841
vt 0.903409 0.009841
vt 0.727273 0.000000
vt 0.732955 0.009841
vt 0.721591 0.009841
vt 0.545455 0.000000
vt 0.551137 0.009841
vt 0.539773 0.009841
vt 0.278410 0.167302
vt 0.090910 0.157461
vt 0.102274 0.157461
vt 0.096592 0.167302
vt 0.818182 0.157461
vt 0.829546 0.157461
vt 0.823864 0.167302
vt 0.636364 0.157461
vt 0.647728 0.157461
vt 0.642046 0.167302
vt 0.454546 0.157461
vt 0.465910 0.157461
vt 0.460228 0.167302
vt 0.267046 0.167302
vt 0.085228 0.167302
vt 0.812500 0.167302
vt 0.630682 0.167302
vt 0.448864 0.167302
vt 0.181819 0.314921
vt 0.193183 0.314921
vt 0.187501 0.324762
vt 0.000000 0.314921
vt 0.011364 0.314921
vt 0.005682 0.324762
vt 0.727273 0.314921
vt 0.738637 0.314921
vt 0.732955 0.324762
vt 0.545455 0.314921
vt 0.556819 0.314921
vt 0.551137 0.324762
vt 0.363637 0.314921
vt 0.375001 0.314921
vt 0.369319 0.324762
vt 0.448864 0.462541
vt 0.460228 0.462541
vt 0.454546 0.472382
vt 0.443182 0.452699
vt 0.454546 0.452699
vt 0.437501 0.442858
vt 0.448864 0.442858
vt 0.431819 0.433017
vt 0.443182 0.433017
vt 0.426137 0.423175
vt 0.437501 0.423176
vt 0.420455 0.413334
vt 0.431819 0.413334
vt 0.414773 0.403493
vt 0.426137 0.403493
vt 0.409092 0.393652
vt 0.420455 0.393652
vt 0.403410 0.383810
vt 0.414773 0.383810
vt 0.397728 0.373969
vt 0.409092 0.373969
vt 0.392046 0.364128
vt 0.403410 0.364128
vt 0.386364 0.354286
vt 0.397728 0.354286
vt 0.380682 0.344445
vt 0.392046 0.344445
vt 0.375001 0.334604
vt 0.386364 0.334604
vt 0.380682 0.324762
vt 0.465910 0.452699
vt 0.460228 0.442858
vt 0.471591 0.442858
vt 0.454546 0.433017
vt 0.465910 0.433017
vt 0.477273 0.433017
vt 0.448864 0.423175
vt 0.460228 0.423175
vt 0.471591 0.423175
vt 0.482955 0.423175
vt 0.443182 0.413334
vt 0.454546 0.413334
vt 0.465910 0.413334
vt 0.477273 0.413334
vt 0.488637 0.413334
vt 0.437501 0.403493
vt 0.448864 0.403493
vt 0.460228 0.403493
vt 0.471591 0.403493
vt 0.482955 0.403493
vt 0.494319 0.403493
vt 0.431819 0.393652
vt 0.443182 0.393652
vt 0.454546 0.393652
vt 0.465910 0.393652
vt 0.477273 0.393652
vt 0.488637 0.393652
vt 0.500000 0.393652
vt 0.426137 0.383810
vt 0.437501 0.383810
vt 0.448864 0.383810
vt 0.460228 0.383810
vt 0.471591 0.383810
vt 0.482955 0.383810
vt 0.494319 0.383810
vt 0.505682 0.383810
vt 0.420455 0.373969
vt 0.431819 0.373969
vt 0.443182 0.373969
vt 0.454546 0.373969
vt 0.465910 0.373969
vt 0.477273 0.373969
vt 0.488637 0.373969
vt 0.500000 0.373969
vt 0.511364 0.373969
vt 0.414773 0.364128
vt 0.426137 0.364128
vt 0.437501 0.364128
vt 0.448864 0.364128
vt 0.460228 0.364128
vt 0.471591 0.364128
vt 0.482955 0.364128
vt 0.494319 0.364128
vt 0.505682 0.364128
vt 0.517046 0.364128
vt 0.409092 0.354286
vt 0.420455 0.354286
vt 0.431819 0.354286
vt 0.443182 0.354286
vt 0.454546 0.354286
vt 0.465910 0.354286
vt 0.477273 0.354286
vt 0.488637 0.354286
vt 0.500000 0.354286
vt 0.511364 0.354286
vt 0.522728 0.354286
vt 0.403410 0.344445
vt 0.414773 0.344445
vt 0.426137 0.344445
vt 0.437501 0.344445
vt 0.448864 0.344445
vt 0.460228 0.344445
vt 0.471591 0.344445
vt 0.482955 0.344445
vt 0.494319 0.344445
vt 0.505682 0.344445
vt 0.517046 0.344445
vt 0.528410 0.344445
vt 0.397728 0.334604
vt 0.409092 0.334604
vt 0.420455 0.334604
vt 0.431819 0.334604
vt 0.443182 0.334604
vt 0.454546 0.334604
vt 0.465910 0.334604
vt 0.477273 0.334604
vt 0.488637 0.334604
vt 0.500000 0.334604
vt 0.511364 0.334604
vt 0.522728 0.334604
vt 0.534091 0.334604
vt 0.392046 0.324762
vt 0.403410 0.324762
vt 0.414773 0.324762
vt 0.426137 0.324762
vt 0.437501 0.324762
vt 0.448864 0.324762
vt 0.460228 0.324762
vt 0.471591 0.324762
vt 0.482955 0.324762
vt 0.494319 0.324762
vt 0.505682 0.324762
vt 0.517046 0.324762
vt 0.528410 0.324762
vt 0.539773 0.324762
vt 0.386364 0.314921
vt 0.397728 0.314921
vt 0.409092 0.314921
vt 0.420455 0.314921
vt 0.431819 0.314921
vt 0.443182 0.314921
vt 0.454546 0.314921
vt 0.465910 0.314921
vt 0.477273 0.314921
vt 0.488637 0.314921
vt 0.500000 0.314921
vt 0.511364 0.314921
vt 0.522728 0.314921
vt 0.534091 0.314921
vt 0.630682 0.462541
vt 0.642046 0.462541
vt 0.636364 0.472382
vt 0.625000 0.452699
vt 0.636364 0.452699
vt 0.619318 0.442858
vt 0.630682 0.442858
vt 0.613637 0.433017
vt 0.625000 0.433017
vt 0.607955 0.423175
vt 0.619318 0.423175
vt 0.602273 0.413334
vt 0.613637 0.413334
vt 0.596591 0.403493
vt 0.607955 0.403493
vt 0.590909 0.393652
vt 0.602273 0.393652
vt 0.585228 0.383810
vt 0.596591 0.383810
vt 0.579546 0.373969
vt 0.590909 0.373969
vt 0.573864 0.364128
vt 0.585228 0.364128
vt 0.568182 0.354286
vt 0.579546 0.354286
vt 0.562500 0.344445
vt 0.573864 0.344445
vt 0.556819 0.334604
vt 0.568182 0.334604
vt 0.562500 0.324762
vt 0.647728 0.452699
vt 0.642046 0.442858
vt 0.653409 0.442858
vt 0.636364 0.433017
vt 0.647728 0.433017
vt 0.659091 0.433017
vt 0.630682 0.423175
vt 0.642046 0.423175
vt 0.653409 0.423175
vt 0.664773 0.423175
vt 0.625000 0.413334
vt 0.636364 0.413334
vt 0.647728 0.413334
vt 0.659091 0.413334
vt 0.670455 0.413334
vt 0.619318 0.403493
vt 0.630682 0.403493
vt 0.642046 0.403493
vt 0.653409 0.403493
vt 0.664773 0.403493
vt 0.676137 0.403493
vt 0.613637 0.393652
vt 0.625000 0.393652
vt 0.636364 0.393652
vt 0.647728 0.393652
vt 0.659091 0.393652
vt 0.670455 0.393652
vt 0.681818 0.393652
vt 0.607955 0.383810
vt 0.619319 0.383810
vt 0.630682 0.383810
vt 0.642046 0.383810
vt 0.653409 0.383810
vt 0.664773 0.383810
vt 0.676137 0.383810
vt 0.687500 0.383810
vt 0.602273 0.373969
vt 0.613637 0.373969
vt 0.625000 0.373969
vt 0.636364 0.373969
vt 0.647728 0.373969
vt 0.659091 0.373969
vt 0.670455 0.373969
vt 0.681818 0.373969
vt 0.693182 0.373969
vt 0.596591 0.364128
vt 0.607955 0.364128
vt 0.619318 0.364128
vt 0.630682 0.364128
vt 0.642046 0.364128
vt 0.653409 0.364128
vt 0.664773 0.364128
vt 0.676137 0.364128
vt 0.687500 0.364128
vt 0.698864 0.364128
vt 0.590909 0.354286
vt 0.602273 0.354286
vt 0.613637 0.354286
vt 0.625000 0.354286
vt 0.636364 0.354286
vt 0.647728 0.354286
vt 0.659091 0.354286
vt 0.670455 0.354286
vt 0.681818 0.354286
vt 0.693182 0.354286
vt 0.704546 0.354286
vt 0.585228 0.344445
vt 0.596591 0.344445
vt 0.607955 0.344445
vt 0.619319 0.344445
vt 0.630682 0.344445
vt 0.642046 0.344445
vt 0.653409 0.344445
vt 0.664773 0.344445
vt 0.676137 0.344445
vt 0.687500 0.344445
vt 0.698864 0.344445
vt 0.710228 0.344445
vt 0.579546 0.334604
vt 0.590909 0.334604
vt 0.602273 0.334604
vt 0.613637 0.334604
vt 0.625000 0.334604
vt 0.636364 0.334604
vt 0.647728 0.334604
vt 0.659091 0.334604
vt 0.670455 0.334604
vt 0.681818 0.334604
vt 0.693182 0.334604
vt 0.704546 0.334604
vt 0.715909 0.334604
vt 0.573864 0.324762
vt 0.585228 0.324762
vt 0.596591 0.324762
vt 0.607955 0.324762
vt 0.619319 0.324762
vt 0.630682 0.324762
vt 0.642046 0.324762
vt 0.653409 0.324762
vt 0.664773 0.324762
vt 0.676137 0.324762
vt 0.687500 0.324762
vt 0.698864 0.324762
vt 0.710227 0.324762
vt 0.721591 0.324762
vt 0.568182 0.314921
vt 0.579546 0.314921
vt 0.590909 0.314921
vt 0.602273 0.314921
vt 0.613637 0.314921
vt 0.625000 0.314921
vt 0.636364 0.314921
vt 0.647728 0.314921
vt 0.659091 0.314921
vt 0.670455 0.314921
vt 0.681818 0.314921
vt 0.693182 0.314921
vt 0.704546 0.314921
vt 0.715909 0.314921
vt 0.812500 0.462541
vt 0.823864 0.462541
vt 0.818182 0.472382
vt 0.806818 0.452699
vt 0.818182 0.452699
vt 0.801137 0.442858
vt 0.812500 0.442858
vt 0.795455 0.433017
vt 0.806818 0.433017
vt 0.789773 0.423175
vt 0.801137 0.423175
vt 0.784091 0.413334
vt 0.795455 0.413334
vt 0.778409 0.403493
vt 0.789773 0.403493
vt 0.772727 0.393652
vt 0.784091 0.393652
vt 0.767046 0.383810
vt 0.778409 0.383810
vt 0.761364 0.373969
vt 0.772727 0.373969
vt 0.755682 0.364128
vt 0.767046 0.364128
vt 0.750000 0.354286
vt 0.761364 0.354286
vt 0.744318 0.344445
vt 0.755682 0.344445
vt 0.738637 0.334604
vt 0.750000 0.334604
vt 0.744318 0.324762
vt 0.829546 0.452699
vt 0.823864 0.442858
vt 0.835227 0.442858
vt 0.818182 0.433017
vt 0.829546 0.433017
vt 0.840909 0.433017
vt 0.812500 0.423175
vt 0.823864 0.423175
vt 0.835227 0.423175
vt 0.846591 0.423175
vt 0.806818 0.413334
vt 0.818182 0.413334
vt 0.829546 0.413334
vt 0.840909 0.413334
vt 0.852273 0.413334
vt 0.801137 0.403493
vt 0.812500 0.403493
vt 0.823864 0.403493
vt 0.835227 0.403493
vt 0.846591 0.403493
vt 0.857955 0.403493
vt 0.795455 0.393652
vt 0.806818 0.393652
vt 0.818182 0.393652
vt 0.829546 0.393652
vt 0.840909 0.393652
vt 0.852273 0.393652
vt 0.863636 0.393652
vt 0.789773 0.383810
vt 0.801137 0.383810
vt 0.812500 0.383810
vt 0.823864 0.383810
vt 0.835227 0.383810
vt 0.846591 0.383810
vt 0.857955 0.383810
vt 0.869318 0.383810
vt 0.784091 0.373969
vt 0.795455 0.373969
vt 0.806818 0.373969
vt 0.818182 0.373969
vt 0.829546 0.373969
vt 0.840909 0.373969
vt 0.852273 0.373969
vt 0.863636 0.373969
vt 0.875000 0.373969
vt 0.778409 0.364128
vt 0.789773 0.364128
vt 0.801136 0.364128
vt 0.812500 0.364128
vt 0.823864 0.364128
vt 0.835227 0.364128
vt 0.846591 0.364128
vt 0.857955 0.364128
vt 0.869318 0.364128
vt 0.880682 0.364128
vt 0.772727 0.354286
vt 0.784091 0.354286
vt 0.795455 0.354286
vt 0.806818 0.354286
vt 0.818182 0.354286
vt 0.829546 0.354286
vt 0.840909 0.354286
vt 0.852273 0.354286
vt 0.863636 0.354286
vt 0.875000 0.354286
vt 0.886364 0.354286
vt 0.767046 0.344445
vt 0.778409 0.344445
vt 0.789773 0.344445
vt 0.801136 0.344445
vt 0.812500 0.344445
vt 0.823864 0.344445
vt 0.835227 0.344445
vt 0.846591 0.344445
vt 0.857955 0.344445
vt 0.869318 0.344445
vt 0.880682 0.344445
vt 0.892046 0.344445
vt 0.761364 0.334604
vt 0.772727 0.334604
vt 0.784091 0.334604
vt 0.795455 0.334604
vt 0.806818 0.334604
vt 0.818182 0.334604
vt 0.829546 0.334604
vt 0.840909 0.334604
vt 0.852273 0.334604
vt 0.863636 0.334604
vt 0.875000 0.334604
vt 0.886364 0.334604
vt 0.897727 0.334604
vt 0.755682 0.324762
vt 0.767046 0.324762
vt 0.778409 0.324762
vt 0.789773 0.324762
vt 0.801137 0.324762
vt 0.812500 0.324762
vt 0.823864 0.324762
vt 0.835227 0.324762
vt 0.846591 0.324762
vt 0.857955 0.324762
vt 0.869318 0.324762
vt 0.880682 0.324762
vt 0.892045 0.324762
vt 0.903409 0.324762
vt 0.750000 0.314921
vt 0.761364 0.314921
vt 0.772727 0.314921
vt 0.784091 0.314921
vt 0.795455 0.314921
vt 0.806818 0.314921
vt 0.818182 0.314921
vt 0.829546 0.314921
vt 0.840909 0.314921
vt 0.852273 0.314921
vt 0.863636 0.314921
vt 0.875000 0.314921
vt 0.886364 0.314921
vt 0.897727 0.314921
vt 0.909091 0.314921
vt 0.085228 0.462541
vt 0.096592 0.462541
vt 0.090910 0.472382
vt 0.079546 0.452699
vt 0.090910 0.452699
vt 0.073864 0.442858
vt 0.085228 0.442858
vt 0.068183 0.433017
vt 0.079546 0.433017
vt 0.062501 0.423175
vt 0.073864 0.423175
vt 0.056819 0.413334
vt 0.068182 0.413334
vt 0.051137 0.403493
vt 0.062501 0.403493
vt 0.045455 0.393652
vt 0.056819 0.393652
vt 0.039773 0.383810
vt 0.051137 0.383810
vt 0.034091 0.373969
vt 0.045455 0.373969
vt 0.028409 0.364128
vt 0.039773 0.364128
vt 0.022728 0.354286
vt 0.034091 0.354286
vt 0.017046 0.344445
vt 0.028409 0.344445
vt 0.011364 0.334604
vt 0.022727 0.334604
vt 0.017046 0.324762
vt 0.102274 0.452699
vt 0.096592 0.442858
vt 0.107955 0.442858
vt 0.090910 0.433017
vt 0.102274 0.433017
vt 0.113637 0.433017
vt 0.085228 0.423175
vt 0.096592 0.423175
vt 0.107955 0.423175
vt 0.119319 0.423175
vt 0.079546 0.413334
vt 0.090910 0.413334
vt 0.102274 0.413334
vt 0.113637 0.413334
vt 0.125001 0.413334
vt 0.073864 0.403493
vt 0.085228 0.403493
vt 0.096592 0.403493
vt 0.107955 0.403493
vt 0.119319 0.403493
vt 0.130683 0.403493
vt 0.068182 0.393652
vt 0.079546 0.393652
vt 0.090910 0.393652
vt 0.102273 0.393652
vt 0.113637 0.393652
vt 0.125001 0.393652
vt 0.136365 0.393652
vt 0.062500 0.383810
vt 0.073864 0.383810
vt 0.085228 0.383810
vt 0.096592 0.383810
vt 0.107955 0.383810
vt 0.119319 0.383810
vt 0.130683 0.383810
vt 0.142046 0.383810
vt 0.056819 0.373969
vt 0.068182 0.373969
vt 0.079546 0.373969
vt 0.090910 0.373969
vt 0.102273 0.373969
vt 0.113637 0.373969
vt 0.125001 0.373969
vt 0.136364 0.373969
vt 0.147728 0.373969
vt 0.051137 0.364128
vt 0.062500 0.364128
vt 0.073864 0.364128
vt 0.085228 0.364128
vt 0.096592 0.364128
vt 0.107955 0.364128
vt 0.119319 0.364128
vt 0.130683 0.364128
vt 0.142046 0.364128
vt 0.153410 0.364128
vt 0.045455 0.354286
vt 0.056819 0.354286
vt 0.068182 0.354286
vt 0.079546 0.354286
vt 0.090910 0.354286
vt 0.102273 0.354286
vt 0.113637 0.354286
vt 0.125001 0.354286
vt 0.136364 0.354286
vt 0.147728 0.354286
vt 0.159092 0.354286
vt 0.039773 0.344445
vt 0.051137 0.344445
vt 0.062500 0.344445
vt 0.073864 0.344445
vt 0.085228 0.344445
vt 0.096591 0.344445
vt 0.107955 0.344445
vt 0.119319 0.344445
vt 0.130683 0.344445
vt 0.142046 0.344445
vt 0.153410 0.344445
vt 0.164774 0.344445
vt 0.034091 0.334604
vt 0.045455 0.334604
vt 0.056819 0.334604
vt 0.068182 0.334604
vt 0.079546 0.334604
vt 0.090910 0.334604
vt 0.102273 0.334604
vt 0.113637 0.334604
vt 0.125001 0.334604
vt 0.136364 0.334604
vt 0.147728 0.334604
vt 0.159092 0.334604
vt 0.170455 0.334604
vt 0.028409 0.324762
vt 0.039773 0.324762
vt 0.051137 0.324762
vt 0.062500 0.324762
vt 0.073864 0.324762
vt 0.085228 0.324762
vt 0.096591 0.324762
vt 0.107955 0.324762
vt 0.119319 0.324762
vt 0.130682 0.324762
vt 0.142046 0.324762
vt 0.153410 0.324762
vt 0.164773 0.324762
vt 0.176137 0.324762
vt 0.022727 0.314921
vt 0.034091 0.314921
vt 0.045455 0.314921
vt 0.056818 0.314921
vt 0.068182 0.314921
vt 0.079546 0.314921
vt 0.090910 0.314921
vt 0.102273 0.314921
vt 0.113637 0.314921
vt 0.125001 0.314921
vt 0.136364 0.314921
vt 0.147728 0.314921
vt 0.159092 0.314921
vt 0.170455 0.314921
vt 0.267046 0.462541
vt 0.278410 0.462541
vt 0.272728 0.472382
vt 0.261364 0.452699
vt 0.272728 0.452699
vt 0.255683 0.442858
vt 0.267046 0.442858
vt 0.250001 0.433017
vt 0.261364 0.433017
vt 0.244319 0.423175
vt 0.255683 0.423175
vt 0.238637 0.413334
vt 0.250001 0.413334
vt 0.232955 0.403493
vt 0.244319 0.403493
vt 0.227273 0.393652
vt 0.238637 0.393652
vt 0.221592 0.383810
vt 0.232955 0.383810
vt 0.215910 0.373969
vt 0.227273 0.373969
vt 0.210228 0.364128
vt 0.221592 0.364128
vt 0.204546 0.354286
vt 0.215910 0.354286
vt 0.198864 0.344445
vt 0.210228 0.344445
vt 0.193183 0.334604
vt 0.204546 0.334604
vt 0.198864 0.324762
vt 0.284092 0.452699
vt 0.278410 0.442858
vt 0.289773 0.442858
vt 0.272728 0.433017
vt 0.284092 0.433017
vt 0.295455 0.433017
vt 0.267046 0.423175
vt 0.278410 0.423175
vt 0.289773 0.423175
vt 0.301137 0.423175
vt 0.261364 0.413334
vt 0.272728 0.413334
vt 0.284092 0.413334
vt 0.295455 0.413334
vt 0.306819 0.413334
vt 0.255683 0.403493
vt 0.267046 0.403493
vt 0.278410 0.403493
vt 0.289773 0.403493
vt 0.301137 0.403493
vt 0.312501 0.403493
vt 0.250001 0.393652
vt 0.261364 0.393652
vt 0.272728 0.393652
vt 0.284092 0.393652
vt 0.295455 0.393652
vt 0.306819 0.393652
vt 0.318182 0.393652
vt 0.244319 0.383810
vt 0.255683 0.383810
vt 0.267046 0.383810
vt 0.278410 0.383810
vt 0.289773 0.383810
vt 0.301137 0.383810
vt 0.312501 0.383810
vt 0.323864 0.383810
vt 0.238637 0.373969
vt 0.250001 0.373969
vt 0.261364 0.373969
vt 0.272728 0.373969
vt 0.284092 0.373969
vt 0.295455 0.373969
vt 0.306819 0.373969
vt 0.318182 0.373969
vt 0.329546 0.373969
vt 0.232955 0.364128
vt 0.244319 0.364128
vt 0.255683 0.364128
vt 0.267046 0.364128
vt 0.278410 0.364128
vt 0.289773 0.364128
vt 0.301137 0.364128
vt 0.312501 0.364128
vt 0.323864 0.364128
vt 0.335228 0.364128
vt 0.227273 0.354286
vt 0.238637 0.354286
vt 0.250001 0.354286
vt 0.261364 0.354286
vt 0.272728 0.354286
vt 0.284092 0.354286
vt 0.295455 0.354286
vt 0.306819 0.354286
vt 0.318182 0.354286
vt 0.329546 0.354286
vt 0.340910 0.354286
vt 0.221592 0.344445
vt 0.232955 0.344445
vt 0.244319 0.344445
vt 0.255683 0.344445
vt 0.267046 0.344445
vt 0.278410 0.344445
vt 0.289773 0.344445
vt 0.301137 0.344445
vt 0.312501 0.344445
vt 0.323864 0.344445
vt 0.335228 0.344445
vt 0.346592 0.344445
vt 0.215910 0.334604
vt 0.227273 0.334604
vt 0.238637 0.334604
vt 0.250001 0.334604
vt 0.261364 0.334604
vt 0.272728 0.334604
vt 0.284092 0.334604
vt 0.295455 0.334604
vt 0.306819 0.334604
vt 0.318182 0.334604
vt 0.329546 0.334604
vt 0.340910 0.334604
vt 0.352273 0.334604
vt 0.210228 0.324762
vt 0.221592 0.324762
vt 0.232955 0.324762
vt 0.244319 0.324762
vt 0.255683 0.324762
vt 0.267046 0.324762
vt 0.278410 0.324762
vt 0.289773 0.324762
vt 0.301137 0.324762
vt 0.312501 0.324762
vt 0.323864 0.324762
vt 0.335228 0.324762
vt 0.346592 0.324762
vt 0.357955 0.324762
vt 0.204546 0.314921
vt 0.215910 0.314921
vt 0.227273 0.314921
vt 0.238637 0.314921
vt 0.250001 0.314921
vt 0.261364 0.314921
vt 0.272728 0.314921
vt 0.284092 0.314921
vt 0.295455 0.314921
vt 0.306819 0.314921
vt 0.318182 0.314921
vt 0.329546 0.314921
vt 0.340910 0.314921
vt 0.352273 0.314921
vt 0.369319 0.305080
vt 0.375001 0.295238
vt 0.380682 0.305080
vt 0.380682 0.285397
vt 0.386364 0.295238
vt 0.386364 0.275556
vt 0.392046 0.285397
vt 0.392046 0.265715
vt 0.397728 0.275556
vt 0.397728 0.255874
vt 0.403410 0.265715
vt 0.403410 0.246032
vt 0.409091 0.255874
vt 0.409091 0.236191
vt 0.414773 0.246032
vt 0.414773 0.226350
vt 0.420455 0.236191
vt 0.420455 0.216509
vt 0.426137 0.226350
vt 0.426137 0.206667
vt 0.431819 0.216509
vt 0.431819 0.196826
vt 0.437501 0.206667
vt 0.437501 0.186985
vt 0.443182 0.196826
vt 0.443182 0.177143
vt 0.448864 0.186985
vt 0.454546 0.177143
vt 0.392046 0.305080
vt 0.397728 0.295238
vt 0.403410 0.305080
vt 0.403410 0.285397
vt 0.409091 0.295238
vt 0.414773 0.305080
vt 0.409091 0.275556
vt 0.414773 0.285397
vt 0.420455 0.295238
vt 0.426137 0.305080
vt 0.414773 0.265715
vt 0.420455 0.275556
vt 0.426137 0.285397
vt 0.431819 0.295238
vt 0.437500 0.305080
vt 0.420455 0.255874
vt 0.426137 0.265715
vt 0.431819 0.275556
vt 0.437501 0.285397
vt 0.443182 0.295238
vt 0.448864 0.305080
vt 0.426137 0.246032
vt 0.431819 0.255874
vt 0.437501 0.265715
vt 0.443182 0.275556
vt 0.448864 0.285397
vt 0.454546 0.295238
vt 0.460228 0.305080
vt 0.431819 0.236191
vt 0.437501 0.246032
vt 0.443182 0.255874
vt 0.448864 0.265715
vt 0.454546 0.275556
vt 0.460228 0.285397
vt 0.465910 0.295238
vt 0.471591 0.305080
vt 0.437501 0.226350
vt 0.443182 0.236191
vt 0.448864 0.246032
vt 0.454546 0.255874
vt 0.460228 0.265715
vt 0.465910 0.275556
vt 0.471591 0.285397
vt 0.477273 0.295238
vt 0.482955 0.305080
vt 0.443182 0.216509
vt 0.448864 0.226350
vt 0.454546 0.236191
vt 0.460228 0.246032
vt 0.465910 0.255874
vt 0.471591 0.265715
vt 0.477273 0.275556
vt 0.482955 0.285397
vt 0.488637 0.295238
vt 0.494319 0.305080
vt 0.448864 0.206667
vt 0.454546 0.216509
vt 0.460228 0.226350
vt 0.465910 0.236191
vt 0.471591 0.246032
vt 0.477273 0.255874
vt 0.482955 0.265715
vt 0.488637 0.275556
vt 0.494319 0.285397
vt 0.500000 0.295238
vt 0.505682 0.305080
vt 0.454546 0.196826
vt 0.460228 0.206667
vt 0.465910 0.216509
vt 0.471591 0.226350
vt 0.477273 0.236191
vt 0.482955 0.246032
vt 0.488637 0.255874
vt 0.494319 0.265715
vt 0.500000 0.275556
vt 0.505682 0.285397
vt 0.511364 0.295238
vt 0.517046 0.305080
vt 0.460228 0.186985
vt 0.465910 0.196826
vt 0.471591 0.206667
vt 0.477273 0.216509
vt 0.482955 0.226350
vt 0.488637 0.236191
vt 0.494319 0.246032
vt 0.500000 0.255874
vt 0.505682 0.265715
vt 0.511364 0.275556
vt 0.517046 0.285397
vt 0.522728 0.295238
vt 0.528410 0.305080
vt 0.465910 0.177143
vt 0.471591 0.186985
vt 0.477273 0.196826
vt 0.482955 0.206667
vt 0.488637 0.216508
vt 0.494319 0.226350
vt 0.500000 0.236191
vt 0.505682 0.246032
vt 0.511364 0.255873
vt 0.517046 0.265715
vt 0.522728 0.275556
vt 0.528410 0.285397
vt 0.534091 0.295238
vt 0.539773 0.305080
vt 0.551137 0.305080
vt 0.556819 0.295238
vt 0.562500 0.305080
vt 0.562500 0.285397
vt 0.568182 0.295238
vt 0.568182 0.275556
vt 0.573864 0.285397
vt 0.573864 0.265715
vt 0.579546 0.275556
vt 0.579546 0.255874
vt 0.585228 0.265715
vt 0.585228 0.246032
vt 0.590909 0.255874
vt 0.590909 0.236191
vt 0.596591 0.246032
vt 0.596591 0.226350
vt 0.602273 0.236191
vt 0.602273 0.216509
vt 0.607955 0.226350
vt 0.607955 0.206667
vt 0.613637 0.216509
vt 0.613637 0.196826
vt 0.619318 0.206667
vt 0.619318 0.186985
vt 0.625000 0.196826
vt 0.625000 0.177143
vt 0.630682 0.186985
vt 0.636364 0.177143
vt 0.573864 0.305080
vt 0.579546 0.295238
vt 0.585228 0.305080
vt 0.585228 0.285397
vt 0.590909 0.295238
vt 0.596591 0.305080
vt 0.590909 0.275556
vt 0.596591 0.285397
vt 0.602273 0.295238
vt 0.607955 0.305080
vt 0.596591 0.265715
vt 0.602273 0.275556
vt 0.607955 0.285397
vt 0.613637 0.295238
vt 0.619318 0.305080
vt 0.602273 0.255874
vt 0.607955 0.265715
vt 0.613637 0.275556
vt 0.619318 0.285397
vt 0.625000 0.295238
vt 0.630682 0.305080
vt 0.607955 0.246032
vt 0.613637 0.255874
vt 0.619318 0.265715
vt 0.625000 0.275556
vt 0.630682 0.285397
vt 0.636364 0.295238
vt 0.642046 0.305080
vt 0.613637 0.236191
vt 0.619318 0.246032
vt 0.625000 0.255874
vt 0.630682 0.265715
vt 0.636364 0.275556
vt 0.642046 0.285397
vt 0.647727 0.295238
vt 0.653409 0.305080
vt 0.619318 0.226350
vt 0.625000 0.236191
vt 0.630682 0.246032
vt 0.636364 0.255874
vt 0.642046 0.265715
vt 0.647728 0.275556
vt 0.653409 0.285397
vt 0.659091 0.295238
vt 0.664773 0.305080
vt 0.625000 0.216509
vt 0.630682 0.226350
vt 0.636364 0.236191
vt 0.642046 0.246032
vt 0.647727 0.255874
vt 0.653409 0.265715
vt 0.659091 0.275556
vt 0.664773 0.285397
vt 0.670455 0.295238
vt 0.676137 0.305080
vt 0.630682 0.206667
vt 0.636364 0.216509
vt 0.642046 0.226350
vt 0.647727 0.236191
vt 0.653409 0.246032
vt 0.659091 0.255874
vt 0.664773 0.265715
vt 0.670455 0.275556
vt 0.676137 0.285397
vt 0.681818 0.295238
vt 0.687500 0.305080
vt 0.636364 0.196826
vt 0.642046 0.206667
vt 0.647728 0.216509
vt 0.653409 0.226350
vt 0.659091 0.236191
vt 0.664773 0.246032
vt 0.670455 0.255874
vt 0.676137 0.265715
vt 0.681819 0.275556
vt 0.687500 0.285397
vt 0.693182 0.295238
vt 0.698864 0.305080
vt 0.642046 0.186985
vt 0.647728 0.196826
vt 0.653409 0.206667
vt 0.659091 0.216509
vt 0.664773 0.226350
vt 0.670455 0.236191
vt 0.676137 0.246032
vt 0.681818 0.255874
vt 0.687500 0.265715
vt 0.693182 0.275556
vt 0.698864 0.285397
vt 0.704546 0.295238
vt 0.710228 0.305080
vt 0.647728 0.177143
vt 0.653409 0.186985
vt 0.659091 0.196826
vt 0.664773 0.206667
vt 0.670455 0.216508
vt 0.676137 0.226350
vt 0.681818 0.236191
vt 0.687500 0.246032
vt 0.693182 0.255873
vt 0.698864 0.265715
vt 0.704546 0.275556
vt 0.710228 0.285397
vt 0.715909 0.295238
vt 0.721591 0.305080
vt 0.732955 0.305080
vt 0.738637 0.295238
vt 0.744318 0.305080
vt 0.744318 0.285397
vt 0.750000 0.295238
vt 0.750000 0.275556
vt 0.755682 0.285397
vt 0.755682 0.265715
vt 0.761364 0.275556
vt 0.761364 0.255874
vt 0.767046 0.265715
vt 0.767046 0.246032
vt 0.772727 0.255874
vt 0.772727 0.236191
vt 0.778409 0.246032
vt 0.778409 0.226350
vt 0.784091 0.236191
vt 0.784091 0.216509
vt 0.789773 0.226350
vt 0.789773 0.206667
vt 0.795455 0.216509
vt 0.795455 0.196826
vt 0.801137 0.206667
vt 0.801137 0.186985
vt 0.806818 0.196826
vt 0.806818 0.177143
vt 0.812500 0.186985
vt 0.818182 0.177143
vt 0.755682 0.305080
vt 0.761364 0.295238
vt 0.767046 0.305080
vt 0.767046 0.285397
vt 0.772727 0.295238
vt 0.778409 0.305080
vt 0.772727 0.275556
vt 0.778409 0.285397
vt 0.784091 0.295238
vt 0.789773 0.305080
vt 0.778409 0.265715
vt 0.784091 0.275556
vt 0.789773 0.285397
vt 0.795455 0.295238
vt 0.801137 0.305080
vt 0.784091 0.255874
vt 0.789773 0.265715
vt 0.795455 0.275556
vt 0.801137 0.285397
vt 0.806818 0.295238
vt 0.812500 0.305080
vt 0.789773 0.246032
vt 0.795455 0.255874
vt 0.801137 0.265715
vt 0.806818 0.275556
vt 0.812500 0.285397
vt 0.818182 0.295238
vt 0.823864 0.305080
vt 0.795455 0.236191
vt 0.801136 0.246032
vt 0.806818 0.255874
vt 0.812500 0.265715
vt 0.818182 0.275556
vt 0.823864 0.285397
vt 0.829545 0.295238
vt 0.835227 0.305080
vt 0.801137 0.226350
vt 0.806818 0.236191
vt 0.812500 0.246032
vt 0.818182 0.255874
vt 0.823864 0.265715
vt 0.829546 0.275556
vt 0.835227 0.285397
vt 0.840909 0.295238
vt 0.846591 0.305080
vt 0.806818 0.216509
vt 0.812500 0.226350
vt 0.818182 0.236191
vt 0.823864 0.246032
vt 0.829546 0.255874
vt 0.835227 0.265715
vt 0.840909 0.275556
vt 0.846591 0.285397
vt 0.852273 0.295238
vt 0.857955 0.305080
vt 0.812500 0.206667
vt 0.818182 0.216509
vt 0.823864 0.226350
vt 0.829546 0.236191
vt 0.835227 0.246032
vt 0.840909 0.255874
vt 0.846591 0.265715
vt 0.852273 0.275556
vt 0.857955 0.285397
vt 0.863636 0.295238
vt 0.869318 0.305080
vt 0.818182 0.196826
vt 0.823864 0.206667
vt 0.829546 0.216509
vt 0.835227 0.226350
vt 0.840909 0.236191
vt 0.846591 0.246032
vt 0.852273 0.255874
vt 0.857955 0.265715
vt 0.863636 0.275556
vt 0.869318 0.285397
vt 0.875000 0.295238
vt 0.880682 0.305080
vt 0.823864 0.186985
vt 0.829546 0.196826
vt 0.835227 0.206667
vt 0.840909 0.216509
vt 0.846591 0.226350
vt 0.852273 0.236191
vt 0.857955 0.246032
vt 0.863636 0.255874
vt 0.869318 0.265715
vt 0.875000 0.275556
vt 0.880682 0.285397
vt 0.886364 0.295238
vt 0.892046 0.305080
vt 0.829546 0.177143
vt 0.835227 0.186985
vt 0.840909 0.196826
vt 0.846591 0.206667
vt 0.852273 0.216508
vt 0.857955 0.226350
vt 0.863636 0.236191
vt 0.869318 0.246032
vt 0.875000 0.255873
vt 0.880682 0.265715
vt 0.886364 0.275556
vt 0.892046 0.285397
vt 0.897727 0.295238
vt 0.903409 0.305080
vt 0.005682 0.305080
vt 0.011364 0.295238
vt 0.017046 0.305080
vt 0.017046 0.285397
vt 0.022727 0.295238
vt 0.022728 0.275556
vt 0.028409 0.285397
vt 0.028409 0.265715
vt 0.034091 0.275556
vt 0.034091 0.255874
vt 0.039773 0.265715
vt 0.039773 0.246032
vt 0.045455 0.255874
vt 0.045455 0.236191
vt 0.051137 0.246032
vt 0.051137 0.226350
vt 0.056819 0.236191
vt 0.056819 0.216509
vt 0.062501 0.226350
vt 0.062501 0.206667
vt 0.068182 0.216509
vt 0.068183 0.196826
vt 0.073864 0.206667
vt 0.073864 0.186985
vt 0.079546 0.196826
vt 0.079546 0.177143
vt 0.085228 0.186985
vt 0.090910 0.177143
vt 0.028409 0.305080
vt 0.034091 0.295238
vt 0.039773 0.305080
vt 0.039773 0.285397
vt 0.045455 0.295238
vt 0.051137 0.305080
vt 0.045455 0.275556
vt 0.051137 0.285397
vt 0.056819 0.295238
vt 0.062500 0.305080
vt 0.051137 0.265715
vt 0.056819 0.275556
vt 0.062500 0.285397
vt 0.068182 0.295238
vt 0.073864 0.305080
vt 0.056819 0.255874
vt 0.062500 0.265715
vt 0.068182 0.275556
vt 0.073864 0.285397
vt 0.079546 0.295238
vt 0.085228 0.305080
vt 0.062501 0.246032
vt 0.068182 0.255874
vt 0.073864 0.265715
vt 0.079546 0.275556
vt 0.085228 0.285397
vt 0.090910 0.295238
vt 0.096591 0.305080
vt 0.068182 0.236191
vt 0.073864 0.246032
vt 0.079546 0.255874
vt 0.085228 0.265715
vt 0.090910 0.275556
vt 0.096591 0.285397
vt 0.102273 0.295238
vt 0.107955 0.305080
vt 0.073864 0.226350
vt 0.079546 0.236191
vt 0.085228 0.246032
vt 0.090910 0.255874
vt 0.096592 0.265715
vt 0.102273 0.275556
vt 0.107955 0.285397
vt 0.113637 0.295238
vt 0.119319 0.305080
vt 0.079546 0.216509
vt 0.085228 0.226350
vt 0.090910 0.236191
vt 0.096592 0.246032
vt 0.102273 0.255874
vt 0.107955 0.265715
vt 0.113637 0.275556
vt 0.119319 0.285397
vt 0.125001 0.295238
vt 0.130682 0.305080
vt 0.085228 0.206667
vt 0.090910 0.216509
vt 0.096592 0.226350
vt 0.102273 0.236191
vt 0.107955 0.246032
vt 0.113637 0.255874
vt 0.119319 0.265715
vt 0.125001 0.275556
vt 0.130683 0.285397
vt 0.136364 0.295238
vt 0.142046 0.305080
vt 0.090910 0.196826
vt 0.096592 0.206667
vt 0.102274 0.216509
vt 0.107955 0.226350
vt 0.113637 0.236191
vt 0.119319 0.246032
vt 0.125001 0.255874
vt 0.130683 0.265715
vt 0.136364 0.275556
vt 0.142046 0.285397
vt 0.147728 0.295238
vt 0.153410 0.305080
vt 0.096592 0.186985
vt 0.102274 0.196826
vt 0.107955 0.206667
vt 0.113637 0.216509
vt 0.119319 0.226350
vt 0.125001 0.236191
vt 0.130683 0.246032
vt 0.136364 0.255874
vt 0.142046 0.265715
vt 0.147728 0.275556
vt 0.153410 0.285397
vt 0.159092 0.295238
vt 0.164773 0.305080
vt 0.102274 0.177143
vt 0.107955 0.186985
vt 0.113637 0.196826
vt 0.119319 0.206667
vt 0.125001 0.216508
vt 0.130683 0.226350
vt 0.136365 0.236191
vt 0.142046 0.246032
vt 0.147728 0.255873
vt 0.153410 0.265715
vt 0.159092 0.275556
vt 0.164774 0.285397
vt 0.170455 0.295238
vt 0.176137 0.305080
vt 0.187501 0.305080
vt 0.193183 0.295238
vt 0.198864 0.305080
vt 0.198864 0.285397
vt 0.204546 0.295238
vt 0.204546 0.275556
vt 0.210228 0.285397
vt 0.210228 0.265715
vt 0.215910 0.275556
vt 0.215910 0.255874
vt 0.221592 0.265715
vt 0.221592 0.246032
vt 0.227273 0.255874
vt 0.227273 0.236191
vt 0.232955 0.246032
vt 0.232955 0.226350
vt 0.238637 0.236191
vt 0.238637 0.216509
vt 0.244319 0.226350
vt 0.244319 0.206667
vt 0.250001 0.216509
vt 0.250001 0.196826
vt 0.255683 0.206667
vt 0.255683 0.186985
vt 0.261364 0.196826
vt 0.261364 0.177143
vt 0.267046 0.186985
vt 0.272728 0.177143
vt 0.210228 0.305080
vt 0.215910 0.295238
vt 0.221592 0.305080
vt 0.221592 0.285397
vt 0.227273 0.295238
vt 0.232955 0.305080
vt 0.227273 0.275556
vt 0.232955 0.285397
vt 0.238637 0.295238
vt 0.244319 0.305080
vt 0.232955 0.265715
vt 0.238637 0.275556
vt 0.244319 0.285397
vt 0.250001 0.295238
vt 0.255683 0.305080
vt 0.238637 0.255874
vt 0.244319 0.265715
vt 0.250001 0.275556
vt 0.255683 0.285397
vt 0.261364 0.295238
vt 0.267046 0.305080
vt 0.244319 0.246032
vt 0.250001 0.255874
vt 0.255683 0.265715
vt 0.261364 0.275556
vt 0.267046 0.285397
vt 0.272728 0.295238
vt 0.278410 0.305080
vt 0.250001 0.236191
vt 0.255683 0.246032
vt 0.261364 0.255874
vt 0.267046 0.265715
vt 0.272728 0.275556
vt 0.278410 0.285397
vt 0.284092 0.295238
vt 0.289773 0.305080
vt 0.255683 0.226350
vt 0.261364 0.236191
vt 0.267046 0.246032
vt 0.272728 0.255874
vt 0.278410 0.265715
vt 0.284092 0.275556
vt 0.289773 0.285397
vt 0.295455 0.295238
vt 0.301137 0.305080
vt 0.261364 0.216509
vt 0.267046 0.226350
vt 0.272728 0.236191
vt 0.278410 0.246032
vt 0.284092 0.255874
vt 0.289773 0.265715
vt 0.295455 0.275556
vt 0.301137 0.285397
vt 0.306819 0.295238
vt 0.312501 0.305080
vt 0.267046 0.206667
vt 0.272728 0.216509
vt 0.278410 0.226350
vt 0.284092 0.236191
vt 0.289773 0.246032
vt 0.295455 0.255874
vt 0.301137 0.265715
vt 0.306819 0.275556
vt 0.312501 0.285397
vt 0.318182 0.295238
vt 0.323864 0.305080
vt 0.272728 0.196826
vt 0.278410 0.206667
vt 0.284092 0.216509
vt 0.289773 0.226350
vt 0.295455 0.236191
vt 0.301137 0.246032
vt 0.306819 0.255874
vt 0.312501 0.265715
vt 0.318183 0.275556
vt 0.323864 0.285397
vt 0.329546 0.295238
vt 0.335228 0.305080
vt 0.278410 0.186985
vt 0.284092 0.196826
vt 0.289773 0.206667
vt 0.295455 0.216509
vt 0.301137 0.226350
vt 0.306819 0.236191
vt 0.312501 0.246032
vt 0.318182 0.255874
vt 0.323864 0.265715
vt 0.329546 0.275556
vt 0.335228 0.285397
vt 0.340910 0.295238
vt 0.346592 0.305080
vt 0.284092 0.177143
vt 0.289773 0.186985
vt 0.295455 0.196826
vt 0.301137 0.206667
vt 0.306819 0.216508
vt 0.312501 0.226350
vt 0.318182 0.236191
vt 0.323864 0.246032
vt 0.329546 0.255873
vt 0.335228 0.265715
vt 0.340910 0.275556
vt 0.346592 0.285397
vt 0.352273 0.295238
vt 0.357955 0.305080
vt 0.545455 0.295238
vt 0.539773 0.285397
vt 0.534091 0.275556
vt 0.528410 0.265715
vt 0.522728 0.255873
vt 0.517046 0.246032
vt 0.511364 0.236191
vt 0.505682 0.226350
vt 0.500000 0.216508
vt 0.494319 0.206667
vt 0.488637 0.196826
vt 0.482955 0.186985
vt 0.477273 0.177143
vt 0.471591 0.167302
vt 0.551137 0.285397
vt 0.545455 0.275556
vt 0.556819 0.275556
vt 0.539773 0.265715
vt 0.551137 0.265715
vt 0.562500 0.265715
vt 0.534091 0.255874
vt 0.545455 0.255874
vt 0.556819 0.255874
vt 0.568182 0.255874
vt 0.528409 0.246032
vt 0.539773 0.246032
vt 0.551137 0.246032
vt 0.562500 0.246032
vt 0.573864 0.246032
vt 0.522728 0.236191
vt 0.534091 0.236191
vt 0.545455 0.236191
vt 0.556819 0.236191
vt 0.568182 0.236191
vt 0.579546 0.236191
vt 0.517046 0.226350
vt 0.528410 0.226350
vt 0.539773 0.226350
vt 0.551137 0.226350
vt 0.562500 0.226350
vt 0.573864 0.226350
vt 0.585228 0.226350
vt 0.511364 0.216509
vt 0.522728 0.216509
vt 0.534091 0.216509
vt 0.545455 0.216509
vt 0.556819 0.216509
vt 0.568182 0.216509
vt 0.579546 0.216509
vt 0.590909 0.216509
vt 0.505682 0.206667
vt 0.517046 0.206667
vt 0.528409 0.206667
vt 0.539773 0.206667
vt 0.551137 0.206667
vt 0.562500 0.206667
vt 0.573864 0.206667
vt 0.585228 0.206667
vt 0.596591 0.206667
vt 0.500001 0.196826
vt 0.511364 0.196826
vt 0.522728 0.196826
vt 0.534091 0.196826
vt 0.545455 0.196826
vt 0.556819 0.196826
vt 0.568182 0.196826
vt 0.579546 0.196826
vt 0.590909 0.196826
vt 0.602273 0.196826
vt 0.494319 0.186985
vt 0.505682 0.186985
vt 0.517046 0.186985
vt 0.528409 0.186985
vt 0.539773 0.186985
vt 0.551137 0.186985
vt 0.562500 0.186985
vt 0.573864 0.186985
vt 0.585228 0.186985
vt 0.596591 0.186985
vt 0.607955 0.186985
vt 0.488637 0.177143
vt 0.500000 0.177143
vt 0.511364 0.177143
vt 0.522728 0.177143
vt 0.534091 0.177143
vt 0.545455 0.177143
vt 0.556819 0.177143
vt 0.568182 0.177143
vt 0.579546 0.177143
vt 0.590909 0.177143
vt 0.602273 0.177143
vt 0.613637 0.177143
vt 0.482955 0.167302
vt 0.494319 0.167302
vt 0.505682 0.167302
vt 0.517046 0.167302
vt 0.528410 0.167302
vt 0.539773 0.167302
vt 0.551137 0.167302
vt 0.562500 0.167302
vt 0.573864 0.167302
vt 0.585228 0.167302
vt 0.596591 0.167302
vt 0.607955 0.167302
vt 0.619319 0.167302
vt 0.477273 0.157461
vt 0.488637 0.157461
vt 0.500000 0.157461
vt 0.511364 0.157461
vt 0.522728 0.157461
vt 0.534091 0.157461
vt 0.545455 0.157461
vt 0.556819 0.157461
vt 0.568182 0.157461
vt 0.579546 0.157461
vt 0.590909 0.157461
vt 0.602273 0.157461
vt 0.613637 0.157461
vt 0.625000 0.157461
vt 0.727273 0.295238
vt 0.721591 0.285397
vt 0.715909 0.275556
vt 0.710228 0.265715
vt 0.704546 0.255873
vt 0.698864 0.246032
vt 0.693182 0.236191
vt 0.687500 0.226350
vt 0.681818 0.216508
vt 0.676137 0.206667
vt 0.670455 0.196826
vt 0.664773 0.186985
vt 0.659091 0.177143
vt 0.653409 0.167302
vt 0.732955 0.285397
vt 0.727273 0.275556
vt 0.738637 0.275556
vt 0.721591 0.265715
vt 0.732955 0.265715
vt 0.744318 0.265715
vt 0.715909 0.255874
vt 0.727273 0.255874
vt 0.738637 0.255874
vt 0.750000 0.255874
vt 0.710227 0.246032
vt 0.721591 0.246032
vt 0.732955 0.246032
vt 0.744318 0.246032
vt 0.755682 0.246032
vt 0.704546 0.236191
vt 0.715909 0.236191
vt 0.727273 0.236191
vt 0.738637 0.236191
vt 0.750000 0.236191
vt 0.761364 0.236191
vt 0.698864 0.226350
vt 0.710228 0.226350
vt 0.721591 0.226350
vt 0.732955 0.226350
vt 0.744318 0.226350
vt 0.755682 0.226350
vt 0.767046 0.226350
vt 0.693182 0.216509
vt 0.704546 0.216509
vt 0.715909 0.216509
vt 0.727273 0.216509
vt 0.738637 0.216509
vt 0.750000 0.216509
vt 0.761364 0.216509
vt 0.772727 0.216509
vt 0.687500 0.206667
vt 0.698864 0.206667
vt 0.710228 0.206667
vt 0.721591 0.206667
vt 0.732955 0.206667
vt 0.744318 0.206667
vt 0.755682 0.206667
vt 0.767046 0.206667
vt 0.778409 0.206667
vt 0.681818 0.196826
vt 0.693182 0.196826
vt 0.704546 0.196826
vt 0.715909 0.196826
vt 0.727273 0.196826
vt 0.738637 0.196826
vt 0.750000 0.196826
vt 0.761364 0.196826
vt 0.772727 0.196826
vt 0.784091 0.196826
vt 0.676137 0.186985
vt 0.687500 0.186985
vt 0.698864 0.186985
vt 0.710228 0.186985
vt 0.721591 0.186985
vt 0.732955 0.186985
vt 0.744318 0.186985
vt 0.755682 0.186985
vt 0.767046 0.186985
vt 0.778409 0.186985
vt 0.789773 0.186985
vt 0.670455 0.177143
vt 0.681819 0.177143
vt 0.693182 0.177143
vt 0.704546 0.177143
vt 0.715909 0.177143
vt 0.727273 0.177143
vt 0.738637 0.177143
vt 0.750000 0.177143
vt 0.761364 0.177143
vt 0.772728 0.177143
vt 0.784091 0.177143
vt 0.795455 0.177143
vt 0.664773 0.167302
vt 0.676137 0.167302
vt 0.687500 0.167302
vt 0.698864 0.167302
vt 0.710228 0.167302
vt 0.721591 0.167302
vt 0.732955 0.167302
vt 0.744318 0.167302
vt 0.755682 0.167302
vt 0.767046 0.167302
vt 0.778409 0.167302
vt 0.789773 0.167302
vt 0.801136 0.167302
vt 0.659091 0.157461
vt 0.670455 0.157461
vt 0.681818 0.157461
vt 0.693182 0.157461
vt 0.704546 0.157461
vt 0.715909 0.157461
vt 0.727273 0.157461
vt 0.738637 0.157461
vt 0.750000 0.157461
vt 0.761364 0.157461
vt 0.772727 0.157461
vt 0.784091 0.157461
vt 0.795455 0.157461
vt 0.806818 0.157461
vt 0.914773 0.305080
vt 0.909091 0.295238
vt 0.903409 0.285397
vt 0.897727 0.275556
vt 0.892046 0.265715
vt 0.886364 0.255873
vt 0.880682 0.246032
vt 0.875000 0.236191
vt 0.869318 0.226350
vt 0.863636 0.216508
vt 0.857955 0.206667
vt 0.852273 0.196826
vt 0.846591 0.186985
vt 0.840909 0.177143
vt 0.835227 0.167302
vt 0.920455 0.295238
vt 0.914773 0.285397
vt 0.926136 0.285397
vt 0.909091 0.275556
vt 0.920455 0.275556
vt 0.931818 0.275556
vt 0.903409 0.265715
vt 0.914773 0.265715
vt 0.926136 0.265715
vt 0.937500 0.265715
vt 0.897727 0.255874
vt 0.909091 0.255874
vt 0.920455 0.255874
vt 0.931818 0.255874
vt 0.943182 0.255874
vt 0.892045 0.246032
vt 0.903409 0.246032
vt 0.914773 0.246032
vt 0.926136 0.246032
vt 0.937500 0.246032
vt 0.948864 0.246032
vt 0.886364 0.236191
vt 0.897727 0.236191
vt 0.909091 0.236191
vt 0.920455 0.236191
vt 0.931818 0.236191
vt 0.943182 0.236191
vt 0.954545 0.236191
vt 0.880682 0.226350
vt 0.892046 0.226350
vt 0.903409 0.226350
vt 0.914773 0.226350
vt 0.926136 0.226350
vt 0.937500 0.226350
vt 0.948864 0.226350
vt 0.960227 0.226350
vt 0.875000 0.216509
vt 0.886364 0.216509
vt 0.897727 0.216509
vt 0.909091 0.216509
vt 0.920455 0.216509
vt 0.931818 0.216509
vt 0.943182 0.216509
vt 0.954545 0.216509
vt 0.965909 0.216509
vt 0.869318 0.206667
vt 0.880682 0.206667
vt 0.892046 0.206667
vt 0.903409 0.206667
vt 0.914773 0.206667
vt 0.926136 0.206667
vt 0.937500 0.206667
vt 0.948864 0.206667
vt 0.960227 0.206667
vt 0.971591 0.206667
vt 0.863636 0.196826
vt 0.875000 0.196826
vt 0.886364 0.196826
vt 0.897727 0.196826
vt 0.909091 0.196826
vt 0.920455 0.196826
vt 0.931818 0.196826
vt 0.943182 0.196826
vt 0.954545 0.196826
vt 0.965909 0.196826
vt 0.977273 0.196826
vt 0.857955 0.186985
vt 0.869318 0.186985
vt 0.880682 0.186985
vt 0.892046 0.186985
vt 0.903409 0.186985
vt 0.914773 0.186985
vt 0.926136 0.186985
vt 0.937500 0.186985
vt 0.948864 0.186985
vt 0.960227 0.186985
vt 0.971591 0.186985
vt 0.982955 0.186985
vt 0.852273 0.177143
vt 0.863636 0.177143
vt 0.875000 0.177143
vt 0.886364 0.177143
vt 0.897727 0.177143
vt 0.909091 0.177143
vt 0.920455 0.177143
vt 0.931818 0.177143
vt 0.943182 0.177143
vt 0.954545 0.177143
vt 0.965909 0.177143
vt 0.977273 0.177143
vt 0.988636 0.177143
vt 0.846591 0.167302
vt 0.857955 0.167302
vt 0.869318 0.167302
vt 0.880682 0.167302
vt 0.892046 0.167302
vt 0.903409 0.167302
vt 0.914773 0.167302
vt 0.926136 0.167302
vt 0.937500 0.167302
vt 0.948864 0.167302
vt 0.960227 0.167302
vt 0.971591 0.167302
vt 0.982955 0.167302
vt 0.994318 0.167302
vt 0.840909 0.157461
vt 0.852273 0.157461
vt 0.863636 0.157461
vt 0.875000 0.157461
vt 0.886364 0.157461
vt 0.897727 0.157461
vt 0.909091 0.157461
vt 0.920455 0.157461
vt 0.931818 0.157461
vt 0.943182 0.157461
vt 0.954545 0.157461
vt 0.965909 0.157461
vt 0.977273 0.157461
vt 0.988636 0.157461
vt 1.000000 0.157461
vt 0.181819 0.295238
vt 0.176137 0.285397
vt 0.170455 0.275556
vt 0.164774 0.265715
vt 0.159092 0.255873
vt 0.153410 0.246032
vt 0.147728 0.236191
vt 0.142046 0.226350
vt 0.136365 0.216508
vt 0.130683 0.206667
vt 0.125001 0.196826
vt 0.119319 0.186985
vt 0.113637 0.177143
vt 0.107955 0.167302
vt 0.187501 0.285397
vt 0.181819 0.275556
vt 0.193183 0.275556
vt 0.176137 0.265715
vt 0.187501 0.265715
vt 0.198864 0.265715
vt 0.170455 0.255874
vt 0.181819 0.255874
vt 0.193183 0.255874
vt 0.204546 0.255874
vt 0.164774 0.246032
vt 0.176137 0.246032
vt 0.187501 0.246032
vt 0.198864 0.246032
vt 0.210228 0.246032
vt 0.159092 0.236191
vt 0.170455 0.236191
vt 0.181819 0.236191
vt 0.193183 0.236191
vt 0.204546 0.236191
vt 0.215910 0.236191
vt 0.153410 0.226350
vt 0.164774 0.226350
vt 0.176137 0.226350
vt 0.187501 0.226350
vt 0.198864 0.226350
vt 0.210228 0.226350
vt 0.221592 0.226350
vt 0.147728 0.216509
vt 0.159092 0.216509
vt 0.170455 0.216509
vt 0.181819 0.216509
vt 0.193183 0.216509
vt 0.204546 0.216509
vt 0.215910 0.216509
vt 0.227273 0.216509
vt 0.142046 0.206667
vt 0.153410 0.206667
vt 0.164774 0.206667
vt 0.176137 0.206667
vt 0.187501 0.206667
vt 0.198864 0.206667
vt 0.210228 0.206667
vt 0.221592 0.206667
vt 0.232955 0.206667
vt 0.136364 0.196826
vt 0.147728 0.196826
vt 0.159092 0.196826
vt 0.170455 0.196826
vt 0.181819 0.196826
vt 0.193183 0.196826
vt 0.204546 0.196826
vt 0.215910 0.196826
vt 0.227273 0.196826
vt 0.238637 0.196826
vt 0.130683 0.186985
vt 0.142046 0.186985
vt 0.153410 0.186985
vt 0.164774 0.186985
vt 0.176137 0.186985
vt 0.187501 0.186985
vt 0.198864 0.186985
vt 0.210228 0.186985
vt 0.221592 0.186985
vt 0.232955 0.186985
vt 0.244319 0.186985
vt 0.125001 0.177143
vt 0.136364 0.177143
vt 0.147728 0.177143
vt 0.159092 0.177143
vt 0.170455 0.177143
vt 0.181819 0.177143
vt 0.193183 0.177143
vt 0.204546 0.177143
vt 0.215910 0.177143
vt 0.227273 0.177143
vt 0.238637 0.177143
vt 0.250001 0.177143
vt 0.119319 0.167302
vt 0.130683 0.167302
vt 0.142046 0.167302
vt 0.153410 0.167302
vt 0.164774 0.167302
vt 0.176137 0.167302
vt 0.187501 0.167302
vt 0.198864 0.167302
vt 0.210228 0.167302
vt 0.221592 0.167302
vt 0.232955 0.167302
vt 0.244319 0.167302
vt 0.255683 0.167302
vt 0.113637 0.157461
vt 0.125001 0.157461
vt 0.136364 0.157461
vt 0.147728 0.157461
vt 0.159092 0.157461
vt 0.170455 0.157461
vt 0.181819 0.157461
vt 0.193183 0.157461
vt 0.204546 0.157461
vt 0.215910 0.157461
vt 0.227273 0.157461
vt 0.238637 0.157461
vt 0.250001 0.157461
vt 0.261364 0.157461
vt 0.363637 0.295238
vt 0.357955 0.285397
vt 0.352273 0.275556
vt 0.346592 0.265715
vt 0.340910 0.255873
vt 0.335228 0.246032
vt 0.329546 0.236191
vt 0.323864 0.226350
vt 0.318182 0.216508
vt 0.312501 0.206667
vt 0.306819 0.196826
vt 0.301137 0.186985
vt 0.295455 0.177143
vt 0.289773 0.167302
vt 0.369319 0.285397
vt 0.363637 0.275556
vt 0.375001 0.275556
vt 0.357955 0.265715
vt 0.369319 0.265715
vt 0.380682 0.265715
vt 0.352273 0.255874
vt 0.363637 0.255874
vt 0.375001 0.255874
vt 0.386364 0.255874
vt 0.346592 0.246032
vt 0.357955 0.246032
vt 0.369319 0.246032
vt 0.380682 0.246032
vt 0.392046 0.246032
vt 0.340910 0.236191
vt 0.352273 0.236191
vt 0.363637 0.236191
vt 0.375001 0.236191
vt 0.386364 0.236191
vt 0.397728 0.236191
vt 0.335228 0.226350
vt 0.346592 0.226350
vt 0.357955 0.226350
vt 0.369319 0.226350
vt 0.380682 0.226350
vt 0.392046 0.226350
vt 0.403410 0.226350
vt 0.329546 0.216509
vt 0.340910 0.216509
vt 0.352273 0.216509
vt 0.363637 0.216509
vt 0.375001 0.216509
vt 0.386364 0.216509
vt 0.397728 0.216509
vt 0.409091 0.216509
vt 0.323864 0.206667
vt 0.335228 0.206667
vt 0.346592 0.206667
vt 0.357955 0.206667
vt 0.369319 0.206667
vt 0.380682 0.206667
vt 0.392046 0.206667
vt 0.403410 0.206667
vt 0.414773 0.206667
vt 0.318182 0.196826
vt 0.329546 0.196826
vt 0.340910 0.196826
vt 0.352273 0.196826
vt 0.363637 0.196826
vt 0.375001 0.196826
vt 0.386364 0.196826
vt 0.397728 0.196826
vt 0.409091 0.196826
vt 0.420455 0.196826
vt 0.312501 0.186985
vt 0.323864 0.186985
vt 0.335228 0.186985
vt 0.346592 0.186985
vt 0.357955 0.186985
vt 0.369319 0.186985
vt 0.380682 0.186985
vt 0.392046 0.186985
vt 0.403410 0.186985
vt 0.414773 0.186985
vt 0.426137 0.186985
vt 0.306819 0.177143
vt 0.318182 0.177143
vt 0.329546 0.177143
vt 0.340910 0.177143
vt 0.352273 0.177143
vt 0.363637 0.177143
vt 0.375001 0.177143
vt 0.386364 0.177143
vt 0.397728 0.177143
vt 0.409092 0.177143
vt 0.420455 0.177143
vt 0.431819 0.177143
vt 0.301137 0.167302
vt 0.312501 0.167302
vt 0.323864 0.167302
vt 0.335228 0.167302
vt 0.346592 0.167302
vt 0.357955 0.167302
vt 0.369319 0.167302
vt 0.380682 0.167302
vt 0.392046 0.167302
vt 0.403410 0.167302
vt 0.414773 0.167302
vt 0.426137 0.167302
vt 0.437501 0.167302
vt 0.295455 0.157461
vt 0.306819 0.157461
vt 0.318182 0.157461
vt 0.329546 0.157461
vt 0.340910 0.157461
vt 0.352273 0.157461
vt 0.363637 0.157461
vt 0.375001 0.157461
vt 0.386364 0.157461
vt 0.397728 0.157461
vt 0.409091 0.157461
vt 0.420455 0.157461
vt 0.431819 0.157461
vt 0.443182 0.157461
vt 0.460228 0.147620
vt 0.465910 0.137778
vt 0.471591 0.147620
vt 0.471591 0.127937
vt 0.477273 0.137778
vt 0.477273 0.118096
vt 0.482955 0.127937
vt 0.482955 0.108254
vt 0.488637 0.118096
vt 0.488637 0.098413
vt 0.494319 0.108254
vt 0.494319 0.088572
vt 0.500000 0.098413
vt 0.500000 0.078731
vt 0.505682 0.088572
vt 0.505682 0.068889
vt 0.511364 0.078731
vt 0.511364 0.059048
vt 0.517046 0.068889
vt 0.517046 0.049207
vt 0.522728 0.059048
vt 0.522728 0.039365
vt 0.528410 0.049207
vt 0.528410 0.029524
vt 0.534091 0.039365
vt 0.534091 0.019683
vt 0.539773 0.029524
vt 0.545455 0.019683
vt 0.482955 0.147620
vt 0.488637 0.137778
vt 0.494319 0.147620
vt 0.494319 0.127937
vt 0.500000 0.137778
vt 0.505682 0.147620
vt 0.500000 0.118096
vt 0.505682 0.127937
vt 0.511364 0.137778
vt 0.517046 0.147620
vt 0.505682 0.108254
vt 0.511364 0.118096
vt 0.517046 0.127937
vt 0.522728 0.137778
vt 0.528410 0.147620
vt 0.511364 0.098413
vt 0.517046 0.108254
vt 0.522728 0.118096
vt 0.528410 0.127937
vt 0.534091 0.137778
vt 0.539773 0.147620
vt 0.517046 0.088572
vt 0.522728 0.098413
vt 0.528410 0.108254
vt 0.534091 0.118096
vt 0.539773 0.127937
vt 0.545455 0.137778
vt 0.551137 0.147620
vt 0.522728 0.078731
vt 0.528410 0.088572
vt 0.534091 0.098413
vt 0.539773 0.108254
vt 0.545455 0.118096
vt 0.551137 0.127937
vt 0.556819 0.137778
vt 0.562500 0.147620
vt 0.528410 0.068889
vt 0.534091 0.078731
vt 0.539773 0.088572
vt 0.545455 0.098413
vt 0.551137 0.108254
vt 0.556819 0.118096
vt 0.562500 0.127937
vt 0.568182 0.137778
vt 0.573864 0.147620
vt 0.534091 0.059048
vt 0.539773 0.068889
vt 0.545455 0.078731
vt 0.551137 0.088572
vt 0.556819 0.098413
vt 0.562500 0.108254
vt 0.568182 0.118096
vt 0.573864 0.127937
vt 0.579546 0.137778
vt 0.585228 0.147620
vt 0.539773 0.049207
vt 0.545455 0.059048
vt 0.551137 0.068889
vt 0.556819 0.078731
vt 0.562500 0.088572
vt 0.568182 0.098413
vt 0.573864 0.108254
vt 0.579546 0.118096
vt 0.585228 0.127937
vt 0.590909 0.137778
vt 0.596591 0.147620
vt 0.545455 0.039365
vt 0.551137 0.049207
vt 0.556819 0.059048
vt 0.562500 0.068889
vt 0.568182 0.078731
vt 0.573864 0.088572
vt 0.579546 0.098413
vt 0.585228 0.108254
vt 0.590909 0.118096
vt 0.596591 0.127937
vt 0.602273 0.137778
vt 0.607955 0.147620
vt 0.551137 0.029524
vt 0.556819 0.039365
vt 0.562500 0.049207
vt 0.568182 0.059048
vt 0.573864 0.068889
vt 0.579546 0.078731
vt 0.585228 0.088572
vt 0.590909 0.098413
vt 0.596591 0.108254
vt 0.602273 0.118096
vt 0.607955 0.127937
vt 0.613637 0.137778
vt 0.619318 0.147620
vt 0.556819 0.019683
vt 0.562500 0.029524
vt 0.568182 0.039365
vt 0.573864 0.049207
vt 0.579546 0.059048
vt 0.585228 0.068889
vt 0.590909 0.078731
vt 0.596591 0.088572
vt 0.602273 0.098413
vt 0.607955 0.108254
vt 0.613637 0.118096
vt 0.619318 0.127937
vt 0.625000 0.137778
vt 0.630682 0.147620
vt 0.642046 0.147620
vt 0.647728 0.137778
vt 0.653409 0.147620
vt 0.653409 0.127937
vt 0.659091 0.137778
vt 0.659091 0.118096
vt 0.664773 0.127937
vt 0.664773 0.108254
vt 0.670455 0.118096
vt 0.670455 0.098413
vt 0.676137 0.108254
vt 0.676137 0.088572
vt 0.681818 0.098413
vt 0.681818 0.078731
vt 0.687500 0.088572
vt 0.687500 0.068889
vt 0.693182 0.078731
vt 0.693182 0.059048
vt 0.698864 0.068889
vt 0.698864 0.049207
vt 0.704546 0.059048
vt 0.704546 0.039365
vt 0.710228 0.049207
vt 0.710228 0.029524
vt 0.715909 0.039365
vt 0.715909 0.019683
vt 0.721591 0.029524
vt 0.727273 0.019683
vt 0.664773 0.147620
vt 0.670455 0.137778
vt 0.676137 0.147620
vt 0.676137 0.127937
vt 0.681818 0.137778
vt 0.687500 0.147620
vt 0.681818 0.118096
vt 0.687500 0.127937
vt 0.693182 0.137778
vt 0.698864 0.147620
vt 0.687500 0.108254
vt 0.693182 0.118096
vt 0.698864 0.127937
vt 0.704546 0.137778
vt 0.710228 0.147620
vt 0.693182 0.098413
vt 0.698864 0.108254
vt 0.704546 0.118096
vt 0.710228 0.127937
vt 0.715909 0.137778
vt 0.721591 0.147620
vt 0.698864 0.088572
vt 0.704546 0.098413
vt 0.710227 0.108254
vt 0.715909 0.118096
vt 0.721591 0.127937
vt 0.727273 0.137778
vt 0.732955 0.147620
vt 0.704546 0.078731
vt 0.710227 0.088572
vt 0.715909 0.098413
vt 0.721591 0.108254
vt 0.727273 0.118096
vt 0.732955 0.127937
vt 0.738636 0.137778
vt 0.744318 0.147620
vt 0.710227 0.068889
vt 0.715909 0.078731
vt 0.721591 0.088572
vt 0.727273 0.098413
vt 0.732955 0.108254
vt 0.738637 0.118096
vt 0.744318 0.127937
vt 0.750000 0.137778
vt 0.755682 0.147620
vt 0.715909 0.059048
vt 0.721591 0.068889
vt 0.727273 0.078731
vt 0.732955 0.088572
vt 0.738637 0.098413
vt 0.744318 0.108254
vt 0.750000 0.118096
vt 0.755682 0.127937
vt 0.761364 0.137778
vt 0.767046 0.147620
vt 0.721591 0.049207
vt 0.727273 0.059048
vt 0.732955 0.068889
vt 0.738637 0.078731
vt 0.744318 0.088572
vt 0.750000 0.098413
vt 0.755682 0.108254
vt 0.761364 0.118096
vt 0.767046 0.127937
vt 0.772727 0.137778
vt 0.778409 0.147620
vt 0.727273 0.039365
vt 0.732955 0.049207
vt 0.738637 0.059048
vt 0.744318 0.068889
vt 0.750000 0.078731
vt 0.755682 0.088572
vt 0.761364 0.098413
vt 0.767046 0.108254
vt 0.772728 0.118096
vt 0.778409 0.127937
vt 0.784091 0.137778
vt 0.789773 0.147620
vt 0.732955 0.029524
vt 0.738637 0.039365
vt 0.744318 0.049207
vt 0.750000 0.059048
vt 0.755682 0.068889
vt 0.761364 0.078731
vt 0.767046 0.088572
vt 0.772728 0.098413
vt 0.778409 0.108254
vt 0.784091 0.118096
vt 0.789773 0.127937
vt 0.795455 0.137778
vt 0.801137 0.147620
vt 0.738637 0.019683
vt 0.744318 0.029524
vt 0.750000 0.039365
vt 0.755682 0.049207
vt 0.761364 0.059048
vt 0.767046 0.068889
vt 0.772727 0.078731
vt 0.778409 0.088572
vt 0.784091 0.098413
vt 0.789773 0.108254
vt 0.795455 0.118096
vt 0.801137 0.127937
vt 0.806818 0.137778
vt 0.812500 0.147620
vt 0.823864 0.147620
vt 0.829546 0.137778
vt 0.835227 0.147620
vt 0.835227 0.127937
vt 0.840909 0.137778
vt 0.840909 0.118096
vt 0.846591 0.127937
vt 0.846591 0.108254
vt 0.852273 0.118096
vt 0.852273 0.098413
vt 0.857955 0.108254
vt 0.857955 0.088572
vt 0.863636 0.098413
vt 0.863636 0.078731
vt 0.869318 0.088572
vt 0.869318 0.068889
vt 0.875000 0.078731
vt 0.875000 0.059048
vt 0.880682 0.068889
vt 0.880682 0.049207
vt 0.886364 0.059048
vt 0.886364 0.039365
vt 0.892046 0.049207
vt 0.892046 0.029524
vt 0.897727 0.039365
vt 0.897727 0.019683
vt 0.903409 0.029524
vt 0.909091 0.019683
vt 0.846591 0.147620
vt 0.852273 0.137778
vt 0.857955 0.147620
vt 0.857955 0.127937
vt 0.863636 0.137778
vt 0.869318 0.147620
vt 0.863636 0.118096
vt 0.869318 0.127937
vt 0.875000 0.137778
vt 0.880682 0.147620
vt 0.869318 0.108254
vt 0.875000 0.118096
vt 0.880682 0.127937
vt 0.886364 0.137778
vt 0.892045 0.147620
vt 0.875000 0.098413
vt 0.880682 0.108254
vt 0.886364 0.118096
vt 0.892045 0.127937
vt 0.897727 0.137778
vt 0.903409 0.147620
vt 0.880682 0.088572
vt 0.886364 0.098413
vt 0.892045 0.108254
vt 0.897727 0.118096
vt 0.903409 0.127937
vt 0.909091 0.137778
vt 0.914773 0.147620
vt 0.886364 0.078731
vt 0.892045 0.088572
vt 0.897727 0.098413
vt 0.903409 0.108254
vt 0.909091 0.118096
vt 0.914773 0.127937
vt 0.920455 0.137778
vt 0.926136 0.147620
vt 0.892045 0.068889
vt 0.897727 0.078731
vt 0.903409 0.088572
vt 0.909091 0.098413
vt 0.914773 0.108254
vt 0.920455 0.118096
vt 0.926136 0.127937
vt 0.931818 0.137778
vt 0.937500 0.147620
vt 0.897727 0.059048
vt 0.903409 0.068889
vt 0.909091 0.078731
vt 0.914773 0.088572
vt 0.920455 0.098413
vt 0.926136 0.108254
vt 0.931818 0.118096
vt 0.937500 0.127937
vt 0.943182 0.137778
vt 0.948864 0.147620
vt 0.903409 0.049207
vt 0.909091 0.059048
vt 0.914773 0.068889
vt 0.920455 0.078731
vt 0.926136 0.088572
vt 0.931818 0.098413
vt 0.937500 0.108254
vt 0.943182 0.118096
vt 0.948864 0.127937
vt 0.954545 0.137778
vt 0.960227 0.147620
vt 0.909091 0.039365
vt 0.914773 0.049207
vt 0.920455 0.059048
vt 0.926136 0.068889
vt 0.931818 0.078731
vt 0.937500 0.088572
vt 0.943182 0.098413
vt 0.948864 0.108254
vt 0.954546 0.118096
vt 0.960227 0.127937
vt 0.965909 0.137778
vt 0.971591 0.147620
vt 0.914773 0.029524
vt 0.920455 0.039365
vt 0.926136 0.049207
vt 0.931818 0.059048
vt 0.937500 0.068889
vt 0.943182 0.078731
vt 0.948864 0.088572
vt 0.954545 0.098413
vt 0.960227 0.108254
vt 0.965909 0.118096
vt 0.971591 0.127937
vt 0.977273 0.137778
vt 0.982955 0.147620
vt 0.920455 0.019683
vt 0.926136 0.029524
vt 0.931818 0.039365
vt 0.937500 0.049207
vt 0.943182 0.059048
vt 0.948864 0.068889
vt 0.954545 0.078731
vt 0.960227 0.088572
vt 0.965909 0.098413
vt 0.971591 0.108254
vt 0.977273 0.118096
vt 0.982955 0.127937
vt 0.988636 0.137778
vt 0.994318 0.147620
vt 0.448864 0.147620
vt 0.437501 0.147620
vt 0.426137 0.147620
vt 0.414773 0.147620
vt 0.403410 0.147620
vt 0.392046 0.147620
vt 0.380682 0.147620
vt 0.369319 0.147620
vt 0.357955 0.147620
vt 0.346592 0.147620
vt 0.335228 0.147620
vt 0.323864 0.147620
vt 0.312501 0.147620
vt 0.301137 0.147620
vt 0.289773 0.147620
vt 0.443182 0.137778
vt 0.431819 0.137778
vt 0.437501 0.127937
vt 0.420455 0.137778
vt 0.426137 0.127937
vt 0.431819 0.118096
vt 0.409092 0.137778
vt 0.414773 0.127937
vt 0.420455 0.118096
vt 0.426137 0.108254
vt 0.397728 0.137778
vt 0.403410 0.127937
vt 0.409091 0.118096
vt 0.414773 0.108254
vt 0.420455 0.098413
vt 0.386364 0.137778
vt 0.392046 0.127937
vt 0.397728 0.118096
vt 0.403410 0.108254
vt 0.409091 0.098413
vt 0.414773 0.088572
vt 0.375001 0.137778
vt 0.380682 0.127937
vt 0.386364 0.118096
vt 0.392046 0.108254
vt 0.397728 0.098413
vt 0.403410 0.088572
vt 0.409092 0.078731
vt 0.363637 0.137778
vt 0.369319 0.127937
vt 0.375001 0.118096
vt 0.380682 0.108254
vt 0.386364 0.098413
vt 0.392046 0.088572
vt 0.397728 0.078730
vt 0.403410 0.068889
vt 0.352273 0.137778
vt 0.357955 0.127937
vt 0.363637 0.118096
vt 0.369319 0.108254
vt 0.375001 0.098413
vt 0.380682 0.088572
vt 0.386364 0.078731
vt 0.392046 0.068889
vt 0.397728 0.059048
vt 0.340910 0.137778
vt 0.346592 0.127937
vt 0.352273 0.118096
vt 0.357955 0.108254
vt 0.363637 0.098413
vt 0.369319 0.088572
vt 0.375001 0.078731
vt 0.380682 0.068889
vt 0.386364 0.059048
vt 0.392046 0.049207
vt 0.329546 0.137778
vt 0.335228 0.127937
vt 0.340910 0.118096
vt 0.346592 0.108254
vt 0.352273 0.098413
vt 0.357955 0.088572
vt 0.363637 0.078731
vt 0.369319 0.068889
vt 0.375001 0.059048
vt 0.380682 0.049207
vt 0.386364 0.039365
vt 0.318182 0.137778
vt 0.323864 0.127937
vt 0.329546 0.118096
vt 0.335228 0.108254
vt 0.340910 0.098413
vt 0.346592 0.088572
vt 0.352273 0.078731
vt 0.357955 0.068889
vt 0.363637 0.059048
vt 0.369319 0.049207
vt 0.375001 0.039365
vt 0.380682 0.029524
vt 0.306819 0.137778
vt 0.312501 0.127937
vt 0.318182 0.118096
vt 0.323864 0.108254
vt 0.329546 0.098413
vt 0.335228 0.088572
vt 0.340910 0.078731
vt 0.346592 0.068889
vt 0.352273 0.059048
vt 0.357955 0.049207
vt 0.363637 0.039365
vt 0.369319 0.029524
vt 0.375001 0.019683
vt 0.295455 0.137778
vt 0.301137 0.127937
vt 0.306819 0.118096
vt 0.312501 0.108254
vt 0.318182 0.098413
vt 0.323864 0.088572
vt 0.329546 0.078730
vt 0.335228 0.068889
vt 0.340910 0.059048
vt 0.346592 0.049207
vt 0.352273 0.039365
vt 0.357955 0.029524
vt 0.363637 0.019683
vt 0.369319 0.009841
vt 0.284092 0.137778
vt 0.289773 0.127937
vt 0.295455 0.118096
vt 0.301137 0.108254
vt 0.306819 0.098413
vt 0.312501 0.088572
vt 0.318182 0.078731
vt 0.323864 0.068889
vt 0.329546 0.059048
vt 0.335228 0.049207
vt 0.340910 0.039365
vt 0.346592 0.029524
vt 0.352273 0.019683
vt 0.357955 0.009841
vt 0.363637 0.000000
vt 0.096592 0.147620
vt 0.102274 0.137778
vt 0.107955 0.147620
vt 0.107955 0.127937
vt 0.113637 0.137778
vt 0.113637 0.118096
vt 0.119319 0.127937
vt 0.119319 0.108254
vt 0.125001 0.118096
vt 0.125001 0.098413
vt 0.130683 0.108254
vt 0.130683 0.088572
vt 0.136365 0.098413
vt 0.136365 0.078731
vt 0.142046 0.088572
vt 0.142046 0.068889
vt 0.147728 0.078731
vt 0.147728 0.059048
vt 0.153410 0.068889
vt 0.153410 0.049207
vt 0.159092 0.059048
vt 0.159092 0.039365
vt 0.164774 0.049207
vt 0.164774 0.029524
vt 0.170455 0.039365
vt 0.170455 0.019683
vt 0.176137 0.029524
vt 0.181819 0.019683
vt 0.119319 0.147620
vt 0.125001 0.137778
vt 0.130683 0.147620
vt 0.130683 0.127937
vt 0.136364 0.137778
vt 0.142046 0.147620
vt 0.136364 0.118096
vt 0.142046 0.127937
vt 0.147728 0.137778
vt 0.153410 0.147620
vt 0.142046 0.108254
vt 0.147728 0.118096
vt 0.153410 0.127937
vt 0.159092 0.137778
vt 0.164774 0.147620
vt 0.147728 0.098413
vt 0.153410 0.108254
vt 0.159092 0.118096
vt 0.164774 0.127937
vt 0.170455 0.137778
vt 0.176137 0.147620
vt 0.153410 0.088572
vt 0.159092 0.098413
vt 0.164774 0.108254
vt 0.170455 0.118096
vt 0.176137 0.127937
vt 0.181819 0.137778
vt 0.187501 0.147620
vt 0.159092 0.078731
vt 0.164774 0.088572
vt 0.170455 0.098413
vt 0.176137 0.108254
vt 0.181819 0.118096
vt 0.187501 0.127937
vt 0.193183 0.137778
vt 0.198864 0.147620
vt 0.164774 0.068889
vt 0.170455 0.078731
vt 0.176137 0.088572
vt 0.181819 0.098413
vt 0.187501 0.108254
vt 0.193183 0.118096
vt 0.198864 0.127937
vt 0.204546 0.137778
vt 0.210228 0.147620
vt 0.170455 0.059048
vt 0.176137 0.068889
vt 0.181819 0.078731
vt 0.187501 0.088572
vt 0.193183 0.098413
vt 0.198864 0.108254
vt 0.204546 0.118096
vt 0.210228 0.127937
vt 0.215910 0.137778
vt 0.221592 0.147620
vt 0.176137 0.049207
vt 0.181819 0.059048
vt 0.187501 0.068889
vt 0.193183 0.078731
vt 0.198864 0.088572
vt 0.204546 0.098413
vt 0.210228 0.108254
vt 0.215910 0.118096
vt 0.221592 0.127937
vt 0.227273 0.137778
vt 0.232955 0.147620
vt 0.181819 0.039365
vt 0.187501 0.049207
vt 0.193183 0.059048
vt 0.198864 0.068889
vt 0.204546 0.078731
vt 0.210228 0.088572
vt 0.215910 0.098413
vt 0.221592 0.108254
vt 0.227273 0.118096
vt 0.232955 0.127937
vt 0.238637 0.137778
vt 0.244319 0.147620
vt 0.187501 0.029524
vt 0.193183 0.039365
vt 0.198864 0.049207
vt 0.204546 0.059048
vt 0.210228 0.068889
vt 0.215910 0.078731
vt 0.221592 0.088572
vt 0.227273 0.098413
vt 0.232955 0.108254
vt 0.238637 0.118096
vt 0.244319 0.127937
vt 0.250001 0.137778
vt 0.255683 0.147620
vt 0.193183 0.019683
vt 0.198864 0.029524
vt 0.204546 0.039365
vt 0.210228 0.049207
vt 0.215910 0.059048
vt 0.221592 0.068889
vt 0.227274 0.078731
vt 0.232955 0.088572
vt 0.238637 0.098413
vt 0.244319 0.108254
vt 0.250001 0.118096
vt 0.255683 0.127937
vt 0.261364 0.137778
vt 0.267046 0.147620
s 0
usemtl sphere2
f 41/37/7 68/38/7 67/39/7
f 42/40/8 82/41/8 112/42/8
f 41/43/9 67/44/9 142/45/9
f 41/46/10 142/47/10 172/48/10
f 41/49/11 172/50/11 113/51/11
f 42/40/12 112/42/12 217/52/12
f 43/53/13 97/54/13 247/55/13
f 44/56/14 157/57/14 277/58/14
f 45/59/15 187/60/15 307/61/15
f 46/62/16 202/63/16 337/64/16
f 42/40/17 217/52/17 248/65/17
f 43/53/18 247/55/18 278/66/18
f 44/56/19 277/58/19 308/67/19
f 45/59/20 307/61/20 338/68/20
f 46/62/21 337/64/21 218/69/21
f 47/70/22 367/71/22 442/72/22
f 48/73/23 382/74/23 472/75/23
f 49/76/24 397/77/24 487/78/24
f 50/79/25 412/80/25 502/81/25
f 51/82/26 427/83/26 443/84/26
f 457/85/27 488/86/27 52/87/27
f 456/88/28 503/89/28 457/85/28
f 455/90/29 504/91/29 456/88/29
f 454/92/30 506/93/30 455/90/30
f 453/94/31 509/95/31 454/92/31
f 452/96/32 513/97/32 453/94/32
f 451/98/33 518/99/33 452/96/33
f 450/100/34 524/101/34 451/98/34
f 449/102/35 531/103/35 450/100/35
f 448/104/36 539/105/36 449/102/36
f 447/106/37 548/107/37 448/104/37
f 446/108/38 558/109/38 447/106/38
f 445/110/39 569/111/39 446/108/39
f 444/112/40 581/113/40 445/110/40
f 443/84/41 594/114/41 444/112/41
f 457/85/42 503/89/42 488/86/42
f 503/89/43 489/115/43 488/86/43
f 456/88/44 504/91/44 503/89/44
f 504/91/45 505/116/45 503/89/45
f 503/89/46 505/116/46 489/115/46
f 505/116/47 490/117/47 489/115/47
f 455/90/48 506/93/48 504/91/48
f 506/93/49 507/118/49 504/91/49
f 504/91/50 507/118/50 505/116/50
f 507/118/51 508/119/51 505/116/51
f 505/116/52 508/119/52 490/117/52
f 508/119/53 491/120/53 490/117/53
f 454/92/54 509/95/54 506/93/54
f 509/95/55 510/121/55 506/93/55
f 506/93/56 510/121/56 507/118/56
f 510/121/57 511/122/57 507/118/57
f 507/118/58 511/122/58 508/119/58
f 511/122/59 512/123/59 508/119/59
f 508/119/60 512/123/60 491/120/60
f 512/123/61 492/124/61 491/120/61
f 453/94/62 513/97/62 509/95/62
f 513/97/63 514/125/63 509/95/63
f 509/95/64 514/125/64 510/121/64
f 514/125/65 515/126/65 510/121/65
f 510/121/66 515/126/66 511/122/66
f 515/126/67 516/127/67 511/122/67
f 511/122/68 516/127/68 512/123/68
f 516/127/69 517/128/69 512/123/69
f 512/123/70 517/128/70 492/124/70
f 517/128/71 493/129/71 492/124/71
f 452/96/72 518/99/72 513/97/72
f 518/99/73 519/130/73 513/97/73
f 513/97/74 519/130/74 514/125/74
f 519/130/75 520/131/75 514/125/75
f 514/125/76 520/131/76 515/126/76
f 520/131/77 521/132/77 515/126/77
f 515/126/78 521/132/78 516/127/78
f 521/132/79 522/133/79 516/127/79
f 516/127/80 522/133/80 517/128/80
f 522/133/81 523/134/81 517/128/81
f 517/128/82 523/134/82 493/129/82
f 523/134/83 494/135/83 493/129/83
f 451/98/84 524/101/84 518/99/84
f 524/101/85 525/136/85 518/99/85
f 518/99/86 525/136/86 519/130/86
f 525/136/87 526/137/87 519/130/87
f 519/130/88 526/137/88 520/131/88
f 526/137/89 527/138/89 520/131/89
f 520/131/90 527/138/90 521/132/90
f 527/138/91 528/139/91 521/132/91
f 521/132/92 528/139/92 522/133/92
f 528/139/93 529/140/93 522/133/93
f 522/133/94 529/140/94 523/134/94
f 529/140/95 530/141/95 523/134/95
f 523/134/96 530/141/96 494/135/96
f 530/141/97 495/142/97 494/135/97
f 450/100/98 531/103/98 524/101/98
f 531/103/99 532/143/99 524/101/99
f 524/101/100 532/143/100 525/136/100
f 532/143/101 533/144/101 525/136/101
f 525/136/102 533/144/102 526/137/102
f 533/144/103 534/145/103 526/137/103
f 526/137/104 534/145/104 527/138/104
f 534/145/105 535/146/105 527/138/105
f 527/138/106 535/146/106 528/139/106
f 535/146/107 536/147/107 528/139/107
f 528/139/108 536/147/108 529/140/108
f 536/147/109 537/148/109 529/140/109
f 529/140/110 537/148/110 530/141/110
f 537/148/111 538/149/111 530/141/111
f 530/141/112 538/149/112 495/142/112
f 538/149/113 496/150/113 495/142/113
f 449/102/114 539/105/114 531/103/114
f 539/105/115 540/151/115 531/103/115
f 531/103/116 540/151/116 532/143/116
f 540/151/117 541/152/117 532/143/117
f 532/143/118 541/152/118 533/144/118
f 541/152/119 542/153/119 533/144/119
f 533/144/120 542/153/120 534/145/120
f 542/153/121 543/154/121 534/145/121
f 534/145/122 543/154/122 535/146/122
f 543/154/123 544/155/123 535/146/123
f 535/146/124 544/155/124 536/147/124
f 544/155/125 545/156/125 536/147/125
f 536/147/126 545/156/126 537/148/126
f 545/156/127 546/157/127 537/148/127
f 537/148/128 546/157/128 538/149/128
f 546/157/129 547/158/129 538/149/129
f 538/149/130 547/158/130 496/150/130
f 547/158/131 497/159/131 496/150/131
f 448/104/132 548/107/132 539/105/132
f 548/107/133 549/160/133 539/105/133
f 539/105/134 549/160/134 540/151/134
f 549/160/135 550/161/135 540/151/135
f 540/151/136 550/161/136 541/152/136
f 550/161/137 551/162/137 541/152/137
f 541/152/138 551/162/138 542/153/138
f 551/162/139 552/163/139 542/153/139
f 542/153/140 552/163/140 543/154/140
f 552/163/141 553/164/141 543/154/141
f 543/154/142 553/164/142 544/155/142
f 553/164/143 554/165/143 544/155/143
f 544/155/144 554/165/144 545/156/144
f 554/165/145 555/166/145 545/156/145
f 545/156/146 555/166/146 546/157/146
f 555/166/147 556/167/147 546/157/147
f 546/157/148 556/167/148 547/158/148
f 556/167/149 557/168/149 547/158/149
f 547/158/150 557/168/150 497/159/150
f 557/168/151 498/169/151 497/159/151
f 447/106/152 558/109/152 548/107/152
f 558/109/153 559/170/153 548/107/153
f 548/107/154 559/170/154 549/160/154
f 559/170/155 560/171/155 549/160/155
f 549/160/156 560/171/156 550/161/156
f 560/171/157 561/172/157 550/161/157
f 550/161/158 561/172/158 551/162/158
f 561/172/159 562/173/159 551/162/159
f 551/162/160 562/173/160 552/163/160
f 562/173/161 563/174/161 552/163/161
f 552/163/162 563/174/162 553/164/162
f 563/174/163 564/175/163 553/164/163
f 553/164/164 564/175/164 554/165/164
f 564/175/165 565/176/165 554/165/165
f 554/165/166 565/176/166 555/166/166
f 565/176/167 566/177/167 555/166/167
f 555/166/168 566/177/168 556/167/168
f 566/177/169 567/178/169 556/167/169
f 556/167/170 567/178/170 557/168/170
f 567/178/171 568/179/171 557/168/171
f 557/168/172 568/179/172 498/169/172
f 568/179/173 499/180/173 498/169/173
f 446/108/174 569/111/174 558/109/174
f 569/111/175 570/181/175 558/109/175
f 558/109/176 570/181/176 559/170/176
f 570/181/177 571/182/177 559/170/177
f 559/170/178 571/182/178 560/171/178
f 571/182/179 572/183/179 560/171/179
f 560/171/180 572/183/180 561/172/180
f 572/183/181 573/184/181 561/172/181
f 561/172/182 573/184/182 562/173/182
f 573/184/183 574/185/183 562/173/183
f 562/173/184 574/185/184 563/174/184
f 574/185/185 575/186/185 563/174/185
f 563/174/186 575/186/186 564/175/186
f 575/186/187 576/187/187 564/175/187
f 564/175/188 576/187/188 565/176/188
f 576/187/189 577/188/189 565/176/189
f 565/176/190 577/188/190 566/177/190
f 577/188/191 578/189/191 566/177/191
f 566/177/192 578/189/192 567/178/192
f 578/189/193 579/190/193 567/178/193
f 567/178/194 579/190/194 568/179/194
f 579/190/195 580/191/195 568/179/195
f 568/179/196 580/191/196 499/180/196
f 580/191/197 500/192/197 499/180/197
f 445/110/198 581/113/198 569/111/198
f 581/113/199 582/193/199 569/111/199
f 569/111/200 582/193/200 570/181/200
f 582/193/201 583/194/201 570/181/201
f 570/181/202 583/194/202 571/182/202
f 583/194/203 584/195/203 571/182/203
f 571/182/204 584/195/204 572/183/204
f 584/195/205 585/196/205 572/183/205
f 572/183/206 585/196/206 573/184/206
f 585/196/207 586/197/207 573/184/207
f 573/184/208 586/197/208 574/185/208
f 586/197/209 587/198/209 574/185/209
f 574/185/210 587/198/210 575/186/210
f 587/198/211 588/199/211 575/186/211
f 575/186/212 588/199/212 576/187/212
f 588/199/213 589/200/213 576/187/213
f 576/187/214 589/200/214 577/188/214
f 589/200/215 590/201/215 577/188/215
f 577/188/216 590/201/216 578/189/216
f 590/201/217 591/202/217 578/189/217
f 578/189/218 591/202/218 579/190/218
f 591/202/219 592/203/219 579/190/219
f 579/190/220 592/203/220 580/191/220
f 592/203/221 593/204/221 580/191/221
f 580/191/222 593/204/222 500/192/222
f 593/204/223 501/205/223 500/192/223
f 444/112/224 594/114/224 581/113/224
f 594/114/225 595/206/225 581/113/225
f 581/113/226 595/206/226 582/193/226
f 595/206/227 596/207/227 582/193/227
f 582/193/228 596/207/228 583/194/228
f 596/207/229 597/208/229 583/194/229
f 583/194/230 597/208/230 584/195/230
f 597/208/231 598/209/231 584/195/231
f 584/195/232 598/209/232 585/196/232
f 598/209/233 599/210/233 585/196/233
f 585/196/234 599/210/234 586/197/234
f 599/210/235 600/211/235 586/197/235
f 586/197/236 600/211/236 587/198/236
f 600/211/237 601/212/237 587/198/237
f 587/198/238 601/212/238 588/199/238
f 601/212/239 602/213/239 588/199/239
f 588/199/240 602/213/240 589/200/240
f 602/213/241 603/214/241 589/200/241
f 589/200/242 603/214/242 590/201/242
f 603/214/243 604/215/243 590/201/243
f 590/201/244 604/215/244 591/202/244
f 604/215/245 605/216/245 591/202/245
f 591/202/246 605/216/246 592/203/246
f 605/216/247 606/217/247 592/203/247
f 592/203/248 606/217/248 593/204/248
f 606/217/249 607/218/249 593/204/249
f 593/204/250 607/218/250 501/205/250
f 607/218/251 502/219/251 501/205/251
f 443/84/252 427/83/252 594/114/252
f 427/83/253 426/220/253 594/114/253
f 594/114/254 426/220/254 595/206/254
f 426/220/255 425/221/255 595/206/255
f 595/206/256 425/221/256 596/207/256
f 425/221/257 424/222/257 596/207/257
f 596/207/258 424/222/258 597/208/258
f 424/222/259 423/223/259 597/208/259
f 597/208/260 423/223/260 598/209/260
f 423/223/261 422/224/261 598/209/261
f 598/209/262 422/224/262 599/210/262
f 422/224/263 421/225/263 599/210/263
f 599/210/264 421/225/264 600/211/264
f 421/225/265 420/226/265 600/211/265
f 600/211/266 420/226/266 601/212/266
f 420/226/267 419/227/267 601/212/267
f 601/212/268 419/227/268 602/213/268
f 419/227/269 418/228/269 602/213/269
f 602/213/270 418/228/270 603/214/270
f 418/228/271 417/229/271 603/214/271
f 603/214/272 417/229/272 604/215/272
f 417/229/273 416/230/273 604/215/273
f 604/215/274 416/230/274 605/216/274
f 416/230/275 415/231/275 605/216/275
f 605/216/276 415/231/276 606/217/276
f 415/231/277 414/232/277 606/217/277
f 606/217/278 414/232/278 607/218/278
f 414/232/279 413/233/279 607/218/279
f 607/218/280 413/233/280 502/219/280
f 413/233/281 50/79/281 502/219/281
f 488/234/282 473/235/282 52/236/282
f 489/237/283 608/238/283 488/234/283
f 490/239/284 609/240/284 489/237/284
f 491/241/285 611/242/285 490/239/285
f 492/243/286 614/244/286 491/241/286
f 493/245/287 618/246/287 492/243/287
f 494/247/288 623/248/288 493/245/288
f 495/249/289 629/250/289 494/247/289
f 496/251/290 636/252/290 495/249/290
f 497/253/291 644/254/291 496/251/291
f 498/255/292 653/256/292 497/253/292
f 499/257/293 663/258/293 498/255/293
f 500/259/294 674/260/294 499/257/294
f 501/261/295 686/262/295 500/259/295
f 502/81/296 699/263/296 501/261/296
f 488/234/297 608/238/297 473/235/297
f 608/238/298 474/264/298 473/235/298
f 489/237/299 609/240/299 608/238/299
f 609/240/300 610/265/300 608/238/300
f 608/238/301 610/265/301 474/264/301
f 610/265/302 475/266/302 474/264/302
f 490/239/303 611/242/303 609/240/303
f 611/242/304 612/267/304 609/240/304
f 609/240/305 612/267/305 610/265/305
f 612/267/306 613/268/306 610/265/306
f 610/265/307 613/268/307 475/266/307
f 613/268/308 476/269/308 475/266/308
f 491/241/309 614/244/309 611/242/309
f 614/244/310 615/270/310 611/242/310
f 611/242/311 615/270/311 612/267/311
f 615/270/312 616/271/312 612/267/312
f 612/267/313 616/271/313 613/268/313
f 616/271/314 617/272/314 613/268/314
f 613/268/315 617/272/315 476/269/315
f 617/272/316 477/273/316 476/269/316
f 492/243/317 618/246/317 614/244/317
f 618/246/318 619/274/318 614/244/318
f 614/244/319 619/274/319 615/270/319
f 619/274/320 620/275/320 615/270/320
f 615/270/321 620/275/321 616/271/321
f 620/275/322 621/276/322 616/271/322
f 616/271/323 621/276/323 617/272/323
f 621/276/324 622/277/324 617/272/324
f 617/272/325 622/277/325 477/273/325
f 622/277/326 478/278/326 477/273/326
f 493/245/327 623/248/327 618/246/327
f 623/248/328 624/279/328 618/246/328
f 618/246/329 624/279/329 619/274/329
f 624/279/330 625/280/330 619/274/330
f 619/274/331 625/280/331 620/275/331
f 625/280/332 626/281/332 620/275/332
f 620/275/333 626/281/333 621/276/333
f 626/281/334 627/282/334 621/276/334
f 621/276/335 627/282/335 622/277/335
f 627/282/336 628/283/336 622/277/336
f 622/277/337 628/283/337 478/278/337
f 628/283/338 479/284/338 478/278/338
f 494/247/339 629/250/339 623/248/339
f 629/250/340 630/285/340 623/248/340
f 623/248/341 630/285/341 624/279/341
f 630/285/342 631/286/342 624/279/342
f 624/279/343 631/286/343 625/280/343
f 631/286/344 632/287/344 625/280/344
f 625/280/345 632/287/345 626/281/345
f 632/287/346 633/288/346 626/281/346
f 626/281/347 633/288/347 627/282/347
f 633/288/348 634/289/348 627/282/348
f 627/282/349 634/289/349 628/283/349
f 634/289/350 635/290/350 628/283/350
f 628/283/351 635/290/351 479/284/351
f 635/290/352 480/291/352 479/284/352
f 495/249/353 636/252/353 629/250/353
f 636/252/354 637/292/354 629/250/354
f 629/250/355 637/292/355 630/285/355
f 637/292/356 638/293/356 630/285/356
f 630/285/357 638/293/357 631/286/357
f 638/293/358 639/294/358 631/286/358
f 631/286/359 639/294/359 632/287/359
f 639/294/360 640/295/360 632/287/360
f 632/287/361 640/295/361 633/288/361
f 640/295/362 641/296/362 633/288/362
f 633/288/363 641/296/363 634/289/363
f 641/296/364 642/297/364 634/289/364
f 634/289/365 642/297/365 635/290/365
f 642/297/366 643/298/366 635/290/366
f 635/290/367 643/298/367 480/291/367
f 643/298/368 481/299/368 480/291/368
f 496/251/369 644/254/369 636/252/369
f 644/254/370 645/300/370 636/252/370
f 636/252/371 645/300/371 637/292/371
f 645/300/372 646/301/372 637/292/372
f 637/292/373 646/301/373 638/293/373
f 646/301/374 647/302/374 638/293/374
f 638/293/375 647/302/375 639/294/375
f 647/302/376 648/303/376 639/294/376
f 639/294/377 648/303/377 640/295/377
f 648/303/378 649/304/378 640/295/378
f 640/295/379 649/304/379 641/296/379
f 649/304/380 650/305/380 641/296/380
f 641/296/381 650/305/381 642/297/381
f 650/305/382 651/306/382 642/297/382
f 642/297/383 651/306/383 643/298/383
f 651/306/384 652/307/384 643/298/384
f 643/298/385 652/307/385 481/299/385
f 652/307/386 482/308/386 481/299/386
f 497/253/387 653/256/387 644/254/387
f 653/256/388 654/309/388 644/254/388
f 644/254/389 654/309/389 645/300/389
f 654/309/390 655/310/390 645/300/390
f 645/300/391 655/310/391 646/301/391
f 655/310/392 656/311/392 646/301/392
f 646/301/393 656/311/393 647/302/393
f 656/311/394 657/312/394 647/302/394
f 647/302/395 657/312/395 648/303/395
f 657/312/396 658/313/396 648/303/396
f 648/303/397 658/313/397 649/304/397
f 658/313/398 659/314/398 649/304/398
f 649/304/399 659/314/399 650/305/399
f 659/314/400 660/315/400 650/305/400
f 650/305/401 660/315/401 651/306/401
f 660/315/402 661/316/402 651/306/402
f 651/306/403 661/316/403 652/307/403
f 661/316/404 662/317/404 652/307/404
f 652/307/405 662/317/405 482/308/405
f 662/317/406 483/318/406 482/308/406
f 498/255/407 663/258/407 653/256/407
f 663/258/408 664/319/408 653/256/408
f 653/256/409 664/319/409 654/309/409
f 664/319/410 665/320/410 654/309/410
f 654/309/411 665/320/411 655/310/411
f 665/320/412 666/321/412 655/310/412
f 655/310/413 666/321/413 656/311/413
f 666/321/414 667/322/414 656/311/414
f 656/311/415 667/322/415 657/312/415
f 667/322/416 668/323/416 657/312/416
f 657/312/417 668/323/417 658/313/417
f 668/323/418 669/324/418 658/313/418
f 658/313/419 669/324/419 659/314/419
f 669/324/420 670/325/420 659/314/420
f 659/314/421 670/325/421 660/315/421
f 670/325/422 671/326/422 660/315/422
f 660/315/423 671/326/423 661/316/423
f 671/326/424 672/327/424 661/316/424
f 661/316/425 672/327/425 662/317/425
f 672/327/426 673/328/426 662/317/426
f 662/317/427 673/328/427 483/318/427
f 673/328/428 484/329/428 483/318/428
f 499/257/429 674/260/429 663/258/429
f 674/260/430 675/330/430 663/258/430
f 663/258/431 675/330/431 664/319/431
f 675/330/432 676/331/432 664/319/432
f 664/319/433 676/331/433 665/320/433
f 676/331/434 677/332/434 665/320/434
f 665/320/435 677/332/435 666/321/435
f 677/332/436 678/333/436 666/321/436
f 666/321/437 678/333/437 667/322/437
f 678/333/438 679/334/438 667/322/438
f 667/322/439 679/334/439 668/323/439
f 679/334/440 680/335/440 668/323/440
f 668/323/441 680/335/441 669/324/441
f 680/335/442 681/336/442 669/324/442
f 669/324/443 681/336/443 670/325/443
f 681/336/444 682/337/444 670/325/444
f 670/325/445 682/337/445 671/326/445
f 682/337/446 683/338/446 671/326/446
f 671/326/447 683/338/447 672/327/447
f 683/338/448 684/339/448 672/327/448
f 672/327/449 684/339/449 673/328/449
f 684/339/450 685/340/450 673/328/450
f 673/328/451 685/340/451 484/329/451
f 685/340/452 485/341/452 484/329/452
f 500/259/453 686/262/453 674/260/453
f 686/262/454 687/342/454 674/260/454
f 674/260/455 687/342/455 675/330/455
f 687/342/456 688/343/456 675/330/456
f 675/330/457 688/343/457 676/331/457
f 688/343/458 689/344/458 676/331/458
f 676/331/459 689/344/459 677/332/459
f 689/344/460 690/345/460 677/332/460
f 677/332/461 690/345/461 678/333/461
f 690/345/462 691/346/462 678/333/462
f 678/333/463 691/346/463 679/334/463
f 691/346/464 692/347/464 679/334/464
f 679/334/465 692/347/465 680/335/465
f 692/347/466 693/348/466 680/335/466
f 680/335/467 693/348/467 681/336/467
f 693/348/468 694/349/468 681/336/468
f 681/336/469 694/349/469 682/337/469
f 694/349/470 695/350/470 682/337/470
f 682/337/471 695/350/471 683/338/471
f 695/350/472 696/351/472 683/338/472
f 683/338/473 696/351/473 684/339/473
f 696/351/474 697/352/474 684/339/474
f 684/339/475 697/352/475 685/340/475
f 697/352/476 698/353/476 685/340/476
f 685/340/477 698/353/477 485/341/477
f 698/353/478 486/354/478 485/341/478
f 501/261/479 699/263/479 686/262/479
f 699/263/480 700/355/480 686/262/480
f 686/262/481 700/355/481 687/342/481
f 700/355/482 701/356/482 687/342/482
f 687/342/483 701/356/483 688/343/483
f 701/356/484 702/357/484 688/343/484
f 688/343/485 702/357/485 689/344/485
f 702/357/486 703/358/486 689/344/486
f 689/344/487 703/358/487 690/345/487
f 703/358/488 704/359/488 690/345/488
f 690/345/489 704/359/489 691/346/489
f 704/359/490 705/360/490 691/346/490
f 691/346/491 705/360/491 692/347/491
f 705/360/492 706/361/492 692/347/492
f 692/347/493 706/361/493 693/348/493
f 706/361/494 707/362/494 693/348/494
f 693/348/495 707/362/495 694/349/495
f 707/362/496 708/363/496 694/349/496
f 694/349/497 708/363/497 695/350/497
f 708/363/498 709/364/498 695/350/498
f 695/350/499 709/364/499 696/351/499
f 709/364/500 710/365/500 696/351/500
f 696/351/501 710/365/501 697/352/501
f 710/365/502 711/366/502 697/352/502
f 697/352/503 711/366/503 698/353/503
f 711/366/504 712/367/504 698/353/504
f 698/353/505 712/367/505 486/354/505
f 712/367/506 487/368/506 486/354/506
f 502/81/507 412/80/507 699/263/507
f 412/80/508 411/369/508 699/263/508
f 699/263/509 411/369/509 700/355/509
f 411/369/510 410/370/510 700/355/510
f 700/355/511 410/370/511 701/356/511
f 410/370/512 409/371/512 701/356/512
f 701/356/513 409/371/513 702/357/513
f 409/371/514 408/372/514 702/357/514
f 702/357/515 408/372/515 703/358/515
f 408/372/516 407/373/516 703/358/516
f 703/358/517 407/373/517 704/359/517
f 407/373/518 406/374/518 704/359/518
f 704/359/519 406/374/519 705/360/519
f 406/374/520 405/375/520 705/360/520
f 705/360/521 405/375/521 706/361/521
f 405/375/522 404/376/522 706/361/522
f 706/361/523 404/376/523 707/362/523
f 404/376/524 403/377/524 707/362/524
f 707/362/525 403/377/525 708/363/525
f 403/377/526 402/378/526 708/363/526
f 708/363/527 402/378/527 709/364/527
f 402/378/528 401/379/528 709/364/528
f 709/364/529 401/379/529 710/365/529
f 401/379/530 400/380/530 710/365/530
f 710/365/531 400/380/531 711/366/531
f 400/380/532 399/381/532 711/366/532
f 711/366/533 399/381/533 712/367/533
f 399/381/534 398/382/534 712/367/534
f 712/367/535 398/382/535 487/368/535
f 398/382/536 49/76/536 487/368/536
f 473/383/537 458/384/537 52/385/537
f 474/386/538 713/387/538 473/383/538
f 475/388/539 714/389/539 474/386/539
f 476/390/540 716/391/540 475/388/540
f 477/392/541 719/393/541 476/390/541
f 478/394/542 723/395/542 477/392/542
f 479/396/543 728/397/543 478/394/543
f 480/398/544 734/399/544 479/396/544
f 481/400/545 741/401/545 480/398/545
f 482/402/546 749/403/546 481/400/546
f 483/404/547 758/405/547 482/402/547
f 484/406/548 768/407/548 483/404/548
f 485/408/549 779/409/549 484/406/549
f 486/410/550 791/411/550 485/408/550
f 487/78/551 804/412/551 486/410/551
f 473/383/552 713/387/552 458/384/552
f 713/387/553 459/413/553 458/384/553
f 474/386/554 714/389/554 713/387/554
f 714/389/555 715/414/555 713/387/555
f 713/387/556 715/414/556 459/413/556
f 715/414/557 460/415/557 459/413/557
f 475/388/558 716/391/558 714/389/558
f 716/391/559 717/416/559 714/389/559
f 714/389/560 717/416/560 715/414/560
f 717/416/561 718/417/561 715/414/561
f 715/414/562 718/417/562 460/415/562
f 718/417/563 461/418/563 460/415/563
f 476/390/564 719/393/564 716/391/564
f 719/393/565 720/419/565 716/391/565
f 716/391/566 720/419/566 717/416/566
f 720/419/567 721/420/567 717/416/567
f 717/416/568 721/420/568 718/417/568
f 721/420/569 722/421/569 718/417/569
f 718/417/570 722/421/570 461/418/570
f 722/421/571 462/422/571 461/418/571
f 477/392/572 723/395/572 719/393/572
f 723/395/573 724/423/573 719/393/573
f 719/393/574 724/423/574 720/419/574
f 724/423/575 725/424/575 720/419/575
f 720/419/576 725/424/576 721/420/576
f 725/424/577 726/425/577 721/420/577
f 721/420/578 726/425/578 722/421/578
f 726/425/579 727/426/579 722/421/579
f 722/421/580 727/426/580 462/422/580
f 727/426/581 463/427/581 462/422/581
f 478/394/582 728/397/582 723/395/582
f 728/397/583 729/428/583 723/395/583
f 723/395/584 729/428/584 724/423/584
f 729/428/585 730/429/585 724/423/585
f 724/423/586 730/429/586 725/424/586
f 730/429/587 731/430/587 725/424/587
f 725/424/588 731/430/588 726/425/588
f 731/430/589 732/431/589 726/425/589
f 726/425/590 732/431/590 727/426/590
f 732/431/591 733/432/591 727/426/591
f 727/426/592 733/432/592 463/427/592
f 733/432/593 464/433/593 463/427/593
f 479/396/594 734/399/594 728/397/594
f 734/399/595 735/434/595 728/397/595
f 728/397/596 735/434/596 729/428/596
f 735/434/597 736/435/597 729/428/597
f 729/428/598 736/435/598 730/429/598
f 736/435/599 737/436/599 730/429/599
f 730/429/600 737/436/600 731/430/600
f 737/436/601 738/437/601 731/430/601
f 731/430/602 738/437/602 732/431/602
f 738/437/603 739/438/603 732/431/603
f 732/431/604 739/438/604 733/432/604
f 739/438/605 740/439/605 733/432/605
f 733/432/606 740/439/606 464/433/606
f 740/439/607 465/440/607 464/433/607
f 480/398/608 741/401/608 734/399/608
f 741/401/609 742/441/609 734/399/609
f 734/399/610 742/441/610 735/434/610
f 742/441/611 743/442/611 735/434/611
f 735/434/612 743/442/612 736/435/612
f 743/442/613 744/443/613 736/435/613
f 736/435/614 744/443/614 737/436/614
f 744/443/615 745/444/615 737/436/615
f 737/436/616 745/444/616 738/437/616
f 745/444/617 746/445/617 738/437/617
f 738/437/618 746/445/618 739/438/618
f 746/445/619 747/446/619 739/438/619
f 739/438/620 747/446/620 740/439/620
f 747/446/621 748/447/621 740/439/621
f 740/439/622 748/447/622 465/440/622
f 748/447/623 466/448/623 465/440/623
f 481/400/624 749/403/624 741/401/624
f 749/403/625 750/449/625 741/401/625
f 741/401/626 750/449/626 742/441/626
f 750/449/627 751/450/627 742/441/627
f 742/441/628 751/450/628 743/442/628
f 751/450/629 752/451/629 743/442/629
f 743/442/630 752/451/630 744/443/630
f 752/451/631 753/452/631 744/443/631
f 744/443/632 753/452/632 745/444/632
f 753/452/633 754/453/633 745/444/633
f 745/444/634 754/453/634 746/445/634
f 754/453/635 755/454/635 746/445/635
f 746/445/636 755/454/636 747/446/636
f 755/454/637 756/455/637 747/446/637
f 747/446/638 756/455/638 748/447/638
f 756/455/639 757/456/639 748/447/639
f 748/447/640 757/456/640 466/448/640
f 757/456/641 467/457/641 466/448/641
f 482/402/642 758/405/642 749/403/642
f 758/405/643 759/458/643 749/403/643
f 749/403/644 759/458/644 750/449/644
f 759/458/645 760/459/645 750/449/645
f 750/449/646 760/459/646 751/450/646
f 760/459/647 761/460/647 751/450/647
f 751/450/648 761/460/648 752/451/648
f 761/460/649 762/461/649 752/451/649
f 752/451/650 762/461/650 753/452/650
f 762/461/651 763/462/651 753/452/651
f 753/452/652 763/462/652 754/453/652
f 763/462/653 764/463/653 754/453/653
f 754/453/654 764/463/654 755/454/654
f 764/463/655 765/464/655 755/454/655
f 755/454/656 765/464/656 756/455/656
f 765/464/657 766/465/657 756/455/657
f 756/455/658 766/465/658 757/456/658
f 766/465/659 767/466/659 757/456/659
f 757/456/660 767/466/660 467/457/660
f 767/466/661 468/467/661 467/457/661
f 483/404/662 768/407/662 758/405/662
f 768/407/663 769/468/663 758/405/663
f 758/405/664 769/468/664 759/458/664
f 769/468/665 770/469/665 759/458/665
f 759/458/666 770/469/666 760/459/666
f 770/469/667 771/470/667 760/459/667
f 760/459/668 771/470/668 761/460/668
f 771/470/669 772/471/669 761/460/669
f 761/460/670 772/471/670 762/461/670
f 772/471/671 773/472/671 762/461/671
f 762/461/672 773/472/672 763/462/672
f 773/472/673 774/473/673 763/462/673
f 763/462/674 774/473/674 764/463/674
f 774/473/675 775/474/675 764/463/675
f 764/463/676 775/474/676 765/464/676
f 775/474/677 776/475/677 765/464/677
f 765/464/678 776/475/678 766/465/678
f 776/475/679 777/476/679 766/465/679
f 766/465/680 777/476/680 767/466/680
f 777/476/681 778/477/681 767/466/681
f 767/466/682 778/477/682 468/467/682
f 778/477/683 469/478/683 468/467/683
f 484/406/684 779/409/684 768/407/684
f 779/409/685 780/479/685 768/407/685
f 768/407/686 780/479/686 769/468/686
f 780/479/687 781/480/687 769/468/687
f 769/468/688 781/480/688 770/469/688
f 781/480/689 782/481/689 770/469/689
f 770/469/690 782/481/690 771/470/690
f 782/481/691 783/482/691 771/470/691
f 771/470/692 783/482/692 772/471/692
f 783/482/693 784/483/693 772/471/693
f 772/471/694 784/483/694 773/472/694
f 784/483/695 785/484/695 773/472/695
f 773/472/696 785/484/696 774/473/696
f 785/484/697 786/485/697 774/473/697
f 774/473/698 786/485/698 775/474/698
f 786/485/699 787/486/699 775/474/699
f 775/474/700 787/486/700 776/475/700
f 787/486/701 788/487/701 776/475/701
f 776/475/702 788/487/702 777/476/702
f 788/487/703 789/488/703 777/476/703
f 777/476/704 789/488/704 778/477/704
f 789/488/705 790/489/705 778/477/705
f 778/477/706 790/489/706 469/478/706
f 790/489/707 470/490/707 469/478/707
f 485/408/708 791/411/708 779/409/708
f 791/411/709 792/491/709 779/409/709
f 779/409/710 792/491/710 780/479/710
f 792/491/711 793/492/711 780/479/711
f 780/479/712 793/492/712 781/480/712
f 793/492/713 794/493/713 781/480/713
f 781/480/714 794/493/714 782/481/714
f 794/493/715 795/494/715 782/481/715
f 782/481/716 795/494/716 783/482/716
f 795/494/717 796/495/717 783/482/717
f 783/482/718 796/495/718 784/483/718
f 796/495/719 797/496/719 784/483/719
f 784/483/720 797/496/720 785/484/720
f 797/496/721 798/497/721 785/484/721
f 785/484/722 798/497/722 786/485/722
f 798/497/723 799/498/723 786/485/723
f 786/485/724 799/498/724 787/486/724
f 799/498/725 800/499/725 787/486/725
f 787/486/726 800/499/726 788/487/726
f 800/499/727 801/500/727 788/487/727
f 788/487/728 801/500/728 789/488/728
f 801/500/729 802/501/729 789/488/729
f 789/488/730 802/501/730 790/489/730
f 802/501/731 803/502/731 790/489/731
f 790/489/732 803/502/732 470/490/732
f 803/502/733 471/503/733 470/490/733
f 486/410/734 804/412/734 791/411/734
f 804/412/735 805/504/735 791/411/735
f 791/411/736 805/504/736 792/491/736
f 805/504/737 806/505/737 792/491/737
f 792/491/738 806/505/738 793/492/738
f 806/505/739 807/506/739 793/492/739
f 793/492/740 807/506/740 794/493/740
f 807/506/741 808/507/741 794/493/741
f 794/493/742 808/507/742 795/494/742
f 808/507/743 809/508/743 795/494/743
f 795/494/744 809/508/744 796/495/744
f 809/508/745 810/509/745 796/495/745
f 796/495/746 810/509/746 797/496/746
f 810/509/747 811/510/747 797/496/747
f 797/496/748 811/510/748 798/497/748
f 811/510/749 812/511/749 798/497/749
f 798/497/750 812/511/750 799/498/750
f 812/511/751 813/512/751 799/498/751
f 799/498/752 813/512/752 800/499/752
f 813/512/753 814/513/753 800/499/753
f 800/499/754 814/513/754 801/500/754
f 814/513/755 815/514/755 801/500/755
f 801/500/756 815/514/756 802/501/756
f 815/514/757 816/515/757 802/501/757
f 802/501/758 816/515/758 803/502/758
f 816/515/759 817/516/759 803/502/759
f 803/502/760 817/516/760 471/503/760
f 817/516/761 472/517/761 471/503/761
f 487/78/762 397/77/762 804/412/762
f 397/77/763 396/518/763 804/412/763
f 804/412/764 396/518/764 805/504/764
f 396/518/765 395/519/765 805/504/765
f 805/504/766 395/519/766 806/505/766
f 395/519/767 394/520/767 806/505/767
f 806/505/768 394/520/768 807/506/768
f 394/520/769 393/521/769 807/506/769
f 807/506/770 393/521/770 808/507/770
f 393/521/771 392/522/771 808/507/771
f 808/507/772 392/522/772 809/508/772
f 392/522/773 391/523/773 809/508/773
f 809/508/774 391/523/774 810/509/774
f 391/523/775 390/524/775 810/509/775
f 810/509/776 390/524/776 811/510/776
f 390/524/777 389/525/777 811/510/777
f 811/510/778 389/525/778 812/511/778
f 389/525/779 388/526/779 812/511/779
f 812/511/780 388/526/780 813/512/780
f 388/526/781 387/527/781 813/512/781
f 813/512/782 387/527/782 814/513/782
f 387/527/783 386/528/783 814/513/783
f 814/513/784 386/528/784 815/514/784
f 386/528/785 385/529/785 815/514/785
f 815/514/786 385/529/786 816/515/786
f 385/529/787 384/530/787 816/515/787
f 816/515/788 384/530/788 817/516/788
f 384/530/789 383/531/789 817/516/789
f 817/516/790 383/531/790 472/517/790
f 383/531/791 48/532/791 472/517/791
f 458/533/792 428/534/792 52/535/792
f 459/536/793 818/537/793 458/533/793
f 460/538/794 819/539/794 459/536/794
f 461/540/795 821/541/795 460/538/795
f 462/542/796 824/543/796 461/540/796
f 463/544/797 828/545/797 462/542/797
f 464/546/798 833/547/798 463/544/798
f 465/548/799 839/549/799 464/546/799
f 466/550/800 846/551/800 465/548/800
f 467/552/801 854/553/801 466/550/801
f 468/554/802 863/555/802 467/552/802
f 469/556/803 873/557/803 468/554/803
f 470/558/804 884/559/804 469/556/804
f 471/560/805 896/561/805 470/558/805
f 472/75/806 909/562/806 471/560/806
f 458/533/807 818/537/807 428/534/807
f 818/537/808 429/563/808 428/534/808
f 459/536/809 819/539/809 818/537/809
f 819/539/810 820/564/810 818/537/810
f 818/537/811 820/564/811 429/563/811
f 820/564/812 430/565/812 429/563/812
f 460/538/813 821/541/813 819/539/813
f 821/541/814 822/566/814 819/539/814
f 819/539/815 822/566/815 820/564/815
f 822/566/816 823/567/816 820/564/816
f 820/564/817 823/567/817 430/565/817
f 823/567/818 431/568/818 430/565/818
f 461/540/819 824/543/819 821/541/819
f 824/543/820 825/569/820 821/541/820
f 821/541/821 825/569/821 822/566/821
f 825/569/822 826/570/822 822/566/822
f 822/566/823 826/570/823 823/567/823
f 826/570/824 827/571/824 823/567/824
f 823/567/825 827/571/825 431/568/825
f 827/571/826 432/572/826 431/568/826
f 462/542/827 828/545/827 824/543/827
f 828/545/828 829/573/828 824/543/828
f 824/543/829 829/573/829 825/569/829
f 829/573/830 830/574/830 825/569/830
f 825/569/831 830/574/831 826/570/831
f 830/574/832 831/575/832 826/570/832
f 826/570/833 831/575/833 827/571/833
f 831/575/834 832/576/834 827/571/834
f 827/571/835 832/576/835 432/572/835
f 832/576/836 433/577/836 432/572/836
f 463/544/837 833/547/837 828/545/837
f 833/547/838 834/578/838 828/545/838
f 828/545/839 834/578/839 829/573/839
f 834/578/840 835/579/840 829/573/840
f 829/573/841 835/579/841 830/574/841
f 835/579/842 836/580/842 830/574/842
f 830/574/843 836/580/843 831/575/843
f 836/580/844 837/581/844 831/575/844
f 831/575/845 837/581/845 832/576/845
f 837/581/846 838/582/846 832/576/846
f 832/576/847 838/582/847 433/577/847
f 838/582/848 434/583/848 433/577/848
f 464/546/849 839/549/849 833/547/849
f 839/549/850 840/584/850 833/547/850
f 833/547/851 840/584/851 834/578/851
f 840/584/852 841/585/852 834/578/852
f 834/578/853 841/585/853 835/579/853
f 841/585/854 842/586/854 835/579/854
f 835/579/855 842/586/855 836/580/855
f 842/586/856 843/587/856 836/580/856
f 836/580/857 843/587/857 837/581/857
f 843/587/858 844/588/858 837/581/858
f 837/581/859 844/588/859 838/582/859
f 844/588/860 845/589/860 838/582/860
f 838/582/861 845/589/861 434/583/861
f 845/589/862 435/590/862 434/583/862
f 465/548/863 846/551/863 839/549/863
f 846/551/864 847/591/864 839/549/864
f 839/549/865 847/591/865 840/584/865
f 847/591/866 848/592/866 840/584/866
f 840/584/867 848/592/867 841/585/867
f 848/592/868 849/593/868 841/585/868
f 841/585/869 849/593/869 842/586/869
f 849/593/870 850/594/870 842/586/870
f 842/586/871 850/594/871 843/587/871
f 850/594/872 851/595/872 843/587/872
f 843/587/873 851/595/873 844/588/873
f 851/595/874 852/596/874 844/588/874
f 844/588/875 852/596/875 845/589/875
f 852/596/876 853/597/876 845/589/876
f 845/589/877 853/597/877 435/590/877
f 853/597/878 436/598/878 435/590/878
f 466/550/879 854/553/879 846/551/879
f 854/553/880 855/599/880 846/551/880
f 846/551/881 855/599/881 847/591/881
f 855/599/882 856/600/882 847/591/882
f 847/591/883 856/600/883 848/592/883
f 856/600/884 857/601/884 848/592/884
f 848/592/885 857/601/885 849/593/885
f 857/601/886 858/602/886 849/593/886
f 849/593/887 858/602/887 850/594/887
f 858/602/888 859/603/888 850/594/888
f 850/594/889 859/603/889 851/595/889
f 859/603/890 860/604/890 851/595/890
f 851/595/891 860/604/891 852/596/891
f 860/604/892 861/605/892 852/596/892
f 852/596/893 861/605/893 853/597/893
f 861/605/894 862/606/894 853/597/894
f 853/597/895 862/606/895 436/598/895
f 862/606/896 437/607/896 436/598/896
f 467/552/897 863/555/897 854/553/897
f 863/555/898 864/608/898 854/553/898
f 854/553/899 864/608/899 855/599/899
f 864/608/900 865/609/900 855/599/900
f 855/599/901 865/609/901 856/600/901
f 865/609/902 866/610/902 856/600/902
f 856/600/903 866/610/903 857/601/903
f 866/610/904 867/611/904 857/601/904
f 857/601/905 867/611/905 858/602/905
f 867/611/906 868/612/906 858/602/906
f 858/602/907 868/612/907 859/603/907
f 868/612/908 869/613/908 859/603/908
f 859/603/909 869/613/909 860/604/909
f 869/613/910 870/614/910 860/604/910
f 860/604/911 870/614/911 861/605/911
f 870/614/912 871/615/912 861/605/912
f 861/605/913 871/615/913 862/606/913
f 871/615/914 872/616/914 862/606/914
f 862/606/915 872/616/915 437/607/915
f 872/616/916 438/617/916 437/607/916
f 468/554/917 873/557/917 863/555/917
f 873/557/918 874/618/918 863/555/918
f 863/555/919 874/618/919 864/608/919
f 874/618/920 875/619/920 864/608/920
f 864/608/921 875/619/921 865/609/921
f 875/619/922 876/620/922 865/609/922
f 865/609/923 876/620/923 866/610/923
f 876/620/924 877/621/924 866/610/924
f 866/610/925 877/621/925 867/611/925
f 877/621/926 878/622/926 867/611/926
f 867/611/927 878/622/927 868/612/927
f 878/622/928 879/623/928 868/612/928
f 868/612/929 879/623/929 869/613/929
f 879/623/930 880/624/930 869/613/930
f 869/613/931 880/624/931 870/614/931
f 880/624/932 881/625/932 870/614/932
f 870/614/933 881/625/933 871/615/933
f 881/625/934 882/626/934 871/615/934
f 871/615/935 882/626/935 872/616/935
f 882/626/936 883/627/936 872/616/936
f 872/616/937 883/627/937 438/617/937
f 883/627/938 439/628/938 438/617/938
f 469/556/939 884/559/939 873/557/939
f 884/559/940 885/629/940 873/557/940
f 873/557/941 885/629/941 874/618/941
f 885/629/942 886/630/942 874/618/942
f 874/618/943 886/630/943 875/619/943
f 886/630/944 887/631/944 875/619/944
f 875/619/945 887/631/945 876/620/945
f 887/631/946 888/632/946 876/620/946
f 876/620/947 888/632/947 877/621/947
f 888/632/948 889/633/948 877/621/948
f 877/621/949 889/633/949 878/622/949
f 889/633/950 890/634/950 878/622/950
f 878/622/951 890/634/951 879/623/951
f 890/634/952 891/635/952 879/623/952
f 879/623/953 891/635/953 880/624/953
f 891/635/954 892/636/954 880/624/954
f 880/624/955 892/636/955 881/625/955
f 892/636/956 893/637/956 881/625/956
f 881/625/957 893/637/957 882/626/957
f 893/637/958 894/638/958 882/626/958
f 882/626/959 894/638/959 883/627/959
f 894/638/960 895/639/960 883/627/960
f 883/627/961 895/639/961 439/628/961
f 895/639/962 440/640/962 439/628/962
f 470/558/963 896/561/963 884/559/963
f 896/561/964 897/641/964 884/559/964
f 884/559/965 897/641/965 885/629/965
f 897/641/966 898/642/966 885/629/966
f 885/629/967 898/642/967 886/630/967
f 898/642/968 899/643/968 886/630/968
f 886/630/969 899/643/969 887/631/969
f 899/643/970 900/644/970 887/631/970
f 887/631/971 900/644/971 888/632/971
f 900/644/972 901/645/972 888/632/972
f 888/632/973 901/645/973 889/633/973
f 901/645/974 902/646/974 889/633/974
f 889/633/975 902/646/975 890/634/975
f 902/646/976 903/647/976 890/634/976
f 890/634/977 903/647/977 891/635/977
f 903/647/978 904/648/978 891/635/978
f 891/635/979 904/648/979 892/636/979
f 904/648/980 905/649/980 892/636/980
f 892/636/981 905/649/981 893/637/981
f 905/649/982 906/650/982 893/637/982
f 893/637/983 906/650/983 894/638/983
f 906/650/984 907/651/984 894/638/984
f 894/638/985 907/651/985 895/639/985
f 907/651/986 908/652/986 895/639/986
f 895/639/987 908/652/987 440/640/987
f 908/652/988 441/653/988 440/640/988
f 471/560/989 909/562/989 896/561/989
f 909/562/990 910/654/990 896/561/990
f 896/561/991 910/654/991 897/641/991
f 910/654/992 911/655/992 897/641/992
f 897/641/993 911/655/993 898/642/993
f 911/655/994 912/656/994 898/642/994
f 898/642/995 912/656/995 899/643/995
f 912/656/996 913/657/996 899/643/996
f 899/643/997 913/657/997 900/644/997
f 913/657/998 914/658/998 900/644/998
f 900/644/999 914/658/999 901/645/999
f 914/658/1000 915/659/1000 901/645/1000
f 901/645/1001 915/659/1001 902/646/1001
f 915/659/1002 916/660/1002 902/646/1002
f 902/646/1003 916/660/1003 903/647/1003
f 916/660/1004 917/661/1004 903/647/1004
f 903/647/1005 917/661/1005 904/648/1005
f 917/661/1006 918/662/1006 904/648/1006
f 904/648/1007 918/662/1007 905/649/1007
f 918/662/1008 919/663/1008 905/649/1008
f 905/649/1009 919/663/1009 906/650/1009
f 919/663/1010 920/664/1010 906/650/1010
f 906/650/1011 920/664/1011 907/651/1011
f 920/664/1012 921/665/1012 907/651/1012
f 907/651/1013 921/665/1013 908/652/1013
f 921/665/1014 922/666/1014 908/652/1014
f 908/652/1015 922/666/1015 441/653/1015
f 922/666/1016 442/667/1016 441/653/1016
f 472/75/1017 382/74/1017 909/562/1017
f 382/74/1018 381/668/1018 909/562/1018
f 909/562/1019 381/668/1019 910/654/1019
f 381/668/1020 380/669/1020 910/654/1020
f 910/654/1021 380/669/1021 911/655/1021
f 380/669/1022 379/670/1022 911/655/1022
f 911/655/1023 379/670/1023 912/656/1023
f 379/670/1024 378/671/1024 912/656/1024
f 912/656/1025 378/671/1025 913/657/1025
f 378/671/1026 377/672/1026 913/657/1026
f 913/657/1027 377/672/1027 914/658/1027
f 377/672/1028 376/673/1028 914/658/1028
f 914/658/1029 376/673/1029 915/659/1029
f 376/673/1030 375/674/1030 915/659/1030
f 915/659/1031 375/674/1031 916/660/1031
f 375/674/1032 374/675/1032 916/660/1032
f 916/660/1033 374/675/1033 917/661/1033
f 374/675/1034 373/676/1034 917/661/1034
f 917/661/1035 373/676/1035 918/662/1035
f 373/676/1036 372/677/1036 918/662/1036
f 918/662/1037 372/677/1037 919/663/1037
f 372/677/1038 371/678/1038 919/663/1038
f 919/663/1039 371/678/1039 920/664/1039
f 371/678/1040 370/679/1040 920/664/1040
f 920/664/1041 370/679/1041 921/665/1041
f 370/679/1042 369/680/1042 921/665/1042
f 921/665/1043 369/680/1043 922/666/1043
f 369/680/1044 368/681/1044 922/666/1044
f 922/666/1045 368/681/1045 442/667/1045
f 368/681/1046 47/70/1046 442/667/1046
f 428/682/1047 457/683/1047 52/684/1047
f 429/685/1048 923/686/1048 428/682/1048
f 430/687/1049 924/688/1049 429/685/1049
f 431/689/1050 926/690/1050 430/687/1050
f 432/691/1051 929/692/1051 431/689/1051
f 433/693/1052 933/694/1052 432/691/1052
f 434/695/1053 938/696/1053 433/693/1053
f 435/697/1054 944/698/1054 434/695/1054
f 436/699/1055 951/700/1055 435/697/1055
f 437/701/1056 959/702/1056 436/699/1056
f 438/703/1057 968/704/1057 437/701/1057
f 439/705/1058 978/706/1058 438/703/1058
f 440/707/1059 989/708/1059 439/705/1059
f 441/709/1060 1001/710/1060 440/707/1060
f 442/72/1061 1014/711/1061 441/709/1061
f 428/682/1062 923/686/1062 457/683/1062
f 923/686/1063 456/712/1063 457/683/1063
f 429/685/1064 924/688/1064 923/686/1064
f 924/688/1065 925/713/1065 923/686/1065
f 923/686/1066 925/713/1066 456/712/1066
f 925/713/1067 455/714/1067 456/712/1067
f 430/687/1068 926/690/1068 924/688/1068
f 926/690/1069 927/715/1069 924/688/1069
f 924/688/1070 927/715/1070 925/713/1070
f 927/715/1071 928/716/1071 925/713/1071
f 925/713/1072 928/716/1072 455/714/1072
f 928/716/1073 454/717/1073 455/714/1073
f 431/689/1074 929/692/1074 926/690/1074
f 929/692/1075 930/718/1075 926/690/1075
f 926/690/1076 930/718/1076 927/715/1076
f 930/718/1077 931/719/1077 927/715/1077
f 927/715/1078 931/719/1078 928/716/1078
f 931/719/1079 932/720/1079 928/716/1079
f 928/716/1080 932/720/1080 454/717/1080
f 932/720/1081 453/721/1081 454/717/1081
f 432/691/1082 933/694/1082 929/692/1082
f 933/694/1083 934/722/1083 929/692/1083
f 929/692/1084 934/722/1084 930/718/1084
f 934/722/1085 935/723/1085 930/718/1085
f 930/718/1086 935/723/1086 931/719/1086
f 935/723/1087 936/724/1087 931/719/1087
f 931/719/1088 936/724/1088 932/720/1088
f 936/724/1089 937/725/1089 932/720/1089
f 932/720/1090 937/725/1090 453/721/1090
f 937/725/1091 452/726/1091 453/721/1091
f 433/693/1092 938/696/1092 933/694/1092
f 938/696/1093 939/727/1093 933/694/1093
f 933/694/1094 939/727/1094 934/722/1094
f 939/727/1095 940/728/1095 934/722/1095
f 934/722/1096 940/728/1096 935/723/1096
f 940/728/1097 941/729/1097 935/723/1097
f 935/723/1098 941/729/1098 936/724/1098
f 941/729/1099 942/730/1099 936/724/1099
f 936/724/1100 942/730/1100 937/725/1100
f 942/730/1101 943/731/1101 937/725/1101
f 937/725/1102 943/731/1102 452/726/1102
f 943/731/1103 451/732/1103 452/726/1103
f 434/695/1104 944/698/1104 938/696/1104
f 944/698/1105 945/733/1105 938/696/1105
f 938/696/1106 945/733/1106 939/727/1106
f 945/733/1107 946/734/1107 939/727/1107
f 939/727/1108 946/734/1108 940/728/1108
f 946/734/1109 947/735/1109 940/728/1109
f 940/728/1110 947/735/1110 941/729/1110
f 947/735/1111 948/736/1111 941/729/1111
f 941/729/1112 948/736/1112 942/730/1112
f 948/736/1113 949/737/1113 942/730/1113
f 942/730/1114 949/737/1114 943/731/1114
f 949/737/1115 950/738/1115 943/731/1115
f 943/731/1116 950/738/1116 451/732/1116
f 950/738/1117 450/739/1117 451/732/1117
f 435/697/1118 951/700/1118 944/698/1118
f 951/700/1119 952/740/1119 944/698/1119
f 944/698/1120 952/740/1120 945/733/1120
f 952/740/1121 953/741/1121 945/733/1121
f 945/733/1122 953/741/1122 946/734/1122
f 953/741/1123 954/742/1123 946/734/1123
f 946/734/1124 954/742/1124 947/735/1124
f 954/742/1125 955/743/1125 947/735/1125
f 947/735/1126 955/743/1126 948/736/1126
f 955/743/1127 956/744/1127 948/736/1127
f 948/736/1128 956/744/1128 949/737/1128
f 956/744/1129 957/745/1129 949/737/1129
f 949/737/1130 957/745/1130 950/738/1130
f 957/745/1131 958/746/1131 950/738/1131
f 950/738/1132 958/746/1132 450/739/1132
f 958/746/1133 449/747/1133 450/739/1133
f 436/699/1134 959/702/1134 951/700/1134
f 959/702/1135 960/748/1135 951/700/1135
f 951/700/1136 960/748/1136 952/740/1136
f 960/748/1137 961/749/1137 952/740/1137
f 952/740/1138 961/749/1138 953/741/1138
f 961/749/1139 962/750/1139 953/741/1139
f 953/741/1140 962/750/1140 954/742/1140
f 962/750/1141 963/751/1141 954/742/1141
f 954/742/1142 963/751/1142 955/743/1142
f 963/751/1143 964/752/1143 955/743/1143
f 955/743/1144 964/752/1144 956/744/1144
f 964/752/1145 965/753/1145 956/744/1145
f 956/744/1146 965/753/1146 957/745/1146
f 965/753/1147 966/754/1147 957/745/1147
f 957/745/1148 966/754/1148 958/746/1148
f 966/754/1149 967/755/1149 958/746/1149
f 958/746/1150 967/755/1150 449/747/1150
f 967/755/1151 448/756/1151 449/747/1151
f 437/701/1152 968/704/1152 959/702/1152
f 968/704/1153 969/757/1153 959/702/1153
f 959/702/1154 969/757/1154 960/748/1154
f 969/757/1155 970/758/1155 960/748/1155
f 960/748/1156 970/758/1156 961/749/1156
f 970/758/1157 971/759/1157 961/749/1157
f 961/749/1158 971/759/1158 962/750/1158
f 971/759/1159 972/760/1159 962/750/1159
f 962/750/1160 972/760/1160 963/751/1160
f 972/760/1161 973/761/1161 963/751/1161
f 963/751/1162 973/761/1162 964/752/1162
f 973/761/1163 974/762/1163 964/752/1163
f 964/752/1164 974/762/1164 965/753/1164
f 974/762/1165 975/763/1165 965/753/1165
f 965/753/1166 975/763/1166 966/754/1166
f 975/763/1167 976/764/1167 966/754/1167
f 966/754/1168 976/764/1168 967/755/1168
f 976/764/1169 977/765/1169 967/755/1169
f 967/755/1170 977/765/1170 448/756/1170
f 977/765/1171 447/766/1171 448/756/1171
f 438/703/1172 978/706/1172 968/704/1172
f 978/706/1173 979/767/1173 968/704/1173
f 968/704/1174 979/767/1174 969/757/1174
f 979/767/1175 980/768/1175 969/757/1175
f 969/757/1176 980/768/1176 970/758/1176
f 980/768/1177 981/769/1177 970/758/1177
f 970/758/1178 981/769/1178 971/759/1178
f 981/769/1179 982/770/1179 971/759/1179
f 971/759/1180 982/770/1180 972/760/1180
f 982/770/1181 983/771/1181 972/760/1181
f 972/760/1182 983/771/1182 973/761/1182
f 983/771/1183 984/772/1183 973/761/1183
f 973/761/1184 984/772/1184 974/762/1184
f 984/772/1185 985/773/1185 974/762/1185
f 974/762/1186 985/773/1186 975/763/1186
f 985/773/1187 986/774/1187 975/763/1187
f 975/763/1188 986/774/1188 976/764/1188
f 986/774/1189 987/775/1189 976/764/1189
f 976/764/1190 987/775/1190 977/765/1190
f 987/775/1191 988/776/1191 977/765/1191
f 977/765/1192 988/776/1192 447/766/1192
f 988/776/1193 446/777/1193 447/766/1193
f 439/705/1194 989/708/1194 978/706/1194
f 989/708/1195 990/778/1195 978/706/1195
f 978/706/1196 990/778/1196 979/767/1196
f 990/778/1197 991/779/1197 979/767/1197
f 979/767/1198 991/779/1198 980/768/1198
f 991/779/1199 992/780/1199 980/768/1199
f 980/768/1200 992/780/1200 981/769/1200
f 992/780/1201 993/781/1201 981/769/1201
f 981/769/1202 993/781/1202 982/770/1202
f 993/781/1203 994/782/1203 982/770/1203
f 982/770/1204 994/782/1204 983/771/1204
f 994/782/1205 995/783/1205 983/771/1205
f 983/771/1206 995/783/1206 984/772/1206
f 995/783/1207 996/784/1207 984/772/1207
f 984/772/1208 996/784/1208 985/773/1208
f 996/784/1209 997/785/1209 985/773/1209
f 985/773/1210 997/785/1210 986/774/1210
f 997/785/1211 998/786/1211 986/774/1211
f 986/774/1212 998/786/1212 987/775/1212
f 998/786/1213 999/787/1213 987/775/1213
f 987/775/1214 999/787/1214 988/776/1214
f 999/787/1215 1000/788/1215 988/776/1215
f 988/776/1216 1000/788/1216 446/777/1216
f 1000/788/1217 445/789/1217 446/777/1217
f 440/707/1218 1001/710/1218 989/708/1218
f 1001/710/1219 1002/790/1219 989/708/1219
f 989/708/1220 1002/790/1220 990/778/1220
f 1002/790/1221 1003/791/1221 990/778/1221
f 990/778/1222 1003/791/1222 991/779/1222
f 1003/791/1223 1004/792/1223 991/779/1223
f 991/779/1224 1004/792/1224 992/780/1224
f 1004/792/1225 1005/793/1225 992/780/1225
f 992/780/1226 1005/793/1226 993/781/1226
f 1005/793/1227 1006/794/1227 993/781/1227
f 993/781/1228 1006/794/1228 994/782/1228
f 1006/794/1229 1007/795/1229 994/782/1229
f 994/782/1230 1007/795/1230 995/783/1230
f 1007/795/1231 1008/796/1231 995/783/1231
f 995/783/1232 1008/796/1232 996/784/1232
f 1008/796/1233 1009/797/1233 996/784/1233
f 996/784/1234 1009/797/1234 997/785/1234
f 1009/797/1235 1010/798/1235 997/785/1235
f 997/785/1236 1010/798/1236 998/786/1236
f 1010/798/1237 1011/799/1237 998/786/1237
f 998/786/1238 1011/799/1238 999/787/1238
f 1011/799/1239 1012/800/1239 999/787/1239
f 999/787/1240 1012/800/1240 1000/788/1240
f 1012/800/1241 1013/801/1241 1000/788/1241
f 1000/788/1242 1013/801/1242 445/789/1242
f 1013/801/1243 444/802/1243 445/789/1243
f 441/709/1244 1014/711/1244 1001/710/1244
f 1014/711/1245 1015/803/1245 1001/710/1245
f 1001/710/1246 1015/803/1246 1002/790/1246
f 1015/803/1247 1016/804/1247 1002/790/1247
f 1002/790/1248 1016/804/1248 1003/791/1248
f 1016/804/1249 1017/805/1249 1003/791/1249
f 1003/791/1250 1017/805/1250 1004/792/1250
f 1017/805/1251 1018/806/1251 1004/792/1251
f 1004/792/1252 1018/806/1252 1005/793/1252
f 1018/806/1253 1019/807/1253 1005/793/1253
f 1005/793/1254 1019/807/1254 1006/794/1254
f 1019/807/1255 1020/808/1255 1006/794/1255
f 1006/794/1256 1020/808/1256 1007/795/1256
f 1020/808/1257 1021/809/1257 1007/795/1257
f 1007/795/1258 1021/809/1258 1008/796/1258
f 1021/809/1259 1022/810/1259 1008/796/1259
f 1008/796/1260 1022/810/1260 1009/797/1260
f 1022/810/1261 1023/811/1261 1009/797/1261
f 1009/797/1262 1023/811/1262 1010/798/1262
f 1023/811/1263 1024/812/1263 1010/798/1263
f 1010/798/1264 1024/812/1264 1011/799/1264
f 1024/812/1265 1025/813/1265 1011/799/1265
f 1011/799/1266 1025/813/1266 1012/800/1266
f 1025/813/1267 1026/814/1267 1012/800/1267
f 1012/800/1268 1026/814/1268 1013/801/1268
f 1026/814/1269 1027/815/1269 1013/801/1269
f 1013/801/1270 1027/815/1270 444/802/1270
f 1027/815/1271 443/816/1271 444/802/1271
f 442/72/1272 367/71/1272 1014/711/1272
f 367/71/1273 366/817/1273 1014/711/1273
f 1014/711/1274 366/817/1274 1015/803/1274
f 366/817/1275 365/818/1275 1015/803/1275
f 1015/803/1276 365/818/1276 1016/804/1276
f 365/818/1277 364/819/1277 1016/804/1277
f 1016/804/1278 364/819/1278 1017/805/1278
f 364/819/1279 363/820/1279 1017/805/1279
f 1017/805/1280 363/820/1280 1018/806/1280
f 363/820/1281 362/821/1281 1018/806/1281
f 1018/806/1282 362/821/1282 1019/807/1282
f 362/821/1283 361/822/1283 1019/807/1283
f 1019/807/1284 361/822/1284 1020/808/1284
f 361/822/1285 360/823/1285 1020/808/1285
f 1020/808/1286 360/823/1286 1021/809/1286
f 360/823/1287 359/824/1287 1021/809/1287
f 1021/809/1288 359/824/1288 1022/810/1288
f 359/824/1289 358/825/1289 1022/810/1289
f 1022/810/1290 358/825/1290 1023/811/1290
f 358/825/1291 357/826/1291 1023/811/1291
f 1023/811/1292 357/826/1292 1024/812/1292
f 357/826/1293 356/827/1293 1024/812/1293
f 1024/812/1294 356/827/1294 1025/813/1294
f 356/827/1295 355/828/1295 1025/813/1295
f 1025/813/1296 355/828/1296 1026/814/1296
f 355/828/1297 354/829/1297 1026/814/1297
f 1026/814/1298 354/829/1298 1027/815/1298
f 354/829/1299 353/830/1299 1027/815/1299
f 1027/815/1300 353/830/1300 443/816/1300
f 353/830/1301 51/82/1301 443/816/1301
f 232/831/1302 427/83/1302 51/82/1302
f 231/832/1303 1028/833/1303 232/831/1303
f 230/834/1304 1029/835/1304 231/832/1304
f 229/836/1305 1031/837/1305 230/834/1305
f 228/838/1306 1034/839/1306 229/836/1306
f 227/840/1307 1038/841/1307 228/838/1307
f 226/842/1308 1043/843/1308 227/840/1308
f 225/844/1309 1049/845/1309 226/842/1309
f 224/846/1310 1056/847/1310 225/844/1310
f 223/848/1311 1064/849/1311 224/846/1311
f 222/850/1312 1073/851/1312 223/848/1312
f 221/852/1313 1083/853/1313 222/850/1313
f 220/854/1314 1094/855/1314 221/852/1314
f 219/856/1315 1106/857/1315 220/854/1315
f 218/69/1316 1119/858/1316 219/856/1316
f 232/831/1317 1028/833/1317 427/83/1317
f 1028/833/1318 426/220/1318 427/83/1318
f 231/832/1319 1029/835/1319 1028/833/1319
f 1029/835/1320 1030/859/1320 1028/833/1320
f 1028/833/1321 1030/859/1321 426/220/1321
f 1030/859/1322 425/221/1322 426/220/1322
f 230/834/1323 1031/837/1323 1029/835/1323
f 1031/837/1324 1032/860/1324 1029/835/1324
f 1029/835/1325 1032/860/1325 1030/859/1325
f 1032/860/1326 1033/861/1326 1030/859/1326
f 1030/859/1327 1033/861/1327 425/221/1327
f 1033/861/1328 424/222/1328 425/221/1328
f 229/836/1329 1034/839/1329 1031/837/1329
f 1034/839/1330 1035/862/1330 1031/837/1330
f 1031/837/1331 1035/862/1331 1032/860/1331
f 1035/862/1332 1036/863/1332 1032/860/1332
f 1032/860/1333 1036/863/1333 1033/861/1333
f 1036/863/1334 1037/864/1334 1033/861/1334
f 1033/861/1335 1037/864/1335 424/222/1335
f 1037/864/1336 423/223/1336 424/222/1336
f 228/838/1337 1038/841/1337 1034/839/1337
f 1038/841/1338 1039/865/1338 1034/839/1338
f 1034/839/1339 1039/865/1339 1035/862/1339
f 1039/865/1340 1040/866/1340 1035/862/1340
f 1035/862/1341 1040/866/1341 1036/863/1341
f 1040/866/1342 1041/867/1342 1036/863/1342
f 1036/863/1343 1041/867/1343 1037/864/1343
f 1041/867/1344 1042/868/1344 1037/864/1344
f 1037/864/1345 1042/868/1345 423/223/1345
f 1042/868/1346 422/224/1346 423/223/1346
f 227/840/1347 1043/843/1347 1038/841/1347
f 1043/843/1348 1044/869/1348 1038/841/1348
f 1038/841/1349 1044/869/1349 1039/865/1349
f 1044/869/1350 1045/870/1350 1039/865/1350
f 1039/865/1351 1045/870/1351 1040/866/1351
f 1045/870/1352 1046/871/1352 1040/866/1352
f 1040/866/1353 1046/871/1353 1041/867/1353
f 1046/871/1354 1047/872/1354 1041/867/1354
f 1041/867/1355 1047/872/1355 1042/868/1355
f 1047/872/1356 1048/873/1356 1042/868/1356
f 1042/868/1357 1048/873/1357 422/224/1357
f 1048/873/1358 421/225/1358 422/224/1358
f 226/842/1359 1049/845/1359 1043/843/1359
f 1049/845/1360 1050/874/1360 1043/843/1360
f 1043/843/1361 1050/874/1361 1044/869/1361
f 1050/874/1362 1051/875/1362 1044/869/1362
f 1044/869/1363 1051/875/1363 1045/870/1363
f 1051/875/1364 1052/876/1364 1045/870/1364
f 1045/870/1365 1052/876/1365 1046/871/1365
f 1052/876/1366 1053/877/1366 1046/871/1366
f 1046/871/1367 1053/877/1367 1047/872/1367
f 1053/877/1368 1054/878/1368 1047/872/1368
f 1047/872/1369 1054/878/1369 1048/873/1369
f 1054/878/1370 1055/879/1370 1048/873/1370
f 1048/873/1371 1055/879/1371 421/225/1371
f 1055/879/1372 420/226/1372 421/225/1372
f 225/844/1373 1056/847/1373 1049/845/1373
f 1056/847/1374 1057/880/1374 1049/845/1374
f 1049/845/1375 1057/880/1375 1050/874/1375
f 1057/880/1376 1058/881/1376 1050/874/1376
f 1050/874/1377 1058/881/1377 1051/875/1377
f 1058/881/1378 1059/882/1378 1051/875/1378
f 1051/875/1379 1059/882/1379 1052/876/1379
f 1059/882/1380 1060/883/1380 1052/876/1380
f 1052/876/1381 1060/883/1381 1053/877/1381
f 1060/883/1382 1061/884/1382 1053/877/1382
f 1053/877/1383 1061/884/1383 1054/878/1383
f 1061/884/1384 1062/885/1384 1054/878/1384
f 1054/878/1385 1062/885/1385 1055/879/1385
f 1062/885/1386 1063/886/1386 1055/879/1386
f 1055/879/1387 1063/886/1387 420/226/1387
f 1063/886/1388 419/227/1388 420/226/1388
f 224/846/1389 1064/849/1389 1056/847/1389
f 1064/849/1390 1065/887/1390 1056/847/1390
f 1056/847/1391 1065/887/1391 1057/880/1391
f 1065/887/1392 1066/888/1392 1057/880/1392
f 1057/880/1393 1066/888/1393 1058/881/1393
f 1066/888/1394 1067/889/1394 1058/881/1394
f 1058/881/1395 1067/889/1395 1059/882/1395
f 1067/889/1396 1068/890/1396 1059/882/1396
f 1059/882/1397 1068/890/1397 1060/883/1397
f 1068/890/1398 1069/891/1398 1060/883/1398
f 1060/883/1399 1069/891/1399 1061/884/1399
f 1069/891/1400 1070/892/1400 1061/884/1400
f 1061/884/1401 1070/892/1401 1062/885/1401
f 1070/892/1402 1071/893/1402 1062/885/1402
f 1062/885/1403 1071/893/1403 1063/886/1403
f 1071/893/1404 1072/894/1404 1063/886/1404
f 1063/886/1405 1072/894/1405 419/227/1405
f 1072/894/1406 418/228/1406 419/227/1406
f 223/848/1407 1073/851/1407 1064/849/1407
f 1073/851/1408 1074/895/1408 1064/849/1408
f 1064/849/1409 1074/895/1409 1065/887/1409
f 1074/895/1410 1075/896/1410 1065/887/1410
f 1065/887/1411 1075/896/1411 1066/888/1411
f 1075/896/1412 1076/897/1412 1066/888/1412
f 1066/888/1413 1076/897/1413 1067/889/1413
f 1076/897/1414 1077/898/1414 1067/889/1414
f 1067/889/1415 1077/898/1415 1068/890/1415
f 1077/898/1416 1078/899/1416 1068/890/1416
f 1068/890/1417 1078/899/1417 1069/891/1417
f 1078/899/1418 1079/900/1418 1069/891/1418
f 1069/891/1419 1079/900/1419 1070/892/1419
f 1079/900/1420 1080/901/1420 1070/892/1420
f 1070/892/1421 1080/901/1421 1071/893/1421
f 1080/901/1422 1081/902/1422 1071/893/1422
f 1071/893/1423 1081/902/1423 1072/894/1423
f 1081/902/1424 1082/903/1424 1072/894/1424
f 1072/894/1425 1082/903/1425 418/228/1425
f 1082/903/1426 417/229/1426 418/228/1426
f 222/850/1427 1083/853/1427 1073/851/1427
f 1083/853/1428 1084/904/1428 1073/851/1428
f 1073/851/1429 1084/904/1429 1074/895/1429
f 1084/904/1430 1085/905/1430 1074/895/1430
f 1074/895/1431 1085/905/1431 1075/896/1431
f 1085/905/1432 1086/906/1432 1075/896/1432
f 1075/896/1433 1086/906/1433 1076/897/1433
f 1086/906/1434 1087/907/1434 1076/897/1434
f 1076/897/1435 1087/907/1435 1077/898/1435
f 1087/907/1436 1088/908/1436 1077/898/1436
f 1077/898/1437 1088/908/1437 1078/899/1437
f 1088/908/1438 1089/909/1438 1078/899/1438
f 1078/899/1439 1089/909/1439 1079/900/1439
f 1089/909/1440 1090/910/1440 1079/900/1440
f 1079/900/1441 1090/910/1441 1080/901/1441
f 1090/910/1442 1091/911/1442 1080/901/1442
f 1080/901/1443 1091/911/1443 1081/902/1443
f 1091/911/1444 1092/912/1444 1081/902/1444
f 1081/902/1445 1092/912/1445 1082/903/1445
f 1092/912/1446 1093/913/1446 1082/903/1446
f 1082/903/1447 1093/913/1447 417/229/1447
f 1093/913/1448 416/230/1448 417/229/1448
f 221/852/1449 1094/855/1449 1083/853/1449
f 1094/855/1450 1095/914/1450 1083/853/1450
f 1083/853/1451 1095/914/1451 1084/904/1451
f 1095/914/1452 1096/915/1452 1084/904/1452
f 1084/904/1453 1096/915/1453 1085/905/1453
f 1096/915/1454 1097/916/1454 1085/905/1454
f 1085/905/1455 1097/916/1455 1086/906/1455
f 1097/916/1456 1098/917/1456 1086/906/1456
f 1086/906/1457 1098/917/1457 1087/907/1457
f 1098/917/1458 1099/918/1458 1087/907/1458
f 1087/907/1459 1099/918/1459 1088/908/1459
f 1099/918/1460 1100/919/1460 1088/908/1460
f 1088/908/1461 1100/919/1461 1089/909/1461
f 1100/919/1462 1101/920/1462 1089/909/1462
f 1089/909/1463 1101/920/1463 1090/910/1463
f 1101/920/1464 1102/921/1464 1090/910/1464
f 1090/910/1465 1102/921/1465 1091/911/1465
f 1102/921/1466 1103/922/1466 1091/911/1466
f 1091/911/1467 1103/922/1467 1092/912/1467
f 1103/922/1468 1104/923/1468 1092/912/1468
f 1092/912/1469 1104/923/1469 1093/913/1469
f 1104/923/1470 1105/924/1470 1093/913/1470
f 1093/913/1471 1105/924/1471 416/230/1471
f 1105/924/1472 415/231/1472 416/230/1472
f 220/854/1473 1106/857/1473 1094/855/1473
f 1106/857/1474 1107/925/1474 1094/855/1474
f 1094/855/1475 1107/925/1475 1095/914/1475
f 1107/925/1476 1108/926/1476 1095/914/1476
f 1095/914/1477 1108/926/1477 1096/915/1477
f 1108/926/1478 1109/927/1478 1096/915/1478
f 1096/915/1479 1109/927/1479 1097/916/1479
f 1109/927/1480 1110/928/1480 1097/916/1480
f 1097/916/1481 1110/928/1481 1098/917/1481
f 1110/928/1482 1111/929/1482 1098/917/1482
f 1098/917/1483 1111/929/1483 1099/918/1483
f 1111/929/1484 1112/930/1484 1099/918/1484
f 1099/918/1485 1112/930/1485 1100/919/1485
f 1112/930/1486 1113/931/1486 1100/919/1486
f 1100/919/1487 1113/931/1487 1101/920/1487
f 1113/931/1488 1114/932/1488 1101/920/1488
f 1101/920/1489 1114/932/1489 1102/921/1489
f 1114/932/1490 1115/933/1490 1102/921/1490
f 1102/921/1491 1115/933/1491 1103/922/1491
f 1115/933/1492 1116/934/1492 1103/922/1492
f 1103/922/1493 1116/934/1493 1104/923/1493
f 1116/934/1494 1117/935/1494 1104/923/1494
f 1104/923/1495 1117/935/1495 1105/924/1495
f 1117/935/1496 1118/936/1496 1105/924/1496
f 1105/924/1497 1118/936/1497 415/231/1497
f 1118/936/1498 414/232/1498 415/231/1498
f 219/856/1499 1119/858/1499 1106/857/1499
f 1119/858/1500 1120/937/1500 1106/857/1500
f 1106/857/1501 1120/937/1501 1107/925/1501
f 1120/937/1502 1121/938/1502 1107/925/1502
f 1107/925/1503 1121/938/1503 1108/926/1503
f 1121/938/1504 1122/939/1504 1108/926/1504
f 1108/926/1505 1122/939/1505 1109/927/1505
f 1122/939/1506 1123/940/1506 1109/927/1506
f 1109/927/1507 1123/940/1507 1110/928/1507
f 1123/940/1508 1124/941/1508 1110/928/1508
f 1110/928/1509 1124/941/1509 1111/929/1509
f 1124/941/1510 1125/942/1510 1111/929/1510
f 1111/929/1511 1125/942/1511 1112/930/1511
f 1125/942/1512 1126/943/1512 1112/930/1512
f 1112/930/1513 1126/943/1513 1113/931/1513
f 1126/943/1514 1127/944/1514 1113/931/1514
f 1113/931/1515 1127/944/1515 1114/932/1515
f 1127/944/1516 1128/945/1516 1114/932/1516
f 1114/932/1517 1128/945/1517 1115/933/1517
f 1128/945/1518 1129/946/1518 1115/933/1518
f 1115/933/1519 1129/946/1519 1116/934/1519
f 1129/946/1520 1130/947/1520 1116/934/1520
f 1116/934/1521 1130/947/1521 1117/935/1521
f 1130/947/1522 1131/948/1522 1117/935/1522
f 1117/935/1523 1131/948/1523 1118/936/1523
f 1131/948/1524 1132/949/1524 1118/936/1524
f 1118/936/1525 1132/949/1525 414/232/1525
f 1132/949/1526 413/233/1526 414/232/1526
f 218/69/1527 337/64/1527 1119/858/1527
f 337/64/1528 336/950/1528 1119/858/1528
f 1119/858/1529 336/950/1529 1120/937/1529
f 336/950/1530 335/951/1530 1120/937/1530
f 1120/937/1531 335/951/1531 1121/938/1531
f 335/951/1532 334/952/1532 1121/938/1532
f 1121/938/1533 334/952/1533 1122/939/1533
f 334/952/1534 333/953/1534 1122/939/1534
f 1122/939/1535 333/953/1535 1123/940/1535
f 333/953/1536 332/954/1536 1123/940/1536
f 1123/940/1537 332/954/1537 1124/941/1537
f 332/954/1538 331/955/1538 1124/941/1538
f 1124/941/1539 331/955/1539 1125/942/1539
f 331/955/1540 330/956/1540 1125/942/1540
f 1125/942/1541 330/956/1541 1126/943/1541
f 330/956/1542 329/957/1542 1126/943/1542
f 1126/943/1543 329/957/1543 1127/944/1543
f 329/957/1544 328/958/1544 1127/944/1544
f 1127/944/1545 328/958/1545 1128/945/1545
f 328/958/1546 327/959/1546 1128/945/1546
f 1128/945/1547 327/959/1547 1129/946/1547
f 327/959/1548 326/960/1548 1129/946/1548
f 1129/946/1549 326/960/1549 1130/947/1549
f 326/960/1550 325/961/1550 1130/947/1550
f 1130/947/1551 325/961/1551 1131/948/1551
f 325/961/1552 324/962/1552 1131/948/1552
f 1131/948/1553 324/962/1553 1132/949/1553
f 324/962/1554 323/963/1554 1132/949/1554
f 1132/949/1555 323/963/1555 413/233/1555
f 323/963/1556 50/79/1556 413/233/1556
f 352/964/1557 412/80/1557 50/79/1557
f 351/965/1558 1133/966/1558 352/964/1558
f 350/967/1559 1134/968/1559 351/965/1559
f 349/969/1560 1136/970/1560 350/967/1560
f 348/971/1561 1139/972/1561 349/969/1561
f 347/973/1562 1143/974/1562 348/971/1562
f 346/975/1563 1148/976/1563 347/973/1563
f 345/977/1564 1154/978/1564 346/975/1564
f 344/979/1565 1161/980/1565 345/977/1565
f 343/981/1566 1169/982/1566 344/979/1566
f 342/983/1567 1178/984/1567 343/981/1567
f 341/985/1568 1188/986/1568 342/983/1568
f 340/987/1569 1199/988/1569 341/985/1569
f 339/989/1570 1211/990/1570 340/987/1570
f 338/68/1571 1224/991/1571 339/989/1571
f 352/964/1572 1133/966/1572 412/80/1572
f 1133/966/1573 411/369/1573 412/80/1573
f 351/965/1574 1134/968/1574 1133/966/1574
f 1134/968/1575 1135/992/1575 1133/966/1575
f 1133/966/1576 1135/992/1576 411/369/1576
f 1135/992/1577 410/370/1577 411/369/1577
f 350/967/1578 1136/970/1578 1134/968/1578
f 1136/970/1579 1137/993/1579 1134/968/1579
f 1134/968/1580 1137/993/1580 1135/992/1580
f 1137/993/1581 1138/994/1581 1135/992/1581
f 1135/992/1582 1138/994/1582 410/370/1582
f 1138/994/1583 409/371/1583 410/370/1583
f 349/969/1584 1139/972/1584 1136/970/1584
f 1139/972/1585 1140/995/1585 1136/970/1585
f 1136/970/1586 1140/995/1586 1137/993/1586
f 1140/995/1587 1141/996/1587 1137/993/1587
f 1137/993/1588 1141/996/1588 1138/994/1588
f 1141/996/1589 1142/997/1589 1138/994/1589
f 1138/994/1590 1142/997/1590 409/371/1590
f 1142/997/1591 408/372/1591 409/371/1591
f 348/971/1592 1143/974/1592 1139/972/1592
f 1143/974/1593 1144/998/1593 1139/972/1593
f 1139/972/1594 1144/998/1594 1140/995/1594
f 1144/998/1595 1145/999/1595 1140/995/1595
f 1140/995/1596 1145/999/1596 1141/996/1596
f 1145/999/1597 1146/1000/1597 1141/996/1597
f 1141/996/1598 1146/1000/1598 1142/997/1598
f 1146/1000/1599 1147/1001/1599 1142/997/1599
f 1142/997/1600 1147/1001/1600 408/372/1600
f 1147/1001/1601 407/373/1601 408/372/1601
f 347/973/1602 1148/976/1602 1143/974/1602
f 1148/976/1603 1149/1002/1603 1143/974/1603
f 1143/974/1604 1149/1002/1604 1144/998/1604
f 1149/1002/1605 1150/1003/1605 1144/998/1605
f 1144/998/1606 1150/1003/1606 1145/999/1606
f 1150/1003/1607 1151/1004/1607 1145/999/1607
f 1145/999/1608 1151/1004/1608 1146/1000/1608
f 1151/1004/1609 1152/1005/1609 1146/1000/1609
f 1146/1000/1610 1152/1005/1610 1147/1001/1610
f 1152/1005/1611 1153/1006/1611 1147/1001/1611
f 1147/1001/1612 1153/1006/1612 407/373/1612
f 1153/1006/1613 406/374/1613 407/373/1613
f 346/975/1614 1154/978/1614 1148/976/1614
f 1154/978/1615 1155/1007/1615 1148/976/1615
f 1148/976/1616 1155/1007/1616 1149/1002/1616
f 1155/1007/1617 1156/1008/1617 1149/1002/1617
f 1149/1002/1618 1156/1008/1618 1150/1003/1618
f 1156/1008/1619 1157/1009/1619 1150/1003/1619
f 1150/1003/1620 1157/1009/1620 1151/1004/1620
f 1157/1009/1621 1158/1010/1621 1151/1004/1621
f 1151/1004/1622 1158/1010/1622 1152/1005/1622
f 1158/1010/1623 1159/1011/1623 1152/1005/1623
f 1152/1005/1624 1159/1011/1624 1153/1006/1624
f 1159/1011/1625 1160/1012/1625 1153/1006/1625
f 1153/1006/1626 1160/1012/1626 406/374/1626
f 1160/1012/1627 405/375/1627 406/374/1627
f 345/977/1628 1161/980/1628 1154/978/1628
f 1161/980/1629 1162/1013/1629 1154/978/1629
f 1154/978/1630 1162/1013/1630 1155/1007/1630
f 1162/1013/1631 1163/1014/1631 1155/1007/1631
f 1155/1007/1632 1163/1014/1632 1156/1008/1632
f 1163/1014/1633 1164/1015/1633 1156/1008/1633
f 1156/1008/1634 1164/1015/1634 1157/1009/1634
f 1164/1015/1635 1165/1016/1635 1157/1009/1635
f 1157/1009/1636 1165/1016/1636 1158/1010/1636
f 1165/1016/1637 1166/1017/1637 1158/1010/1637
f 1158/1010/1638 1166/1017/1638 1159/1011/1638
f 1166/1017/1639 1167/1018/1639 1159/1011/1639
f 1159/1011/1640 1167/1018/1640 1160/1012/1640
f 1167/1018/1641 1168/1019/1641 1160/1012/1641
f 1160/1012/1642 1168/1019/1642 405/375/1642
f 1168/1019/1643 404/376/1643 405/375/1643
f 344/979/1644 1169/982/1644 1161/980/1644
f 1169/982/1645 1170/1020/1645 1161/980/1645
f 1161/980/1646 1170/1020/1646 1162/1013/1646
f 1170/1020/1647 1171/1021/1647 1162/1013/1647
f 1162/1013/1648 1171/1021/1648 1163/1014/1648
f 1171/1021/1649 1172/1022/1649 1163/1014/1649
f 1163/1014/1650 1172/1022/1650 1164/1015/1650
f 1172/1022/1651 1173/1023/1651 1164/1015/1651
f 1164/1015/1652 1173/1023/1652 1165/1016/1652
f 1173/1023/1653 1174/1024/1653 1165/1016/1653
f 1165/1016/1654 1174/1024/1654 1166/1017/1654
f 1174/1024/1655 1175/1025/1655 1166/1017/1655
f 1166/1017/1656 1175/1025/1656 1167/1018/1656
f 1175/1025/1657 1176/1026/1657 1167/1018/1657
f 1167/1018/1658 1176/1026/1658 1168/1019/1658
f 1176/1026/1659 1177/1027/1659 1168/1019/1659
f 1168/1019/1660 1177/1027/1660 404/376/1660
f 1177/1027/1661 403/377/1661 404/376/1661
f 343/981/1662 1178/984/1662 1169/982/1662
f 1178/984/1663 1179/1028/1663 1169/982/1663
f 1169/982/1664 1179/1028/1664 1170/1020/1664
f 1179/1028/1665 1180/1029/1665 1170/1020/1665
f 1170/1020/1666 1180/1029/1666 1171/1021/1666
f 1180/1029/1667 1181/1030/1667 1171/1021/1667
f 1171/1021/1668 1181/1030/1668 1172/1022/1668
f 1181/1030/1669 1182/1031/1669 1172/1022/1669
f 1172/1022/1670 1182/1031/1670 1173/1023/1670
f 1182/1031/1671 1183/1032/1671 1173/1023/1671
f 1173/1023/1672 1183/1032/1672 1174/1024/1672
f 1183/1032/1673 1184/1033/1673 1174/1024/1673
f 1174/1024/1674 1184/1033/1674 1175/1025/1674
f 1184/1033/1675 1185/1034/1675 1175/1025/1675
f 1175/1025/1676 1185/1034/1676 1176/1026/1676
f 1185/1034/1677 1186/1035/1677 1176/1026/1677
f 1176/1026/1678 1186/1035/1678 1177/1027/1678
f 1186/1035/1679 1187/1036/1679 1177/1027/1679
f 1177/1027/1680 1187/1036/1680 403/377/1680
f 1187/1036/1681 402/378/1681 403/377/1681
f 342/983/1682 1188/986/1682 1178/984/1682
f 1188/986/1683 1189/1037/1683 1178/984/1683
f 1178/984/1684 1189/1037/1684 1179/1028/1684
f 1189/1037/1685 1190/1038/1685 1179/1028/1685
f 1179/1028/1686 1190/1038/1686 1180/1029/1686
f 1190/1038/1687 1191/1039/1687 1180/1029/1687
f 1180/1029/1688 1191/1039/1688 1181/1030/1688
f 1191/1039/1689 1192/1040/1689 1181/1030/1689
f 1181/1030/1690 1192/1040/1690 1182/1031/1690
f 1192/1040/1691 1193/1041/1691 1182/1031/1691
f 1182/1031/1692 1193/1041/1692 1183/1032/1692
f 1193/1041/1693 1194/1042/1693 1183/1032/1693
f 1183/1032/1694 1194/1042/1694 1184/1033/1694
f 1194/1042/1695 1195/1043/1695 1184/1033/1695
f 1184/1033/1696 1195/1043/1696 1185/1034/1696
f 1195/1043/1697 1196/1044/1697 1185/1034/1697
f 1185/1034/1698 1196/1044/1698 1186/1035/1698
f 1196/1044/1699 1197/1045/1699 1186/1035/1699
f 1186/1035/1700 1197/1045/1700 1187/1036/1700
f 1197/1045/1701 1198/1046/1701 1187/1036/1701
f 1187/1036/1702 1198/1046/1702 402/378/1702
f 1198/1046/1703 401/379/1703 402/378/1703
f 341/985/1704 1199/988/1704 1188/986/1704
f 1199/988/1705 1200/1047/1705 1188/986/1705
f 1188/986/1706 1200/1047/1706 1189/1037/1706
f 1200/1047/1707 1201/1048/1707 1189/1037/1707
f 1189/1037/1708 1201/1048/1708 1190/1038/1708
f 1201/1048/1709 1202/1049/1709 1190/1038/1709
f 1190/1038/1710 1202/1049/1710 1191/1039/1710
f 1202/1049/1711 1203/1050/1711 1191/1039/1711
f 1191/1039/1712 1203/1050/1712 1192/1040/1712
f 1203/1050/1713 1204/1051/1713 1192/1040/1713
f 1192/1040/1714 1204/1051/1714 1193/1041/1714
f 1204/1051/1715 1205/1052/1715 1193/1041/1715
f 1193/1041/1716 1205/1052/1716 1194/1042/1716
f 1205/1052/1717 1206/1053/1717 1194/1042/1717
f 1194/1042/1718 1206/1053/1718 1195/1043/1718
f 1206/1053/1719 1207/1054/1719 1195/1043/1719
f 1195/1043/1720 1207/1054/1720 1196/1044/1720
f 1207/1054/1721 1208/1055/1721 1196/1044/1721
f 1196/1044/1722 1208/1055/1722 1197/1045/1722
f 1208/1055/1723 1209/1056/1723 1197/1045/1723
f 1197/1045/1724 1209/1056/1724 1198/1046/1724
f 1209/1056/1725 1210/1057/1725 1198/1046/1725
f 1198/1046/1726 1210/1057/1726 401/379/1726
f 1210/1057/1727 400/380/1727 401/379/1727
f 340/987/1728 1211/990/1728 1199/988/1728
f 1211/990/1729 1212/1058/1729 1199/988/1729
f 1199/988/1730 1212/1058/1730 1200/1047/1730
f 1212/1058/1731 1213/1059/1731 1200/1047/1731
f 1200/1047/1732 1213/1059/1732 1201/1048/1732
f 1213/1059/1733 1214/1060/1733 1201/1048/1733
f 1201/1048/1734 1214/1060/1734 1202/1049/1734
f 1214/1060/1735 1215/1061/1735 1202/1049/1735
f 1202/1049/1736 1215/1061/1736 1203/1050/1736
f 1215/1061/1737 1216/1062/1737 1203/1050/1737
f 1203/1050/1738 1216/1062/1738 1204/1051/1738
f 1216/1062/1739 1217/1063/1739 1204/1051/1739
f 1204/1051/1740 1217/1063/1740 1205/1052/1740
f 1217/1063/1741 1218/1064/1741 1205/1052/1741
f 1205/1052/1742 1218/1064/1742 1206/1053/1742
f 1218/1064/1743 1219/1065/1743 1206/1053/1743
f 1206/1053/1744 1219/1065/1744 1207/1054/1744
f 1219/1065/1745 1220/1066/1745 1207/1054/1745
f 1207/1054/1746 1220/1066/1746 1208/1055/1746
f 1220/1066/1747 1221/1067/1747 1208/1055/1747
f 1208/1055/1748 1221/1067/1748 1209/1056/1748
f 1221/1067/1749 1222/1068/1749 1209/1056/1749
f 1209/1056/1750 1222/1068/1750 1210/1057/1750
f 1222/1068/1751 1223/1069/1751 1210/1057/1751
f 1210/1057/1752 1223/1069/1752 400/380/1752
f 1223/1069/1753 399/381/1753 400/380/1753
f 339/989/1754 1224/991/1754 1211/990/1754
f 1224/991/1755 1225/1070/1755 1211/990/1755
f 1211/990/1756 1225/1070/1756 1212/1058/1756
f 1225/1070/1757 1226/1071/1757 1212/1058/1757
f 1212/1058/1758 1226/1071/1758 1213/1059/1758
f 1226/1071/1759 1227/1072/1759 1213/1059/1759
f 1213/1059/1760 1227/1072/1760 1214/1060/1760
f 1227/1072/1761 1228/1073/1761 1214/1060/1761
f 1214/1060/1762 1228/1073/1762 1215/1061/1762
f 1228/1073/1763 1229/1074/1763 1215/1061/1763
f 1215/1061/1764 1229/1074/1764 1216/1062/1764
f 1229/1074/1765 1230/1075/1765 1216/1062/1765
f 1216/1062/1766 1230/1075/1766 1217/1063/1766
f 1230/1075/1767 1231/1076/1767 1217/1063/1767
f 1217/1063/1768 1231/1076/1768 1218/1064/1768
f 1231/1076/1769 1232/1077/1769 1218/1064/1769
f 1218/1064/1770 1232/1077/1770 1219/1065/1770
f 1232/1077/1771 1233/1078/1771 1219/1065/1771
f 1219/1065/1772 1233/1078/1772 1220/1066/1772
f 1233/1078/1773 1234/1079/1773 1220/1066/1773
f 1220/1066/1774 1234/1079/1774 1221/1067/1774
f 1234/1079/1775 1235/1080/1775 1221/1067/1775
f 1221/1067/1776 1235/1080/1776 1222/1068/1776
f 1235/1080/1777 1236/1081/1777 1222/1068/1777
f 1222/1068/1778 1236/1081/1778 1223/1069/1778
f 1236/1081/1779 1237/1082/1779 1223/1069/1779
f 1223/1069/1780 1237/1082/1780 399/381/1780
f 1237/1082/1781 398/382/1781 399/381/1781
f 338/68/1782 307/61/1782 1224/991/1782
f 307/61/1783 306/1083/1783 1224/991/1783
f 1224/991/1784 306/1083/1784 1225/1070/1784
f 306/1083/1785 305/1084/1785 1225/1070/1785
f 1225/1070/1786 305/1084/1786 1226/1071/1786
f 305/1084/1787 304/1085/1787 1226/1071/1787
f 1226/1071/1788 304/1085/1788 1227/1072/1788
f 304/1085/1789 303/1086/1789 1227/1072/1789
f 1227/1072/1790 303/1086/1790 1228/1073/1790
f 303/1086/1791 302/1087/1791 1228/1073/1791
f 1228/1073/1792 302/1087/1792 1229/1074/1792
f 302/1087/1793 301/1088/1793 1229/1074/1793
f 1229/1074/1794 301/1088/1794 1230/1075/1794
f 301/1088/1795 300/1089/1795 1230/1075/1795
f 1230/1075/1796 300/1089/1796 1231/1076/1796
f 300/1089/1797 299/1090/1797 1231/1076/1797
f 1231/1076/1798 299/1090/1798 1232/1077/1798
f 299/1090/1799 298/1091/1799 1232/1077/1799
f 1232/1077/1800 298/1091/1800 1233/1078/1800
f 298/1091/1801 297/1092/1801 1233/1078/1801
f 1233/1078/1802 297/1092/1802 1234/1079/1802
f 297/1092/1803 296/1093/1803 1234/1079/1803
f 1234/1079/1804 296/1093/1804 1235/1080/1804
f 296/1093/1805 295/1094/1805 1235/1080/1805
f 1235/1080/1806 295/1094/1806 1236/1081/1806
f 295/1094/1807 294/1095/1807 1236/1081/1807
f 1236/1081/1808 294/1095/1808 1237/1082/1808
f 294/1095/1809 293/1096/1809 1237/1082/1809
f 1237/1082/1810 293/1096/1810 398/382/1810
f 293/1096/1811 49/76/1811 398/382/1811
f 322/1097/1812 397/77/1812 49/76/1812
f 321/1098/1813 1238/1099/1813 322/1097/1813
f 320/1100/1814 1239/1101/1814 321/1098/1814
f 319/1102/1815 1241/1103/1815 320/1100/1815
f 318/1104/1816 1244/1105/1816 319/1102/1816
f 317/1106/1817 1248/1107/1817 318/1104/1817
f 316/1108/1818 1253/1109/1818 317/1106/1818
f 315/1110/1819 1259/1111/1819 316/1108/1819
f 314/1112/1820 1266/1113/1820 315/1110/1820
f 313/1114/1821 1274/1115/1821 314/1112/1821
f 312/1116/1822 1283/1117/1822 313/1114/1822
f 311/1118/1823 1293/1119/1823 312/1116/1823
f 310/1120/1824 1304/1121/1824 311/1118/1824
f 309/1122/1825 1316/1123/1825 310/1120/1825
f 308/67/1826 1329/1124/1826 309/1122/1826
f 322/1097/1827 1238/1099/1827 397/77/1827
f 1238/1099/1828 396/518/1828 397/77/1828
f 321/1098/1829 1239/1101/1829 1238/1099/1829
f 1239/1101/1830 1240/1125/1830 1238/1099/1830
f 1238/1099/1831 1240/1125/1831 396/518/1831
f 1240/1125/1832 395/519/1832 396/518/1832
f 320/1100/1833 1241/1103/1833 1239/1101/1833
f 1241/1103/1834 1242/1126/1834 1239/1101/1834
f 1239/1101/1835 1242/1126/1835 1240/1125/1835
f 1242/1126/1836 1243/1127/1836 1240/1125/1836
f 1240/1125/1837 1243/1127/1837 395/519/1837
f 1243/1127/1838 394/520/1838 395/519/1838
f 319/1102/1839 1244/1105/1839 1241/1103/1839
f 1244/1105/1840 1245/1128/1840 1241/1103/1840
f 1241/1103/1841 1245/1128/1841 1242/1126/1841
f 1245/1128/1842 1246/1129/1842 1242/1126/1842
f 1242/1126/1843 1246/1129/1843 1243/1127/1843
f 1246/1129/1844 1247/1130/1844 1243/1127/1844
f 1243/1127/1845 1247/1130/1845 394/520/1845
f 1247/1130/1846 393/521/1846 394/520/1846
f 318/1104/1847 1248/1107/1847 1244/1105/1847
f 1248/1107/1848 1249/1131/1848 1244/1105/1848
f 1244/1105/1849 1249/1131/1849 1245/1128/1849
f 1249/1131/1850 1250/1132/1850 1245/1128/1850
f 1245/1128/1851 1250/1132/1851 1246/1129/1851
f 1250/1132/1852 1251/1133/1852 1246/1129/1852
f 1246/1129/1853 1251/1133/1853 1247/1130/1853
f 1251/1133/1854 1252/1134/1854 1247/1130/1854
f 1247/1130/1855 1252/1134/1855 393/521/1855
f 1252/1134/1856 392/522/1856 393/521/1856
f 317/1106/1857 1253/1109/1857 1248/1107/1857
f 1253/1109/1858 1254/1135/1858 1248/1107/1858
f 1248/1107/1859 1254/1135/1859 1249/1131/1859
f 1254/1135/1860 1255/1136/1860 1249/1131/1860
f 1249/1131/1861 1255/1136/1861 1250/1132/1861
f 1255/1136/1862 1256/1137/1862 1250/1132/1862
f 1250/1132/1863 1256/1137/1863 1251/1133/1863
f 1256/1137/1864 1257/1138/1864 1251/1133/1864
f 1251/1133/1865 1257/1138/1865 1252/1134/1865
f 1257/1138/1866 1258/1139/1866 1252/1134/1866
f 1252/1134/1867 1258/1139/1867 392/522/1867
f 1258/1139/1868 391/523/1868 392/522/1868
f 316/1108/1869 1259/1111/1869 1253/1109/1869
f 1259/1111/1870 1260/1140/1870 1253/1109/1870
f 1253/1109/1871 1260/1140/1871 1254/1135/1871
f 1260/1140/1872 1261/1141/1872 1254/1135/1872
f 1254/1135/1873 1261/1141/1873 1255/1136/1873
f 1261/1141/1874 1262/1142/1874 1255/1136/1874
f 1255/1136/1875 1262/1142/1875 1256/1137/1875
f 1262/1142/1876 1263/1143/1876 1256/1137/1876
f 1256/1137/1877 1263/1143/1877 1257/1138/1877
f 1263/1143/1878 1264/1144/1878 1257/1138/1878
f 1257/1138/1879 1264/1144/1879 1258/1139/1879
f 1264/1144/1880 1265/1145/1880 1258/1139/1880
f 1258/1139/1881 1265/1145/1881 391/523/1881
f 1265/1145/1882 390/524/1882 391/523/1882
f 315/1110/1883 1266/1113/1883 1259/1111/1883
f 1266/1113/1884 1267/1146/1884 1259/1111/1884
f 1259/1111/1885 1267/1146/1885 1260/1140/1885
f 1267/1146/1886 1268/1147/1886 1260/1140/1886
f 1260/1140/1887 1268/1147/1887 1261/1141/1887
f 1268/1147/1888 1269/1148/1888 1261/1141/1888
f 1261/1141/1889 1269/1148/1889 1262/1142/1889
f 1269/1148/1890 1270/1149/1890 1262/1142/1890
f 1262/1142/1891 1270/1149/1891 1263/1143/1891
f 1270/1149/1892 1271/1150/1892 1263/1143/1892
f 1263/1143/1893 1271/1150/1893 1264/1144/1893
f 1271/1150/1894 1272/1151/1894 1264/1144/1894
f 1264/1144/1895 1272/1151/1895 1265/1145/1895
f 1272/1151/1896 1273/1152/1896 1265/1145/1896
f 1265/1145/1897 1273/1152/1897 390/524/1897
f 1273/1152/1898 389/525/1898 390/524/1898
f 314/1112/1899 1274/1115/1899 1266/1113/1899
f 1274/1115/1900 1275/1153/1900 1266/1113/1900
f 1266/1113/1901 1275/1153/1901 1267/1146/1901
f 1275/1153/1902 1276/1154/1902 1267/1146/1902
f 1267/1146/1903 1276/1154/1903 1268/1147/1903
f 1276/1154/1904 1277/1155/1904 1268/1147/1904
f 1268/1147/1905 1277/1155/1905 1269/1148/1905
f 1277/1155/1906 1278/1156/1906 1269/1148/1906
f 1269/1148/1907 1278/1156/1907 1270/1149/1907
f 1278/1156/1908 1279/1157/1908 1270/1149/1908
f 1270/1149/1909 1279/1157/1909 1271/1150/1909
f 1279/1157/1910 1280/1158/1910 1271/1150/1910
f 1271/1150/1911 1280/1158/1911 1272/1151/1911
f 1280/1158/1912 1281/1159/1912 1272/1151/1912
f 1272/1151/1913 1281/1159/1913 1273/1152/1913
f 1281/1159/1914 1282/1160/1914 1273/1152/1914
f 1273/1152/1915 1282/1160/1915 389/525/1915
f 1282/1160/1916 388/526/1916 389/525/1916
f 313/1114/1917 1283/1117/1917 1274/1115/1917
f 1283/1117/1918 1284/1161/1918 1274/1115/1918
f 1274/1115/1919 1284/1161/1919 1275/1153/1919
f 1284/1161/1920 1285/1162/1920 1275/1153/1920
f 1275/1153/1921 1285/1162/1921 1276/1154/1921
f 1285/1162/1922 1286/1163/1922 1276/1154/1922
f 1276/1154/1923 1286/1163/1923 1277/1155/1923
f 1286/1163/1924 1287/1164/1924 1277/1155/1924
f 1277/1155/1925 1287/1164/1925 1278/1156/1925
f 1287/1164/1926 1288/1165/1926 1278/1156/1926
f 1278/1156/1927 1288/1165/1927 1279/1157/1927
f 1288/1165/1928 1289/1166/1928 1279/1157/1928
f 1279/1157/1929 1289/1166/1929 1280/1158/1929
f 1289/1166/1930 1290/1167/1930 1280/1158/1930
f 1280/1158/1931 1290/1167/1931 1281/1159/1931
f 1290/1167/1932 1291/1168/1932 1281/1159/1932
f 1281/1159/1933 1291/1168/1933 1282/1160/1933
f 1291/1168/1934 1292/1169/1934 1282/1160/1934
f 1282/1160/1935 1292/1169/1935 388/526/1935
f 1292/1169/1936 387/527/1936 388/526/1936
f 312/1116/1937 1293/1119/1937 1283/1117/1937
f 1293/1119/1938 1294/1170/1938 1283/1117/1938
f 1283/1117/1939 1294/1170/1939 1284/1161/1939
f 1294/1170/1940 1295/1171/1940 1284/1161/1940
f 1284/1161/1941 1295/1171/1941 1285/1162/1941
f 1295/1171/1942 1296/1172/1942 1285/1162/1942
f 1285/1162/1943 1296/1172/1943 1286/1163/1943
f 1296/1172/1944 1297/1173/1944 1286/1163/1944
f 1286/1163/1945 1297/1173/1945 1287/1164/1945
f 1297/1173/1946 1298/1174/1946 1287/1164/1946
f 1287/1164/1947 1298/1174/1947 1288/1165/1947
f 1298/1174/1948 1299/1175/1948 1288/1165/1948
f 1288/1165/1949 1299/1175/1949 1289/1166/1949
f 1299/1175/1950 1300/1176/1950 1289/1166/1950
f 1289/1166/1951 1300/1176/1951 1290/1167/1951
f 1300/1176/1952 1301/1177/1952 1290/1167/1952
f 1290/1167/1953 1301/1177/1953 1291/1168/1953
f 1301/1177/1954 1302/1178/1954 1291/1168/1954
f 1291/1168/1955 1302/1178/1955 1292/1169/1955
f 1302/1178/1956 1303/1179/1956 1292/1169/1956
f 1292/1169/1957 1303/1179/1957 387/527/1957
f 1303/1179/1958 386/528/1958 387/527/1958
f 311/1118/1959 1304/1121/1959 1293/1119/1959
f 1304/1121/1960 1305/1180/1960 1293/1119/1960
f 1293/1119/1961 1305/1180/1961 1294/1170/1961
f 1305/1180/1962 1306/1181/1962 1294/1170/1962
f 1294/1170/1963 1306/1181/1963 1295/1171/1963
f 1306/1181/1964 1307/1182/1964 1295/1171/1964
f 1295/1171/1965 1307/1182/1965 1296/1172/1965
f 1307/1182/1966 1308/1183/1966 1296/1172/1966
f 1296/1172/1967 1308/1183/1967 1297/1173/1967
f 1308/1183/1968 1309/1184/1968 1297/1173/1968
f 1297/1173/1969 1309/1184/1969 1298/1174/1969
f 1309/1184/1970 1310/1185/1970 1298/1174/1970
f 1298/1174/1971 1310/1185/1971 1299/1175/1971
f 1310/1185/1972 1311/1186/1972 1299/1175/1972
f 1299/1175/1973 1311/1186/1973 1300/1176/1973
f 1311/1186/1974 1312/1187/1974 1300/1176/1974
f 1300/1176/1975 1312/1187/1975 1301/1177/1975
f 1312/1187/1976 1313/1188/1976 1301/1177/1976
f 1301/1177/1977 1313/1188/1977 1302/1178/1977
f 1313/1188/1978 1314/1189/1978 1302/1178/1978
f 1302/1178/1979 1314/1189/1979 1303/1179/1979
f 1314/1189/1980 1315/1190/1980 1303/1179/1980
f 1303/1179/1981 1315/1190/1981 386/528/1981
f 1315/1190/1982 385/529/1982 386/528/1982
f 310/1120/1983 1316/1123/1983 1304/1121/1983
f 1316/1123/1984 1317/1191/1984 1304/1121/1984
f 1304/1121/1985 1317/1191/1985 1305/1180/1985
f 1317/1191/1986 1318/1192/1986 1305/1180/1986
f 1305/1180/1987 1318/1192/1987 1306/1181/1987
f 1318/1192/1988 1319/1193/1988 1306/1181/1988
f 1306/1181/1989 1319/1193/1989 1307/1182/1989
f 1319/1193/1990 1320/1194/1990 1307/1182/1990
f 1307/1182/1991 1320/1194/1991 1308/1183/1991
f 1320/1194/1992 1321/1195/1992 1308/1183/1992
f 1308/1183/1993 1321/1195/1993 1309/1184/1993
f 1321/1195/1994 1322/1196/1994 1309/1184/1994
f 1309/1184/1995 1322/1196/1995 1310/1185/1995
f 1322/1196/1996 1323/1197/1996 1310/1185/1996
f 1310/1185/1997 1323/1197/1997 1311/1186/1997
f 1323/1197/1998 1324/1198/1998 1311/1186/1998
f 1311/1186/1999 1324/1198/1999 1312/1187/1999
f 1324/1198/2000 1325/1199/2000 1312/1187/2000
f 1312/1187/2001 1325/1199/2001 1313/1188/2001
f 1325/1199/2002 1326/1200/2002 1313/1188/2002
f 1313/1188/2003 1326/1200/2003 1314/1189/2003
f 1326/1200/2004 1327/1201/2004 1314/1189/2004
f 1314/1189/2005 1327/1201/2005 1315/1190/2005
f 1327/1201/2006 1328/1202/2006 1315/1190/2006
f 1315/1190/2007 1328/1202/2007 385/529/2007
f 1328/1202/2008 384/530/2008 385/529/2008
f 309/1122/2009 1329/1124/2009 1316/1123/2009
f 1329/1124/2010 1330/1203/2010 1316/1123/2010
f 1316/1123/2011 1330/1203/2011 1317/1191/2011
f 1330/1203/2012 1331/1204/2012 1317/1191/2012
f 1317/1191/2013 1331/1204/2013 1318/1192/2013
f 1331/1204/2014 1332/1205/2014 1318/1192/2014
f 1318/1192/2015 1332/1205/2015 1319/1193/2015
f 1332/1205/2016 1333/1206/2016 1319/1193/2016
f 1319/1193/2017 1333/1206/2017 1320/1194/2017
f 1333/1206/2018 1334/1207/2018 1320/1194/2018
f 1320/1194/2019 1334/1207/2019 1321/1195/2019
f 1334/1207/2020 1335/1208/2020 1321/1195/2020
f 1321/1195/2021 1335/1208/2021 1322/1196/2021
f 1335/1208/2022 1336/1209/2022 1322/1196/2022
f 1322/1196/2023 1336/1209/2023 1323/1197/2023
f 1336/1209/2024 1337/1210/2024 1323/1197/2024
f 1323/1197/2025 1337/1210/2025 1324/1198/2025
f 1337/1210/2026 1338/1211/2026 1324/1198/2026
f 1324/1198/2027 1338/1211/2027 1325/1199/2027
f 1338/1211/2028 1339/1212/2028 1325/1199/2028
f 1325/1199/2029 1339/1212/2029 1326/1200/2029
f 1339/1212/2030 1340/1213/2030 1326/1200/2030
f 1326/1200/2031 1340/1213/2031 1327/1201/2031
f 1340/1213/2032 1341/1214/2032 1327/1201/2032
f 1327/1201/2033 1341/1214/2033 1328/1202/2033
f 1341/1214/2034 1342/1215/2034 1328/1202/2034
f 1328/1202/2035 1342/1215/2035 384/530/2035
f 1342/1215/2036 383/531/2036 384/530/2036
f 308/67/2037 277/58/2037 1329/1124/2037
f 277/58/2038 276/1216/2038 1329/1124/2038
f 1329/1124/2039 276/1216/2039 1330/1203/2039
f 276/1216/2040 275/1217/2040 1330/1203/2040
f 1330/1203/2041 275/1217/2041 1331/1204/2041
f 275/1217/2042 274/1218/2042 1331/1204/2042
f 1331/1204/2043 274/1218/2043 1332/1205/2043
f 274/1218/2044 273/1219/2044 1332/1205/2044
f 1332/1205/2045 273/1219/2045 1333/1206/2045
f 273/1219/2046 272/1220/2046 1333/1206/2046
f 1333/1206/2047 272/1220/2047 1334/1207/2047
f 272/1220/2048 271/1221/2048 1334/1207/2048
f 1334/1207/2049 271/1221/2049 1335/1208/2049
f 271/1221/2050 270/1222/2050 1335/1208/2050
f 1335/1208/2051 270/1222/2051 1336/1209/2051
f 270/1222/2052 269/1223/2052 1336/1209/2052
f 1336/1209/2053 269/1223/2053 1337/1210/2053
f 269/1223/2054 268/1224/2054 1337/1210/2054
f 1337/1210/2055 268/1224/2055 1338/1211/2055
f 268/1224/2056 267/1225/2056 1338/1211/2056
f 1338/1211/2057 267/1225/2057 1339/1212/2057
f 267/1225/2058 266/1226/2058 1339/1212/2058
f 1339/1212/2059 266/1226/2059 1340/1213/2059
f 266/1226/2060 265/1227/2060 1340/1213/2060
f 1340/1213/2061 265/1227/2061 1341/1214/2061
f 265/1227/2062 264/1228/2062 1341/1214/2062
f 1341/1214/2063 264/1228/2063 1342/1215/2063
f 264/1228/2064 263/1229/2064 1342/1215/2064
f 1342/1215/2065 263/1229/2065 383/531/2065
f 263/1229/2066 48/532/2066 383/531/2066
f 292/1230/2067 382/74/2067 48/73/2067
f 291/1231/2068 1343/1232/2068 292/1230/2068
f 290/1233/2069 1344/1234/2069 291/1231/2069
f 289/1235/2070 1346/1236/2070 290/1233/2070
f 288/1237/2071 1349/1238/2071 289/1235/2071
f 287/1239/2072 1353/1240/2072 288/1237/2072
f 286/1241/2073 1358/1242/2073 287/1239/2073
f 285/1243/2074 1364/1244/2074 286/1241/2074
f 284/1245/2075 1371/1246/2075 285/1243/2075
f 283/1247/2076 1379/1248/2076 284/1245/2076
f 282/1249/2077 1388/1250/2077 283/1247/2077
f 281/1251/2078 1398/1252/2078 282/1249/2078
f 280/1253/2079 1409/1254/2079 281/1251/2079
f 279/1255/2080 1421/1256/2080 280/1253/2080
f 278/66/2081 1434/1257/2081 279/1255/2081
f 292/1230/2082 1343/1232/2082 382/74/2082
f 1343/1232/2083 381/668/2083 382/74/2083
f 291/1231/2084 1344/1234/2084 1343/1232/2084
f 1344/1234/2085 1345/1258/2085 1343/1232/2085
f 1343/1232/2086 1345/1258/2086 381/668/2086
f 1345/1258/2087 380/669/2087 381/668/2087
f 290/1233/2088 1346/1236/2088 1344/1234/2088
f 1346/1236/2089 1347/1259/2089 1344/1234/2089
f 1344/1234/2090 1347/1259/2090 1345/1258/2090
f 1347/1259/2091 1348/1260/2091 1345/1258/2091
f 1345/1258/2092 1348/1260/2092 380/669/2092
f 1348/1260/2093 379/670/2093 380/669/2093
f 289/1235/2094 1349/1238/2094 1346/1236/2094
f 1349/1238/2095 1350/1261/2095 1346/1236/2095
f 1346/1236/2096 1350/1261/2096 1347/1259/2096
f 1350/1261/2097 1351/1262/2097 1347/1259/2097
f 1347/1259/2098 1351/1262/2098 1348/1260/2098
f 1351/1262/2099 1352/1263/2099 1348/1260/2099
f 1348/1260/2100 1352/1263/2100 379/670/2100
f 1352/1263/2101 378/671/2101 379/670/2101
f 288/1237/2102 1353/1240/2102 1349/1238/2102
f 1353/1240/2103 1354/1264/2103 1349/1238/2103
f 1349/1238/2104 1354/1264/2104 1350/1261/2104
f 1354/1264/2105 1355/1265/2105 1350/1261/2105
f 1350/1261/2106 1355/1265/2106 1351/1262/2106
f 1355/1265/2107 1356/1266/2107 1351/1262/2107
f 1351/1262/2108 1356/1266/2108 1352/1263/2108
f 1356/1266/2109 1357/1267/2109 1352/1263/2109
f 1352/1263/2110 1357/1267/2110 378/671/2110
f 1357/1267/2111 377/672/2111 378/671/2111
f 287/1239/2112 1358/1242/2112 1353/1240/2112
f 1358/1242/2113 1359/1268/2113 1353/1240/2113
f 1353/1240/2114 1359/1268/2114 1354/1264/2114
f 1359/1268/2115 1360/1269/2115 1354/1264/2115
f 1354/1264/2116 1360/1269/2116 1355/1265/2116
f 1360/1269/2117 1361/1270/2117 1355/1265/2117
f 1355/1265/2118 1361/1270/2118 1356/1266/2118
f 1361/1270/2119 1362/1271/2119 1356/1266/2119
f 1356/1266/2120 1362/1271/2120 1357/1267/2120
f 1362/1271/2121 1363/1272/2121 1357/1267/2121
f 1357/1267/2122 1363/1272/2122 377/672/2122
f 1363/1272/2123 376/673/2123 377/672/2123
f 286/1241/2124 1364/1244/2124 1358/1242/2124
f 1364/1244/2125 1365/1273/2125 1358/1242/2125
f 1358/1242/2126 1365/1273/2126 1359/1268/2126
f 1365/1273/2127 1366/1274/2127 1359/1268/2127
f 1359/1268/2128 1366/1274/2128 1360/1269/2128
f 1366/1274/2129 1367/1275/2129 1360/1269/2129
f 1360/1269/2130 1367/1275/2130 1361/1270/2130
f 1367/1275/2131 1368/1276/2131 1361/1270/2131
f 1361/1270/2132 1368/1276/2132 1362/1271/2132
f 1368/1276/2133 1369/1277/2133 1362/1271/2133
f 1362/1271/2134 1369/1277/2134 1363/1272/2134
f 1369/1277/2135 1370/1278/2135 1363/1272/2135
f 1363/1272/2136 1370/1278/2136 376/673/2136
f 1370/1278/2137 375/674/2137 376/673/2137
f 285/1243/2138 1371/1246/2138 1364/1244/2138
f 1371/1246/2139 1372/1279/2139 1364/1244/2139
f 1364/1244/2140 1372/1279/2140 1365/1273/2140
f 1372/1279/2141 1373/1280/2141 1365/1273/2141
f 1365/1273/2142 1373/1280/2142 1366/1274/2142
f 1373/1280/2143 1374/1281/2143 1366/1274/2143
f 1366/1274/2144 1374/1281/2144 1367/1275/2144
f 1374/1281/2145 1375/1282/2145 1367/1275/2145
f 1367/1275/2146 1375/1282/2146 1368/1276/2146
f 1375/1282/2147 1376/1283/2147 1368/1276/2147
f 1368/1276/2148 1376/1283/2148 1369/1277/2148
f 1376/1283/2149 1377/1284/2149 1369/1277/2149
f 1369/1277/2150 1377/1284/2150 1370/1278/2150
f 1377/1284/2151 1378/1285/2151 1370/1278/2151
f 1370/1278/2152 1378/1285/2152 375/674/2152
f 1378/1285/2153 374/675/2153 375/674/2153
f 284/1245/2154 1379/1248/2154 1371/1246/2154
f 1379/1248/2155 1380/1286/2155 1371/1246/2155
f 1371/1246/2156 1380/1286/2156 1372/1279/2156
f 1380/1286/2157 1381/1287/2157 1372/1279/2157
f 1372/1279/2158 1381/1287/2158 1373/1280/2158
f 1381/1287/2159 1382/1288/2159 1373/1280/2159
f 1373/1280/2160 1382/1288/2160 1374/1281/2160
f 1382/1288/2161 1383/1289/2161 1374/1281/2161
f 1374/1281/2162 1383/1289/2162 1375/1282/2162
f 1383/1289/2163 1384/1290/2163 1375/1282/2163
f 1375/1282/2164 1384/1290/2164 1376/1283/2164
f 1384/1290/2165 1385/1291/2165 1376/1283/2165
f 1376/1283/2166 1385/1291/2166 1377/1284/2166
f 1385/1291/2167 1386/1292/2167 1377/1284/2167
f 1377/1284/2168 1386/1292/2168 1378/1285/2168
f 1386/1292/2169 1387/1293/2169 1378/1285/2169
f 1378/1285/2170 1387/1293/2170 374/675/2170
f 1387/1293/2171 373/676/2171 374/675/2171
f 283/1247/2172 1388/1250/2172 1379/1248/2172
f 1388/1250/2173 1389/1294/2173 1379/1248/2173
f 1379/1248/2174 1389/1294/2174 1380/1286/2174
f 1389/1294/2175 1390/1295/2175 1380/1286/2175
f 1380/1286/2176 1390/1295/2176 1381/1287/2176
f 1390/1295/2177 1391/1296/2177 1381/1287/2177
f 1381/1287/2178 1391/1296/2178 1382/1288/2178
f 1391/1296/2179 1392/1297/2179 1382/1288/2179
f 1382/1288/2180 1392/1297/2180 1383/1289/2180
f 1392/1297/2181 1393/1298/2181 1383/1289/2181
f 1383/1289/2182 1393/1298/2182 1384/1290/2182
f 1393/1298/2183 1394/1299/2183 1384/1290/2183
f 1384/1290/2184 1394/1299/2184 1385/1291/2184
f 1394/1299/2185 1395/1300/2185 1385/1291/2185
f 1385/1291/2186 1395/1300/2186 1386/1292/2186
f 1395/1300/2187 1396/1301/2187 1386/1292/2187
f 1386/1292/2188 1396/1301/2188 1387/1293/2188
f 1396/1301/2189 1397/1302/2189 1387/1293/2189
f 1387/1293/2190 1397/1302/2190 373/676/2190
f 1397/1302/2191 372/677/2191 373/676/2191
f 282/1249/2192 1398/1252/2192 1388/1250/2192
f 1398/1252/2193 1399/1303/2193 1388/1250/2193
f 1388/1250/2194 1399/1303/2194 1389/1294/2194
f 1399/1303/2195 1400/1304/2195 1389/1294/2195
f 1389/1294/2196 1400/1304/2196 1390/1295/2196
f 1400/1304/2197 1401/1305/2197 1390/1295/2197
f 1390/1295/2198 1401/1305/2198 1391/1296/2198
f 1401/1305/2199 1402/1306/2199 1391/1296/2199
f 1391/1296/2200 1402/1306/2200 1392/1297/2200
f 1402/1306/2201 1403/1307/2201 1392/1297/2201
f 1392/1297/2202 1403/1307/2202 1393/1298/2202
f 1403/1307/2203 1404/1308/2203 1393/1298/2203
f 1393/1298/2204 1404/1308/2204 1394/1299/2204
f 1404/1308/2205 1405/1309/2205 1394/1299/2205
f 1394/1299/2206 1405/1309/2206 1395/1300/2206
f 1405/1309/2207 1406/1310/2207 1395/1300/2207
f 1395/1300/2208 1406/1310/2208 1396/1301/2208
f 1406/1310/2209 1407/1311/2209 1396/1301/2209
f 1396/1301/2210 1407/1311/2210 1397/1302/2210
f 1407/1311/2211 1408/1312/2211 1397/1302/2211
f 1397/1302/2212 1408/1312/2212 372/677/2212
f 1408/1312/2213 371/678/2213 372/677/2213
f 281/1251/2214 1409/1254/2214 1398/1252/2214
f 1409/1254/2215 1410/1313/2215 1398/1252/2215
f 1398/1252/2216 1410/1313/2216 1399/1303/2216
f 1410/1313/2217 1411/1314/2217 1399/1303/2217
f 1399/1303/2218 1411/1314/2218 1400/1304/2218
f 1411/1314/2219 1412/1315/2219 1400/1304/2219
f 1400/1304/2220 1412/1315/2220 1401/1305/2220
f 1412/1315/2221 1413/1316/2221 1401/1305/2221
f 1401/1305/2222 1413/1316/2222 1402/1306/2222
f 1413/1316/2223 1414/1317/2223 1402/1306/2223
f 1402/1306/2224 1414/1317/2224 1403/1307/2224
f 1414/1317/2225 1415/1318/2225 1403/1307/2225
f 1403/1307/2226 1415/1318/2226 1404/1308/2226
f 1415/1318/2227 1416/1319/2227 1404/1308/2227
f 1404/1308/2228 1416/1319/2228 1405/1309/2228
f 1416/1319/2229 1417/1320/2229 1405/1309/2229
f 1405/1309/2230 1417/1320/2230 1406/1310/2230
f 1417/1320/2231 1418/1321/2231 1406/1310/2231
f 1406/1310/2232 1418/1321/2232 1407/1311/2232
f 1418/1321/2233 1419/1322/2233 1407/1311/2233
f 1407/1311/2234 1419/1322/2234 1408/1312/2234
f 1419/1322/2235 1420/1323/2235 1408/1312/2235
f 1408/1312/2236 1420/1323/2236 371/678/2236
f 1420/1323/2237 370/679/2237 371/678/2237
f 280/1253/2238 1421/1256/2238 1409/1254/2238
f 1421/1256/2239 1422/1324/2239 1409/1254/2239
f 1409/1254/2240 1422/1324/2240 1410/1313/2240
f 1422/1324/2241 1423/1325/2241 1410/1313/2241
f 1410/1313/2242 1423/1325/2242 1411/1314/2242
f 1423/1325/2243 1424/1326/2243 1411/1314/2243
f 1411/1314/2244 1424/1326/2244 1412/1315/2244
f 1424/1326/2245 1425/1327/2245 1412/1315/2245
f 1412/1315/2246 1425/1327/2246 1413/1316/2246
f 1425/1327/2247 1426/1328/2247 1413/1316/2247
f 1413/1316/2248 1426/1328/2248 1414/1317/2248
f 1426/1328/2249 1427/1329/2249 1414/1317/2249
f 1414/1317/2250 1427/1329/2250 1415/1318/2250
f 1427/1329/2251 1428/1330/2251 1415/1318/2251
f 1415/1318/2252 1428/1330/2252 1416/1319/2252
f 1428/1330/2253 1429/1331/2253 1416/1319/2253
f 1416/1319/2254 1429/1331/2254 1417/1320/2254
f 1429/1331/2255 1430/1332/2255 1417/1320/2255
f 1417/1320/2256 1430/1332/2256 1418/1321/2256
f 1430/1332/2257 1431/1333/2257 1418/1321/2257
f 1418/1321/2258 1431/1333/2258 1419/1322/2258
f 1431/1333/2259 1432/1334/2259 1419/1322/2259
f 1419/1322/2260 1432/1334/2260 1420/1323/2260
f 1432/1334/2261 1433/1335/2261 1420/1323/2261
f 1420/1323/2262 1433/1335/2262 370/679/2262
f 1433/1335/2263 369/680/2263 370/679/2263
f 279/1255/2264 1434/1257/2264 1421/1256/2264
f 1434/1257/2265 1435/1336/2265 1421/1256/2265
f 1421/1256/2266 1435/1336/2266 1422/1324/2266
f 1435/1336/2267 1436/1337/2267 1422/1324/2267
f 1422/1324/2268 1436/1337/2268 1423/1325/2268
f 1436/1337/2269 1437/1338/2269 1423/1325/2269
f 1423/1325/2270 1437/1338/2270 1424/1326/2270
f 1437/1338/2271 1438/1339/2271 1424/1326/2271
f 1424/1326/2272 1438/1339/2272 1425/1327/2272
f 1438/1339/2273 1439/1340/2273 1425/1327/2273
f 1425/1327/2274 1439/1340/2274 1426/1328/2274
f 1439/1340/2275 1440/1341/2275 1426/1328/2275
f 1426/1328/2276 1440/1341/2276 1427/1329/2276
f 1440/1341/2277 1441/1342/2277 1427/1329/2277
f 1427/1329/2278 1441/1342/2278 1428/1330/2278
f 1441/1342/2279 1442/1343/2279 1428/1330/2279
f 1428/1330/2280 1442/1343/2280 1429/1331/2280
f 1442/1343/2281 1443/1344/2281 1429/1331/2281
f 1429/1331/2282 1443/1344/2282 1430/1332/2282
f 1443/1344/2283 1444/1345/2283 1430/1332/2283
f 1430/1332/2284 1444/1345/2284 1431/1333/2284
f 1444/1345/2285 1445/1346/2285 1431/1333/2285
f 1431/1333/2286 1445/1346/2286 1432/1334/2286
f 1445/1346/2287 1446/1347/2287 1432/1334/2287
f 1432/1334/2288 1446/1347/2288 1433/1335/2288
f 1446/1347/2289 1447/1348/2289 1433/1335/2289
f 1433/1335/2290 1447/1348/2290 369/680/2290
f 1447/1348/2291 368/681/2291 369/680/2291
f 278/66/2292 247/55/2292 1434/1257/2292
f 247/55/2293 246/1349/2293 1434/1257/2293
f 1434/1257/2294 246/1349/2294 1435/1336/2294
f 246/1349/2295 245/1350/2295 1435/1336/2295
f 1435/1336/2296 245/1350/2296 1436/1337/2296
f 245/1350/2297 244/1351/2297 1436/1337/2297
f 1436/1337/2298 244/1351/2298 1437/1338/2298
f 244/1351/2299 243/1352/2299 1437/1338/2299
f 1437/1338/2300 243/1352/2300 1438/1339/2300
f 243/1352/2301 242/1353/2301 1438/1339/2301
f 1438/1339/2302 242/1353/2302 1439/1340/2302
f 242/1353/2303 241/1354/2303 1439/1340/2303
f 1439/1340/2304 241/1354/2304 1440/1341/2304
f 241/1354/2305 240/1355/2305 1440/1341/2305
f 1440/1341/2306 240/1355/2306 1441/1342/2306
f 240/1355/2307 239/1356/2307 1441/1342/2307
f 1441/1342/2308 239/1356/2308 1442/1343/2308
f 239/1356/2309 238/1357/2309 1442/1343/2309
f 1442/1343/2310 238/1357/2310 1443/1344/2310
f 238/1357/2311 237/1358/2311 1443/1344/2311
f 1443/1344/2312 237/1358/2312 1444/1345/2312
f 237/1358/2313 236/1359/2313 1444/1345/2313
f 1444/1345/2314 236/1359/2314 1445/1346/2314
f 236/1359/2315 235/1360/2315 1445/1346/2315
f 1445/1346/2316 235/1360/2316 1446/1347/2316
f 235/1360/2317 234/1361/2317 1446/1347/2317
f 1446/1347/2318 234/1361/2318 1447/1348/2318
f 234/1361/2319 233/1362/2319 1447/1348/2319
f 1447/1348/2320 233/1362/2320 368/681/2320
f 233/1362/2321 47/70/2321 368/681/2321
f 262/1363/2322 367/71/2322 47/70/2322
f 261/1364/2323 1448/1365/2323 262/1363/2323
f 260/1366/2324 1449/1367/2324 261/1364/2324
f 259/1368/2325 1451/1369/2325 260/1366/2325
f 258/1370/2326 1454/1371/2326 259/1368/2326
f 257/1372/2327 1458/1373/2327 258/1370/2327
f 256/1374/2328 1463/1375/2328 257/1372/2328
f 255/1376/2329 1469/1377/2329 256/1374/2329
f 254/1378/2330 1476/1379/2330 255/1376/2330
f 253/1380/2331 1484/1381/2331 254/1378/2331
f 252/1382/2332 1493/1383/2332 253/1380/2332
f 251/1384/2333 1503/1385/2333 252/1382/2333
f 250/1386/2334 1514/1387/2334 251/1384/2334
f 249/1388/2335 1526/1389/2335 250/1386/2335
f 248/65/2336 1539/1390/2336 249/1388/2336
f 262/1363/2337 1448/1365/2337 367/71/2337
f 1448/1365/2338 366/817/2338 367/71/2338
f 261/1364/2339 1449/1367/2339 1448/1365/2339
f 1449/1367/2340 1450/1391/2340 1448/1365/2340
f 1448/1365/2341 1450/1391/2341 366/817/2341
f 1450/1391/2342 365/818/2342 366/817/2342
f 260/1366/2343 1451/1369/2343 1449/1367/2343
f 1451/1369/2344 1452/1392/2344 1449/1367/2344
f 1449/1367/2345 1452/1392/2345 1450/1391/2345
f 1452/1392/2346 1453/1393/2346 1450/1391/2346
f 1450/1391/2347 1453/1393/2347 365/818/2347
f 1453/1393/2348 364/819/2348 365/818/2348
f 259/1368/2349 1454/1371/2349 1451/1369/2349
f 1454/1371/2350 1455/1394/2350 1451/1369/2350
f 1451/1369/2351 1455/1394/2351 1452/1392/2351
f 1455/1394/2352 1456/1395/2352 1452/1392/2352
f 1452/1392/2353 1456/1395/2353 1453/1393/2353
f 1456/1395/2354 1457/1396/2354 1453/1393/2354
f 1453/1393/2355 1457/1396/2355 364/819/2355
f 1457/1396/2356 363/820/2356 364/819/2356
f 258/1370/2357 1458/1373/2357 1454/1371/2357
f 1458/1373/2358 1459/1397/2358 1454/1371/2358
f 1454/1371/2359 1459/1397/2359 1455/1394/2359
f 1459/1397/2360 1460/1398/2360 1455/1394/2360
f 1455/1394/2361 1460/1398/2361 1456/1395/2361
f 1460/1398/2362 1461/1399/2362 1456/1395/2362
f 1456/1395/2363 1461/1399/2363 1457/1396/2363
f 1461/1399/2364 1462/1400/2364 1457/1396/2364
f 1457/1396/2365 1462/1400/2365 363/820/2365
f 1462/1400/2366 362/821/2366 363/820/2366
f 257/1372/2367 1463/1375/2367 1458/1373/2367
f 1463/1375/2368 1464/1401/2368 1458/1373/2368
f 1458/1373/2369 1464/1401/2369 1459/1397/2369
f 1464/1401/2370 1465/1402/2370 1459/1397/2370
f 1459/1397/2371 1465/1402/2371 1460/1398/2371
f 1465/1402/2372 1466/1403/2372 1460/1398/2372
f 1460/1398/2373 1466/1403/2373 1461/1399/2373
f 1466/1403/2374 1467/1404/2374 1461/1399/2374
f 1461/1399/2375 1467/1404/2375 1462/1400/2375
f 1467/1404/2376 1468/1405/2376 1462/1400/2376
f 1462/1400/2377 1468/1405/2377 362/821/2377
f 1468/1405/2378 361/822/2378 362/821/2378
f 256/1374/2379 1469/1377/2379 1463/1375/2379
f 1469/1377/2380 1470/1406/2380 1463/1375/2380
f 1463/1375/2381 1470/1406/2381 1464/1401/2381
f 1470/1406/2382 1471/1407/2382 1464/1401/2382
f 1464/1401/2383 1471/1407/2383 1465/1402/2383
f 1471/1407/2384 1472/1408/2384 1465/1402/2384
f 1465/1402/2385 1472/1408/2385 1466/1403/2385
f 1472/1408/2386 1473/1409/2386 1466/1403/2386
f 1466/1403/2387 1473/1409/2387 1467/1404/2387
f 1473/1409/2388 1474/1410/2388 1467/1404/2388
f 1467/1404/2389 1474/1410/2389 1468/1405/2389
f 1474/1410/2390 1475/1411/2390 1468/1405/2390
f 1468/1405/2391 1475/1411/2391 361/822/2391
f 1475/1411/2392 360/823/2392 361/822/2392
f 255/1376/2393 1476/1379/2393 1469/1377/2393
f 1476/1379/2394 1477/1412/2394 1469/1377/2394
f 1469/1377/2395 1477/1412/2395 1470/1406/2395
f 1477/1412/2396 1478/1413/2396 1470/1406/2396
f 1470/1406/2397 1478/1413/2397 1471/1407/2397
f 1478/1413/2398 1479/1414/2398 1471/1407/2398
f 1471/1407/2399 1479/1414/2399 1472/1408/2399
f 1479/1414/2400 1480/1415/2400 1472/1408/2400
f 1472/1408/2401 1480/1415/2401 1473/1409/2401
f 1480/1415/2402 1481/1416/2402 1473/1409/2402
f 1473/1409/2403 1481/1416/2403 1474/1410/2403
f 1481/1416/2404 1482/1417/2404 1474/1410/2404
f 1474/1410/2405 1482/1417/2405 1475/1411/2405
f 1482/1417/2406 1483/1418/2406 1475/1411/2406
f 1475/1411/2407 1483/1418/2407 360/823/2407
f 1483/1418/2408 359/824/2408 360/823/2408
f 254/1378/2409 1484/1381/2409 1476/1379/2409
f 1484/1381/2410 1485/1419/2410 1476/1379/2410
f 1476/1379/2411 1485/1419/2411 1477/1412/2411
f 1485/1419/2412 1486/1420/2412 1477/1412/2412
f 1477/1412/2413 1486/1420/2413 1478/1413/2413
f 1486/1420/2414 1487/1421/2414 1478/1413/2414
f 1478/1413/2415 1487/1421/2415 1479/1414/2415
f 1487/1421/2416 1488/1422/2416 1479/1414/2416
f 1479/1414/2417 1488/1422/2417 1480/1415/2417
f 1488/1422/2418 1489/1423/2418 1480/1415/2418
f 1480/1415/2419 1489/1423/2419 1481/1416/2419
f 1489/1423/2420 1490/1424/2420 1481/1416/2420
f 1481/1416/2421 1490/1424/2421 1482/1417/2421
f 1490/1424/2422 1491/1425/2422 1482/1417/2422
f 1482/1417/2423 1491/1425/2423 1483/1418/2423
f 1491/1425/2424 1492/1426/2424 1483/1418/2424
f 1483/1418/2425 1492/1426/2425 359/824/2425
f 1492/1426/2426 358/825/2426 359/824/2426
f 253/1380/2427 1493/1383/2427 1484/1381/2427
f 1493/1383/2428 1494/1427/2428 1484/1381/2428
f 1484/1381/2429 1494/1427/2429 1485/1419/2429
f 1494/1427/2430 1495/1428/2430 1485/1419/2430
f 1485/1419/2431 1495/1428/2431 1486/1420/2431
f 1495/1428/2432 1496/1429/2432 1486/1420/2432
f 1486/1420/2433 1496/1429/2433 1487/1421/2433
f 1496/1429/2434 1497/1430/2434 1487/1421/2434
f 1487/1421/2435 1497/1430/2435 1488/1422/2435
f 1497/1430/2436 1498/1431/2436 1488/1422/2436
f 1488/1422/2437 1498/1431/2437 1489/1423/2437
f 1498/1431/2438 1499/1432/2438 1489/1423/2438
f 1489/1423/2439 1499/1432/2439 1490/1424/2439
f 1499/1432/2440 1500/1433/2440 1490/1424/2440
f 1490/1424/2441 1500/1433/2441 1491/1425/2441
f 1500/1433/2442 1501/1434/2442 1491/1425/2442
f 1491/1425/2443 1501/1434/2443 1492/1426/2443
f 1501/1434/2444 1502/1435/2444 1492/1426/2444
f 1492/1426/2445 1502/1435/2445 358/825/2445
f 1502/1435/2446 357/826/2446 358/825/2446
f 252/1382/2447 1503/1385/2447 1493/1383/2447
f 1503/1385/2448 1504/1436/2448 1493/1383/2448
f 1493/1383/2449 1504/1436/2449 1494/1427/2449
f 1504/1436/2450 1505/1437/2450 1494/1427/2450
f 1494/1427/2451 1505/1437/2451 1495/1428/2451
f 1505/1437/2452 1506/1438/2452 1495/1428/2452
f 1495/1428/2453 1506/1438/2453 1496/1429/2453
f 1506/1438/2454 1507/1439/2454 1496/1429/2454
f 1496/1429/2455 1507/1439/2455 1497/1430/2455
f 1507/1439/2456 1508/1440/2456 1497/1430/2456
f 1497/1430/2457 1508/1440/2457 1498/1431/2457
f 1508/1440/2458 1509/1441/2458 1498/1431/2458
f 1498/1431/2459 1509/1441/2459 1499/1432/2459
f 1509/1441/2460 1510/1442/2460 1499/1432/2460
f 1499/1432/2461 1510/1442/2461 1500/1433/2461
f 1510/1442/2462 1511/1443/2462 1500/1433/2462
f 1500/1433/2463 1511/1443/2463 1501/1434/2463
f 1511/1443/2464 1512/1444/2464 1501/1434/2464
f 1501/1434/2465 1512/1444/2465 1502/1435/2465
f 1512/1444/2466 1513/1445/2466 1502/1435/2466
f 1502/1435/2467 1513/1445/2467 357/826/2467
f 1513/1445/2468 356/827/2468 357/826/2468
f 251/1384/2469 1514/1387/2469 1503/1385/2469
f 1514/1387/2470 1515/1446/2470 1503/1385/2470
f 1503/1385/2471 1515/1446/2471 1504/1436/2471
f 1515/1446/2472 1516/1447/2472 1504/1436/2472
f 1504/1436/2473 1516/1447/2473 1505/1437/2473
f 1516/1447/2474 1517/1448/2474 1505/1437/2474
f 1505/1437/2475 1517/1448/2475 1506/1438/2475
f 1517/1448/2476 1518/1449/2476 1506/1438/2476
f 1506/1438/2477 1518/1449/2477 1507/1439/2477
f 1518/1449/2478 1519/1450/2478 1507/1439/2478
f 1507/1439/2479 1519/1450/2479 1508/1440/2479
f 1519/1450/2480 1520/1451/2480 1508/1440/2480
f 1508/1440/2481 1520/1451/2481 1509/1441/2481
f 1520/1451/2482 1521/1452/2482 1509/1441/2482
f 1509/1441/2483 1521/1452/2483 1510/1442/2483
f 1521/1452/2484 1522/1453/2484 1510/1442/2484
f 1510/1442/2485 1522/1453/2485 1511/1443/2485
f 1522/1453/2486 1523/1454/2486 1511/1443/2486
f 1511/1443/2487 1523/1454/2487 1512/1444/2487
f 1523/1454/2488 1524/1455/2488 1512/1444/2488
f 1512/1444/2489 1524/1455/2489 1513/1445/2489
f 1524/1455/2490 1525/1456/2490 1513/1445/2490
f 1513/1445/2491 1525/1456/2491 356/827/2491
f 1525/1456/2492 355/828/2492 356/827/2492
f 250/1386/2493 1526/1389/2493 1514/1387/2493
f 1526/1389/2494 1527/1457/2494 1514/1387/2494
f 1514/1387/2495 1527/1457/2495 1515/1446/2495
f 1527/1457/2496 1528/1458/2496 1515/1446/2496
f 1515/1446/2497 1528/1458/2497 1516/1447/2497
f 1528/1458/2498 1529/1459/2498 1516/1447/2498
f 1516/1447/2499 1529/1459/2499 1517/1448/2499
f 1529/1459/2500 1530/1460/2500 1517/1448/2500
f 1517/1448/2501 1530/1460/2501 1518/1449/2501
f 1530/1460/2502 1531/1461/2502 1518/1449/2502
f 1518/1449/2503 1531/1461/2503 1519/1450/2503
f 1531/1461/2504 1532/1462/2504 1519/1450/2504
f 1519/1450/2505 1532/1462/2505 1520/1451/2505
f 1532/1462/2506 1533/1463/2506 1520/1451/2506
f 1520/1451/2507 1533/1463/2507 1521/1452/2507
f 1533/1463/2508 1534/1464/2508 1521/1452/2508
f 1521/1452/2509 1534/1464/2509 1522/1453/2509
f 1534/1464/2510 1535/1465/2510 1522/1453/2510
f 1522/1453/2511 1535/1465/2511 1523/1454/2511
f 1535/1465/2512 1536/1466/2512 1523/1454/2512
f 1523/1454/2513 1536/1466/2513 1524/1455/2513
f 1536/1466/2514 1537/1467/2514 1524/1455/2514
f 1524/1455/2515 1537/1467/2515 1525/1456/2515
f 1537/1467/2516 1538/1468/2516 1525/1456/2516
f 1525/1456/2517 1538/1468/2517 355/828/2517
f 1538/1468/2518 354/829/2518 355/828/2518
f 249/1388/2519 1539/1390/2519 1526/1389/2519
f 1539/1390/2520 1540/1469/2520 1526/1389/2520
f 1526/1389/2521 1540/1469/2521 1527/1457/2521
f 1540/1469/2522 1541/1470/2522 1527/1457/2522
f 1527/1457/2523 1541/1470/2523 1528/1458/2523
f 1541/1470/2524 1542/1471/2524 1528/1458/2524
f 1528/1458/2525 1542/1471/2525 1529/1459/2525
f 1542/1471/2526 1543/1472/2526 1529/1459/2526
f 1529/1459/2527 1543/1472/2527 1530/1460/2527
f 1543/1472/2528 1544/1473/2528 1530/1460/2528
f 1530/1460/2529 1544/1473/2529 1531/1461/2529
f 1544/1473/2530 1545/1474/2530 1531/1461/2530
f 1531/1461/2531 1545/1474/2531 1532/1462/2531
f 1545/1474/2532 1546/1475/2532 1532/1462/2532
f 1532/1462/2533 1546/1475/2533 1533/1463/2533
f 1546/1475/2534 1547/1476/2534 1533/1463/2534
f 1533/1463/2535 1547/1476/2535 1534/1464/2535
f 1547/1476/2536 1548/1477/2536 1534/1464/2536
f 1534/1464/2537 1548/1477/2537 1535/1465/2537
f 1548/1477/2538 1549/1478/2538 1535/1465/2538
f 1535/1465/2539 1549/1478/2539 1536/1466/2539
f 1549/1478/2540 1550/1479/2540 1536/1466/2540
f 1536/1466/2541 1550/1479/2541 1537/1467/2541
f 1550/1479/2542 1551/1480/2542 1537/1467/2542
f 1537/1467/2543 1551/1480/2543 1538/1468/2543
f 1551/1480/2544 1552/1481/2544 1538/1468/2544
f 1538/1468/2545 1552/1481/2545 354/829/2545
f 1552/1481/2546 353/830/2546 354/829/2546
f 248/65/2547 217/52/2547 1539/1390/2547
f 217/52/2548 216/1482/2548 1539/1390/2548
f 1539/1390/2549 216/1482/2549 1540/1469/2549
f 216/1482/2550 215/1483/2550 1540/1469/2550
f 1540/1469/2551 215/1483/2551 1541/1470/2551
f 215/1483/2552 214/1484/2552 1541/1470/2552
f 1541/1470/2553 214/1484/2553 1542/1471/2553
f 214/1484/2554 213/1485/2554 1542/1471/2554
f 1542/1471/2555 213/1485/2555 1543/1472/2555
f 213/1485/2556 212/1486/2556 1543/1472/2556
f 1543/1472/2557 212/1486/2557 1544/1473/2557
f 212/1486/2558 211/1487/2558 1544/1473/2558
f 1544/1473/2559 211/1487/2559 1545/1474/2559
f 211/1487/2560 210/1488/2560 1545/1474/2560
f 1545/1474/2561 210/1488/2561 1546/1475/2561
f 210/1488/2562 209/1489/2562 1546/1475/2562
f 1546/1475/2563 209/1489/2563 1547/1476/2563
f 209/1489/2564 208/1490/2564 1547/1476/2564
f 1547/1476/2565 208/1490/2565 1548/1477/2565
f 208/1490/2566 207/1491/2566 1548/1477/2566
f 1548/1477/2567 207/1491/2567 1549/1478/2567
f 207/1491/2568 206/1492/2568 1549/1478/2568
f 1549/1478/2569 206/1492/2569 1550/1479/2569
f 206/1492/2570 205/1493/2570 1550/1479/2570
f 1550/1479/2571 205/1493/2571 1551/1480/2571
f 205/1493/2572 204/1494/2572 1551/1480/2572
f 1551/1480/2573 204/1494/2573 1552/1481/2573
f 204/1494/2574 203/1495/2574 1552/1481/2574
f 1552/1481/2575 203/1495/2575 353/830/2575
f 203/1495/2576 51/82/2576 353/830/2576
f 323/963/2577 352/964/2577 50/79/2577
f 324/962/2578 1553/1496/2578 323/963/2578
f 325/961/2579 1554/1497/2579 324/962/2579
f 326/960/2580 1556/1498/2580 325/961/2580
f 327/959/2581 1559/1499/2581 326/960/2581
f 328/958/2582 1563/1500/2582 327/959/2582
f 329/957/2583 1568/1501/2583 328/958/2583
f 330/956/2584 1574/1502/2584 329/957/2584
f 331/955/2585 1581/1503/2585 330/956/2585
f 332/954/2586 1589/1504/2586 331/955/2586
f 333/953/2587 1598/1505/2587 332/954/2587
f 334/952/2588 1608/1506/2588 333/953/2588
f 335/951/2589 1619/1507/2589 334/952/2589
f 336/950/2590 1631/1508/2590 335/951/2590
f 337/64/2591 1644/1509/2591 336/950/2591
f 323/963/2592 1553/1496/2592 352/964/2592
f 1553/1496/2593 351/965/2593 352/964/2593
f 324/962/2594 1554/1497/2594 1553/1496/2594
f 1554/1497/2595 1555/1510/2595 1553/1496/2595
f 1553/1496/2596 1555/1510/2596 351/965/2596
f 1555/1510/2597 350/967/2597 351/965/2597
f 325/961/2598 1556/1498/2598 1554/1497/2598
f 1556/1498/2599 1557/1511/2599 1554/1497/2599
f 1554/1497/2600 1557/1511/2600 1555/1510/2600
f 1557/1511/2601 1558/1512/2601 1555/1510/2601
f 1555/1510/2602 1558/1512/2602 350/967/2602
f 1558/1512/2603 349/969/2603 350/967/2603
f 326/960/2604 1559/1499/2604 1556/1498/2604
f 1559/1499/2605 1560/1513/2605 1556/1498/2605
f 1556/1498/2606 1560/1513/2606 1557/1511/2606
f 1560/1513/2607 1561/1514/2607 1557/1511/2607
f 1557/1511/2608 1561/1514/2608 1558/1512/2608
f 1561/1514/2609 1562/1515/2609 1558/1512/2609
f 1558/1512/2610 1562/1515/2610 349/969/2610
f 1562/1515/2611 348/971/2611 349/969/2611
f 327/959/2612 1563/1500/2612 1559/1499/2612
f 1563/1500/2613 1564/1516/2613 1559/1499/2613
f 1559/1499/2614 1564/1516/2614 1560/1513/2614
f 1564/1516/2615 1565/1517/2615 1560/1513/2615
f 1560/1513/2616 1565/1517/2616 1561/1514/2616
f 1565/1517/2617 1566/1518/2617 1561/1514/2617
f 1561/1514/2618 1566/1518/2618 1562/1515/2618
f 1566/1518/2619 1567/1519/2619 1562/1515/2619
f 1562/1515/2620 1567/1519/2620 348/971/2620
f 1567/1519/2621 347/973/2621 348/971/2621
f 328/958/2622 1568/1501/2622 1563/1500/2622
f 1568/1501/2623 1569/1520/2623 1563/1500/2623
f 1563/1500/2624 1569/1520/2624 1564/1516/2624
f 1569/1520/2625 1570/1521/2625 1564/1516/2625
f 1564/1516/2626 1570/1521/2626 1565/1517/2626
f 1570/1521/2627 1571/1522/2627 1565/1517/2627
f 1565/1517/2628 1571/1522/2628 1566/1518/2628
f 1571/1522/2629 1572/1523/2629 1566/1518/2629
f 1566/1518/2630 1572/1523/2630 1567/1519/2630
f 1572/1523/2631 1573/1524/2631 1567/1519/2631
f 1567/1519/2632 1573/1524/2632 347/973/2632
f 1573/1524/2633 346/975/2633 347/973/2633
f 329/957/2634 1574/1502/2634 1568/1501/2634
f 1574/1502/2635 1575/1525/2635 1568/1501/2635
f 1568/1501/2636 1575/1525/2636 1569/1520/2636
f 1575/1525/2637 1576/1526/2637 1569/1520/2637
f 1569/1520/2638 1576/1526/2638 1570/1521/2638
f 1576/1526/2639 1577/1527/2639 1570/1521/2639
f 1570/1521/2640 1577/1527/2640 1571/1522/2640
f 1577/1527/2641 1578/1528/2641 1571/1522/2641
f 1571/1522/2642 1578/1528/2642 1572/1523/2642
f 1578/1528/2643 1579/1529/2643 1572/1523/2643
f 1572/1523/2644 1579/1529/2644 1573/1524/2644
f 1579/1529/2645 1580/1530/2645 1573/1524/2645
f 1573/1524/2646 1580/1530/2646 346/975/2646
f 1580/1530/2647 345/977/2647 346/975/2647
f 330/956/2648 1581/1503/2648 1574/1502/2648
f 1581/1503/2649 1582/1531/2649 1574/1502/2649
f 1574/1502/2650 1582/1531/2650 1575/1525/2650
f 1582/1531/2651 1583/1532/2651 1575/1525/2651
f 1575/1525/2652 1583/1532/2652 1576/1526/2652
f 1583/1532/2653 1584/1533/2653 1576/1526/2653
f 1576/1526/2654 1584/1533/2654 1577/1527/2654
f 1584/1533/2655 1585/1534/2655 1577/1527/2655
f 1577/1527/2656 1585/1534/2656 1578/1528/2656
f 1585/1534/2657 1586/1535/2657 1578/1528/2657
f 1578/1528/2658 1586/1535/2658 1579/1529/2658
f 1586/1535/2659 1587/1536/2659 1579/1529/2659
f 1579/1529/2660 1587/1536/2660 1580/1530/2660
f 1587/1536/2661 1588/1537/2661 1580/1530/2661
f 1580/1530/2662 1588/1537/2662 345/977/2662
f 1588/1537/2663 344/979/2663 345/977/2663
f 331/955/2664 1589/1504/2664 1581/1503/2664
f 1589/1504/2665 1590/1538/2665 1581/1503/2665
f 1581/1503/2666 1590/1538/2666 1582/1531/2666
f 1590/1538/2667 1591/1539/2667 1582/1531/2667
f 1582/1531/2668 1591/1539/2668 1583/1532/2668
f 1591/1539/2669 1592/1540/2669 1583/1532/2669
f 1583/1532/2670 1592/1540/2670 1584/1533/2670
f 1592/1540/2671 1593/1541/2671 1584/1533/2671
f 1584/1533/2672 1593/1541/2672 1585/1534/2672
f 1593/1541/2673 1594/1542/2673 1585/1534/2673
f 1585/1534/2674 1594/1542/2674 1586/1535/2674
f 1594/1542/2675 1595/1543/2675 1586/1535/2675
f 1586/1535/2676 1595/1543/2676 1587/1536/2676
f 1595/1543/2677 1596/1544/2677 1587/1536/2677
f 1587/1536/2678 1596/1544/2678 1588/1537/2678
f 1596/1544/2679 1597/1545/2679 1588/1537/2679
f 1588/1537/2680 1597/1545/2680 344/979/2680
f 1597/1545/2681 343/981/2681 344/979/2681
f 332/954/2682 1598/1505/2682 1589/1504/2682
f 1598/1505/2683 1599/1546/2683 1589/1504/2683
f 1589/1504/2684 1599/1546/2684 1590/1538/2684
f 1599/1546/2685 1600/1547/2685 1590/1538/2685
f 1590/1538/2686 1600/1547/2686 1591/1539/2686
f 1600/1547/2687 1601/1548/2687 1591/1539/2687
f 1591/1539/2688 1601/1548/2688 1592/1540/2688
f 1601/1548/2689 1602/1549/2689 1592/1540/2689
f 1592/1540/2690 1602/1549/2690 1593/1541/2690
f 1602/1549/2691 1603/1550/2691 1593/1541/2691
f 1593/1541/2692 1603/1550/2692 1594/1542/2692
f 1603/1550/2693 1604/1551/2693 1594/1542/2693
f 1594/1542/2694 1604/1551/2694 1595/1543/2694
f 1604/1551/2695 1605/1552/2695 1595/1543/2695
f 1595/1543/2696 1605/1552/2696 1596/1544/2696
f 1605/1552/2697 1606/1553/2697 1596/1544/2697
f 1596/1544/2698 1606/1553/2698 1597/1545/2698
f 1606/1553/2699 1607/1554/2699 1597/1545/2699
f 1597/1545/2700 1607/1554/2700 343/981/2700
f 1607/1554/2701 342/983/2701 343/981/2701
f 333/953/2702 1608/1506/2702 1598/1505/2702
f 1608/1506/2703 1609/1555/2703 1598/1505/2703
f 1598/1505/2704 1609/1555/2704 1599/1546/2704
f 1609/1555/2705 1610/1556/2705 1599/1546/2705
f 1599/1546/2706 1610/1556/2706 1600/1547/2706
f 1610/1556/2707 1611/1557/2707 1600/1547/2707
f 1600/1547/2708 1611/1557/2708 1601/1548/2708
f 1611/1557/2709 1612/1558/2709 1601/1548/2709
f 1601/1548/2710 1612/1558/2710 1602/1549/2710
f 1612/1558/2711 1613/1559/2711 1602/1549/2711
f 1602/1549/2712 1613/1559/2712 1603/1550/2712
f 1613/1559/2713 1614/1560/2713 1603/1550/2713
f 1603/1550/2714 1614/1560/2714 1604/1551/2714
f 1614/1560/2715 1615/1561/2715 1604/1551/2715
f 1604/1551/2716 1615/1561/2716 1605/1552/2716
f 1615/1561/2717 1616/1562/2717 1605/1552/2717
f 1605/1552/2718 1616/1562/2718 1606/1553/2718
f 1616/1562/2719 1617/1563/2719 1606/1553/2719
f 1606/1553/2720 1617/1563/2720 1607/1554/2720
f 1617/1563/2721 1618/1564/2721 1607/1554/2721
f 1607/1554/2722 1618/1564/2722 342/983/2722
f 1618/1564/2723 341/985/2723 342/983/2723
f 334/952/2724 1619/1507/2724 1608/1506/2724
f 1619/1507/2725 1620/1565/2725 1608/1506/2725
f 1608/1506/2726 1620/1565/2726 1609/1555/2726
f 1620/1565/2727 1621/1566/2727 1609/1555/2727
f 1609/1555/2728 1621/1566/2728 1610/1556/2728
f 1621/1566/2729 1622/1567/2729 1610/1556/2729
f 1610/1556/2730 1622/1567/2730 1611/1557/2730
f 1622/1567/2731 1623/1568/2731 1611/1557/2731
f 1611/1557/2732 1623/1568/2732 1612/1558/2732
f 1623/1568/2733 1624/1569/2733 1612/1558/2733
f 1612/1558/2734 1624/1569/2734 1613/1559/2734
f 1624/1569/2735 1625/1570/2735 1613/1559/2735
f 1613/1559/2736 1625/1570/2736 1614/1560/2736
f 1625/1570/2737 1626/1571/2737 1614/1560/2737
f 1614/1560/2738 1626/1571/2738 1615/1561/2738
f 1626/1571/2739 1627/1572/2739 1615/1561/2739
f 1615/1561/2740 1627/1572/2740 1616/1562/2740
f 1627/1572/2741 1628/1573/2741 1616/1562/2741
f 1616/1562/2742 1628/1573/2742 1617/1563/2742
f 1628/1573/2743 1629/1574/2743 1617/1563/2743
f 1617/1563/2744 1629/1574/2744 1618/1564/2744
f 1629/1574/2745 1630/1575/2745 1618/1564/2745
f 1618/1564/2746 1630/1575/2746 341/985/2746
f 1630/1575/2747 340/987/2747 341/985/2747
f 335/951/2748 1631/1508/2748 1619/1507/2748
f 1631/1508/2749 1632/1576/2749 1619/1507/2749
f 1619/1507/2750 1632/1576/2750 1620/1565/2750
f 1632/1576/2751 1633/1577/2751 1620/1565/2751
f 1620/1565/2752 1633/1577/2752 1621/1566/2752
f 1633/1577/2753 1634/1578/2753 1621/1566/2753
f 1621/1566/2754 1634/1578/2754 1622/1567/2754
f 1634/1578/2755 1635/1579/2755 1622/1567/2755
f 1622/1567/2756 1635/1579/2756 1623/1568/2756
f 1635/1579/2757 1636/1580/2757 1623/1568/2757
f 1623/1568/2758 1636/1580/2758 1624/1569/2758
f 1636/1580/2759 1637/1581/2759 1624/1569/2759
f 1624/1569/2760 1637/1581/2760 1625/1570/2760
f 1637/1581/2761 1638/1582/2761 1625/1570/2761
f 1625/1570/2762 1638/1582/2762 1626/1571/2762
f 1638/1582/2763 1639/1583/2763 1626/1571/2763
f 1626/1571/2764 1639/1583/2764 1627/1572/2764
f 1639/1583/2765 1640/1584/2765 1627/1572/2765
f 1627/1572/2766 1640/1584/2766 1628/1573/2766
f 1640/1584/2767 1641/1585/2767 1628/1573/2767
f 1628/1573/2768 1641/1585/2768 1629/1574/2768
f 1641/1585/2769 1642/1586/2769 1629/1574/2769
f 1629/1574/2770 1642/1586/2770 1630/1575/2770
f 1642/1586/2771 1643/1587/2771 1630/1575/2771
f 1630/1575/2772 1643/1587/2772 340/987/2772
f 1643/1587/2773 339/989/2773 340/987/2773
f 336/950/2774 1644/1509/2774 1631/1508/2774
f 1644/1509/2775 1645/1588/2775 1631/1508/2775
f 1631/1508/2776 1645/1588/2776 1632/1576/2776
f 1645/1588/2777 1646/1589/2777 1632/1576/2777
f 1632/1576/2778 1646/1589/2778 1633/1577/2778
f 1646/1589/2779 1647/1590/2779 1633/1577/2779
f 1633/1577/2780 1647/1590/2780 1634/1578/2780
f 1647/1590/2781 1648/1591/2781 1634/1578/2781
f 1634/1578/2782 1648/1591/2782 1635/1579/2782
f 1648/1591/2783 1649/1592/2783 1635/1579/2783
f 1635/1579/2784 1649/1592/2784 1636/1580/2784
f 1649/1592/2785 1650/1593/2785 1636/1580/2785
f 1636/1580/2786 1650/1593/2786 1637/1581/2786
f 1650/1593/2787 1651/1594/2787 1637/1581/2787
f 1637/1581/2788 1651/1594/2788 1638/1582/2788
f 1651/1594/2789 1652/1595/2789 1638/1582/2789
f 1638/1582/2790 1652/1595/2790 1639/1583/2790
f 1652/1595/2791 1653/1596/2791 1639/1583/2791
f 1639/1583/2792 1653/1596/2792 1640/1584/2792
f 1653/1596/2793 1654/1597/2793 1640/1584/2793
f 1640/1584/2794 1654/1597/2794 1641/1585/2794
f 1654/1597/2795 1655/1598/2795 1641/1585/2795
f 1641/1585/2796 1655/1598/2796 1642/1586/2796
f 1655/1598/2797 1656/1599/2797 1642/1586/2797
f 1642/1586/2798 1656/1599/2798 1643/1587/2798
f 1656/1599/2799 1657/1600/2799 1643/1587/2799
f 1643/1587/2800 1657/1600/2800 339/989/2800
f 1657/1600/2801 338/68/2801 339/989/2801
f 337/64/2802 202/63/2802 1644/1509/2802
f 202/63/2803 201/1601/2803 1644/1509/2803
f 1644/1509/2804 201/1601/2804 1645/1588/2804
f 201/1601/2805 200/1602/2805 1645/1588/2805
f 1645/1588/2806 200/1602/2806 1646/1589/2806
f 200/1602/2807 199/1603/2807 1646/1589/2807
f 1646/1589/2808 199/1603/2808 1647/1590/2808
f 199/1603/2809 198/1604/2809 1647/1590/2809
f 1647/1590/2810 198/1604/2810 1648/1591/2810
f 198/1604/2811 197/1605/2811 1648/1591/2811
f 1648/1591/2812 197/1605/2812 1649/1592/2812
f 197/1605/2813 196/1606/2813 1649/1592/2813
f 1649/1592/2814 196/1606/2814 1650/1593/2814
f 196/1606/2815 195/1607/2815 1650/1593/2815
f 1650/1593/2816 195/1607/2816 1651/1594/2816
f 195/1607/2817 194/1608/2817 1651/1594/2817
f 1651/1594/2818 194/1608/2818 1652/1595/2818
f 194/1608/2819 193/1609/2819 1652/1595/2819
f 1652/1595/2820 193/1609/2820 1653/1596/2820
f 193/1609/2821 192/1610/2821 1653/1596/2821
f 1653/1596/2822 192/1610/2822 1654/1597/2822
f 192/1610/2823 191/1611/2823 1654/1597/2823
f 1654/1597/2824 191/1611/2824 1655/1598/2824
f 191/1611/2825 190/1612/2825 1655/1598/2825
f 1655/1598/2826 190/1612/2826 1656/1599/2826
f 190/1612/2827 189/1613/2827 1656/1599/2827
f 1656/1599/2828 189/1613/2828 1657/1600/2828
f 189/1613/2829 188/1614/2829 1657/1600/2829
f 1657/1600/2830 188/1614/2830 338/68/2830
f 188/1614/2831 45/59/2831 338/68/2831
f 293/1096/2832 322/1097/2832 49/76/2832
f 294/1095/2833 1658/1615/2833 293/1096/2833
f 295/1094/2834 1659/1616/2834 294/1095/2834
f 296/1093/2835 1661/1617/2835 295/1094/2835
f 297/1092/2836 1664/1618/2836 296/1093/2836
f 298/1091/2837 1668/1619/2837 297/1092/2837
f 299/1090/2838 1673/1620/2838 298/1091/2838
f 300/1089/2839 1679/1621/2839 299/1090/2839
f 301/1088/2840 1686/1622/2840 300/1089/2840
f 302/1087/2841 1694/1623/2841 301/1088/2841
f 303/1086/2842 1703/1624/2842 302/1087/2842
f 304/1085/2843 1713/1625/2843 303/1086/2843
f 305/1084/2844 1724/1626/2844 304/1085/2844
f 306/1083/2845 1736/1627/2845 305/1084/2845
f 307/61/2846 1749/1628/2846 306/1083/2846
f 293/1096/2847 1658/1615/2847 322/1097/2847
f 1658/1615/2848 321/1098/2848 322/1097/2848
f 294/1095/2849 1659/1616/2849 1658/1615/2849
f 1659/1616/2850 1660/1629/2850 1658/1615/2850
f 1658/1615/2851 1660/1629/2851 321/1098/2851
f 1660/1629/2852 320/1100/2852 321/1098/2852
f 295/1094/2853 1661/1617/2853 1659/1616/2853
f 1661/1617/2854 1662/1630/2854 1659/1616/2854
f 1659/1616/2855 1662/1630/2855 1660/1629/2855
f 1662/1630/2856 1663/1631/2856 1660/1629/2856
f 1660/1629/2857 1663/1631/2857 320/1100/2857
f 1663/1631/2858 319/1102/2858 320/1100/2858
f 296/1093/2859 1664/1618/2859 1661/1617/2859
f 1664/1618/2860 1665/1632/2860 1661/1617/2860
f 1661/1617/2861 1665/1632/2861 1662/1630/2861
f 1665/1632/2862 1666/1633/2862 1662/1630/2862
f 1662/1630/2863 1666/1633/2863 1663/1631/2863
f 1666/1633/2864 1667/1634/2864 1663/1631/2864
f 1663/1631/2865 1667/1634/2865 319/1102/2865
f 1667/1634/2866 318/1104/2866 319/1102/2866
f 297/1092/2867 1668/1619/2867 1664/1618/2867
f 1668/1619/2868 1669/1635/2868 1664/1618/2868
f 1664/1618/2869 1669/1635/2869 1665/1632/2869
f 1669/1635/2870 1670/1636/2870 1665/1632/2870
f 1665/1632/2871 1670/1636/2871 1666/1633/2871
f 1670/1636/2872 1671/1637/2872 1666/1633/2872
f 1666/1633/2873 1671/1637/2873 1667/1634/2873
f 1671/1637/2874 1672/1638/2874 1667/1634/2874
f 1667/1634/2875 1672/1638/2875 318/1104/2875
f 1672/1638/2876 317/1106/2876 318/1104/2876
f 298/1091/2877 1673/1620/2877 1668/1619/2877
f 1673/1620/2878 1674/1639/2878 1668/1619/2878
f 1668/1619/2879 1674/1639/2879 1669/1635/2879
f 1674/1639/2880 1675/1640/2880 1669/1635/2880
f 1669/1635/2881 1675/1640/2881 1670/1636/2881
f 1675/1640/2882 1676/1641/2882 1670/1636/2882
f 1670/1636/2883 1676/1641/2883 1671/1637/2883
f 1676/1641/2884 1677/1642/2884 1671/1637/2884
f 1671/1637/2885 1677/1642/2885 1672/1638/2885
f 1677/1642/2886 1678/1643/2886 1672/1638/2886
f 1672/1638/2887 1678/1643/2887 317/1106/2887
f 1678/1643/2888 316/1108/2888 317/1106/2888
f 299/1090/2889 1679/1621/2889 1673/1620/2889
f 1679/1621/2890 1680/1644/2890 1673/1620/2890
f 1673/1620/2891 1680/1644/2891 1674/1639/2891
f 1680/1644/2892 1681/1645/2892 1674/1639/2892
f 1674/1639/2893 1681/1645/2893 1675/1640/2893
f 1681/1645/2894 1682/1646/2894 1675/1640/2894
f 1675/1640/2895 1682/1646/2895 1676/1641/2895
f 1682/1646/2896 1683/1647/2896 1676/1641/2896
f 1676/1641/2897 1683/1647/2897 1677/1642/2897
f 1683/1647/2898 1684/1648/2898 1677/1642/2898
f 1677/1642/2899 1684/1648/2899 1678/1643/2899
f 1684/1648/2900 1685/1649/2900 1678/1643/2900
f 1678/1643/2901 1685/1649/2901 316/1108/2901
f 1685/1649/2902 315/1110/2902 316/1108/2902
f 300/1089/2903 1686/1622/2903 1679/1621/2903
f 1686/1622/2904 1687/1650/2904 1679/1621/2904
f 1679/1621/2905 1687/1650/2905 1680/1644/2905
f 1687/1650/2906 1688/1651/2906 1680/1644/2906
f 1680/1644/2907 1688/1651/2907 1681/1645/2907
f 1688/1651/2908 1689/1652/2908 1681/1645/2908
f 1681/1645/2909 1689/1652/2909 1682/1646/2909
f 1689/1652/2910 1690/1653/2910 1682/1646/2910
f 1682/1646/2911 1690/1653/2911 1683/1647/2911
f 1690/1653/2912 1691/1654/2912 1683/1647/2912
f 1683/1647/2913 1691/1654/2913 1684/1648/2913
f 1691/1654/2914 1692/1655/2914 1684/1648/2914
f 1684/1648/2915 1692/1655/2915 1685/1649/2915
f 1692/1655/2916 1693/1656/2916 1685/1649/2916
f 1685/1649/2917 1693/1656/2917 315/1110/2917
f 1693/1656/2918 314/1112/2918 315/1110/2918
f 301/1088/2919 1694/1623/2919 1686/1622/2919
f 1694/1623/2920 1695/1657/2920 1686/1622/2920
f 1686/1622/2921 1695/1657/2921 1687/1650/2921
f 1695/1657/2922 1696/1658/2922 1687/1650/2922
f 1687/1650/2923 1696/1658/2923 1688/1651/2923
f 1696/1658/2924 1697/1659/2924 1688/1651/2924
f 1688/1651/2925 1697/1659/2925 1689/1652/2925
f 1697/1659/2926 1698/1660/2926 1689/1652/2926
f 1689/1652/2927 1698/1660/2927 1690/1653/2927
f 1698/1660/2928 1699/1661/2928 1690/1653/2928
f 1690/1653/2929 1699/1661/2929 1691/1654/2929
f 1699/1661/2930 1700/1662/2930 1691/1654/2930
f 1691/1654/2931 1700/1662/2931 1692/1655/2931
f 1700/1662/2932 1701/1663/2932 1692/1655/2932
f 1692/1655/2933 1701/1663/2933 1693/1656/2933
f 1701/1663/2934 1702/1664/2934 1693/1656/2934
f 1693/1656/2935 1702/1664/2935 314/1112/2935
f 1702/1664/2936 313/1114/2936 314/1112/2936
f 302/1087/2937 1703/1624/2937 1694/1623/2937
f 1703/1624/2938 1704/1665/2938 1694/1623/2938
f 1694/1623/2939 1704/1665/2939 1695/1657/2939
f 1704/1665/2940 1705/1666/2940 1695/1657/2940
f 1695/1657/2941 1705/1666/2941 1696/1658/2941
f 1705/1666/2942 1706/1667/2942 1696/1658/2942
f 1696/1658/2943 1706/1667/2943 1697/1659/2943
f 1706/1667/2944 1707/1668/2944 1697/1659/2944
f 1697/1659/2945 1707/1668/2945 1698/1660/2945
f 1707/1668/2946 1708/1669/2946 1698/1660/2946
f 1698/1660/2947 1708/1669/2947 1699/1661/2947
f 1708/1669/2948 1709/1670/2948 1699/1661/2948
f 1699/1661/2949 1709/1670/2949 1700/1662/2949
f 1709/1670/2950 1710/1671/2950 1700/1662/2950
f 1700/1662/2951 1710/1671/2951 1701/1663/2951
f 1710/1671/2952 1711/1672/2952 1701/1663/2952
f 1701/1663/2953 1711/1672/2953 1702/1664/2953
f 1711/1672/2954 1712/1673/2954 1702/1664/2954
f 1702/1664/2955 1712/1673/2955 313/1114/2955
f 1712/1673/2956 312/1116/2956 313/1114/2956
f 303/1086/2957 1713/1625/2957 1703/1624/2957
f 1713/1625/2958 1714/1674/2958 1703/1624/2958
f 1703/1624/2959 1714/1674/2959 1704/1665/2959
f 1714/1674/2960 1715/1675/2960 1704/1665/2960
f 1704/1665/2961 1715/1675/2961 1705/1666/2961
f 1715/1675/2962 1716/1676/2962 1705/1666/2962
f 1705/1666/2963 1716/1676/2963 1706/1667/2963
f 1716/1676/2964 1717/1677/2964 1706/1667/2964
f 1706/1667/2965 1717/1677/2965 1707/1668/2965
f 1717/1677/2966 1718/1678/2966 1707/1668/2966
f 1707/1668/2967 1718/1678/2967 1708/1669/2967
f 1718/1678/2968 1719/1679/2968 1708/1669/2968
f 1708/1669/2969 1719/1679/2969 1709/1670/2969
f 1719/1679/2970 1720/1680/2970 1709/1670/2970
f 1709/1670/2971 1720/1680/2971 1710/1671/2971
f 1720/1680/2972 1721/1681/2972 1710/1671/2972
f 1710/1671/2973 1721/1681/2973 1711/1672/2973
f 1721/1681/2974 1722/1682/2974 1711/1672/2974
f 1711/1672/2975 1722/1682/2975 1712/1673/2975
f 1722/1682/2976 1723/1683/2976 1712/1673/2976
f 1712/1673/2977 1723/1683/2977 312/1116/2977
f 1723/1683/2978 311/1118/2978 312/1116/2978
f 304/1085/2979 1724/1626/2979 1713/1625/2979
f 1724/1626/2980 1725/1684/2980 1713/1625/2980
f 1713/1625/2981 1725/1684/2981 1714/1674/2981
f 1725/1684/2982 1726/1685/2982 1714/1674/2982
f 1714/1674/2983 1726/1685/2983 1715/1675/2983
f 1726/1685/2984 1727/1686/2984 1715/1675/2984
f 1715/1675/2985 1727/1686/2985 1716/1676/2985
f 1727/1686/2986 1728/1687/2986 1716/1676/2986
f 1716/1676/2987 1728/1687/2987 1717/1677/2987
f 1728/1687/2988 1729/1688/2988 1717/1677/2988
f 1717/1677/2989 1729/1688/2989 1718/1678/2989
f 1729/1688/2990 1730/1689/2990 1718/1678/2990
f 1718/1678/2991 1730/1689/2991 1719/1679/2991
f 1730/1689/2992 1731/1690/2992 1719/1679/2992
f 1719/1679/2993 1731/1690/2993 1720/1680/2993
f 1731/1690/2994 1732/1691/2994 1720/1680/2994
f 1720/1680/2995 1732/1691/2995 1721/1681/2995
f 1732/1691/2996 1733/1692/2996 1721/1681/2996
f 1721/1681/2997 1733/1692/2997 1722/1682/2997
f 1733/1692/2998 1734/1693/2998 1722/1682/2998
f 1722/1682/2999 1734/1693/2999 1723/1683/2999
f 1734/1693/3000 1735/1694/3000 1723/1683/3000
f 1723/1683/3001 1735/1694/3001 311/1118/3001
f 1735/1694/3002 310/1120/3002 311/1118/3002
f 305/1084/3003 1736/1627/3003 1724/1626/3003
f 1736/1627/3004 1737/1695/3004 1724/1626/3004
f 1724/1626/3005 1737/1695/3005 1725/1684/3005
f 1737/1695/3006 1738/1696/3006 1725/1684/3006
f 1725/1684/3007 1738/1696/3007 1726/1685/3007
f 1738/1696/3008 1739/1697/3008 1726/1685/3008
f 1726/1685/3009 1739/1697/3009 1727/1686/3009
f 1739/1697/3010 1740/1698/3010 1727/1686/3010
f 1727/1686/3011 1740/1698/3011 1728/1687/3011
f 1740/1698/3012 1741/1699/3012 1728/1687/3012
f 1728/1687/3013 1741/1699/3013 1729/1688/3013
f 1741/1699/3014 1742/1700/3014 1729/1688/3014
f 1729/1688/3015 1742/1700/3015 1730/1689/3015
f 1742/1700/3016 1743/1701/3016 1730/1689/3016
f 1730/1689/3017 1743/1701/3017 1731/1690/3017
f 1743/1701/3018 1744/1702/3018 1731/1690/3018
f 1731/1690/3019 1744/1702/3019 1732/1691/3019
f 1744/1702/3020 1745/1703/3020 1732/1691/3020
f 1732/1691/3021 1745/1703/3021 1733/1692/3021
f 1745/1703/3022 1746/1704/3022 1733/1692/3022
f 1733/1692/3023 1746/1704/3023 1734/1693/3023
f 1746/1704/3024 1747/1705/3024 1734/1693/3024
f 1734/1693/3025 1747/1705/3025 1735/1694/3025
f 1747/1705/3026 1748/1706/3026 1735/1694/3026
f 1735/1694/3027 1748/1706/3027 310/1120/3027
f 1748/1706/3028 309/1122/3028 310/1120/3028
f 306/1083/3029 1749/1628/3029 1736/1627/3029
f 1749/1628/3030 1750/1707/3030 1736/1627/3030
f 1736/1627/3031 1750/1707/3031 1737/1695/3031
f 1750/1707/3032 1751/1708/3032 1737/1695/3032
f 1737/1695/3033 1751/1708/3033 1738/1696/3033
f 1751/1708/3034 1752/1709/3034 1738/1696/3034
f 1738/1696/3035 1752/1709/3035 1739/1697/3035
f 1752/1709/3036 1753/1710/3036 1739/1697/3036
f 1739/1697/3037 1753/1710/3037 1740/1698/3037
f 1753/1710/3038 1754/1711/3038 1740/1698/3038
f 1740/1698/3039 1754/1711/3039 1741/1699/3039
f 1754/1711/3040 1755/1712/3040 1741/1699/3040
f 1741/1699/3041 1755/1712/3041 1742/1700/3041
f 1755/1712/3042 1756/1713/3042 1742/1700/3042
f 1742/1700/3043 1756/1713/3043 1743/1701/3043
f 1756/1713/3044 1757/1714/3044 1743/1701/3044
f 1743/1701/3045 1757/1714/3045 1744/1702/3045
f 1757/1714/3046 1758/1715/3046 1744/1702/3046
f 1744/1702/3047 1758/1715/3047 1745/1703/3047
f 1758/1715/3048 1759/1716/3048 1745/1703/3048
f 1745/1703/3049 1759/1716/3049 1746/1704/3049
f 1759/1716/3050 1760/1717/3050 1746/1704/3050
f 1746/1704/3051 1760/1717/3051 1747/1705/3051
f 1760/1717/3052 1761/1718/3052 1747/1705/3052
f 1747/1705/3053 1761/1718/3053 1748/1706/3053
f 1761/1718/3054 1762/1719/3054 1748/1706/3054
f 1748/1706/3055 1762/1719/3055 309/1122/3055
f 1762/1719/3056 308/67/3056 309/1122/3056
f 307/61/3057 187/60/3057 1749/1628/3057
f 187/60/3058 186/1720/3058 1749/1628/3058
f 1749/1628/3059 186/1720/3059 1750/1707/3059
f 186/1720/3060 185/1721/3060 1750/1707/3060
f 1750/1707/3061 185/1721/3061 1751/1708/3061
f 185/1721/3062 184/1722/3062 1751/1708/3062
f 1751/1708/3063 184/1722/3063 1752/1709/3063
f 184/1722/3064 183/1723/3064 1752/1709/3064
f 1752/1709/3065 183/1723/3065 1753/1710/3065
f 183/1723/3066 182/1724/3066 1753/1710/3066
f 1753/1710/3067 182/1724/3067 1754/1711/3067
f 182/1724/3068 181/1725/3068 1754/1711/3068
f 1754/1711/3069 181/1725/3069 1755/1712/3069
f 181/1725/3070 180/1726/3070 1755/1712/3070
f 1755/1712/3071 180/1726/3071 1756/1713/3071
f 180/1726/3072 179/1727/3072 1756/1713/3072
f 1756/1713/3073 179/1727/3073 1757/1714/3073
f 179/1727/3074 178/1728/3074 1757/1714/3074
f 1757/1714/3075 178/1728/3075 1758/1715/3075
f 178/1728/3076 177/1729/3076 1758/1715/3076
f 1758/1715/3077 177/1729/3077 1759/1716/3077
f 177/1729/3078 176/1730/3078 1759/1716/3078
f 1759/1716/3079 176/1730/3079 1760/1717/3079
f 176/1730/3080 175/1731/3080 1760/1717/3080
f 1760/1717/3081 175/1731/3081 1761/1718/3081
f 175/1731/3082 174/1732/3082 1761/1718/3082
f 1761/1718/3083 174/1732/3083 1762/1719/3083
f 174/1732/3084 173/1733/3084 1762/1719/3084
f 1762/1719/3085 173/1733/3085 308/67/3085
f 173/1733/3086 44/56/3086 308/67/3086
f 263/1229/3087 292/1734/3087 48/532/3087
f 264/1228/3088 1763/1735/3088 263/1229/3088
f 265/1227/3089 1764/1736/3089 264/1228/3089
f 266/1226/3090 1766/1737/3090 265/1227/3090
f 267/1225/3091 1769/1738/3091 266/1226/3091
f 268/1224/3092 1773/1739/3092 267/1225/3092
f 269/1223/3093 1778/1740/3093 268/1224/3093
f 270/1222/3094 1784/1741/3094 269/1223/3094
f 271/1221/3095 1791/1742/3095 270/1222/3095
f 272/1220/3096 1799/1743/3096 271/1221/3096
f 273/1219/3097 1808/1744/3097 272/1220/3097
f 274/1218/3098 1818/1745/3098 273/1219/3098
f 275/1217/3099 1829/1746/3099 274/1218/3099
f 276/1216/3100 1841/1747/3100 275/1217/3100
f 277/58/3101 1854/1748/3101 276/1216/3101
f 263/1229/3102 1763/1735/3102 292/1734/3102
f 1763/1735/3103 291/1749/3103 292/1734/3103
f 264/1228/3104 1764/1736/3104 1763/1735/3104
f 1764/1736/3105 1765/1750/3105 1763/1735/3105
f 1763/1735/3106 1765/1750/3106 291/1749/3106
f 1765/1750/3107 290/1751/3107 291/1749/3107
f 265/1227/3108 1766/1737/3108 1764/1736/3108
f 1766/1737/3109 1767/1752/3109 1764/1736/3109
f 1764/1736/3110 1767/1752/3110 1765/1750/3110
f 1767/1752/3111 1768/1753/3111 1765/1750/3111
f 1765/1750/3112 1768/1753/3112 290/1751/3112
f 1768/1753/3113 289/1754/3113 290/1751/3113
f 266/1226/3114 1769/1738/3114 1766/1737/3114
f 1769/1738/3115 1770/1755/3115 1766/1737/3115
f 1766/1737/3116 1770/1755/3116 1767/1752/3116
f 1770/1755/3117 1771/1756/3117 1767/1752/3117
f 1767/1752/3118 1771/1756/3118 1768/1753/3118
f 1771/1756/3119 1772/1757/3119 1768/1753/3119
f 1768/1753/3120 1772/1757/3120 289/1754/3120
f 1772/1757/3121 288/1758/3121 289/1754/3121
f 267/1225/3122 1773/1739/3122 1769/1738/3122
f 1773/1739/3123 1774/1759/3123 1769/1738/3123
f 1769/1738/3124 1774/1759/3124 1770/1755/3124
f 1774/1759/3125 1775/1760/3125 1770/1755/3125
f 1770/1755/3126 1775/1760/3126 1771/1756/3126
f 1775/1760/3127 1776/1761/3127 1771/1756/3127
f 1771/1756/3128 1776/1761/3128 1772/1757/3128
f 1776/1761/3129 1777/1762/3129 1772/1757/3129
f 1772/1757/3130 1777/1762/3130 288/1758/3130
f 1777/1762/3131 287/1763/3131 288/1758/3131
f 268/1224/3132 1778/1740/3132 1773/1739/3132
f 1778/1740/3133 1779/1764/3133 1773/1739/3133
f 1773/1739/3134 1779/1764/3134 1774/1759/3134
f 1779/1764/3135 1780/1765/3135 1774/1759/3135
f 1774/1759/3136 1780/1765/3136 1775/1760/3136
f 1780/1765/3137 1781/1766/3137 1775/1760/3137
f 1775/1760/3138 1781/1766/3138 1776/1761/3138
f 1781/1766/3139 1782/1767/3139 1776/1761/3139
f 1776/1761/3140 1782/1767/3140 1777/1762/3140
f 1782/1767/3141 1783/1768/3141 1777/1762/3141
f 1777/1762/3142 1783/1768/3142 287/1763/3142
f 1783/1768/3143 286/1769/3143 287/1763/3143
f 269/1223/3144 1784/1741/3144 1778/1740/3144
f 1784/1741/3145 1785/1770/3145 1778/1740/3145
f 1778/1740/3146 1785/1770/3146 1779/1764/3146
f 1785/1770/3147 1786/1771/3147 1779/1764/3147
f 1779/1764/3148 1786/1771/3148 1780/1765/3148
f 1786/1771/3149 1787/1772/3149 1780/1765/3149
f 1780/1765/3150 1787/1772/3150 1781/1766/3150
f 1787/1772/3151 1788/1773/3151 1781/1766/3151
f 1781/1766/3152 1788/1773/3152 1782/1767/3152
f 1788/1773/3153 1789/1774/3153 1782/1767/3153
f 1782/1767/3154 1789/1774/3154 1783/1768/3154
f 1789/1774/3155 1790/1775/3155 1783/1768/3155
f 1783/1768/3156 1790/1775/3156 286/1769/3156
f 1790/1775/3157 285/1776/3157 286/1769/3157
f 270/1222/3158 1791/1742/3158 1784/1741/3158
f 1791/1742/3159 1792/1777/3159 1784/1741/3159
f 1784/1741/3160 1792/1777/3160 1785/1770/3160
f 1792/1777/3161 1793/1778/3161 1785/1770/3161
f 1785/1770/3162 1793/1778/3162 1786/1771/3162
f 1793/1778/3163 1794/1779/3163 1786/1771/3163
f 1786/1771/3164 1794/1779/3164 1787/1772/3164
f 1794/1779/3165 1795/1780/3165 1787/1772/3165
f 1787/1772/3166 1795/1780/3166 1788/1773/3166
f 1795/1780/3167 1796/1781/3167 1788/1773/3167
f 1788/1773/3168 1796/1781/3168 1789/1774/3168
f 1796/1781/3169 1797/1782/3169 1789/1774/3169
f 1789/1774/3170 1797/1782/3170 1790/1775/3170
f 1797/1782/3171 1798/1783/3171 1790/1775/3171
f 1790/1775/3172 1798/1783/3172 285/1776/3172
f 1798/1783/3173 284/1784/3173 285/1776/3173
f 271/1221/3174 1799/1743/3174 1791/1742/3174
f 1799/1743/3175 1800/1785/3175 1791/1742/3175
f 1791/1742/3176 1800/1785/3176 1792/1777/3176
f 1800/1785/3177 1801/1786/3177 1792/1777/3177
f 1792/1777/3178 1801/1786/3178 1793/1778/3178
f 1801/1786/3179 1802/1787/3179 1793/1778/3179
f 1793/1778/3180 1802/1787/3180 1794/1779/3180
f 1802/1787/3181 1803/1788/3181 1794/1779/3181
f 1794/1779/3182 1803/1788/3182 1795/1780/3182
f 1803/1788/3183 1804/1789/3183 1795/1780/3183
f 1795/1780/3184 1804/1789/3184 1796/1781/3184
f 1804/1789/3185 1805/1790/3185 1796/1781/3185
f 1796/1781/3186 1805/1790/3186 1797/1782/3186
f 1805/1790/3187 1806/1791/3187 1797/1782/3187
f 1797/1782/3188 1806/1791/3188 1798/1783/3188
f 1806/1791/3189 1807/1792/3189 1798/1783/3189
f 1798/1783/3190 1807/1792/3190 284/1784/3190
f 1807/1792/3191 283/1793/3191 284/1784/3191
f 272/1220/3192 1808/1744/3192 1799/1743/3192
f 1808/1744/3193 1809/1794/3193 1799/1743/3193
f 1799/1743/3194 1809/1794/3194 1800/1785/3194
f 1809/1794/3195 1810/1795/3195 1800/1785/3195
f 1800/1785/3196 1810/1795/3196 1801/1786/3196
f 1810/1795/3197 1811/1796/3197 1801/1786/3197
f 1801/1786/3198 1811/1796/3198 1802/1787/3198
f 1811/1796/3199 1812/1797/3199 1802/1787/3199
f 1802/1787/3200 1812/1797/3200 1803/1788/3200
f 1812/1797/3201 1813/1798/3201 1803/1788/3201
f 1803/1788/3202 1813/1798/3202 1804/1789/3202
f 1813/1798/3203 1814/1799/3203 1804/1789/3203
f 1804/1789/3204 1814/1799/3204 1805/1790/3204
f 1814/1799/3205 1815/1800/3205 1805/1790/3205
f 1805/1790/3206 1815/1800/3206 1806/1791/3206
f 1815/1800/3207 1816/1801/3207 1806/1791/3207
f 1806/1791/3208 1816/1801/3208 1807/1792/3208
f 1816/1801/3209 1817/1802/3209 1807/1792/3209
f 1807/1792/3210 1817/1802/3210 283/1793/3210
f 1817/1802/3211 282/1803/3211 283/1793/3211
f 273/1219/3212 1818/1745/3212 1808/1744/3212
f 1818/1745/3213 1819/1804/3213 1808/1744/3213
f 1808/1744/3214 1819/1804/3214 1809/1794/3214
f 1819/1804/3215 1820/1805/3215 1809/1794/3215
f 1809/1794/3216 1820/1805/3216 1810/1795/3216
f 1820/1805/3217 1821/1806/3217 1810/1795/3217
f 1810/1795/3218 1821/1806/3218 1811/1796/3218
f 1821/1806/3219 1822/1807/3219 1811/1796/3219
f 1811/1796/3220 1822/1807/3220 1812/1797/3220
f 1822/1807/3221 1823/1808/3221 1812/1797/3221
f 1812/1797/3222 1823/1808/3222 1813/1798/3222
f 1823/1808/3223 1824/1809/3223 1813/1798/3223
f 1813/1798/3224 1824/1809/3224 1814/1799/3224
f 1824/1809/3225 1825/1810/3225 1814/1799/3225
f 1814/1799/3226 1825/1810/3226 1815/1800/3226
f 1825/1810/3227 1826/1811/3227 1815/1800/3227
f 1815/1800/3228 1826/1811/3228 1816/1801/3228
f 1826/1811/3229 1827/1812/3229 1816/1801/3229
f 1816/1801/3230 1827/1812/3230 1817/1802/3230
f 1827/1812/3231 1828/1813/3231 1817/1802/3231
f 1817/1802/3232 1828/1813/3232 282/1803/3232
f 1828/1813/3233 281/1814/3233 282/1803/3233
f 274/1218/3234 1829/1746/3234 1818/1745/3234
f 1829/1746/3235 1830/1815/3235 1818/1745/3235
f 1818/1745/3236 1830/1815/3236 1819/1804/3236
f 1830/1815/3237 1831/1816/3237 1819/1804/3237
f 1819/1804/3238 1831/1816/3238 1820/1805/3238
f 1831/1816/3239 1832/1817/3239 1820/1805/3239
f 1820/1805/3240 1832/1817/3240 1821/1806/3240
f 1832/1817/3241 1833/1818/3241 1821/1806/3241
f 1821/1806/3242 1833/1818/3242 1822/1807/3242
f 1833/1818/3243 1834/1819/3243 1822/1807/3243
f 1822/1807/3244 1834/1819/3244 1823/1808/3244
f 1834/1819/3245 1835/1820/3245 1823/1808/3245
f 1823/1808/3246 1835/1820/3246 1824/1809/3246
f 1835/1820/3247 1836/1821/3247 1824/1809/3247
f 1824/1809/3248 1836/1821/3248 1825/1810/3248
f 1836/1821/3249 1837/1822/3249 1825/1810/3249
f 1825/1810/3250 1837/1822/3250 1826/1811/3250
f 1837/1822/3251 1838/1823/3251 1826/1811/3251
f 1826/1811/3252 1838/1823/3252 1827/1812/3252
f 1838/1823/3253 1839/1824/3253 1827/1812/3253
f 1827/1812/3254 1839/1824/3254 1828/1813/3254
f 1839/1824/3255 1840/1825/3255 1828/1813/3255
f 1828/1813/3256 1840/1825/3256 281/1814/3256
f 1840/1825/3257 280/1826/3257 281/1814/3257
f 275/1217/3258 1841/1747/3258 1829/1746/3258
f 1841/1747/3259 1842/1827/3259 1829/1746/3259
f 1829/1746/3260 1842/1827/3260 1830/1815/3260
f 1842/1827/3261 1843/1828/3261 1830/1815/3261
f 1830/1815/3262 1843/1828/3262 1831/1816/3262
f 1843/1828/3263 1844/1829/3263 1831/1816/3263
f 1831/1816/3264 1844/1829/3264 1832/1817/3264
f 1844/1829/3265 1845/1830/3265 1832/1817/3265
f 1832/1817/3266 1845/1830/3266 1833/1818/3266
f 1845/1830/3267 1846/1831/3267 1833/1818/3267
f 1833/1818/3268 1846/1831/3268 1834/1819/3268
f 1846/1831/3269 1847/1832/3269 1834/1819/3269
f 1834/1819/3270 1847/1832/3270 1835/1820/3270
f 1847/1832/3271 1848/1833/3271 1835/1820/3271
f 1835/1820/3272 1848/1833/3272 1836/1821/3272
f 1848/1833/3273 1849/1834/3273 1836/1821/3273
f 1836/1821/3274 1849/1834/3274 1837/1822/3274
f 1849/1834/3275 1850/1835/3275 1837/1822/3275
f 1837/1822/3276 1850/1835/3276 1838/1823/3276
f 1850/1835/3277 1851/1836/3277 1838/1823/3277
f 1838/1823/3278 1851/1836/3278 1839/1824/3278
f 1851/1836/3279 1852/1837/3279 1839/1824/3279
f 1839/1824/3280 1852/1837/3280 1840/1825/3280
f 1852/1837/3281 1853/1838/3281 1840/1825/3281
f 1840/1825/3282 1853/1838/3282 280/1826/3282
f 1853/1838/3283 279/1839/3283 280/1826/3283
f 276/1216/3284 1854/1748/3284 1841/1747/3284
f 1854/1748/3285 1855/1840/3285 1841/1747/3285
f 1841/1747/3286 1855/1840/3286 1842/1827/3286
f 1855/1840/3287 1856/1841/3287 1842/1827/3287
f 1842/1827/3288 1856/1841/3288 1843/1828/3288
f 1856/1841/3289 1857/1842/3289 1843/1828/3289
f 1843/1828/3290 1857/1842/3290 1844/1829/3290
f 1857/1842/3291 1858/1843/3291 1844/1829/3291
f 1844/1829/3292 1858/1843/3292 1845/1830/3292
f 1858/1843/3293 1859/1844/3293 1845/1830/3293
f 1845/1830/3294 1859/1844/3294 1846/1831/3294
f 1859/1844/3295 1860/1845/3295 1846/1831/3295
f 1846/1831/3296 1860/1845/3296 1847/1832/3296
f 1860/1845/3297 1861/1846/3297 1847/1832/3297
f 1847/1832/3298 1861/1846/3298 1848/1833/3298
f 1861/1846/3299 1862/1847/3299 1848/1833/3299
f 1848/1833/3300 1862/1847/3300 1849/1834/3300
f 1862/1847/3301 1863/1848/3301 1849/1834/3301
f 1849/1834/3302 1863/1848/3302 1850/1835/3302
f 1863/1848/3303 1864/1849/3303 1850/1835/3303
f 1850/1835/3304 1864/1849/3304 1851/1836/3304
f 1864/1849/3305 1865/1850/3305 1851/1836/3305
f 1851/1836/3306 1865/1850/3306 1852/1837/3306
f 1865/1850/3307 1866/1851/3307 1852/1837/3307
f 1852/1837/3308 1866/1851/3308 1853/1838/3308
f 1866/1851/3309 1867/1852/3309 1853/1838/3309
f 1853/1838/3310 1867/1852/3310 279/1839/3310
f 1867/1852/3311 278/1853/3311 279/1839/3311
f 277/58/3312 157/57/3312 1854/1748/3312
f 157/57/3313 156/1854/3313 1854/1748/3313
f 1854/1748/3314 156/1854/3314 1855/1840/3314
f 156/1854/3315 155/1855/3315 1855/1840/3315
f 1855/1840/3316 155/1855/3316 1856/1841/3316
f 155/1855/3317 154/1856/3317 1856/1841/3317
f 1856/1841/3318 154/1856/3318 1857/1842/3318
f 154/1856/3319 153/1857/3319 1857/1842/3319
f 1857/1842/3320 153/1857/3320 1858/1843/3320
f 153/1857/3321 152/1858/3321 1858/1843/3321
f 1858/1843/3322 152/1858/3322 1859/1844/3322
f 152/1858/3323 151/1859/3323 1859/1844/3323
f 1859/1844/3324 151/1859/3324 1860/1845/3324
f 151/1859/3325 150/1860/3325 1860/1845/3325
f 1860/1845/3326 150/1860/3326 1861/1846/3326
f 150/1860/3327 149/1861/3327 1861/1846/3327
f 1861/1846/3328 149/1861/3328 1862/1847/3328
f 149/1861/3329 148/1862/3329 1862/1847/3329
f 1862/1847/3330 148/1862/3330 1863/1848/3330
f 148/1862/3331 147/1863/3331 1863/1848/3331
f 1863/1848/3332 147/1863/3332 1864/1849/3332
f 147/1863/3333 146/1864/3333 1864/1849/3333
f 1864/1849/3334 146/1864/3334 1865/1850/3334
f 146/1864/3335 145/1865/3335 1865/1850/3335
f 1865/1850/3336 145/1865/3336 1866/1851/3336
f 145/1865/3337 144/1866/3337 1866/1851/3337
f 1866/1851/3338 144/1866/3338 1867/1852/3338
f 144/1866/3339 143/1867/3339 1867/1852/3339
f 1867/1852/3340 143/1867/3340 278/1853/3340
f 143/1867/3341 43/1868/3341 278/1853/3341
f 233/1362/3342 262/1363/3342 47/70/3342
f 234/1361/3343 1868/1869/3343 233/1362/3343
f 235/1360/3344 1869/1870/3344 234/1361/3344
f 236/1359/3345 1871/1871/3345 235/1360/3345
f 237/1358/3346 1874/1872/3346 236/1359/3346
f 238/1357/3347 1878/1873/3347 237/1358/3347
f 239/1356/3348 1883/1874/3348 238/1357/3348
f 240/1355/3349 1889/1875/3349 239/1356/3349
f 241/1354/3350 1896/1876/3350 240/1355/3350
f 242/1353/3351 1904/1877/3351 241/1354/3351
f 243/1352/3352 1913/1878/3352 242/1353/3352
f 244/1351/3353 1923/1879/3353 243/1352/3353
f 245/1350/3354 1934/1880/3354 244/1351/3354
f 246/1349/3355 1946/1881/3355 245/1350/3355
f 247/55/3356 1959/1882/3356 246/1349/3356
f 233/1362/3357 1868/1869/3357 262/1363/3357
f 1868/1869/3358 261/1364/3358 262/1363/3358
f 234/1361/3359 1869/1870/3359 1868/1869/3359
f 1869/1870/3360 1870/1883/3360 1868/1869/3360
f 1868/1869/3361 1870/1883/3361 261/1364/3361
f 1870/1883/3362 260/1366/3362 261/1364/3362
f 235/1360/3363 1871/1871/3363 1869/1870/3363
f 1871/1871/3364 1872/1884/3364 1869/1870/3364
f 1869/1870/3365 1872/1884/3365 1870/1883/3365
f 1872/1884/3366 1873/1885/3366 1870/1883/3366
f 1870/1883/3367 1873/1885/3367 260/1366/3367
f 1873/1885/3368 259/1368/3368 260/1366/3368
f 236/1359/3369 1874/1872/3369 1871/1871/3369
f 1874/1872/3370 1875/1886/3370 1871/1871/3370
f 1871/1871/3371 1875/1886/3371 1872/1884/3371
f 1875/1886/3372 1876/1887/3372 1872/1884/3372
f 1872/1884/3373 1876/1887/3373 1873/1885/3373
f 1876/1887/3374 1877/1888/3374 1873/1885/3374
f 1873/1885/3375 1877/1888/3375 259/1368/3375
f 1877/1888/3376 258/1370/3376 259/1368/3376
f 237/1358/3377 1878/1873/3377 1874/1872/3377
f 1878/1873/3378 1879/1889/3378 1874/1872/3378
f 1874/1872/3379 1879/1889/3379 1875/1886/3379
f 1879/1889/3380 1880/1890/3380 1875/1886/3380
f 1875/1886/3381 1880/1890/3381 1876/1887/3381
f 1880/1890/3382 1881/1891/3382 1876/1887/3382
f 1876/1887/3383 1881/1891/3383 1877/1888/3383
f 1881/1891/3384 1882/1892/3384 1877/1888/3384
f 1877/1888/3385 1882/1892/3385 258/1370/3385
f 1882/1892/3386 257/1372/3386 258/1370/3386
f 238/1357/3387 1883/1874/3387 1878/1873/3387
f 1883/1874/3388 1884/1893/3388 1878/1873/3388
f 1878/1873/3389 1884/1893/3389 1879/1889/3389
f 1884/1893/3390 1885/1894/3390 1879/1889/3390
f 1879/1889/3391 1885/1894/3391 1880/1890/3391
f 1885/1894/3392 1886/1895/3392 1880/1890/3392
f 1880/1890/3393 1886/1895/3393 1881/1891/3393
f 1886/1895/3394 1887/1896/3394 1881/1891/3394
f 1881/1891/3395 1887/1896/3395 1882/1892/3395
f 1887/1896/3396 1888/1897/3396 1882/1892/3396
f 1882/1892/3397 1888/1897/3397 257/1372/3397
f 1888/1897/3398 256/1374/3398 257/1372/3398
f 239/1356/3399 1889/1875/3399 1883/1874/3399
f 1889/1875/3400 1890/1898/3400 1883/1874/3400
f 1883/1874/3401 1890/1898/3401 1884/1893/3401
f 1890/1898/3402 1891/1899/3402 1884/1893/3402
f 1884/1893/3403 1891/1899/3403 1885/1894/3403
f 1891/1899/3404 1892/1900/3404 1885/1894/3404
f 1885/1894/3405 1892/1900/3405 1886/1895/3405
f 1892/1900/3406 1893/1901/3406 1886/1895/3406
f 1886/1895/3407 1893/1901/3407 1887/1896/3407
f 1893/1901/3408 1894/1902/3408 1887/1896/3408
f 1887/1896/3409 1894/1902/3409 1888/1897/3409
f 1894/1902/3410 1895/1903/3410 1888/1897/3410
f 1888/1897/3411 1895/1903/3411 256/1374/3411
f 1895/1903/3412 255/1376/3412 256/1374/3412
f 240/1355/3413 1896/1876/3413 1889/1875/3413
f 1896/1876/3414 1897/1904/3414 1889/1875/3414
f 1889/1875/3415 1897/1904/3415 1890/1898/3415
f 1897/1904/3416 1898/1905/3416 1890/1898/3416
f 1890/1898/3417 1898/1905/3417 1891/1899/3417
f 1898/1905/3418 1899/1906/3418 1891/1899/3418
f 1891/1899/3419 1899/1906/3419 1892/1900/3419
f 1899/1906/3420 1900/1907/3420 1892/1900/3420
f 1892/1900/3421 1900/1907/3421 1893/1901/3421
f 1900/1907/3422 1901/1908/3422 1893/1901/3422
f 1893/1901/3423 1901/1908/3423 1894/1902/3423
f 1901/1908/3424 1902/1909/3424 1894/1902/3424
f 1894/1902/3425 1902/1909/3425 1895/1903/3425
f 1902/1909/3426 1903/1910/3426 1895/1903/3426
f 1895/1903/3427 1903/1910/3427 255/1376/3427
f 1903/1910/3428 254/1378/3428 255/1376/3428
f 241/1354/3429 1904/1877/3429 1896/1876/3429
f 1904/1877/3430 1905/1911/3430 1896/1876/3430
f 1896/1876/3431 1905/1911/3431 1897/1904/3431
f 1905/1911/3432 1906/1912/3432 1897/1904/3432
f 1897/1904/3433 1906/1912/3433 1898/1905/3433
f 1906/1912/3434 1907/1913/3434 1898/1905/3434
f 1898/1905/3435 1907/1913/3435 1899/1906/3435
f 1907/1913/3436 1908/1914/3436 1899/1906/3436
f 1899/1906/3437 1908/1914/3437 1900/1907/3437
f 1908/1914/3438 1909/1915/3438 1900/1907/3438
f 1900/1907/3439 1909/1915/3439 1901/1908/3439
f 1909/1915/3440 1910/1916/3440 1901/1908/3440
f 1901/1908/3441 1910/1916/3441 1902/1909/3441
f 1910/1916/3442 1911/1917/3442 1902/1909/3442
f 1902/1909/3443 1911/1917/3443 1903/1910/3443
f 1911/1917/3444 1912/1918/3444 1903/1910/3444
f 1903/1910/3445 1912/1918/3445 254/1378/3445
f 1912/1918/3446 253/1380/3446 254/1378/3446
f 242/1353/3447 1913/1878/3447 1904/1877/3447
f 1913/1878/3448 1914/1919/3448 1904/1877/3448
f 1904/1877/3449 1914/1919/3449 1905/1911/3449
f 1914/1919/3450 1915/1920/3450 1905/1911/3450
f 1905/1911/3451 1915/1920/3451 1906/1912/3451
f 1915/1920/3452 1916/1921/3452 1906/1912/3452
f 1906/1912/3453 1916/1921/3453 1907/1913/3453
f 1916/1921/3454 1917/1922/3454 1907/1913/3454
f 1907/1913/3455 1917/1922/3455 1908/1914/3455
f 1917/1922/3456 1918/1923/3456 1908/1914/3456
f 1908/1914/3457 1918/1923/3457 1909/1915/3457
f 1918/1923/3458 1919/1924/3458 1909/1915/3458
f 1909/1915/3459 1919/1924/3459 1910/1916/3459
f 1919/1924/3460 1920/1925/3460 1910/1916/3460
f 1910/1916/3461 1920/1925/3461 1911/1917/3461
f 1920/1925/3462 1921/1926/3462 1911/1917/3462
f 1911/1917/3463 1921/1926/3463 1912/1918/3463
f 1921/1926/3464 1922/1927/3464 1912/1918/3464
f 1912/1918/3465 1922/1927/3465 253/1380/3465
f 1922/1927/3466 252/1382/3466 253/1380/3466
f 243/1352/3467 1923/1879/3467 1913/1878/3467
f 1923/1879/3468 1924/1928/3468 1913/1878/3468
f 1913/1878/3469 1924/1928/3469 1914/1919/3469
f 1924/1928/3470 1925/1929/3470 1914/1919/3470
f 1914/1919/3471 1925/1929/3471 1915/1920/3471
f 1925/1929/3472 1926/1930/3472 1915/1920/3472
f 1915/1920/3473 1926/1930/3473 1916/1921/3473
f 1926/1930/3474 1927/1931/3474 1916/1921/3474
f 1916/1921/3475 1927/1931/3475 1917/1922/3475
f 1927/1931/3476 1928/1932/3476 1917/1922/3476
f 1917/1922/3477 1928/1932/3477 1918/1923/3477
f 1928/1932/3478 1929/1933/3478 1918/1923/3478
f 1918/1923/3479 1929/1933/3479 1919/1924/3479
f 1929/1933/3480 1930/1934/3480 1919/1924/3480
f 1919/1924/3481 1930/1934/3481 1920/1925/3481
f 1930/1934/3482 1931/1935/3482 1920/1925/3482
f 1920/1925/3483 1931/1935/3483 1921/1926/3483
f 1931/1935/3484 1932/1936/3484 1921/1926/3484
f 1921/1926/3485 1932/1936/3485 1922/1927/3485
f 1932/1936/3486 1933/1937/3486 1922/1927/3486
f 1922/1927/3487 1933/1937/3487 252/1382/3487
f 1933/1937/3488 251/1384/3488 252/1382/3488
f 244/1351/3489 1934/1880/3489 1923/1879/3489
f 1934/1880/3490 1935/1938/3490 1923/1879/3490
f 1923/1879/3491 1935/1938/3491 1924/1928/3491
f 1935/1938/3492 1936/1939/3492 1924/1928/3492
f 1924/1928/3493 1936/1939/3493 1925/1929/3493
f 1936/1939/3494 1937/1940/3494 1925/1929/3494
f 1925/1929/3495 1937/1940/3495 1926/1930/3495
f 1937/1940/3496 1938/1941/3496 1926/1930/3496
f 1926/1930/3497 1938/1941/3497 1927/1931/3497
f 1938/1941/3498 1939/1942/3498 1927/1931/3498
f 1927/1931/3499 1939/1942/3499 1928/1932/3499
f 1939/1942/3500 1940/1943/3500 1928/1932/3500
f 1928/1932/3501 1940/1943/3501 1929/1933/3501
f 1940/1943/3502 1941/1944/3502 1929/1933/3502
f 1929/1933/3503 1941/1944/3503 1930/1934/3503
f 1941/1944/3504 1942/1945/3504 1930/1934/3504
f 1930/1934/3505 1942/1945/3505 1931/1935/3505
f 1942/1945/3506 1943/1946/3506 1931/1935/3506
f 1931/1935/3507 1943/1946/3507 1932/1936/3507
f 1943/1946/3508 1944/1947/3508 1932/1936/3508
f 1932/1936/3509 1944/1947/3509 1933/1937/3509
f 1944/1947/3510 1945/1948/3510 1933/1937/3510
f 1933/1937/3511 1945/1948/3511 251/1384/3511
f 1945/1948/3512 250/1386/3512 251/1384/3512
f 245/1350/3513 1946/1881/3513 1934/1880/3513
f 1946/1881/3514 1947/1949/3514 1934/1880/3514
f 1934/1880/3515 1947/1949/3515 1935/1938/3515
f 1947/1949/3516 1948/1950/3516 1935/1938/3516
f 1935/1938/3517 1948/1950/3517 1936/1939/3517
f 1948/1950/3518 1949/1951/3518 1936/1939/3518
f 1936/1939/3519 1949/1951/3519 1937/1940/3519
f 1949/1951/3520 1950/1952/3520 1937/1940/3520
f 1937/1940/3521 1950/1952/3521 1938/1941/3521
f 1950/1952/3522 1951/1953/3522 1938/1941/3522
f 1938/1941/3523 1951/1953/3523 1939/1942/3523
f 1951/1953/3524 1952/1954/3524 1939/1942/3524
f 1939/1942/3525 1952/1954/3525 1940/1943/3525
f 1952/1954/3526 1953/1955/3526 1940/1943/3526
f 1940/1943/3527 1953/1955/3527 1941/1944/3527
f 1953/1955/3528 1954/1956/3528 1941/1944/3528
f 1941/1944/3529 1954/1956/3529 1942/1945/3529
f 1954/1956/3530 1955/1957/3530 1942/1945/3530
f 1942/1945/3531 1955/1957/3531 1943/1946/3531
f 1955/1957/3532 1956/1958/3532 1943/1946/3532
f 1943/1946/3533 1956/1958/3533 1944/1947/3533
f 1956/1958/3534 1957/1959/3534 1944/1947/3534
f 1944/1947/3535 1957/1959/3535 1945/1948/3535
f 1957/1959/3536 1958/1960/3536 1945/1948/3536
f 1945/1948/3537 1958/1960/3537 250/1386/3537
f 1958/1960/3538 249/1388/3538 250/1386/3538
f 246/1349/3539 1959/1882/3539 1946/1881/3539
f 1959/1882/3540 1960/1961/3540 1946/1881/3540
f 1946/1881/3541 1960/1961/3541 1947/1949/3541
f 1960/1961/3542 1961/1962/3542 1947/1949/3542
f 1947/1949/3543 1961/1962/3543 1948/1950/3543
f 1961/1962/3544 1962/1963/3544 1948/1950/3544
f 1948/1950/3545 1962/1963/3545 1949/1951/3545
f 1962/1963/3546 1963/1964/3546 1949/1951/3546
f 1949/1951/3547 1963/1964/3547 1950/1952/3547
f 1963/1964/3548 1964/1965/3548 1950/1952/3548
f 1950/1952/3549 1964/1965/3549 1951/1953/3549
f 1964/1965/3550 1965/1966/3550 1951/1953/3550
f 1951/1953/3551 1965/1966/3551 1952/1954/3551
f 1965/1966/3552 1966/1967/3552 1952/1954/3552
f 1952/1954/3553 1966/1967/3553 1953/1955/3553
f 1966/1967/3554 1967/1968/3554 1953/1955/3554
f 1953/1955/3555 1967/1968/3555 1954/1956/3555
f 1967/1968/3556 1968/1969/3556 1954/1956/3556
f 1954/1956/3557 1968/1969/3557 1955/1957/3557
f 1968/1969/3558 1969/1970/3558 1955/1957/3558
f 1955/1957/3559 1969/1970/3559 1956/1958/3559
f 1969/1970/3560 1970/1971/3560 1956/1958/3560
f 1956/1958/3561 1970/1971/3561 1957/1959/3561
f 1970/1971/3562 1971/1972/3562 1957/1959/3562
f 1957/1959/3563 1971/1972/3563 1958/1960/3563
f 1971/1972/3564 1972/1973/3564 1958/1960/3564
f 1958/1960/3565 1972/1973/3565 249/1388/3565
f 1972/1973/3566 248/65/3566 249/1388/3566
f 247/55/3567 97/54/3567 1959/1882/3567
f 97/54/3568 96/1974/3568 1959/1882/3568
f 1959/1882/3569 96/1974/3569 1960/1961/3569
f 96/1974/3570 95/1975/3570 1960/1961/3570
f 1960/1961/3571 95/1975/3571 1961/1962/3571
f 95/1975/3572 94/1976/3572 1961/1962/3572
f 1961/1962/3573 94/1976/3573 1962/1963/3573
f 94/1976/3574 93/1977/3574 1962/1963/3574
f 1962/1963/3575 93/1977/3575 1963/1964/3575
f 93/1977/3576 92/1978/3576 1963/1964/3576
f 1963/1964/3577 92/1978/3577 1964/1965/3577
f 92/1978/3578 91/1979/3578 1964/1965/3578
f 1964/1965/3579 91/1979/3579 1965/1966/3579
f 91/1979/3580 90/1980/3580 1965/1966/3580
f 1965/1966/3581 90/1980/3581 1966/1967/3581
f 90/1980/3582 89/1981/3582 1966/1967/3582
f 1966/1967/3583 89/1981/3583 1967/1968/3583
f 89/1981/3584 88/1982/3584 1967/1968/3584
f 1967/1968/3585 88/1982/3585 1968/1969/3585
f 88/1982/3586 87/1983/3586 1968/1969/3586
f 1968/1969/3587 87/1983/3587 1969/1970/3587
f 87/1983/3588 86/1984/3588 1969/1970/3588
f 1969/1970/3589 86/1984/3589 1970/1971/3589
f 86/1984/3590 85/1985/3590 1970/1971/3590
f 1970/1971/3591 85/1985/3591 1971/1972/3591
f 85/1985/3592 84/1986/3592 1971/1972/3592
f 1971/1972/3593 84/1986/3593 1972/1973/3593
f 84/1986/3594 83/1987/3594 1972/1973/3594
f 1972/1973/3595 83/1987/3595 248/65/3595
f 83/1987/3596 42/40/3596 248/65/3596
f 203/1495/3597 232/831/3597 51/82/3597
f 204/1494/3598 1973/1988/3598 203/1495/3598
f 205/1493/3599 1974/1989/3599 204/1494/3599
f 206/1492/3600 1976/1990/3600 205/1493/3600
f 207/1491/3601 1979/1991/3601 206/1492/3601
f 208/1490/3602 1983/1992/3602 207/1491/3602
f 209/1489/3603 1988/1993/3603 208/1490/3603
f 210/1488/3604 1994/1994/3604 209/1489/3604
f 211/1487/3605 2001/1995/3605 210/1488/3605
f 212/1486/3606 2009/1996/3606 211/1487/3606
f 213/1485/3607 2018/1997/3607 212/1486/3607
f 214/1484/3608 2028/1998/3608 213/1485/3608
f 215/1483/3609 2039/1999/3609 214/1484/3609
f 216/1482/3610 2051/2000/3610 215/1483/3610
f 217/52/3611 2064/2001/3611 216/1482/3611
f 203/1495/3612 1973/1988/3612 232/831/3612
f 1973/1988/3613 231/832/3613 232/831/3613
f 204/1494/3614 1974/1989/3614 1973/1988/3614
f 1974/1989/3615 1975/2002/3615 1973/1988/3615
f 1973/1988/3616 1975/2002/3616 231/832/3616
f 1975/2002/3617 230/834/3617 231/832/3617
f 205/1493/3618 1976/1990/3618 1974/1989/3618
f 1976/1990/3619 1977/2003/3619 1974/1989/3619
f 1974/1989/3620 1977/2003/3620 1975/2002/3620
f 1977/2003/3621 1978/2004/3621 1975/2002/3621
f 1975/2002/3622 1978/2004/3622 230/834/3622
f 1978/2004/3623 229/836/3623 230/834/3623
f 206/1492/3624 1979/1991/3624 1976/1990/3624
f 1979/1991/3625 1980/2005/3625 1976/1990/3625
f 1976/1990/3626 1980/2005/3626 1977/2003/3626
f 1980/2005/3627 1981/2006/3627 1977/2003/3627
f 1977/2003/3628 1981/2006/3628 1978/2004/3628
f 1981/2006/3629 1982/2007/3629 1978/2004/3629
f 1978/2004/3630 1982/2007/3630 229/836/3630
f 1982/2007/3631 228/838/3631 229/836/3631
f 207/1491/3632 1983/1992/3632 1979/1991/3632
f 1983/1992/3633 1984/2008/3633 1979/1991/3633
f 1979/1991/3634 1984/2008/3634 1980/2005/3634
f 1984/2008/3635 1985/2009/3635 1980/2005/3635
f 1980/2005/3636 1985/2009/3636 1981/2006/3636
f 1985/2009/3637 1986/2010/3637 1981/2006/3637
f 1981/2006/3638 1986/2010/3638 1982/2007/3638
f 1986/2010/3639 1987/2011/3639 1982/2007/3639
f 1982/2007/3640 1987/2011/3640 228/838/3640
f 1987/2011/3641 227/840/3641 228/838/3641
f 208/1490/3642 1988/1993/3642 1983/1992/3642
f 1988/1993/3643 1989/2012/3643 1983/1992/3643
f 1983/1992/3644 1989/2012/3644 1984/2008/3644
f 1989/2012/3645 1990/2013/3645 1984/2008/3645
f 1984/2008/3646 1990/2013/3646 1985/2009/3646
f 1990/2013/3647 1991/2014/3647 1985/2009/3647
f 1985/2009/3648 1991/2014/3648 1986/2010/3648
f 1991/2014/3649 1992/2015/3649 1986/2010/3649
f 1986/2010/3650 1992/2015/3650 1987/2011/3650
f 1992/2015/3651 1993/2016/3651 1987/2011/3651
f 1987/2011/3652 1993/2016/3652 227/840/3652
f 1993/2016/3653 226/842/3653 227/840/3653
f 209/1489/3654 1994/1994/3654 1988/1993/3654
f 1994/1994/3655 1995/2017/3655 1988/1993/3655
f 1988/1993/3656 1995/2017/3656 1989/2012/3656
f 1995/2017/3657 1996/2018/3657 1989/2012/3657
f 1989/2012/3658 1996/2018/3658 1990/2013/3658
f 1996/2018/3659 1997/2019/3659 1990/2013/3659
f 1990/2013/3660 1997/2019/3660 1991/2014/3660
f 1997/2019/3661 1998/2020/3661 1991/2014/3661
f 1991/2014/3662 1998/2020/3662 1992/2015/3662
f 1998/2020/3663 1999/2021/3663 1992/2015/3663
f 1992/2015/3664 1999/2021/3664 1993/2016/3664
f 1999/2021/3665 2000/2022/3665 1993/2016/3665
f 1993/2016/3666 2000/2022/3666 226/842/3666
f 2000/2022/3667 225/844/3667 226/842/3667
f 210/1488/3668 2001/1995/3668 1994/1994/3668
f 2001/1995/3669 2002/2023/3669 1994/1994/3669
f 1994/1994/3670 2002/2023/3670 1995/2017/3670
f 2002/2023/3671 2003/2024/3671 1995/2017/3671
f 1995/2017/3672 2003/2024/3672 1996/2018/3672
f 2003/2024/3673 2004/2025/3673 1996/2018/3673
f 1996/2018/3674 2004/2025/3674 1997/2019/3674
f 2004/2025/3675 2005/2026/3675 1997/2019/3675
f 1997/2019/3676 2005/2026/3676 1998/2020/3676
f 2005/2026/3677 2006/2027/3677 1998/2020/3677
f 1998/2020/3678 2006/2027/3678 1999/2021/3678
f 2006/2027/3679 2007/2028/3679 1999/2021/3679
f 1999/2021/3680 2007/2028/3680 2000/2022/3680
f 2007/2028/3681 2008/2029/3681 2000/2022/3681
f 2000/2022/3682 2008/2029/3682 225/844/3682
f 2008/2029/3683 224/846/3683 225/844/3683
f 211/1487/3684 2009/1996/3684 2001/1995/3684
f 2009/1996/3685 2010/2030/3685 2001/1995/3685
f 2001/1995/3686 2010/2030/3686 2002/2023/3686
f 2010/2030/3687 2011/2031/3687 2002/2023/3687
f 2002/2023/3688 2011/2031/3688 2003/2024/3688
f 2011/2031/3689 2012/2032/3689 2003/2024/3689
f 2003/2024/3690 2012/2032/3690 2004/2025/3690
f 2012/2032/3691 2013/2033/3691 2004/2025/3691
f 2004/2025/3692 2013/2033/3692 2005/2026/3692
f 2013/2033/3693 2014/2034/3693 2005/2026/3693
f 2005/2026/3694 2014/2034/3694 2006/2027/3694
f 2014/2034/3695 2015/2035/3695 2006/2027/3695
f 2006/2027/3696 2015/2035/3696 2007/2028/3696
f 2015/2035/3697 2016/2036/3697 2007/2028/3697
f 2007/2028/3698 2016/2036/3698 2008/2029/3698
f 2016/2036/3699 2017/2037/3699 2008/2029/3699
f 2008/2029/3700 2017/2037/3700 224/846/3700
f 2017/2037/3701 223/848/3701 224/846/3701
f 212/1486/3702 2018/1997/3702 2009/1996/3702
f 2018/1997/3703 2019/2038/3703 2009/1996/3703
f 2009/1996/3704 2019/2038/3704 2010/2030/3704
f 2019/2038/3705 2020/2039/3705 2010/2030/3705
f 2010/2030/3706 2020/2039/3706 2011/2031/3706
f 2020/2039/3707 2021/2040/3707 2011/2031/3707
f 2011/2031/3708 2021/2040/3708 2012/2032/3708
f 2021/2040/3709 2022/2041/3709 2012/2032/3709
f 2012/2032/3710 2022/2041/3710 2013/2033/3710
f 2022/2041/3711 2023/2042/3711 2013/2033/3711
f 2013/2033/3712 2023/2042/3712 2014/2034/3712
f 2023/2042/3713 2024/2043/3713 2014/2034/3713
f 2014/2034/3714 2024/2043/3714 2015/2035/3714
f 2024/2043/3715 2025/2044/3715 2015/2035/3715
f 2015/2035/3716 2025/2044/3716 2016/2036/3716
f 2025/2044/3717 2026/2045/3717 2016/2036/3717
f 2016/2036/3718 2026/2045/3718 2017/2037/3718
f 2026/2045/3719 2027/2046/3719 2017/2037/3719
f 2017/2037/3720 2027/2046/3720 223/848/3720
f 2027/2046/3721 222/850/3721 223/848/3721
f 213/1485/3722 2028/1998/3722 2018/1997/3722
f 2028/1998/3723 2029/2047/3723 2018/1997/3723
f 2018/1997/3724 2029/2047/3724 2019/2038/3724
f 2029/2047/3725 2030/2048/3725 2019/2038/3725
f 2019/2038/3726 2030/2048/3726 2020/2039/3726
f 2030/2048/3727 2031/2049/3727 2020/2039/3727
f 2020/2039/3728 2031/2049/3728 2021/2040/3728
f 2031/2049/3729 2032/2050/3729 2021/2040/3729
f 2021/2040/3730 2032/2050/3730 2022/2041/3730
f 2032/2050/3731 2033/2051/3731 2022/2041/3731
f 2022/2041/3732 2033/2051/3732 2023/2042/3732
f 2033/2051/3733 2034/2052/3733 2023/2042/3733
f 2023/2042/3734 2034/2052/3734 2024/2043/3734
f 2034/2052/3735 2035/2053/3735 2024/2043/3735
f 2024/2043/3736 2035/2053/3736 2025/2044/3736
f 2035/2053/3737 2036/2054/3737 2025/2044/3737
f 2025/2044/3738 2036/2054/3738 2026/2045/3738
f 2036/2054/3739 2037/2055/3739 2026/2045/3739
f 2026/2045/3740 2037/2055/3740 2027/2046/3740
f 2037/2055/3741 2038/2056/3741 2027/2046/3741
f 2027/2046/3742 2038/2056/3742 222/850/3742
f 2038/2056/3743 221/852/3743 222/850/3743
f 214/1484/3744 2039/1999/3744 2028/1998/3744
f 2039/1999/3745 2040/2057/3745 2028/1998/3745
f 2028/1998/3746 2040/2057/3746 2029/2047/3746
f 2040/2057/3747 2041/2058/3747 2029/2047/3747
f 2029/2047/3748 2041/2058/3748 2030/2048/3748
f 2041/2058/3749 2042/2059/3749 2030/2048/3749
f 2030/2048/3750 2042/2059/3750 2031/2049/3750
f 2042/2059/3751 2043/2060/3751 2031/2049/3751
f 2031/2049/3752 2043/2060/3752 2032/2050/3752
f 2043/2060/3753 2044/2061/3753 2032/2050/3753
f 2032/2050/3754 2044/2061/3754 2033/2051/3754
f 2044/2061/3755 2045/2062/3755 2033/2051/3755
f 2033/2051/3756 2045/2062/3756 2034/2052/3756
f 2045/2062/3757 2046/2063/3757 2034/2052/3757
f 2034/2052/3758 2046/2063/3758 2035/2053/3758
f 2046/2063/3759 2047/2064/3759 2035/2053/3759
f 2035/2053/3760 2047/2064/3760 2036/2054/3760
f 2047/2064/3761 2048/2065/3761 2036/2054/3761
f 2036/2054/3762 2048/2065/3762 2037/2055/3762
f 2048/2065/3763 2049/2066/3763 2037/2055/3763
f 2037/2055/3764 2049/2066/3764 2038/2056/3764
f 2049/2066/3765 2050/2067/3765 2038/2056/3765
f 2038/2056/3766 2050/2067/3766 221/852/3766
f 2050/2067/3767 220/854/3767 221/852/3767
f 215/1483/3768 2051/2000/3768 2039/1999/3768
f 2051/2000/3769 2052/2068/3769 2039/1999/3769
f 2039/1999/3770 2052/2068/3770 2040/2057/3770
f 2052/2068/3771 2053/2069/3771 2040/2057/3771
f 2040/2057/3772 2053/2069/3772 2041/2058/3772
f 2053/2069/3773 2054/2070/3773 2041/2058/3773
f 2041/2058/3774 2054/2070/3774 2042/2059/3774
f 2054/2070/3775 2055/2071/3775 2042/2059/3775
f 2042/2059/3776 2055/2071/3776 2043/2060/3776
f 2055/2071/3777 2056/2072/3777 2043/2060/3777
f 2043/2060/3778 2056/2072/3778 2044/2061/3778
f 2056/2072/3779 2057/2073/3779 2044/2061/3779
f 2044/2061/3780 2057/2073/3780 2045/2062/3780
f 2057/2073/3781 2058/2074/3781 2045/2062/3781
f 2045/2062/3782 2058/2074/3782 2046/2063/3782
f 2058/2074/3783 2059/2075/3783 2046/2063/3783
f 2046/2063/3784 2059/2075/3784 2047/2064/3784
f 2059/2075/3785 2060/2076/3785 2047/2064/3785
f 2047/2064/3786 2060/2076/3786 2048/2065/3786
f 2060/2076/3787 2061/2077/3787 2048/2065/3787
f 2048/2065/3788 2061/2077/3788 2049/2066/3788
f 2061/2077/3789 2062/2078/3789 2049/2066/3789
f 2049/2066/3790 2062/2078/3790 2050/2067/3790
f 2062/2078/3791 2063/2079/3791 2050/2067/3791
f 2050/2067/3792 2063/2079/3792 220/854/3792
f 2063/2079/3793 219/856/3793 220/854/3793
f 216/1482/3794 2064/2001/3794 2051/2000/3794
f 2064/2001/3795 2065/2080/3795 2051/2000/3795
f 2051/2000/3796 2065/2080/3796 2052/2068/3796
f 2065/2080/3797 2066/2081/3797 2052/2068/3797
f 2052/2068/3798 2066/2081/3798 2053/2069/3798
f 2066/2081/3799 2067/2082/3799 2053/2069/3799
f 2053/2069/3800 2067/2082/3800 2054/2070/3800
f 2067/2082/3801 2068/2083/3801 2054/2070/3801
f 2054/2070/3802 2068/2083/3802 2055/2071/3802
f 2068/2083/3803 2069/2084/3803 2055/2071/3803
f 2055/2071/3804 2069/2084/3804 2056/2072/3804
f 2069/2084/3805 2070/2085/3805 2056/2072/3805
f 2056/2072/3806 2070/2085/3806 2057/2073/3806
f 2070/2085/3807 2071/2086/3807 2057/2073/3807
f 2057/2073/3808 2071/2086/3808 2058/2074/3808
f 2071/2086/3809 2072/2087/3809 2058/2074/3809
f 2058/2074/3810 2072/2087/3810 2059/2075/3810
f 2072/2087/3811 2073/2088/3811 2059/2075/3811
f 2059/2075/3812 2073/2088/3812 2060/2076/3812
f 2073/2088/3813 2074/2089/3813 2060/2076/3813
f 2060/2076/3814 2074/2089/3814 2061/2077/3814
f 2074/2089/3815 2075/2090/3815 2061/2077/3815
f 2061/2077/3816 2075/2090/3816 2062/2078/3816
f 2075/2090/3817 2076/2091/3817 2062/2078/3817
f 2062/2078/3818 2076/2091/3818 2063/2079/3818
f 2076/2091/3819 2077/2092/3819 2063/2079/3819
f 2063/2079/3820 2077/2092/3820 219/856/3820
f 2077/2092/3821 218/69/3821 219/856/3821
f 217/52/3822 112/42/3822 2064/2001/3822
f 112/42/3823 111/2093/3823 2064/2001/3823
f 2064/2001/3824 111/2093/3824 2065/2080/3824
f 111/2093/3825 110/2094/3825 2065/2080/3825
f 2065/2080/3826 110/2094/3826 2066/2081/3826
f 110/2094/3827 109/2095/3827 2066/2081/3827
f 2066/2081/3828 109/2095/3828 2067/2082/3828
f 109/2095/3829 108/2096/3829 2067/2082/3829
f 2067/2082/3830 108/2096/3830 2068/2083/3830
f 108/2096/3831 107/2097/3831 2068/2083/3831
f 2068/2083/3832 107/2097/3832 2069/2084/3832
f 107/2097/3833 106/2098/3833 2069/2084/3833
f 2069/2084/3834 106/2098/3834 2070/2085/3834
f 106/2098/3835 105/2099/3835 2070/2085/3835
f 2070/2085/3836 105/2099/3836 2071/2086/3836
f 105/2099/3837 104/2100/3837 2071/2086/3837
f 2071/2086/3838 104/2100/3838 2072/2087/3838
f 104/2100/3839 103/2101/3839 2072/2087/3839
f 2072/2087/3840 103/2101/3840 2073/2088/3840
f 103/2101/3841 102/2102/3841 2073/2088/3841
f 2073/2088/3842 102/2102/3842 2074/2089/3842
f 102/2102/3843 101/2103/3843 2074/2089/3843
f 2074/2089/3844 101/2103/3844 2075/2090/3844
f 101/2103/3845 100/2104/3845 2075/2090/3845
f 2075/2090/3846 100/2104/3846 2076/2091/3846
f 100/2104/3847 99/2105/3847 2076/2091/3847
f 2076/2091/3848 99/2105/3848 2077/2092/3848
f 99/2105/3849 98/2106/3849 2077/2092/3849
f 2077/2092/3850 98/2106/3850 218/69/3850
f 98/2106/3851 46/62/3851 218/69/3851
f 127/2107/3852 202/63/3852 46/62/3852
f 126/2108/3853 2078/2109/3853 127/2107/3853
f 125/2110/3854 2079/2111/3854 126/2108/3854
f 124/2112/3855 2081/2113/3855 125/2110/3855
f 123/2114/3856 2084/2115/3856 124/2112/3856
f 122/2116/3857 2088/2117/3857 123/2114/3857
f 121/2118/3858 2093/2119/3858 122/2116/3858
f 120/2120/3859 2099/2121/3859 121/2118/3859
f 119/2122/3860 2106/2123/3860 120/2120/3860
f 118/2124/3861 2114/2125/3861 119/2122/3861
f 117/2126/3862 2123/2127/3862 118/2124/3862
f 116/2128/3863 2133/2129/3863 117/2126/3863
f 115/2130/3864 2144/2131/3864 116/2128/3864
f 114/2132/3865 2156/2133/3865 115/2130/3865
f 113/51/3866 2169/2134/3866 114/2132/3866
f 127/2107/3867 2078/2109/3867 202/63/3867
f 2078/2109/3868 201/1601/3868 202/63/3868
f 126/2108/3869 2079/2111/3869 2078/2109/3869
f 2079/2111/3870 2080/2135/3870 2078/2109/3870
f 2078/2109/3871 2080/2135/3871 201/1601/3871
f 2080/2135/3872 200/1602/3872 201/1601/3872
f 125/2110/3873 2081/2113/3873 2079/2111/3873
f 2081/2113/3874 2082/2136/3874 2079/2111/3874
f 2079/2111/3875 2082/2136/3875 2080/2135/3875
f 2082/2136/3876 2083/2137/3876 2080/2135/3876
f 2080/2135/3877 2083/2137/3877 200/1602/3877
f 2083/2137/3878 199/1603/3878 200/1602/3878
f 124/2112/3879 2084/2115/3879 2081/2113/3879
f 2084/2115/3880 2085/2138/3880 2081/2113/3880
f 2081/2113/3881 2085/2138/3881 2082/2136/3881
f 2085/2138/3882 2086/2139/3882 2082/2136/3882
f 2082/2136/3883 2086/2139/3883 2083/2137/3883
f 2086/2139/3884 2087/2140/3884 2083/2137/3884
f 2083/2137/3885 2087/2140/3885 199/1603/3885
f 2087/2140/3886 198/1604/3886 199/1603/3886
f 123/2114/3887 2088/2117/3887 2084/2115/3887
f 2088/2117/3888 2089/2141/3888 2084/2115/3888
f 2084/2115/3889 2089/2141/3889 2085/2138/3889
f 2089/2141/3890 2090/2142/3890 2085/2138/3890
f 2085/2138/3891 2090/2142/3891 2086/2139/3891
f 2090/2142/3892 2091/2143/3892 2086/2139/3892
f 2086/2139/3893 2091/2143/3893 2087/2140/3893
f 2091/2143/3894 2092/2144/3894 2087/2140/3894
f 2087/2140/3895 2092/2144/3895 198/1604/3895
f 2092/2144/3896 197/1605/3896 198/1604/3896
f 122/2116/3897 2093/2119/3897 2088/2117/3897
f 2093/2119/3898 2094/2145/3898 2088/2117/3898
f 2088/2117/3899 2094/2145/3899 2089/2141/3899
f 2094/2145/3900 2095/2146/3900 2089/2141/3900
f 2089/2141/3901 2095/2146/3901 2090/2142/3901
f 2095/2146/3902 2096/2147/3902 2090/2142/3902
f 2090/2142/3903 2096/2147/3903 2091/2143/3903
f 2096/2147/3904 2097/2148/3904 2091/2143/3904
f 2091/2143/3905 2097/2148/3905 2092/2144/3905
f 2097/2148/3906 2098/2149/3906 2092/2144/3906
f 2092/2144/3907 2098/2149/3907 197/1605/3907
f 2098/2149/3908 196/1606/3908 197/1605/3908
f 121/2118/3909 2099/2121/3909 2093/2119/3909
f 2099/2121/3910 2100/2150/3910 2093/2119/3910
f 2093/2119/3911 2100/2150/3911 2094/2145/3911
f 2100/2150/3912 2101/2151/3912 2094/2145/3912
f 2094/2145/3913 2101/2151/3913 2095/2146/3913
f 2101/2151/3914 2102/2152/3914 2095/2146/3914
f 2095/2146/3915 2102/2152/3915 2096/2147/3915
f 2102/2152/3916 2103/2153/3916 2096/2147/3916
f 2096/2147/3917 2103/2153/3917 2097/2148/3917
f 2103/2153/3918 2104/2154/3918 2097/2148/3918
f 2097/2148/3919 2104/2154/3919 2098/2149/3919
f 2104/2154/3920 2105/2155/3920 2098/2149/3920
f 2098/2149/3921 2105/2155/3921 196/1606/3921
f 2105/2155/3922 195/1607/3922 196/1606/3922
f 120/2120/3923 2106/2123/3923 2099/2121/3923
f 2106/2123/3924 2107/2156/3924 2099/2121/3924
f 2099/2121/3925 2107/2156/3925 2100/2150/3925
f 2107/2156/3926 2108/2157/3926 2100/2150/3926
f 2100/2150/3927 2108/2157/3927 2101/2151/3927
f 2108/2157/3928 2109/2158/3928 2101/2151/3928
f 2101/2151/3929 2109/2158/3929 2102/2152/3929
f 2109/2158/3930 2110/2159/3930 2102/2152/3930
f 2102/2152/3931 2110/2159/3931 2103/2153/3931
f 2110/2159/3932 2111/2160/3932 2103/2153/3932
f 2103/2153/3933 2111/2160/3933 2104/2154/3933
f 2111/2160/3934 2112/2161/3934 2104/2154/3934
f 2104/2154/3935 2112/2161/3935 2105/2155/3935
f 2112/2161/3936 2113/2162/3936 2105/2155/3936
f 2105/2155/3937 2113/2162/3937 195/1607/3937
f 2113/2162/3938 194/1608/3938 195/1607/3938
f 119/2122/3939 2114/2125/3939 2106/2123/3939
f 2114/2125/3940 2115/2163/3940 2106/2123/3940
f 2106/2123/3941 2115/2163/3941 2107/2156/3941
f 2115/2163/3942 2116/2164/3942 2107/2156/3942
f 2107/2156/3943 2116/2164/3943 2108/2157/3943
f 2116/2164/3944 2117/2165/3944 2108/2157/3944
f 2108/2157/3945 2117/2165/3945 2109/2158/3945
f 2117/2165/3946 2118/2166/3946 2109/2158/3946
f 2109/2158/3947 2118/2166/3947 2110/2159/3947
f 2118/2166/3948 2119/2167/3948 2110/2159/3948
f 2110/2159/3949 2119/2167/3949 2111/2160/3949
f 2119/2167/3950 2120/2168/3950 2111/2160/3950
f 2111/2160/3951 2120/2168/3951 2112/2161/3951
f 2120/2168/3952 2121/2169/3952 2112/2161/3952
f 2112/2161/3953 2121/2169/3953 2113/2162/3953
f 2121/2169/3954 2122/2170/3954 2113/2162/3954
f 2113/2162/3955 2122/2170/3955 194/1608/3955
f 2122/2170/3956 193/1609/3956 194/1608/3956
f 118/2124/3957 2123/2127/3957 2114/2125/3957
f 2123/2127/3958 2124/2171/3958 2114/2125/3958
f 2114/2125/3959 2124/2171/3959 2115/2163/3959
f 2124/2171/3960 2125/2172/3960 2115/2163/3960
f 2115/2163/3961 2125/2172/3961 2116/2164/3961
f 2125/2172/3962 2126/2173/3962 2116/2164/3962
f 2116/2164/3963 2126/2173/3963 2117/2165/3963
f 2126/2173/3964 2127/2174/3964 2117/2165/3964
f 2117/2165/3965 2127/2174/3965 2118/2166/3965
f 2127/2174/3966 2128/2175/3966 2118/2166/3966
f 2118/2166/3967 2128/2175/3967 2119/2167/3967
f 2128/2175/3968 2129/2176/3968 2119/2167/3968
f 2119/2167/3969 2129/2176/3969 2120/2168/3969
f 2129/2176/3970 2130/2177/3970 2120/2168/3970
f 2120/2168/3971 2130/2177/3971 2121/2169/3971
f 2130/2177/3972 2131/2178/3972 2121/2169/3972
f 2121/2169/3973 2131/2178/3973 2122/2170/3973
f 2131/2178/3974 2132/2179/3974 2122/2170/3974
f 2122/2170/3975 2132/2179/3975 193/1609/3975
f 2132/2179/3976 192/1610/3976 193/1609/3976
f 117/2126/3977 2133/2129/3977 2123/2127/3977
f 2133/2129/3978 2134/2180/3978 2123/2127/3978
f 2123/2127/3979 2134/2180/3979 2124/2171/3979
f 2134/2180/3980 2135/2181/3980 2124/2171/3980
f 2124/2171/3981 2135/2181/3981 2125/2172/3981
f 2135/2181/3982 2136/2182/3982 2125/2172/3982
f 2125/2172/3983 2136/2182/3983 2126/2173/3983
f 2136/2182/3984 2137/2183/3984 2126/2173/3984
f 2126/2173/3985 2137/2183/3985 2127/2174/3985
f 2137/2183/3986 2138/2184/3986 2127/2174/3986
f 2127/2174/3987 2138/2184/3987 2128/2175/3987
f 2138/2184/3988 2139/2185/3988 2128/2175/3988
f 2128/2175/3989 2139/2185/3989 2129/2176/3989
f 2139/2185/3990 2140/2186/3990 2129/2176/3990
f 2129/2176/3991 2140/2186/3991 2130/2177/3991
f 2140/2186/3992 2141/2187/3992 2130/2177/3992
f 2130/2177/3993 2141/2187/3993 2131/2178/3993
f 2141/2187/3994 2142/2188/3994 2131/2178/3994
f 2131/2178/3995 2142/2188/3995 2132/2179/3995
f 2142/2188/3996 2143/2189/3996 2132/2179/3996
f 2132/2179/3997 2143/2189/3997 192/1610/3997
f 2143/2189/3998 191/1611/3998 192/1610/3998
f 116/2128/3999 2144/2131/3999 2133/2129/3999
f 2144/2131/4000 2145/2190/4000 2133/2129/4000
f 2133/2129/4001 2145/2190/4001 2134/2180/4001
f 2145/2190/4002 2146/2191/4002 2134/2180/4002
f 2134/2180/4003 2146/2191/4003 2135/2181/4003
f 2146/2191/4004 2147/2192/4004 2135/2181/4004
f 2135/2181/4005 2147/2192/4005 2136/2182/4005
f 2147/2192/4006 2148/2193/4006 2136/2182/4006
f 2136/2182/4007 2148/2193/4007 2137/2183/4007
f 2148/2193/4008 2149/2194/4008 2137/2183/4008
f 2137/2183/4009 2149/2194/4009 2138/2184/4009
f 2149/2194/4010 2150/2195/4010 2138/2184/4010
f 2138/2184/4011 2150/2195/4011 2139/2185/4011
f 2150/2195/4012 2151/2196/4012 2139/2185/4012
f 2139/2185/4013 2151/2196/4013 2140/2186/4013
f 2151/2196/4014 2152/2197/4014 2140/2186/4014
f 2140/2186/4015 2152/2197/4015 2141/2187/4015
f 2152/2197/4016 2153/2198/4016 2141/2187/4016
f 2141/2187/4017 2153/2198/4017 2142/2188/4017
f 2153/2198/4018 2154/2199/4018 2142/2188/4018
f 2142/2188/4019 2154/2199/4019 2143/2189/4019
f 2154/2199/4020 2155/2200/4020 2143/2189/4020
f 2143/2189/4021 2155/2200/4021 191/1611/4021
f 2155/2200/4022 190/1612/4022 191/1611/4022
f 115/2130/4023 2156/2133/4023 2144/2131/4023
f 2156/2133/4024 2157/2201/4024 2144/2131/4024
f 2144/2131/4025 2157/2201/4025 2145/2190/4025
f 2157/2201/4026 2158/2202/4026 2145/2190/4026
f 2145/2190/4027 2158/2202/4027 2146/2191/4027
f 2158/2202/4028 2159/2203/4028 2146/2191/4028
f 2146/2191/4029 2159/2203/4029 2147/2192/4029
f 2159/2203/4030 2160/2204/4030 2147/2192/4030
f 2147/2192/4031 2160/2204/4031 2148/2193/4031
f 2160/2204/4032 2161/2205/4032 2148/2193/4032
f 2148/2193/4033 2161/2205/4033 2149/2194/4033
f 2161/2205/4034 2162/2206/4034 2149/2194/4034
f 2149/2194/4035 2162/2206/4035 2150/2195/4035
f 2162/2206/4036 2163/2207/4036 2150/2195/4036
f 2150/2195/4037 2163/2207/4037 2151/2196/4037
f 2163/2207/4038 2164/2208/4038 2151/2196/4038
f 2151/2196/4039 2164/2208/4039 2152/2197/4039
f 2164/2208/4040 2165/2209/4040 2152/2197/4040
f 2152/2197/4041 2165/2209/4041 2153/2198/4041
f 2165/2209/4042 2166/2210/4042 2153/2198/4042
f 2153/2198/4043 2166/2210/4043 2154/2199/4043
f 2166/2210/4044 2167/2211/4044 2154/2199/4044
f 2154/2199/4045 2167/2211/4045 2155/2200/4045
f 2167/2211/4046 2168/2212/4046 2155/2200/4046
f 2155/2200/4047 2168/2212/4047 190/1612/4047
f 2168/2212/4048 189/1613/4048 190/1612/4048
f 114/2132/4049 2169/2134/4049 2156/2133/4049
f 2169/2134/4050 2170/2213/4050 2156/2133/4050
f 2156/2133/4051 2170/2213/4051 2157/2201/4051
f 2170/2213/4052 2171/2214/4052 2157/2201/4052
f 2157/2201/4053 2171/2214/4053 2158/2202/4053
f 2171/2214/4054 2172/2215/4054 2158/2202/4054
f 2158/2202/4055 2172/2215/4055 2159/2203/4055
f 2172/2215/4056 2173/2216/4056 2159/2203/4056
f 2159/2203/4057 2173/2216/4057 2160/2204/4057
f 2173/2216/4058 2174/2217/4058 2160/2204/4058
f 2160/2204/4059 2174/2217/4059 2161/2205/4059
f 2174/2217/4060 2175/2218/4060 2161/2205/4060
f 2161/2205/4061 2175/2218/4061 2162/2206/4061
f 2175/2218/4062 2176/2219/4062 2162/2206/4062
f 2162/2206/4063 2176/2219/4063 2163/2207/4063
f 2176/2219/4064 2177/2220/4064 2163/2207/4064
f 2163/2207/4065 2177/2220/4065 2164/2208/4065
f 2177/2220/4066 2178/2221/4066 2164/2208/4066
f 2164/2208/4067 2178/2221/4067 2165/2209/4067
f 2178/2221/4068 2179/2222/4068 2165/2209/4068
f 2165/2209/4069 2179/2222/4069 2166/2210/4069
f 2179/2222/4070 2180/2223/4070 2166/2210/4070
f 2166/2210/4071 2180/2223/4071 2167/2211/4071
f 2180/2223/4072 2181/2224/4072 2167/2211/4072
f 2167/2211/4073 2181/2224/4073 2168/2212/4073
f 2181/2224/4074 2182/2225/4074 2168/2212/4074
f 2168/2212/4075 2182/2225/4075 189/1613/4075
f 2182/2225/4076 188/1614/4076 189/1613/4076
f 113/51/4077 172/50/4077 2169/2134/4077
f 172/50/4078 171/2226/4078 2169/2134/4078
f 2169/2134/4079 171/2226/4079 2170/2213/4079
f 171/2226/4080 170/2227/4080 2170/2213/4080
f 2170/2213/4081 170/2227/4081 2171/2214/4081
f 170/2227/4082 169/2228/4082 2171/2214/4082
f 2171/2214/4083 169/2228/4083 2172/2215/4083
f 169/2228/4084 168/2229/4084 2172/2215/4084
f 2172/2215/4085 168/2229/4085 2173/2216/4085
f 168/2229/4086 167/2230/4086 2173/2216/4086
f 2173/2216/4087 167/2230/4087 2174/2217/4087
f 167/2230/4088 166/2231/4088 2174/2217/4088
f 2174/2217/4089 166/2231/4089 2175/2218/4089
f 166/2231/4090 165/2232/4090 2175/2218/4090
f 2175/2218/4091 165/2232/4091 2176/2219/4091
f 165/2232/4092 164/2233/4092 2176/2219/4092
f 2176/2219/4093 164/2233/4093 2177/2220/4093
f 164/2233/4094 163/2234/4094 2177/2220/4094
f 2177/2220/4095 163/2234/4095 2178/2221/4095
f 163/2234/4096 162/2235/4096 2178/2221/4096
f 2178/2221/4097 162/2235/4097 2179/2222/4097
f 162/2235/4098 161/2236/4098 2179/2222/4098
f 2179/2222/4099 161/2236/4099 2180/2223/4099
f 161/2236/4100 160/2237/4100 2180/2223/4100
f 2180/2223/4101 160/2237/4101 2181/2224/4101
f 160/2237/4102 159/2238/4102 2181/2224/4102
f 2181/2224/4103 159/2238/4103 2182/2225/4103
f 159/2238/4104 158/2239/4104 2182/2225/4104
f 2182/2225/4105 158/2239/4105 188/1614/4105
f 158/2239/4106 45/59/4106 188/1614/4106
f 158/2240/4107 187/60/4107 45/59/4107
f 159/2241/4108 2183/2242/4108 158/2240/4108
f 160/2243/4109 2184/2244/4109 159/2241/4109
f 161/2245/4110 2186/2246/4110 160/2243/4110
f 162/2247/4111 2189/2248/4111 161/2245/4111
f 163/2249/4112 2193/2250/4112 162/2247/4112
f 164/2251/4113 2198/2252/4113 163/2249/4113
f 165/2253/4114 2204/2254/4114 164/2251/4114
f 166/2255/4115 2211/2256/4115 165/2253/4115
f 167/2257/4116 2219/2258/4116 166/2255/4116
f 168/2259/4117 2228/2260/4117 167/2257/4117
f 169/2261/4118 2238/2262/4118 168/2259/4118
f 170/2263/4119 2249/2264/4119 169/2261/4119
f 171/2265/4120 2261/2266/4120 170/2263/4120
f 172/48/4121 2274/2267/4121 171/2265/4121
f 158/2240/4122 2183/2242/4122 187/60/4122
f 2183/2242/4123 186/1720/4123 187/60/4123
f 159/2241/4124 2184/2244/4124 2183/2242/4124
f 2184/2244/4125 2185/2268/4125 2183/2242/4125
f 2183/2242/4126 2185/2268/4126 186/1720/4126
f 2185/2268/4127 185/1721/4127 186/1720/4127
f 160/2243/4128 2186/2246/4128 2184/2244/4128
f 2186/2246/4129 2187/2269/4129 2184/2244/4129
f 2184/2244/4130 2187/2269/4130 2185/2268/4130
f 2187/2269/4131 2188/2270/4131 2185/2268/4131
f 2185/2268/4132 2188/2270/4132 185/1721/4132
f 2188/2270/4133 184/1722/4133 185/1721/4133
f 161/2245/4134 2189/2248/4134 2186/2246/4134
f 2189/2248/4135 2190/2271/4135 2186/2246/4135
f 2186/2246/4136 2190/2271/4136 2187/2269/4136
f 2190/2271/4137 2191/2272/4137 2187/2269/4137
f 2187/2269/4138 2191/2272/4138 2188/2270/4138
f 2191/2272/4139 2192/2273/4139 2188/2270/4139
f 2188/2270/4140 2192/2273/4140 184/1722/4140
f 2192/2273/4141 183/1723/4141 184/1722/4141
f 162/2247/4142 2193/2250/4142 2189/2248/4142
f 2193/2250/4143 2194/2274/4143 2189/2248/4143
f 2189/2248/4144 2194/2274/4144 2190/2271/4144
f 2194/2274/4145 2195/2275/4145 2190/2271/4145
f 2190/2271/4146 2195/2275/4146 2191/2272/4146
f 2195/2275/4147 2196/2276/4147 2191/2272/4147
f 2191/2272/4148 2196/2276/4148 2192/2273/4148
f 2196/2276/4149 2197/2277/4149 2192/2273/4149
f 2192/2273/4150 2197/2277/4150 183/1723/4150
f 2197/2277/4151 182/1724/4151 183/1723/4151
f 163/2249/4152 2198/2252/4152 2193/2250/4152
f 2198/2252/4153 2199/2278/4153 2193/2250/4153
f 2193/2250/4154 2199/2278/4154 2194/2274/4154
f 2199/2278/4155 2200/2279/4155 2194/2274/4155
f 2194/2274/4156 2200/2279/4156 2195/2275/4156
f 2200/2279/4157 2201/2280/4157 2195/2275/4157
f 2195/2275/4158 2201/2280/4158 2196/2276/4158
f 2201/2280/4159 2202/2281/4159 2196/2276/4159
f 2196/2276/4160 2202/2281/4160 2197/2277/4160
f 2202/2281/4161 2203/2282/4161 2197/2277/4161
f 2197/2277/4162 2203/2282/4162 182/1724/4162
f 2203/2282/4163 181/1725/4163 182/1724/4163
f 164/2251/4164 2204/2254/4164 2198/2252/4164
f 2204/2254/4165 2205/2283/4165 2198/2252/4165
f 2198/2252/4166 2205/2283/4166 2199/2278/4166
f 2205/2283/4167 2206/2284/4167 2199/2278/4167
f 2199/2278/4168 2206/2284/4168 2200/2279/4168
f 2206/2284/4169 2207/2285/4169 2200/2279/4169
f 2200/2279/4170 2207/2285/4170 2201/2280/4170
f 2207/2285/4171 2208/2286/4171 2201/2280/4171
f 2201/2280/4172 2208/2286/4172 2202/2281/4172
f 2208/2286/4173 2209/2287/4173 2202/2281/4173
f 2202/2281/4174 2209/2287/4174 2203/2282/4174
f 2209/2287/4175 2210/2288/4175 2203/2282/4175
f 2203/2282/4176 2210/2288/4176 181/1725/4176
f 2210/2288/4177 180/1726/4177 181/1725/4177
f 165/2253/4178 2211/2256/4178 2204/2254/4178
f 2211/2256/4179 2212/2289/4179 2204/2254/4179
f 2204/2254/4180 2212/2289/4180 2205/2283/4180
f 2212/2289/4181 2213/2290/4181 2205/2283/4181
f 2205/2283/4182 2213/2290/4182 2206/2284/4182
f 2213/2290/4183 2214/2291/4183 2206/2284/4183
f 2206/2284/4184 2214/2291/4184 2207/2285/4184
f 2214/2291/4185 2215/2292/4185 2207/2285/4185
f 2207/2285/4186 2215/2292/4186 2208/2286/4186
f 2215/2292/4187 2216/2293/4187 2208/2286/4187
f 2208/2286/4188 2216/2293/4188 2209/2287/4188
f 2216/2293/4189 2217/2294/4189 2209/2287/4189
f 2209/2287/4190 2217/2294/4190 2210/2288/4190
f 2217/2294/4191 2218/2295/4191 2210/2288/4191
f 2210/2288/4192 2218/2295/4192 180/1726/4192
f 2218/2295/4193 179/1727/4193 180/1726/4193
f 166/2255/4194 2219/2258/4194 2211/2256/4194
f 2219/2258/4195 2220/2296/4195 2211/2256/4195
f 2211/2256/4196 2220/2296/4196 2212/2289/4196
f 2220/2296/4197 2221/2297/4197 2212/2289/4197
f 2212/2289/4198 2221/2297/4198 2213/2290/4198
f 2221/2297/4199 2222/2298/4199 2213/2290/4199
f 2213/2290/4200 2222/2298/4200 2214/2291/4200
f 2222/2298/4201 2223/2299/4201 2214/2291/4201
f 2214/2291/4202 2223/2299/4202 2215/2292/4202
f 2223/2299/4203 2224/2300/4203 2215/2292/4203
f 2215/2292/4204 2224/2300/4204 2216/2293/4204
f 2224/2300/4205 2225/2301/4205 2216/2293/4205
f 2216/2293/4206 2225/2301/4206 2217/2294/4206
f 2225/2301/4207 2226/2302/4207 2217/2294/4207
f 2217/2294/4208 2226/2302/4208 2218/2295/4208
f 2226/2302/4209 2227/2303/4209 2218/2295/4209
f 2218/2295/4210 2227/2303/4210 179/1727/4210
f 2227/2303/4211 178/1728/4211 179/1727/4211
f 167/2257/4212 2228/2260/4212 2219/2258/4212
f 2228/2260/4213 2229/2304/4213 2219/2258/4213
f 2219/2258/4214 2229/2304/4214 2220/2296/4214
f 2229/2304/4215 2230/2305/4215 2220/2296/4215
f 2220/2296/4216 2230/2305/4216 2221/2297/4216
f 2230/2305/4217 2231/2306/4217 2221/2297/4217
f 2221/2297/4218 2231/2306/4218 2222/2298/4218
f 2231/2306/4219 2232/2307/4219 2222/2298/4219
f 2222/2298/4220 2232/2307/4220 2223/2299/4220
f 2232/2307/4221 2233/2308/4221 2223/2299/4221
f 2223/2299/4222 2233/2308/4222 2224/2300/4222
f 2233/2308/4223 2234/2309/4223 2224/2300/4223
f 2224/2300/4224 2234/2309/4224 2225/2301/4224
f 2234/2309/4225 2235/2310/4225 2225/2301/4225
f 2225/2301/4226 2235/2310/4226 2226/2302/4226
f 2235/2310/4227 2236/2311/4227 2226/2302/4227
f 2226/2302/4228 2236/2311/4228 2227/2303/4228
f 2236/2311/4229 2237/2312/4229 2227/2303/4229
f 2227/2303/4230 2237/2312/4230 178/1728/4230
f 2237/2312/4231 177/1729/4231 178/1728/4231
f 168/2259/4232 2238/2262/4232 2228/2260/4232
f 2238/2262/4233 2239/2313/4233 2228/2260/4233
f 2228/2260/4234 2239/2313/4234 2229/2304/4234
f 2239/2313/4235 2240/2314/4235 2229/2304/4235
f 2229/2304/4236 2240/2314/4236 2230/2305/4236
f 2240/2314/4237 2241/2315/4237 2230/2305/4237
f 2230/2305/4238 2241/2315/4238 2231/2306/4238
f 2241/2315/4239 2242/2316/4239 2231/2306/4239
f 2231/2306/4240 2242/2316/4240 2232/2307/4240
f 2242/2316/4241 2243/2317/4241 2232/2307/4241
f 2232/2307/4242 2243/2317/4242 2233/2308/4242
f 2243/2317/4243 2244/2318/4243 2233/2308/4243
f 2233/2308/4244 2244/2318/4244 2234/2309/4244
f 2244/2318/4245 2245/2319/4245 2234/2309/4245
f 2234/2309/4246 2245/2319/4246 2235/2310/4246
f 2245/2319/4247 2246/2320/4247 2235/2310/4247
f 2235/2310/4248 2246/2320/4248 2236/2311/4248
f 2246/2320/4249 2247/2321/4249 2236/2311/4249
f 2236/2311/4250 2247/2321/4250 2237/2312/4250
f 2247/2321/4251 2248/2322/4251 2237/2312/4251
f 2237/2312/4252 2248/2322/4252 177/1729/4252
f 2248/2322/4253 176/1730/4253 177/1729/4253
f 169/2261/4254 2249/2264/4254 2238/2262/4254
f 2249/2264/4255 2250/2323/4255 2238/2262/4255
f 2238/2262/4256 2250/2323/4256 2239/2313/4256
f 2250/2323/4257 2251/2324/4257 2239/2313/4257
f 2239/2313/4258 2251/2324/4258 2240/2314/4258
f 2251/2324/4259 2252/2325/4259 2240/2314/4259
f 2240/2314/4260 2252/2325/4260 2241/2315/4260
f 2252/2325/4261 2253/2326/4261 2241/2315/4261
f 2241/2315/4262 2253/2326/4262 2242/2316/4262
f 2253/2326/4263 2254/2327/4263 2242/2316/4263
f 2242/2316/4264 2254/2327/4264 2243/2317/4264
f 2254/2327/4265 2255/2328/4265 2243/2317/4265
f 2243/2317/4266 2255/2328/4266 2244/2318/4266
f 2255/2328/4267 2256/2329/4267 2244/2318/4267
f 2244/2318/4268 2256/2329/4268 2245/2319/4268
f 2256/2329/4269 2257/2330/4269 2245/2319/4269
f 2245/2319/4270 2257/2330/4270 2246/2320/4270
f 2257/2330/4271 2258/2331/4271 2246/2320/4271
f 2246/2320/4272 2258/2331/4272 2247/2321/4272
f 2258/2331/4273 2259/2332/4273 2247/2321/4273
f 2247/2321/4274 2259/2332/4274 2248/2322/4274
f 2259/2332/4275 2260/2333/4275 2248/2322/4275
f 2248/2322/4276 2260/2333/4276 176/1730/4276
f 2260/2333/4277 175/1731/4277 176/1730/4277
f 170/2263/4278 2261/2266/4278 2249/2264/4278
f 2261/2266/4279 2262/2334/4279 2249/2264/4279
f 2249/2264/4280 2262/2334/4280 2250/2323/4280
f 2262/2334/4281 2263/2335/4281 2250/2323/4281
f 2250/2323/4282 2263/2335/4282 2251/2324/4282
f 2263/2335/4283 2264/2336/4283 2251/2324/4283
f 2251/2324/4284 2264/2336/4284 2252/2325/4284
f 2264/2336/4285 2265/2337/4285 2252/2325/4285
f 2252/2325/4286 2265/2337/4286 2253/2326/4286
f 2265/2337/4287 2266/2338/4287 2253/2326/4287
f 2253/2326/4288 2266/2338/4288 2254/2327/4288
f 2266/2338/4289 2267/2339/4289 2254/2327/4289
f 2254/2327/4290 2267/2339/4290 2255/2328/4290
f 2267/2339/4291 2268/2340/4291 2255/2328/4291
f 2255/2328/4292 2268/2340/4292 2256/2329/4292
f 2268/2340/4293 2269/2341/4293 2256/2329/4293
f 2256/2329/4294 2269/2341/4294 2257/2330/4294
f 2269/2341/4295 2270/2342/4295 2257/2330/4295
f 2257/2330/4296 2270/2342/4296 2258/2331/4296
f 2270/2342/4297 2271/2343/4297 2258/2331/4297
f 2258/2331/4298 2271/2343/4298 2259/2332/4298
f 2271/2343/4299 2272/2344/4299 2259/2332/4299
f 2259/2332/4300 2272/2344/4300 2260/2333/4300
f 2272/2344/4301 2273/2345/4301 2260/2333/4301
f 2260/2333/4302 2273/2345/4302 175/1731/4302
f 2273/2345/4303 174/1732/4303 175/1731/4303
f 171/2265/4304 2274/2267/4304 2261/2266/4304
f 2274/2267/4305 2275/2346/4305 2261/2266/4305
f 2261/2266/4306 2275/2346/4306 2262/2334/4306
f 2275/2346/4307 2276/2347/4307 2262/2334/4307
f 2262/2334/4308 2276/2347/4308 2263/2335/4308
f 2276/2347/4309 2277/2348/4309 2263/2335/4309
f 2263/2335/4310 2277/2348/4310 2264/2336/4310
f 2277/2348/4311 2278/2349/4311 2264/2336/4311
f 2264/2336/4312 2278/2349/4312 2265/2337/4312
f 2278/2349/4313 2279/2350/4313 2265/2337/4313
f 2265/2337/4314 2279/2350/4314 2266/2338/4314
f 2279/2350/4315 2280/2351/4315 2266/2338/4315
f 2266/2338/4316 2280/2351/4316 2267/2339/4316
f 2280/2351/4317 2281/2352/4317 2267/2339/4317
f 2267/2339/4318 2281/2352/4318 2268/2340/4318
f 2281/2352/4319 2282/2353/4319 2268/2340/4319
f 2268/2340/4320 2282/2353/4320 2269/2341/4320
f 2282/2353/4321 2283/2354/4321 2269/2341/4321
f 2269/2341/4322 2283/2354/4322 2270/2342/4322
f 2283/2354/4323 2284/2355/4323 2270/2342/4323
f 2270/2342/4324 2284/2355/4324 2271/2343/4324
f 2284/2355/4325 2285/2356/4325 2271/2343/4325
f 2271/2343/4326 2285/2356/4326 2272/2344/4326
f 2285/2356/4327 2286/2357/4327 2272/2344/4327
f 2272/2344/4328 2286/2357/4328 2273/2345/4328
f 2286/2357/4329 2287/2358/4329 2273/2345/4329
f 2273/2345/4330 2287/2358/4330 174/1732/4330
f 2287/2358/4331 173/1733/4331 174/1732/4331
f 172/48/4332 142/47/4332 2274/2267/4332
f 142/47/4333 141/2359/4333 2274/2267/4333
f 2274/2267/4334 141/2359/4334 2275/2346/4334
f 141/2359/4335 140/2360/4335 2275/2346/4335
f 2275/2346/4336 140/2360/4336 2276/2347/4336
f 140/2360/4337 139/2361/4337 2276/2347/4337
f 2276/2347/4338 139/2361/4338 2277/2348/4338
f 139/2361/4339 138/2362/4339 2277/2348/4339
f 2277/2348/4340 138/2362/4340 2278/2349/4340
f 138/2362/4341 137/2363/4341 2278/2349/4341
f 2278/2349/4342 137/2363/4342 2279/2350/4342
f 137/2363/4343 136/2364/4343 2279/2350/4343
f 2279/2350/4344 136/2364/4344 2280/2351/4344
f 136/2364/4345 135/2365/4345 2280/2351/4345
f 2280/2351/4346 135/2365/4346 2281/2352/4346
f 135/2365/4347 134/2366/4347 2281/2352/4347
f 2281/2352/4348 134/2366/4348 2282/2353/4348
f 134/2366/4349 133/2367/4349 2282/2353/4349
f 2282/2353/4350 133/2367/4350 2283/2354/4350
f 133/2367/4351 132/2368/4351 2283/2354/4351
f 2283/2354/4352 132/2368/4352 2284/2355/4352
f 132/2368/4353 131/2369/4353 2284/2355/4353
f 2284/2355/4354 131/2369/4354 2285/2356/4354
f 131/2369/4355 130/2370/4355 2285/2356/4355
f 2285/2356/4356 130/2370/4356 2286/2357/4356
f 130/2370/4357 129/2371/4357 2286/2357/4357
f 2286/2357/4358 129/2371/4358 2287/2358/4358
f 129/2371/4359 128/2372/4359 2287/2358/4359
f 2287/2358/4360 128/2372/4360 173/1733/4360
f 128/2372/4361 44/56/4361 173/1733/4361
f 128/2373/4362 157/57/4362 44/56/4362
f 129/2374/4363 2288/2375/4363 128/2373/4363
f 130/2376/4364 2289/2377/4364 129/2374/4364
f 131/2378/4365 2291/2379/4365 130/2376/4365
f 132/2380/4366 2294/2381/4366 131/2378/4366
f 133/2382/4367 2298/2383/4367 132/2380/4367
f 134/2384/4368 2303/2385/4368 133/2382/4368
f 135/2386/4369 2309/2387/4369 134/2384/4369
f 136/2388/4370 2316/2389/4370 135/2386/4370
f 137/2390/4371 2324/2391/4371 136/2388/4371
f 138/2392/4372 2333/2393/4372 137/2390/4372
f 139/2394/4373 2343/2395/4373 138/2392/4373
f 140/2396/4374 2354/2397/4374 139/2394/4374
f 141/2398/4375 2366/2399/4375 140/2396/4375
f 142/45/4376 2379/2400/4376 141/2398/4376
f 128/2373/4377 2288/2375/4377 157/57/4377
f 2288/2375/4378 156/1854/4378 157/57/4378
f 129/2374/4379 2289/2377/4379 2288/2375/4379
f 2289/2377/4380 2290/2401/4380 2288/2375/4380
f 2288/2375/4381 2290/2401/4381 156/1854/4381
f 2290/2401/4382 155/1855/4382 156/1854/4382
f 130/2376/4383 2291/2379/4383 2289/2377/4383
f 2291/2379/4384 2292/2402/4384 2289/2377/4384
f 2289/2377/4385 2292/2402/4385 2290/2401/4385
f 2292/2402/4386 2293/2403/4386 2290/2401/4386
f 2290/2401/4387 2293/2403/4387 155/1855/4387
f 2293/2403/4388 154/1856/4388 155/1855/4388
f 131/2378/4389 2294/2381/4389 2291/2379/4389
f 2294/2381/4390 2295/2404/4390 2291/2379/4390
f 2291/2379/4391 2295/2404/4391 2292/2402/4391
f 2295/2404/4392 2296/2405/4392 2292/2402/4392
f 2292/2402/4393 2296/2405/4393 2293/2403/4393
f 2296/2405/4394 2297/2406/4394 2293/2403/4394
f 2293/2403/4395 2297/2406/4395 154/1856/4395
f 2297/2406/4396 153/1857/4396 154/1856/4396
f 132/2380/4397 2298/2383/4397 2294/2381/4397
f 2298/2383/4398 2299/2407/4398 2294/2381/4398
f 2294/2381/4399 2299/2407/4399 2295/2404/4399
f 2299/2407/4400 2300/2408/4400 2295/2404/4400
f 2295/2404/4401 2300/2408/4401 2296/2405/4401
f 2300/2408/4402 2301/2409/4402 2296/2405/4402
f 2296/2405/4403 2301/2409/4403 2297/2406/4403
f 2301/2409/4404 2302/2410/4404 2297/2406/4404
f 2297/2406/4405 2302/2410/4405 153/1857/4405
f 2302/2410/4406 152/1858/4406 153/1857/4406
f 133/2382/4407 2303/2385/4407 2298/2383/4407
f 2303/2385/4408 2304/2411/4408 2298/2383/4408
f 2298/2383/4409 2304/2411/4409 2299/2407/4409
f 2304/2411/4410 2305/2412/4410 2299/2407/4410
f 2299/2407/4411 2305/2412/4411 2300/2408/4411
f 2305/2412/4412 2306/2413/4412 2300/2408/4412
f 2300/2408/4413 2306/2413/4413 2301/2409/4413
f 2306/2413/4414 2307/2414/4414 2301/2409/4414
f 2301/2409/4415 2307/2414/4415 2302/2410/4415
f 2307/2414/4416 2308/2415/4416 2302/2410/4416
f 2302/2410/4417 2308/2415/4417 152/1858/4417
f 2308/2415/4418 151/1859/4418 152/1858/4418
f 134/2384/4419 2309/2387/4419 2303/2385/4419
f 2309/2387/4420 2310/2416/4420 2303/2385/4420
f 2303/2385/4421 2310/2416/4421 2304/2411/4421
f 2310/2416/4422 2311/2417/4422 2304/2411/4422
f 2304/2411/4423 2311/2417/4423 2305/2412/4423
f 2311/2417/4424 2312/2418/4424 2305/2412/4424
f 2305/2412/4425 2312/2418/4425 2306/2413/4425
f 2312/2418/4426 2313/2419/4426 2306/2413/4426
f 2306/2413/4427 2313/2419/4427 2307/2414/4427
f 2313/2419/4428 2314/2420/4428 2307/2414/4428
f 2307/2414/4429 2314/2420/4429 2308/2415/4429
f 2314/2420/4430 2315/2421/4430 2308/2415/4430
f 2308/2415/4431 2315/2421/4431 151/1859/4431
f 2315/2421/4432 150/1860/4432 151/1859/4432
f 135/2386/4433 2316/2389/4433 2309/2387/4433
f 2316/2389/4434 2317/2422/4434 2309/2387/4434
f 2309/2387/4435 2317/2422/4435 2310/2416/4435
f 2317/2422/4436 2318/2423/4436 2310/2416/4436
f 2310/2416/4437 2318/2423/4437 2311/2417/4437
f 2318/2423/4438 2319/2424/4438 2311/2417/4438
f 2311/2417/4439 2319/2424/4439 2312/2418/4439
f 2319/2424/4440 2320/2425/4440 2312/2418/4440
f 2312/2418/4441 2320/2425/4441 2313/2419/4441
f 2320/2425/4442 2321/2426/4442 2313/2419/4442
f 2313/2419/4443 2321/2426/4443 2314/2420/4443
f 2321/2426/4444 2322/2427/4444 2314/2420/4444
f 2314/2420/4445 2322/2427/4445 2315/2421/4445
f 2322/2427/4446 2323/2428/4446 2315/2421/4446
f 2315/2421/4447 2323/2428/4447 150/1860/4447
f 2323/2428/4448 149/1861/4448 150/1860/4448
f 136/2388/4449 2324/2391/4449 2316/2389/4449
f 2324/2391/4450 2325/2429/4450 2316/2389/4450
f 2316/2389/4451 2325/2429/4451 2317/2422/4451
f 2325/2429/4452 2326/2430/4452 2317/2422/4452
f 2317/2422/4453 2326/2430/4453 2318/2423/4453
f 2326/2430/4454 2327/2431/4454 2318/2423/4454
f 2318/2423/4455 2327/2431/4455 2319/2424/4455
f 2327/2431/4456 2328/2432/4456 2319/2424/4456
f 2319/2424/4457 2328/2432/4457 2320/2425/4457
f 2328/2432/4458 2329/2433/4458 2320/2425/4458
f 2320/2425/4459 2329/2433/4459 2321/2426/4459
f 2329/2433/4460 2330/2434/4460 2321/2426/4460
f 2321/2426/4461 2330/2434/4461 2322/2427/4461
f 2330/2434/4462 2331/2435/4462 2322/2427/4462
f 2322/2427/4463 2331/2435/4463 2323/2428/4463
f 2331/2435/4464 2332/2436/4464 2323/2428/4464
f 2323/2428/4465 2332/2436/4465 149/1861/4465
f 2332/2436/4466 148/1862/4466 149/1861/4466
f 137/2390/4467 2333/2393/4467 2324/2391/4467
f 2333/2393/4468 2334/2437/4468 2324/2391/4468
f 2324/2391/4469 2334/2437/4469 2325/2429/4469
f 2334/2437/4470 2335/2438/4470 2325/2429/4470
f 2325/2429/4471 2335/2438/4471 2326/2430/4471
f 2335/2438/4472 2336/2439/4472 2326/2430/4472
f 2326/2430/4473 2336/2439/4473 2327/2431/4473
f 2336/2439/4474 2337/2440/4474 2327/2431/4474
f 2327/2431/4475 2337/2440/4475 2328/2432/4475
f 2337/2440/4476 2338/2441/4476 2328/2432/4476
f 2328/2432/4477 2338/2441/4477 2329/2433/4477
f 2338/2441/4478 2339/2442/4478 2329/2433/4478
f 2329/2433/4479 2339/2442/4479 2330/2434/4479
f 2339/2442/4480 2340/2443/4480 2330/2434/4480
f 2330/2434/4481 2340/2443/4481 2331/2435/4481
f 2340/2443/4482 2341/2444/4482 2331/2435/4482
f 2331/2435/4483 2341/2444/4483 2332/2436/4483
f 2341/2444/4484 2342/2445/4484 2332/2436/4484
f 2332/2436/4485 2342/2445/4485 148/1862/4485
f 2342/2445/4486 147/1863/4486 148/1862/4486
f 138/2392/4487 2343/2395/4487 2333/2393/4487
f 2343/2395/4488 2344/2446/4488 2333/2393/4488
f 2333/2393/4489 2344/2446/4489 2334/2437/4489
f 2344/2446/4490 2345/2447/4490 2334/2437/4490
f 2334/2437/4491 2345/2447/4491 2335/2438/4491
f 2345/2447/4492 2346/2448/4492 2335/2438/4492
f 2335/2438/4493 2346/2448/4493 2336/2439/4493
f 2346/2448/4494 2347/2449/4494 2336/2439/4494
f 2336/2439/4495 2347/2449/4495 2337/2440/4495
f 2347/2449/4496 2348/2450/4496 2337/2440/4496
f 2337/2440/4497 2348/2450/4497 2338/2441/4497
f 2348/2450/4498 2349/2451/4498 2338/2441/4498
f 2338/2441/4499 2349/2451/4499 2339/2442/4499
f 2349/2451/4500 2350/2452/4500 2339/2442/4500
f 2339/2442/4501 2350/2452/4501 2340/2443/4501
f 2350/2452/4502 2351/2453/4502 2340/2443/4502
f 2340/2443/4503 2351/2453/4503 2341/2444/4503
f 2351/2453/4504 2352/2454/4504 2341/2444/4504
f 2341/2444/4505 2352/2454/4505 2342/2445/4505
f 2352/2454/4506 2353/2455/4506 2342/2445/4506
f 2342/2445/4507 2353/2455/4507 147/1863/4507
f 2353/2455/4508 146/1864/4508 147/1863/4508
f 139/2394/4509 2354/2397/4509 2343/2395/4509
f 2354/2397/4510 2355/2456/4510 2343/2395/4510
f 2343/2395/4511 2355/2456/4511 2344/2446/4511
f 2355/2456/4512 2356/2457/4512 2344/2446/4512
f 2344/2446/4513 2356/2457/4513 2345/2447/4513
f 2356/2457/4514 2357/2458/4514 2345/2447/4514
f 2345/2447/4515 2357/2458/4515 2346/2448/4515
f 2357/2458/4516 2358/2459/4516 2346/2448/4516
f 2346/2448/4517 2358/2459/4517 2347/2449/4517
f 2358/2459/4518 2359/2460/4518 2347/2449/4518
f 2347/2449/4519 2359/2460/4519 2348/2450/4519
f 2359/2460/4520 2360/2461/4520 2348/2450/4520
f 2348/2450/4521 2360/2461/4521 2349/2451/4521
f 2360/2461/4522 2361/2462/4522 2349/2451/4522
f 2349/2451/4523 2361/2462/4523 2350/2452/4523
f 2361/2462/4524 2362/2463/4524 2350/2452/4524
f 2350/2452/4525 2362/2463/4525 2351/2453/4525
f 2362/2463/4526 2363/2464/4526 2351/2453/4526
f 2351/2453/4527 2363/2464/4527 2352/2454/4527
f 2363/2464/4528 2364/2465/4528 2352/2454/4528
f 2352/2454/4529 2364/2465/4529 2353/2455/4529
f 2364/2465/4530 2365/2466/4530 2353/2455/4530
f 2353/2455/4531 2365/2466/4531 146/1864/4531
f 2365/2466/4532 145/1865/4532 146/1864/4532
f 140/2396/4533 2366/2399/4533 2354/2397/4533
f 2366/2399/4534 2367/2467/4534 2354/2397/4534
f 2354/2397/4535 2367/2467/4535 2355/2456/4535
f 2367/2467/4536 2368/2468/4536 2355/2456/4536
f 2355/2456/4537 2368/2468/4537 2356/2457/4537
f 2368/2468/4538 2369/2469/4538 2356/2457/4538
f 2356/2457/4539 2369/2469/4539 2357/2458/4539
f 2369/2469/4540 2370/2470/4540 2357/2458/4540
f 2357/2458/4541 2370/2470/4541 2358/2459/4541
f 2370/2470/4542 2371/2471/4542 2358/2459/4542
f 2358/2459/4543 2371/2471/4543 2359/2460/4543
f 2371/2471/4544 2372/2472/4544 2359/2460/4544
f 2359/2460/4545 2372/2472/4545 2360/2461/4545
f 2372/2472/4546 2373/2473/4546 2360/2461/4546
f 2360/2461/4547 2373/2473/4547 2361/2462/4547
f 2373/2473/4548 2374/2474/4548 2361/2462/4548
f 2361/2462/4549 2374/2474/4549 2362/2463/4549
f 2374/2474/4550 2375/2475/4550 2362/2463/4550
f 2362/2463/4551 2375/2475/4551 2363/2464/4551
f 2375/2475/4552 2376/2476/4552 2363/2464/4552
f 2363/2464/4553 2376/2476/4553 2364/2465/4553
f 2376/2476/4554 2377/2477/4554 2364/2465/4554
f 2364/2465/4555 2377/2477/4555 2365/2466/4555
f 2377/2477/4556 2378/2478/4556 2365/2466/4556
f 2365/2466/4557 2378/2478/4557 145/1865/4557
f 2378/2478/4558 144/1866/4558 145/1865/4558
f 141/2398/4559 2379/2400/4559 2366/2399/4559
f 2379/2400/4560 2380/2479/4560 2366/2399/4560
f 2366/2399/4561 2380/2479/4561 2367/2467/4561
f 2380/2479/4562 2381/2480/4562 2367/2467/4562
f 2367/2467/4563 2381/2480/4563 2368/2468/4563
f 2381/2480/4564 2382/2481/4564 2368/2468/4564
f 2368/2468/4565 2382/2481/4565 2369/2469/4565
f 2382/2481/4566 2383/2482/4566 2369/2469/4566
f 2369/2469/4567 2383/2482/4567 2370/2470/4567
f 2383/2482/4568 2384/2483/4568 2370/2470/4568
f 2370/2470/4569 2384/2483/4569 2371/2471/4569
f 2384/2483/4570 2385/2484/4570 2371/2471/4570
f 2371/2471/4571 2385/2484/4571 2372/2472/4571
f 2385/2484/4572 2386/2485/4572 2372/2472/4572
f 2372/2472/4573 2386/2485/4573 2373/2473/4573
f 2386/2485/4574 2387/2486/4574 2373/2473/4574
f 2373/2473/4575 2387/2486/4575 2374/2474/4575
f 2387/2486/4576 2388/2487/4576 2374/2474/4576
f 2374/2474/4577 2388/2487/4577 2375/2475/4577
f 2388/2487/4578 2389/2488/4578 2375/2475/4578
f 2375/2475/4579 2389/2488/4579 2376/2476/4579
f 2389/2488/4580 2390/2489/4580 2376/2476/4580
f 2376/2476/4581 2390/2489/4581 2377/2477/4581
f 2390/2489/4582 2391/2490/4582 2377/2477/4582
f 2377/2477/4583 2391/2490/4583 2378/2478/4583
f 2391/2490/4584 2392/2491/4584 2378/2478/4584
f 2378/2478/4585 2392/2491/4585 144/1866/4585
f 2392/2491/4586 143/1867/4586 144/1866/4586
f 142/45/4587 67/44/4587 2379/2400/4587
f 67/44/4588 66/2492/4588 2379/2400/4588
f 2379/2400/4589 66/2492/4589 2380/2479/4589
f 66/2492/4590 65/2493/4590 2380/2479/4590
f 2380/2479/4591 65/2493/4591 2381/2480/4591
f 65/2493/4592 64/2494/4592 2381/2480/4592
f 2381/2480/4593 64/2494/4593 2382/2481/4593
f 64/2494/4594 63/2495/4594 2382/2481/4594
f 2382/2481/4595 63/2495/4595 2383/2482/4595
f 63/2495/4596 62/2496/4596 2383/2482/4596
f 2383/2482/4597 62/2496/4597 2384/2483/4597
f 62/2496/4598 61/2497/4598 2384/2483/4598
f 2384/2483/4599 61/2497/4599 2385/2484/4599
f 61/2497/4600 60/2498/4600 2385/2484/4600
f 2385/2484/4601 60/2498/4601 2386/2485/4601
f 60/2498/4602 59/2499/4602 2386/2485/4602
f 2386/2485/4603 59/2499/4603 2387/2486/4603
f 59/2499/4604 58/2500/4604 2387/2486/4604
f 2387/2486/4605 58/2500/4605 2388/2487/4605
f 58/2500/4606 57/2501/4606 2388/2487/4606
f 2388/2487/4607 57/2501/4607 2389/2488/4607
f 57/2501/4608 56/2502/4608 2389/2488/4608
f 2389/2488/4609 56/2502/4609 2390/2489/4609
f 56/2502/4610 55/2503/4610 2390/2489/4610
f 2390/2489/4611 55/2503/4611 2391/2490/4611
f 55/2503/4612 54/2504/4612 2391/2490/4612
f 2391/2490/4613 54/2504/4613 2392/2491/4613
f 54/2504/4614 53/2505/4614 2392/2491/4614
f 2392/2491/4615 53/2505/4615 143/1867/4615
f 53/2505/4616 43/1868/4616 143/1867/4616
f 98/2106/4617 127/2506/4617 46/62/4617
f 99/2105/4618 2393/2507/4618 98/2106/4618
f 100/2104/4619 2394/2508/4619 99/2105/4619
f 101/2103/4620 2396/2509/4620 100/2104/4620
f 102/2102/4621 2399/2510/4621 101/2103/4621
f 103/2101/4622 2403/2511/4622 102/2102/4622
f 104/2100/4623 2408/2512/4623 103/2101/4623
f 105/2099/4624 2414/2513/4624 104/2100/4624
f 106/2098/4625 2421/2514/4625 105/2099/4625
f 107/2097/4626 2429/2515/4626 106/2098/4626
f 108/2096/4627 2438/2516/4627 107/2097/4627
f 109/2095/4628 2448/2517/4628 108/2096/4628
f 110/2094/4629 2459/2518/4629 109/2095/4629
f 111/2093/4630 2471/2519/4630 110/2094/4630
f 112/42/4631 2484/2520/4631 111/2093/4631
f 98/2106/4632 2393/2507/4632 127/2506/4632
f 2393/2507/4633 126/2521/4633 127/2506/4633
f 99/2105/4634 2394/2508/4634 2393/2507/4634
f 2394/2508/4635 2395/2522/4635 2393/2507/4635
f 2393/2507/4636 2395/2522/4636 126/2521/4636
f 2395/2522/4637 125/2523/4637 126/2521/4637
f 100/2104/4638 2396/2509/4638 2394/2508/4638
f 2396/2509/4639 2397/2524/4639 2394/2508/4639
f 2394/2508/4640 2397/2524/4640 2395/2522/4640
f 2397/2524/4641 2398/2525/4641 2395/2522/4641
f 2395/2522/4642 2398/2525/4642 125/2523/4642
f 2398/2525/4643 124/2526/4643 125/2523/4643
f 101/2103/4644 2399/2510/4644 2396/2509/4644
f 2399/2510/4645 2400/2527/4645 2396/2509/4645
f 2396/2509/4646 2400/2527/4646 2397/2524/4646
f 2400/2527/4647 2401/2528/4647 2397/2524/4647
f 2397/2524/4648 2401/2528/4648 2398/2525/4648
f 2401/2528/4649 2402/2529/4649 2398/2525/4649
f 2398/2525/4650 2402/2529/4650 124/2526/4650
f 2402/2529/4651 123/2530/4651 124/2526/4651
f 102/2102/4652 2403/2511/4652 2399/2510/4652
f 2403/2511/4653 2404/2531/4653 2399/2510/4653
f 2399/2510/4654 2404/2531/4654 2400/2527/4654
f 2404/2531/4655 2405/2532/4655 2400/2527/4655
f 2400/2527/4656 2405/2532/4656 2401/2528/4656
f 2405/2532/4657 2406/2533/4657 2401/2528/4657
f 2401/2528/4658 2406/2533/4658 2402/2529/4658
f 2406/2533/4659 2407/2534/4659 2402/2529/4659
f 2402/2529/4660 2407/2534/4660 123/2530/4660
f 2407/2534/4661 122/2535/4661 123/2530/4661
f 103/2101/4662 2408/2512/4662 2403/2511/4662
f 2408/2512/4663 2409/2536/4663 2403/2511/4663
f 2403/2511/4664 2409/2536/4664 2404/2531/4664
f 2409/2536/4665 2410/2537/4665 2404/2531/4665
f 2404/2531/4666 2410/2537/4666 2405/2532/4666
f 2410/2537/4667 2411/2538/4667 2405/2532/4667
f 2405/2532/4668 2411/2538/4668 2406/2533/4668
f 2411/2538/4669 2412/2539/4669 2406/2533/4669
f 2406/2533/4670 2412/2539/4670 2407/2534/4670
f 2412/2539/4671 2413/2540/4671 2407/2534/4671
f 2407/2534/4672 2413/2540/4672 122/2535/4672
f 2413/2540/4673 121/2541/4673 122/2535/4673
f 104/2100/4674 2414/2513/4674 2408/2512/4674
f 2414/2513/4675 2415/2542/4675 2408/2512/4675
f 2408/2512/4676 2415/2542/4676 2409/2536/4676
f 2415/2542/4677 2416/2543/4677 2409/2536/4677
f 2409/2536/4678 2416/2543/4678 2410/2537/4678
f 2416/2543/4679 2417/2544/4679 2410/2537/4679
f 2410/2537/4680 2417/2544/4680 2411/2538/4680
f 2417/2544/4681 2418/2545/4681 2411/2538/4681
f 2411/2538/4682 2418/2545/4682 2412/2539/4682
f 2418/2545/4683 2419/2546/4683 2412/2539/4683
f 2412/2539/4684 2419/2546/4684 2413/2540/4684
f 2419/2546/4685 2420/2547/4685 2413/2540/4685
f 2413/2540/4686 2420/2547/4686 121/2541/4686
f 2420/2547/4687 120/2548/4687 121/2541/4687
f 105/2099/4688 2421/2514/4688 2414/2513/4688
f 2421/2514/4689 2422/2549/4689 2414/2513/4689
f 2414/2513/4690 2422/2549/4690 2415/2542/4690
f 2422/2549/4691 2423/2550/4691 2415/2542/4691
f 2415/2542/4692 2423/2550/4692 2416/2543/4692
f 2423/2550/4693 2424/2551/4693 2416/2543/4693
f 2416/2543/4694 2424/2551/4694 2417/2544/4694
f 2424/2551/4695 2425/2552/4695 2417/2544/4695
f 2417/2544/4696 2425/2552/4696 2418/2545/4696
f 2425/2552/4697 2426/2553/4697 2418/2545/4697
f 2418/2545/4698 2426/2553/4698 2419/2546/4698
f 2426/2553/4699 2427/2554/4699 2419/2546/4699
f 2419/2546/4700 2427/2554/4700 2420/2547/4700
f 2427/2554/4701 2428/2555/4701 2420/2547/4701
f 2420/2547/4702 2428/2555/4702 120/2548/4702
f 2428/2555/4703 119/2556/4703 120/2548/4703
f 106/2098/4704 2429/2515/4704 2421/2514/4704
f 2429/2515/4705 2430/2557/4705 2421/2514/4705
f 2421/2514/4706 2430/2557/4706 2422/2549/4706
f 2430/2557/4707 2431/2558/4707 2422/2549/4707
f 2422/2549/4708 2431/2558/4708 2423/2550/4708
f 2431/2558/4709 2432/2559/4709 2423/2550/4709
f 2423/2550/4710 2432/2559/4710 2424/2551/4710
f 2432/2559/4711 2433/2560/4711 2424/2551/4711
f 2424/2551/4712 2433/2560/4712 2425/2552/4712
f 2433/2560/4713 2434/2561/4713 2425/2552/4713
f 2425/2552/4714 2434/2561/4714 2426/2553/4714
f 2434/2561/4715 2435/2562/4715 2426/2553/4715
f 2426/2553/4716 2435/2562/4716 2427/2554/4716
f 2435/2562/4717 2436/2563/4717 2427/2554/4717
f 2427/2554/4718 2436/2563/4718 2428/2555/4718
f 2436/2563/4719 2437/2564/4719 2428/2555/4719
f 2428/2555/4720 2437/2564/4720 119/2556/4720
f 2437/2564/4721 118/2565/4721 119/2556/4721
f 107/2097/4722 2438/2516/4722 2429/2515/4722
f 2438/2516/4723 2439/2566/4723 2429/2515/4723
f 2429/2515/4724 2439/2566/4724 2430/2557/4724
f 2439/2566/4725 2440/2567/4725 2430/2557/4725
f 2430/2557/4726 2440/2567/4726 2431/2558/4726
f 2440/2567/4727 2441/2568/4727 2431/2558/4727
f 2431/2558/4728 2441/2568/4728 2432/2559/4728
f 2441/2568/4729 2442/2569/4729 2432/2559/4729
f 2432/2559/4730 2442/2569/4730 2433/2560/4730
f 2442/2569/4731 2443/2570/4731 2433/2560/4731
f 2433/2560/4732 2443/2570/4732 2434/2561/4732
f 2443/2570/4733 2444/2571/4733 2434/2561/4733
f 2434/2561/4734 2444/2571/4734 2435/2562/4734
f 2444/2571/4735 2445/2572/4735 2435/2562/4735
f 2435/2562/4736 2445/2572/4736 2436/2563/4736
f 2445/2572/4737 2446/2573/4737 2436/2563/4737
f 2436/2563/4738 2446/2573/4738 2437/2564/4738
f 2446/2573/4739 2447/2574/4739 2437/2564/4739
f 2437/2564/4740 2447/2574/4740 118/2565/4740
f 2447/2574/4741 117/2575/4741 118/2565/4741
f 108/2096/4742 2448/2517/4742 2438/2516/4742
f 2448/2517/4743 2449/2576/4743 2438/2516/4743
f 2438/2516/4744 2449/2576/4744 2439/2566/4744
f 2449/2576/4745 2450/2577/4745 2439/2566/4745
f 2439/2566/4746 2450/2577/4746 2440/2567/4746
f 2450/2577/4747 2451/2578/4747 2440/2567/4747
f 2440/2567/4748 2451/2578/4748 2441/2568/4748
f 2451/2578/4749 2452/2579/4749 2441/2568/4749
f 2441/2568/4750 2452/2579/4750 2442/2569/4750
f 2452/2579/4751 2453/2580/4751 2442/2569/4751
f 2442/2569/4752 2453/2580/4752 2443/2570/4752
f 2453/2580/4753 2454/2581/4753 2443/2570/4753
f 2443/2570/4754 2454/2581/4754 2444/2571/4754
f 2454/2581/4755 2455/2582/4755 2444/2571/4755
f 2444/2571/4756 2455/2582/4756 2445/2572/4756
f 2455/2582/4757 2456/2583/4757 2445/2572/4757
f 2445/2572/4758 2456/2583/4758 2446/2573/4758
f 2456/2583/4759 2457/2584/4759 2446/2573/4759
f 2446/2573/4760 2457/2584/4760 2447/2574/4760
f 2457/2584/4761 2458/2585/4761 2447/2574/4761
f 2447/2574/4762 2458/2585/4762 117/2575/4762
f 2458/2585/4763 116/2586/4763 117/2575/4763
f 109/2095/4764 2459/2518/4764 2448/2517/4764
f 2459/2518/4765 2460/2587/4765 2448/2517/4765
f 2448/2517/4766 2460/2587/4766 2449/2576/4766
f 2460/2587/4767 2461/2588/4767 2449/2576/4767
f 2449/2576/4768 2461/2588/4768 2450/2577/4768
f 2461/2588/4769 2462/2589/4769 2450/2577/4769
f 2450/2577/4770 2462/2589/4770 2451/2578/4770
f 2462/2589/4771 2463/2590/4771 2451/2578/4771
f 2451/2578/4772 2463/2590/4772 2452/2579/4772
f 2463/2590/4773 2464/2591/4773 2452/2579/4773
f 2452/2579/4774 2464/2591/4774 2453/2580/4774
f 2464/2591/4775 2465/2592/4775 2453/2580/4775
f 2453/2580/4776 2465/2592/4776 2454/2581/4776
f 2465/2592/4777 2466/2593/4777 2454/2581/4777
f 2454/2581/4778 2466/2593/4778 2455/2582/4778
f 2466/2593/4779 2467/2594/4779 2455/2582/4779
f 2455/2582/4780 2467/2594/4780 2456/2583/4780
f 2467/2594/4781 2468/2595/4781 2456/2583/4781
f 2456/2583/4782 2468/2595/4782 2457/2584/4782
f 2468/2595/4783 2469/2596/4783 2457/2584/4783
f 2457/2584/4784 2469/2596/4784 2458/2585/4784
f 2469/2596/4785 2470/2597/4785 2458/2585/4785
f 2458/2585/4786 2470/2597/4786 116/2586/4786
f 2470/2597/4787 115/2598/4787 116/2586/4787
f 110/2094/4788 2471/2519/4788 2459/2518/4788
f 2471/2519/4789 2472/2599/4789 2459/2518/4789
f 2459/2518/4790 2472/2599/4790 2460/2587/4790
f 2472/2599/4791 2473/2600/4791 2460/2587/4791
f 2460/2587/4792 2473/2600/4792 2461/2588/4792
f 2473/2600/4793 2474/2601/4793 2461/2588/4793
f 2461/2588/4794 2474/2601/4794 2462/2589/4794
f 2474/2601/4795 2475/2602/4795 2462/2589/4795
f 2462/2589/4796 2475/2602/4796 2463/2590/4796
f 2475/2602/4797 2476/2603/4797 2463/2590/4797
f 2463/2590/4798 2476/2603/4798 2464/2591/4798
f 2476/2603/4799 2477/2604/4799 2464/2591/4799
f 2464/2591/4800 2477/2604/4800 2465/2592/4800
f 2477/2604/4801 2478/2605/4801 2465/2592/4801
f 2465/2592/4802 2478/2605/4802 2466/2593/4802
f 2478/2605/4803 2479/2606/4803 2466/2593/4803
f 2466/2593/4804 2479/2606/4804 2467/2594/4804
f 2479/2606/4805 2480/2607/4805 2467/2594/4805
f 2467/2594/4806 2480/2607/4806 2468/2595/4806
f 2480/2607/4807 2481/2608/4807 2468/2595/4807
f 2468/2595/4808 2481/2608/4808 2469/2596/4808
f 2481/2608/4809 2482/2609/4809 2469/2596/4809
f 2469/2596/4810 2482/2609/4810 2470/2597/4810
f 2482/2609/4811 2483/2610/4811 2470/2597/4811
f 2470/2597/4812 2483/2610/4812 115/2598/4812
f 2483/2610/4813 114/2611/4813 115/2598/4813
f 111/2093/4814 2484/2520/4814 2471/2519/4814
f 2484/2520/4815 2485/2612/4815 2471/2519/4815
f 2471/2519/4816 2485/2612/4816 2472/2599/4816
f 2485/2612/4817 2486/2613/4817 2472/2599/4817
f 2472/2599/4818 2486/2613/4818 2473/2600/4818
f 2486/2613/4819 2487/2614/4819 2473/2600/4819
f 2473/2600/4820 2487/2614/4820 2474/2601/4820
f 2487/2614/4821 2488/2615/4821 2474/2601/4821
f 2474/2601/4822 2488/2615/4822 2475/2602/4822
f 2488/2615/4823 2489/2616/4823 2475/2602/4823
f 2475/2602/4824 2489/2616/4824 2476/2603/4824
f 2489/2616/4825 2490/2617/4825 2476/2603/4825
f 2476/2603/4826 2490/2617/4826 2477/2604/4826
f 2490/2617/4827 2491/2618/4827 2477/2604/4827
f 2477/2604/4828 2491/2618/4828 2478/2605/4828
f 2491/2618/4829 2492/2619/4829 2478/2605/4829
f 2478/2605/4830 2492/2619/4830 2479/2606/4830
f 2492/2619/4831 2493/2620/4831 2479/2606/4831
f 2479/2606/4832 2493/2620/4832 2480/2607/4832
f 2493/2620/4833 2494/2621/4833 2480/2607/4833
f 2480/2607/4834 2494/2621/4834 2481/2608/4834
f 2494/2621/4835 2495/2622/4835 2481/2608/4835
f 2481/2608/4836 2495/2622/4836 2482/2609/4836
f 2495/2622/4837 2496/2623/4837 2482/2609/4837
f 2482/2609/4838 2496/2623/4838 2483/2610/4838
f 2496/2623/4839 2497/2624/4839 2483/2610/4839
f 2483/2610/4840 2497/2624/4840 114/2611/4840
f 2497/2624/4841 113/2625/4841 114/2611/4841
f 112/42/4842 82/41/4842 2484/2520/4842
f 82/41/4843 81/2626/4843 2484/2520/4843
f 2484/2520/4844 81/2626/4844 2485/2612/4844
f 81/2626/4845 80/2627/4845 2485/2612/4845
f 2485/2612/4846 80/2627/4846 2486/2613/4846
f 80/2627/4847 79/2628/4847 2486/2613/4847
f 2486/2613/4848 79/2628/4848 2487/2614/4848
f 79/2628/4849 78/2629/4849 2487/2614/4849
f 2487/2614/4850 78/2629/4850 2488/2615/4850
f 78/2629/4851 77/2630/4851 2488/2615/4851
f 2488/2615/4852 77/2630/4852 2489/2616/4852
f 77/2630/4853 76/2631/4853 2489/2616/4853
f 2489/2616/4854 76/2631/4854 2490/2617/4854
f 76/2631/4855 75/2632/4855 2490/2617/4855
f 2490/2617/4856 75/2632/4856 2491/2618/4856
f 75/2632/4857 74/2633/4857 2491/2618/4857
f 2491/2618/4858 74/2633/4858 2492/2619/4858
f 74/2633/4859 73/2634/4859 2492/2619/4859
f 2492/2619/4860 73/2634/4860 2493/2620/4860
f 73/2634/4861 72/2635/4861 2493/2620/4861
f 2493/2620/4862 72/2635/4862 2494/2621/4862
f 72/2635/4863 71/2636/4863 2494/2621/4863
f 2494/2621/4864 71/2636/4864 2495/2622/4864
f 71/2636/4865 70/2637/4865 2495/2622/4865
f 2495/2622/4866 70/2637/4866 2496/2623/4866
f 70/2637/4867 69/2638/4867 2496/2623/4867
f 2496/2623/4868 69/2638/4868 2497/2624/4868
f 69/2638/4869 68/2639/4869 2497/2624/4869
f 2497/2624/4870 68/2639/4870 113/2625/4870
f 68/2639/4871 41/2640/4871 113/2625/4871
f 53/2641/4872 97/54/4872 43/53/4872
f 54/2642/4873 2498/2643/4873 53/2641/4873
f 55/2644/4874 2499/2645/4874 54/2642/4874
f 56/2646/4875 2501/2647/4875 55/2644/4875
f 57/2648/4876 2504/2649/4876 56/2646/4876
f 58/2650/4877 2508/2651/4877 57/2648/4877
f 59/2652/4878 2513/2653/4878 58/2650/4878
f 60/2654/4879 2519/2655/4879 59/2652/4879
f 61/2656/4880 2526/2657/4880 60/2654/4880
f 62/2658/4881 2534/2659/4881 61/2656/4881
f 63/2660/4882 2543/2661/4882 62/2658/4882
f 64/2662/4883 2553/2663/4883 63/2660/4883
f 65/2664/4884 2564/2665/4884 64/2662/4884
f 66/2666/4885 2576/2667/4885 65/2664/4885
f 67/39/4886 2589/2668/4886 66/2666/4886
f 53/2641/4887 2498/2643/4887 97/54/4887
f 2498/2643/4888 96/1974/4888 97/54/4888
f 54/2642/4889 2499/2645/4889 2498/2643/4889
f 2499/2645/4890 2500/2669/4890 2498/2643/4890
f 2498/2643/4891 2500/2669/4891 96/1974/4891
f 2500/2669/4892 95/1975/4892 96/1974/4892
f 55/2644/4893 2501/2647/4893 2499/2645/4893
f 2501/2647/4894 2502/2670/4894 2499/2645/4894
f 2499/2645/4895 2502/2670/4895 2500/2669/4895
f 2502/2670/4896 2503/2671/4896 2500/2669/4896
f 2500/2669/4897 2503/2671/4897 95/1975/4897
f 2503/2671/4898 94/1976/4898 95/1975/4898
f 56/2646/4899 2504/2649/4899 2501/2647/4899
f 2504/2649/4900 2505/2672/4900 2501/2647/4900
f 2501/2647/4901 2505/2672/4901 2502/2670/4901
f 2505/2672/4902 2506/2673/4902 2502/2670/4902
f 2502/2670/4903 2506/2673/4903 2503/2671/4903
f 2506/2673/4904 2507/2674/4904 2503/2671/4904
f 2503/2671/4905 2507/2674/4905 94/1976/4905
f 2507/2674/4906 93/1977/4906 94/1976/4906
f 57/2648/4907 2508/2651/4907 2504/2649/4907
f 2508/2651/4908 2509/2675/4908 2504/2649/4908
f 2504/2649/4909 2509/2675/4909 2505/2672/4909
f 2509/2675/4910 2510/2676/4910 2505/2672/4910
f 2505/2672/4911 2510/2676/4911 2506/2673/4911
f 2510/2676/4912 2511/2677/4912 2506/2673/4912
f 2506/2673/4913 2511/2677/4913 2507/2674/4913
f 2511/2677/4914 2512/2678/4914 2507/2674/4914
f 2507/2674/4915 2512/2678/4915 93/1977/4915
f 2512/2678/4916 92/1978/4916 93/1977/4916
f 58/2650/4917 2513/2653/4917 2508/2651/4917
f 2513/2653/4918 2514/2679/4918 2508/2651/4918
f 2508/2651/4919 2514/2679/4919 2509/2675/4919
f 2514/2679/4920 2515/2680/4920 2509/2675/4920
f 2509/2675/4921 2515/2680/4921 2510/2676/4921
f 2515/2680/4922 2516/2681/4922 2510/2676/4922
f 2510/2676/4923 2516/2681/4923 2511/2677/4923
f 2516/2681/4924 2517/2682/4924 2511/2677/4924
f 2511/2677/4925 2517/2682/4925 2512/2678/4925
f 2517/2682/4926 2518/2683/4926 2512/2678/4926
f 2512/2678/4927 2518/2683/4927 92/1978/4927
f 2518/2683/4928 91/1979/4928 92/1978/4928
f 59/2652/4929 2519/2655/4929 2513/2653/4929
f 2519/2655/4930 2520/2684/4930 2513/2653/4930
f 2513/2653/4931 2520/2684/4931 2514/2679/4931
f 2520/2684/4932 2521/2685/4932 2514/2679/4932
f 2514/2679/4933 2521/2685/4933 2515/2680/4933
f 2521/2685/4934 2522/2686/4934 2515/2680/4934
f 2515/2680/4935 2522/2686/4935 2516/2681/4935
f 2522/2686/4936 2523/2687/4936 2516/2681/4936
f 2516/2681/4937 2523/2687/4937 2517/2682/4937
f 2523/2687/4938 2524/2688/4938 2517/2682/4938
f 2517/2682/4939 2524/2688/4939 2518/2683/4939
f 2524/2688/4940 2525/2689/4940 2518/2683/4940
f 2518/2683/4941 2525/2689/4941 91/1979/4941
f 2525/2689/4942 90/1980/4942 91/1979/4942
f 60/2654/4943 2526/2657/4943 2519/2655/4943
f 2526/2657/4944 2527/2690/4944 2519/2655/4944
f 2519/2655/4945 2527/2690/4945 2520/2684/4945
f 2527/2690/4946 2528/2691/4946 2520/2684/4946
f 2520/2684/4947 2528/2691/4947 2521/2685/4947
f 2528/2691/4948 2529/2692/4948 2521/2685/4948
f 2521/2685/4949 2529/2692/4949 2522/2686/4949
f 2529/2692/4950 2530/2693/4950 2522/2686/4950
f 2522/2686/4951 2530/2693/4951 2523/2687/4951
f 2530/2693/4952 2531/2694/4952 2523/2687/4952
f 2523/2687/4953 2531/2694/4953 2524/2688/4953
f 2531/2694/4954 2532/2695/4954 2524/2688/4954
f 2524/2688/4955 2532/2695/4955 2525/2689/4955
f 2532/2695/4956 2533/2696/4956 2525/2689/4956
f 2525/2689/4957 2533/2696/4957 90/1980/4957
f 2533/2696/4958 89/1981/4958 90/1980/4958
f 61/2656/4959 2534/2659/4959 2526/2657/4959
f 2534/2659/4960 2535/2697/4960 2526/2657/4960
f 2526/2657/4961 2535/2697/4961 2527/2690/4961
f 2535/2697/4962 2536/2698/4962 2527/2690/4962
f 2527/2690/4963 2536/2698/4963 2528/2691/4963
f 2536/2698/4964 2537/2699/4964 2528/2691/4964
f 2528/2691/4965 2537/2699/4965 2529/2692/4965
f 2537/2699/4966 2538/2700/4966 2529/2692/4966
f 2529/2692/4967 2538/2700/4967 2530/2693/4967
f 2538/2700/4968 2539/2701/4968 2530/2693/4968
f 2530/2693/4969 2539/2701/4969 2531/2694/4969
f 2539/2701/4970 2540/2702/4970 2531/2694/4970
f 2531/2694/4971 2540/2702/4971 2532/2695/4971
f 2540/2702/4972 2541/2703/4972 2532/2695/4972
f 2532/2695/4973 2541/2703/4973 2533/2696/4973
f 2541/2703/4974 2542/2704/4974 2533/2696/4974
f 2533/2696/4975 2542/2704/4975 89/1981/4975
f 2542/2704/4976 88/1982/4976 89/1981/4976
f 62/2658/4977 2543/2661/4977 2534/2659/4977
f 2543/2661/4978 2544/2705/4978 2534/2659/4978
f 2534/2659/4979 2544/2705/4979 2535/2697/4979
f 2544/2705/4980 2545/2706/4980 2535/2697/4980
f 2535/2697/4981 2545/2706/4981 2536/2698/4981
f 2545/2706/4982 2546/2707/4982 2536/2698/4982
f 2536/2698/4983 2546/2707/4983 2537/2699/4983
f 2546/2707/4984 2547/2708/4984 2537/2699/4984
f 2537/2699/4985 2547/2708/4985 2538/2700/4985
f 2547/2708/4986 2548/2709/4986 2538/2700/4986
f 2538/2700/4987 2548/2709/4987 2539/2701/4987
f 2548/2709/4988 2549/2710/4988 2539/2701/4988
f 2539/2701/4989 2549/2710/4989 2540/2702/4989
f 2549/2710/4990 2550/2711/4990 2540/2702/4990
f 2540/2702/4991 2550/2711/4991 2541/2703/4991
f 2550/2711/4992 2551/2712/4992 2541/2703/4992
f 2541/2703/4993 2551/2712/4993 2542/2704/4993
f 2551/2712/4994 2552/2713/4994 2542/2704/4994
f 2542/2704/4995 2552/2713/4995 88/1982/4995
f 2552/2713/4996 87/1983/4996 88/1982/4996
f 63/2660/4997 2553/2663/4997 2543/2661/4997
f 2553/2663/4998 2554/2714/4998 2543/2661/4998
f 2543/2661/4999 2554/2714/4999 2544/2705/4999
f 2554/2714/5000 2555/2715/5000 2544/2705/5000
f 2544/2705/5001 2555/2715/5001 2545/2706/5001
f 2555/2715/5002 2556/2716/5002 2545/2706/5002
f 2545/2706/5003 2556/2716/5003 2546/2707/5003
f 2556/2716/5004 2557/2717/5004 2546/2707/5004
f 2546/2707/5005 2557/2717/5005 2547/2708/5005
f 2557/2717/5006 2558/2718/5006 2547/2708/5006
f 2547/2708/5007 2558/2718/5007 2548/2709/5007
f 2558/2718/5008 2559/2719/5008 2548/2709/5008
f 2548/2709/5009 2559/2719/5009 2549/2710/5009
f 2559/2719/5010 2560/2720/5010 2549/2710/5010
f 2549/2710/5011 2560/2720/5011 2550/2711/5011
f 2560/2720/5012 2561/2721/5012 2550/2711/5012
f 2550/2711/5013 2561/2721/5013 2551/2712/5013
f 2561/2721/5014 2562/2722/5014 2551/2712/5014
f 2551/2712/5015 2562/2722/5015 2552/2713/5015
f 2562/2722/5016 2563/2723/5016 2552/2713/5016
f 2552/2713/5017 2563/2723/5017 87/1983/5017
f 2563/2723/5018 86/1984/5018 87/1983/5018
f 64/2662/5019 2564/2665/5019 2553/2663/5019
f 2564/2665/5020 2565/2724/5020 2553/2663/5020
f 2553/2663/5021 2565/2724/5021 2554/2714/5021
f 2565/2724/5022 2566/2725/5022 2554/2714/5022
f 2554/2714/5023 2566/2725/5023 2555/2715/5023
f 2566/2725/5024 2567/2726/5024 2555/2715/5024
f 2555/2715/5025 2567/2726/5025 2556/2716/5025
f 2567/2726/5026 2568/2727/5026 2556/2716/5026
f 2556/2716/5027 2568/2727/5027 2557/2717/5027
f 2568/2727/5028 2569/2728/5028 2557/2717/5028
f 2557/2717/5029 2569/2728/5029 2558/2718/5029
f 2569/2728/5030 2570/2729/5030 2558/2718/5030
f 2558/2718/5031 2570/2729/5031 2559/2719/5031
f 2570/2729/5032 2571/2730/5032 2559/2719/5032
f 2559/2719/5033 2571/2730/5033 2560/2720/5033
f 2571/2730/5034 2572/2731/5034 2560/2720/5034
f 2560/2720/5035 2572/2731/5035 2561/2721/5035
f 2572/2731/5036 2573/2732/5036 2561/2721/5036
f 2561/2721/5037 2573/2732/5037 2562/2722/5037
f 2573/2732/5038 2574/2733/5038 2562/2722/5038
f 2562/2722/5039 2574/2733/5039 2563/2723/5039
f 2574/2733/5040 2575/2734/5040 2563/2723/5040
f 2563/2723/5041 2575/2734/5041 86/1984/5041
f 2575/2734/5042 85/1985/5042 86/1984/5042
f 65/2664/5043 2576/2667/5043 2564/2665/5043
f 2576/2667/5044 2577/2735/5044 2564/2665/5044
f 2564/2665/5045 2577/2735/5045 2565/2724/5045
f 2577/2735/5046 2578/2736/5046 2565/2724/5046
f 2565/2724/5047 2578/2736/5047 2566/2725/5047
f 2578/2736/5048 2579/2737/5048 2566/2725/5048
f 2566/2725/5049 2579/2737/5049 2567/2726/5049
f 2579/2737/5050 2580/2738/5050 2567/2726/5050
f 2567/2726/5051 2580/2738/5051 2568/2727/5051
f 2580/2738/5052 2581/2739/5052 2568/2727/5052
f 2568/2727/5053 2581/2739/5053 2569/2728/5053
f 2581/2739/5054 2582/2740/5054 2569/2728/5054
f 2569/2728/5055 2582/2740/5055 2570/2729/5055
f 2582/2740/5056 2583/2741/5056 2570/2729/5056
f 2570/2729/5057 2583/2741/5057 2571/2730/5057
f 2583/2741/5058 2584/2742/5058 2571/2730/5058
f 2571/2730/5059 2584/2742/5059 2572/2731/5059
f 2584/2742/5060 2585/2743/5060 2572/2731/5060
f 2572/2731/5061 2585/2743/5061 2573/2732/5061
f 2585/2743/5062 2586/2744/5062 2573/2732/5062
f 2573/2732/5063 2586/2744/5063 2574/2733/5063
f 2586/2744/5064 2587/2745/5064 2574/2733/5064
f 2574/2733/5065 2587/2745/5065 2575/2734/5065
f 2587/2745/5066 2588/2746/5066 2575/2734/5066
f 2575/2734/5067 2588/2746/5067 85/1985/5067
f 2588/2746/5068 84/1986/5068 85/1985/5068
f 66/2666/5069 2589/2668/5069 2576/2667/5069
f 2589/2668/5070 2590/2747/5070 2576/2667/5070
f 2576/2667/5071 2590/2747/5071 2577/2735/5071
f 2590/2747/5072 2591/2748/5072 2577/2735/5072
f 2577/2735/5073 2591/2748/5073 2578/2736/5073
f 2591/2748/5074 2592/2749/5074 2578/2736/5074
f 2578/2736/5075 2592/2749/5075 2579/2737/5075
f 2592/2749/5076 2593/2750/5076 2579/2737/5076
f 2579/2737/5077 2593/2750/5077 2580/2738/5077
f 2593/2750/5078 2594/2751/5078 2580/2738/5078
f 2580/2738/5079 2594/2751/5079 2581/2739/5079
f 2594/2751/5080 2595/2752/5080 2581/2739/5080
f 2581/2739/5081 2595/2752/5081 2582/2740/5081
f 2595/2752/5082 2596/2753/5082 2582/2740/5082
f 2582/2740/5083 2596/2753/5083 2583/2741/5083
f 2596/2753/5084 2597/2754/5084 2583/2741/5084
f 2583/2741/5085 2597/2754/5085 2584/2742/5085
f 2597/2754/5086 2598/2755/5086 2584/2742/5086
f 2584/2742/5087 2598/2755/5087 2585/2743/5087
f 2598/2755/5088 2599/2756/5088 2585/2743/5088
f 2585/2743/5089 2599/2756/5089 2586/2744/5089
f 2599/2756/5090 2600/2757/5090 2586/2744/5090
f 2586/2744/5091 2600/2757/5091 2587/2745/5091
f 2600/2757/5092 2601/2758/5092 2587/2745/5092
f 2587/2745/5093 2601/2758/5093 2588/2746/5093
f 2601/2758/5094 2602/2759/5094 2588/2746/5094
f 2588/2746/5095 2602/2759/5095 84/1986/5095
f 2602/2759/5096 83/1987/5096 84/1986/5096
f 67/39/5097 68/38/5097 2589/2668/5097
f 68/38/5098 69/2760/5098 2589/2668/5098
f 2589/2668/5099 69/2760/5099 2590/2747/5099
f 69/2760/5100 70/2761/5100 2590/2747/5100
f 2590/2747/5101 70/2761/5101 2591/2748/5101
f 70/2761/5102 71/2762/5102 2591/2748/5102
f 2591/2748/5103 71/2762/5103 2592/2749/5103
f 71/2762/5104 72/2763/5104 2592/2749/5104
f 2592/2749/5105 72/2763/5105 2593/2750/5105
f 72/2763/5106 73/2764/5106 2593/2750/5106
f 2593/2750/5107 73/2764/5107 2594/2751/5107
f 73/2764/5108 74/2765/5108 2594/2751/5108
f 2594/2751/5109 74/2765/5109 2595/2752/5109
f 74/2765/5110 75/2766/5110 2595/2752/5110
f 2595/2752/5111 75/2766/5111 2596/2753/5111
f 75/2766/5112 76/2767/5112 2596/2753/5112
f 2596/2753/5113 76/2767/5113 2597/2754/5113
f 76/2767/5114 77/2768/5114 2597/2754/5114
f 2597/2754/5115 77/2768/5115 2598/2755/5115
f 77/2768/5116 78/2769/5116 2598/2755/5116
f 2598/2755/5117 78/2769/5117 2599/2756/5117
f 78/2769/5118 79/2770/5118 2599/2756/5118
f 2599/2756/5119 79/2770/5119 2600/2757/5119
f 79/2770/5120 80/2771/5120 2600/2757/5120
f 2600/2757/5121 80/2771/5121 2601/2758/5121
f 80/2771/5122 81/2772/5122 2601/2758/5122
f 2601/2758/5123 81/2772/5123 2602/2759/5123
f 81/2772/5124 82/2773/5124 2602/2759/5124
f 2602/2759/5125 82/2773/5125 83/1987/5125
f 82/2773/5126 42/40/5126 83/1987/5126
o Icosphere.001
v -0.500000 0.000000 -0.250000
v -0.138196 0.276390 0.012863
v -0.638194 0.276390 0.175325
v -0.947213 0.276392 -0.250000
v -0.638194 0.276390 -0.675325
v -0.138196 0.276390 -0.512863
v -0.361806 0.723610 0.175325
v -0.861804 0.723610 0.012863
v -0.861804 0.723610 -0.512863
v -0.361806 0.723610 -0.675325
v -0.052787 0.723608 -0.250000
v -0.500000 1.000000 -0.250000
v -0.633969 0.250913 0.162320
v -0.628968 0.224657 0.146930
v -0.623129 0.197959 0.128959
v -0.616411 0.171240 0.108282
v -0.608805 0.145004 0.084872
v -0.600344 0.119798 0.058833
v -0.591110 0.096183 0.030412
v -0.581228 0.074673 -0.000002
v -0.570863 0.055690 -0.031902
v -0.560206 0.039523 -0.064701
v -0.549456 0.026307 -0.097786
v -0.538803 0.016025 -0.130574
v -0.528414 0.008528 -0.162549
v -0.518424 0.003567 -0.193296
v -0.508931 0.000836 -0.222512
v -0.476617 0.000836 -0.233012
v -0.451765 0.003568 -0.214955
v -0.425609 0.008528 -0.195952
v -0.398410 0.016025 -0.176191
v -0.370519 0.026307 -0.155928
v -0.342375 0.039523 -0.135480
v -0.314474 0.055690 -0.115209
v -0.287339 0.074673 -0.095494
v -0.261467 0.096183 -0.076697
v -0.237290 0.119799 -0.059132
v -0.215140 0.145004 -0.043040
v -0.195227 0.171241 -0.028572
v -0.177637 0.197959 -0.015792
v -0.162350 0.224657 -0.004686
v -0.149259 0.250913 0.004826
v -0.158190 0.268776 0.032314
v -0.180774 0.261506 0.052019
v -0.206051 0.254789 0.071660
v -0.234030 0.248849 0.090856
v -0.264596 0.243919 0.109176
v -0.297496 0.240214 0.126169
v -0.332329 0.237912 0.141403
v -0.368566 0.237131 0.154506
v -0.405583 0.237912 0.165205
v -0.442718 0.240214 0.173356
v -0.479323 0.243919 0.178946
v -0.514820 0.248849 0.182092
v -0.548738 0.254789 0.183008
v -0.580733 0.261506 0.181976
v -0.610586 0.268775 0.179309
v -0.125876 0.268776 -0.487837
v -0.114114 0.261507 -0.460269
v -0.103245 0.254789 -0.430160
v -0.093635 0.248850 -0.397619
v -0.085658 0.243919 -0.362888
v -0.079664 0.240215 -0.326347
v -0.075940 0.237913 -0.288512
v -0.074676 0.237132 -0.250000
v -0.075940 0.237913 -0.211488
v -0.079664 0.240215 -0.173653
v -0.085658 0.243919 -0.137112
v -0.093635 0.248850 -0.102381
v -0.103246 0.254789 -0.069840
v -0.114114 0.261507 -0.039731
v -0.125876 0.268776 -0.012163
v -0.476617 0.000836 -0.266988
v -0.451765 0.003568 -0.285045
v -0.425609 0.008528 -0.304048
v -0.398410 0.016025 -0.323809
v -0.370519 0.026307 -0.344072
v -0.342375 0.039523 -0.364520
v -0.314474 0.055690 -0.384791
v -0.287339 0.074673 -0.404506
v -0.261467 0.096183 -0.423303
v -0.237290 0.119799 -0.440868
v -0.215140 0.145004 -0.456960
v -0.195227 0.171241 -0.471428
v -0.177637 0.197959 -0.484208
v -0.162350 0.224657 -0.495314
v -0.149259 0.250913 -0.504826
v -0.933540 0.250915 -0.250000
v -0.917358 0.224660 -0.250000
v -0.898463 0.197961 -0.250000
v -0.876721 0.171243 -0.250000
v -0.852107 0.145006 -0.250000
v -0.824728 0.119800 -0.250000
v -0.794845 0.096185 -0.250000
v -0.762865 0.074674 -0.250000
v -0.729323 0.055691 -0.250000
v -0.694837 0.039523 -0.250000
v -0.660048 0.026308 -0.250000
v -0.625574 0.016025 -0.250000
v -0.591953 0.008528 -0.250000
v -0.559622 0.003568 -0.250000
v -0.528903 0.000836 -0.250000
v -0.662872 0.268775 0.162320
v -0.688592 0.261506 0.146931
v -0.715083 0.254789 0.128960
v -0.741986 0.248849 0.108282
v -0.768855 0.243919 0.084873
v -0.795183 0.240214 0.058834
v -0.820435 0.237913 0.030413
v -0.844095 0.237132 -0.000002
v -0.865710 0.237913 -0.031901
v -0.884936 0.240215 -0.064700
v -0.901564 0.243920 -0.097786
v -0.915525 0.248851 -0.130573
v -0.926878 0.254790 -0.162548
v -0.935782 0.261508 -0.193296
v -0.942471 0.268777 -0.222512
v -0.633969 0.250913 -0.662320
v -0.628968 0.224657 -0.646930
v -0.623129 0.197959 -0.628959
v -0.616411 0.171240 -0.608282
v -0.608805 0.145004 -0.584872
v -0.600344 0.119798 -0.558833
v -0.591110 0.096183 -0.530412
v -0.581228 0.074673 -0.499998
v -0.570863 0.055690 -0.468098
v -0.560206 0.039523 -0.435299
v -0.549456 0.026307 -0.402214
v -0.538803 0.016025 -0.369426
v -0.528414 0.008528 -0.337451
v -0.518424 0.003567 -0.306704
v -0.508931 0.000836 -0.277488
v -0.942471 0.268777 -0.277488
v -0.935782 0.261508 -0.306704
v -0.926878 0.254790 -0.337452
v -0.915525 0.248851 -0.369427
v -0.901564 0.243920 -0.402214
v -0.884936 0.240215 -0.435300
v -0.865709 0.237913 -0.468099
v -0.844095 0.237132 -0.499998
v -0.820435 0.237913 -0.530413
v -0.795183 0.240214 -0.558834
v -0.768855 0.243919 -0.584873
v -0.741986 0.248849 -0.608282
v -0.715083 0.254789 -0.628960
v -0.688591 0.261506 -0.646931
v -0.662872 0.268775 -0.662320
v -0.610586 0.268775 -0.679309
v -0.580733 0.261506 -0.681976
v -0.548738 0.254789 -0.683008
v -0.514820 0.248849 -0.682092
v -0.479323 0.243919 -0.678946
v -0.442718 0.240214 -0.673356
v -0.405583 0.237912 -0.665205
v -0.368566 0.237131 -0.654506
v -0.332329 0.237912 -0.641403
v -0.297496 0.240214 -0.626169
v -0.264596 0.243919 -0.609176
v -0.234030 0.248849 -0.590856
v -0.206051 0.254789 -0.571660
v -0.180774 0.261506 -0.552019
v -0.158190 0.268776 -0.532314
v -0.043078 0.702320 -0.233012
v -0.034406 0.678869 -0.214955
v -0.027145 0.653256 -0.195952
v -0.021687 0.625575 -0.176191
v -0.018410 0.596030 -0.155927
v -0.017644 0.564946 -0.135479
v -0.019627 0.532761 -0.115209
v -0.024471 0.500000 -0.095494
v -0.032140 0.467239 -0.076697
v -0.042451 0.435053 -0.059132
v -0.055090 0.403970 -0.043039
v -0.069651 0.374425 -0.028571
v -0.085683 0.346743 -0.015792
v -0.102727 0.321130 -0.004685
v -0.120356 0.297679 0.004826
v -0.120356 0.297679 -0.504826
v -0.102727 0.321130 -0.495315
v -0.085683 0.346743 -0.484208
v -0.069651 0.374425 -0.471429
v -0.055090 0.403970 -0.456961
v -0.042451 0.435054 -0.440868
v -0.032140 0.467239 -0.423303
v -0.024471 0.500000 -0.404506
v -0.019627 0.532761 -0.384791
v -0.017644 0.564946 -0.364521
v -0.018410 0.596030 -0.344073
v -0.021687 0.625575 -0.323809
v -0.027145 0.653256 -0.304048
v -0.034406 0.678869 -0.285045
v -0.043078 0.702320 -0.266988
v -0.374962 0.702322 0.189809
v -0.389456 0.678871 0.203636
v -0.405285 0.653257 0.216413
v -0.422392 0.625576 0.227711
v -0.440652 0.596031 0.237089
v -0.459862 0.564947 0.244137
v -0.479753 0.532761 0.248515
v -0.500000 0.500000 0.250000
v -0.520247 0.467239 0.248515
v -0.540138 0.435053 0.244137
v -0.559348 0.403969 0.237089
v -0.577608 0.374424 0.227711
v -0.594715 0.346743 0.216413
v -0.610545 0.321129 0.203636
v -0.625038 0.297678 0.189809
v -0.140327 0.297678 0.032314
v -0.143925 0.321129 0.052020
v -0.149221 0.346742 0.071661
v -0.156421 0.374424 0.090858
v -0.165681 0.403969 0.109178
v -0.177080 0.435053 0.126171
v -0.190600 0.467239 0.141405
v -0.206107 0.500000 0.154508
v -0.223361 0.532761 0.165208
v -0.242027 0.564947 0.173358
v -0.261712 0.596031 0.178948
v -0.281997 0.625576 0.182094
v -0.302478 0.653258 0.183010
v -0.322795 0.678871 0.181977
v -0.342648 0.702322 0.179309
v -0.879645 0.702321 0.004826
v -0.897273 0.678870 -0.004685
v -0.914317 0.653257 -0.015792
v -0.930349 0.625575 -0.028571
v -0.944911 0.596030 -0.043039
v -0.957549 0.564946 -0.059132
v -0.967860 0.532761 -0.076697
v -0.975529 0.500000 -0.095494
v -0.980373 0.467239 -0.115209
v -0.982356 0.435054 -0.135479
v -0.981590 0.403970 -0.155927
v -0.978313 0.374425 -0.176191
v -0.972855 0.346744 -0.195952
v -0.965594 0.321131 -0.214955
v -0.956922 0.297680 -0.233012
v -0.657352 0.297678 0.179309
v -0.677205 0.321129 0.181977
v -0.697522 0.346742 0.183010
v -0.718003 0.374424 0.182094
v -0.738288 0.403969 0.178948
v -0.757973 0.435053 0.173358
v -0.776639 0.467239 0.165208
v -0.793893 0.500000 0.154508
v -0.809400 0.532761 0.141405
v -0.822920 0.564947 0.126171
v -0.834319 0.596031 0.109178
v -0.843579 0.625576 0.090858
v -0.850779 0.653257 0.071661
v -0.856075 0.678871 0.052020
v -0.859673 0.702322 0.032314
v -0.859673 0.702322 -0.532314
v -0.856075 0.678871 -0.552019
v -0.850779 0.653258 -0.571661
v -0.843579 0.625576 -0.590858
v -0.834319 0.596031 -0.609178
v -0.822920 0.564947 -0.626171
v -0.809400 0.532761 -0.641405
v -0.793893 0.500000 -0.654508
v -0.776639 0.467239 -0.665208
v -0.757973 0.435053 -0.673358
v -0.738288 0.403969 -0.678948
v -0.718003 0.374424 -0.682094
v -0.697522 0.346742 -0.683010
v -0.677205 0.321129 -0.681977
v -0.657352 0.297678 -0.679309
v -0.956922 0.297680 -0.266988
v -0.965594 0.321131 -0.285045
v -0.972855 0.346744 -0.304048
v -0.978313 0.374425 -0.323809
v -0.981590 0.403970 -0.344073
v -0.982356 0.435054 -0.364521
v -0.980373 0.467239 -0.384791
v -0.975529 0.500000 -0.404506
v -0.967860 0.532761 -0.423303
v -0.957549 0.564947 -0.440868
v -0.944911 0.596030 -0.456961
v -0.930349 0.625575 -0.471429
v -0.914317 0.653257 -0.484208
v -0.897273 0.678870 -0.495315
v -0.879644 0.702321 -0.504826
v -0.342648 0.702322 -0.679309
v -0.322795 0.678871 -0.681977
v -0.302478 0.653258 -0.683010
v -0.281997 0.625576 -0.682094
v -0.261712 0.596031 -0.678948
v -0.242027 0.564947 -0.673358
v -0.223361 0.532761 -0.665208
v -0.206107 0.500000 -0.654508
v -0.190600 0.467239 -0.641405
v -0.177080 0.435053 -0.626171
v -0.165681 0.403969 -0.609178
v -0.156421 0.374424 -0.590858
v -0.149221 0.346742 -0.571661
v -0.143925 0.321129 -0.552019
v -0.140327 0.297678 -0.532314
v -0.625038 0.297678 -0.689809
v -0.610544 0.321129 -0.703636
v -0.594715 0.346743 -0.716413
v -0.577608 0.374424 -0.727711
v -0.559348 0.403969 -0.737089
v -0.540138 0.435053 -0.744137
v -0.520247 0.467239 -0.748515
v -0.500000 0.500000 -0.750000
v -0.479753 0.532761 -0.748515
v -0.459862 0.564947 -0.744137
v -0.440652 0.596031 -0.737089
v -0.422392 0.625576 -0.727711
v -0.405285 0.653257 -0.716413
v -0.389456 0.678871 -0.703636
v -0.374962 0.702322 -0.689809
v -0.057529 0.731223 -0.222512
v -0.064218 0.738492 -0.193296
v -0.073122 0.745210 -0.162548
v -0.084475 0.751149 -0.130573
v -0.098436 0.756080 -0.097786
v -0.115064 0.759785 -0.064700
v -0.134291 0.762087 -0.031901
v -0.155905 0.762868 -0.000002
v -0.179565 0.762087 0.030413
v -0.204817 0.759786 0.058834
v -0.231145 0.756081 0.084873
v -0.258014 0.751151 0.108282
v -0.284917 0.745211 0.128960
v -0.311409 0.738494 0.146931
v -0.337128 0.731225 0.162320
v -0.389414 0.731225 0.179309
v -0.419267 0.738494 0.181976
v -0.451262 0.745211 0.183008
v -0.485180 0.751151 0.182092
v -0.520677 0.756081 0.178946
v -0.557282 0.759786 0.173356
v -0.594417 0.762088 0.165205
v -0.631434 0.762869 0.154506
v -0.667671 0.762088 0.141403
v -0.702504 0.759786 0.126169
v -0.735404 0.756081 0.109176
v -0.765970 0.751151 0.090856
v -0.793949 0.745211 0.071660
v -0.819226 0.738494 0.052019
v -0.841810 0.731224 0.032314
v -0.874124 0.731224 -0.012163
v -0.885886 0.738493 -0.039731
v -0.896755 0.745211 -0.069840
v -0.906365 0.751150 -0.102381
v -0.914342 0.756081 -0.137112
v -0.920336 0.759785 -0.173653
v -0.924060 0.762087 -0.211488
v -0.925324 0.762868 -0.250000
v -0.924060 0.762087 -0.288512
v -0.920336 0.759785 -0.326347
v -0.914342 0.756081 -0.362888
v -0.906365 0.751150 -0.397619
v -0.896754 0.745211 -0.430160
v -0.885886 0.738493 -0.460269
v -0.874124 0.731224 -0.487837
v -0.841810 0.731224 -0.532314
v -0.819226 0.738494 -0.552019
v -0.793949 0.745211 -0.571660
v -0.765970 0.751151 -0.590856
v -0.735404 0.756081 -0.609176
v -0.702504 0.759786 -0.626169
v -0.667671 0.762088 -0.641403
v -0.631434 0.762869 -0.654506
v -0.594417 0.762088 -0.665205
v -0.557282 0.759786 -0.673356
v -0.520677 0.756081 -0.678946
v -0.485180 0.751151 -0.682092
v -0.451262 0.745211 -0.683008
v -0.419267 0.738494 -0.681976
v -0.389414 0.731225 -0.679309
v -0.337128 0.731225 -0.662320
v -0.311408 0.738494 -0.646931
v -0.284917 0.745211 -0.628960
v -0.258014 0.751151 -0.608282
v -0.231145 0.756081 -0.584873
v -0.204817 0.759786 -0.558834
v -0.179565 0.762087 -0.530413
v -0.155905 0.762868 -0.499998
v -0.134290 0.762087 -0.468099
v -0.115064 0.759785 -0.435300
v -0.098436 0.756080 -0.402214
v -0.084475 0.751149 -0.369427
v -0.073122 0.745210 -0.337452
v -0.064218 0.738492 -0.306704
v -0.057529 0.731223 -0.277488
v -0.491069 0.999164 -0.222512
v -0.481576 0.996433 -0.193296
v -0.471586 0.991472 -0.162549
v -0.461197 0.983975 -0.130574
v -0.450544 0.973693 -0.097786
v -0.439794 0.960477 -0.064701
v -0.429137 0.944310 -0.031902
v -0.418772 0.925327 -0.000002
v -0.408890 0.903817 0.030412
v -0.399656 0.880201 0.058833
v -0.391195 0.854996 0.084872
v -0.383589 0.828760 0.108282
v -0.376871 0.802041 0.128959
v -0.371032 0.775343 0.146930
v -0.366031 0.749087 0.162320
v -0.066460 0.749085 -0.250000
v -0.082642 0.775340 -0.250000
v -0.101537 0.802039 -0.250000
v -0.123279 0.828757 -0.250000
v -0.147893 0.854994 -0.250000
v -0.175272 0.880200 -0.250000
v -0.205155 0.903815 -0.250000
v -0.237135 0.925326 -0.250000
v -0.270677 0.944309 -0.250000
v -0.305163 0.960477 -0.250000
v -0.339952 0.973692 -0.250000
v -0.374427 0.983975 -0.250000
v -0.408047 0.991472 -0.250000
v -0.440378 0.996432 -0.250000
v -0.471097 0.999164 -0.250000
v -0.523383 0.999164 -0.233012
v -0.548235 0.996432 -0.214955
v -0.574391 0.991472 -0.195952
v -0.601590 0.983975 -0.176191
v -0.629481 0.973693 -0.155928
v -0.657625 0.960477 -0.135480
v -0.685526 0.944310 -0.115209
v -0.712661 0.925327 -0.095494
v -0.738533 0.903817 -0.076697
v -0.762710 0.880201 -0.059132
v -0.784860 0.854996 -0.043040
v -0.804773 0.828759 -0.028572
v -0.822363 0.802041 -0.015792
v -0.837650 0.775343 -0.004686
v -0.850741 0.749087 0.004826
v -0.523383 0.999164 -0.266988
v -0.548235 0.996432 -0.285045
v -0.574391 0.991472 -0.304048
v -0.601590 0.983975 -0.323809
v -0.629481 0.973693 -0.344072
v -0.657625 0.960477 -0.364520
v -0.685526 0.944310 -0.384791
v -0.712661 0.925327 -0.404506
v -0.738533 0.903817 -0.423303
v -0.762710 0.880201 -0.440868
v -0.784860 0.854996 -0.456960
v -0.804773 0.828759 -0.471428
v -0.822363 0.802041 -0.484208
v -0.837650 0.775343 -0.495314
v -0.850741 0.749087 -0.504826
v -0.491069 0.999164 -0.277488
v -0.481576 0.996433 -0.306704
v -0.471586 0.991472 -0.337451
v -0.461197 0.983975 -0.369426
v -0.450544 0.973693 -0.402214
v -0.439794 0.960477 -0.435299
v -0.429137 0.944310 -0.468098
v -0.418772 0.925327 -0.499998
v -0.408890 0.903817 -0.530412
v -0.399656 0.880201 -0.558833
v -0.391195 0.854996 -0.584872
v -0.383589 0.828760 -0.608282
v -0.376871 0.802041 -0.628959
v -0.371032 0.775343 -0.646930
v -0.366031 0.749087 -0.662320
v -0.460881 0.997656 -0.278422
v -0.428856 0.994044 -0.279303
v -0.450147 0.994044 -0.308606
v -0.395260 0.987979 -0.280104
v -0.416901 0.989336 -0.310375
v -0.439004 0.987979 -0.340311
v -0.360481 0.979151 -0.280794
v -0.382169 0.981953 -0.311947
v -0.404673 0.981953 -0.342921
v -0.427600 0.979152 -0.373174
v -0.325033 0.967337 -0.281343
v -0.346416 0.971604 -0.313259
v -0.368996 0.973053 -0.345180
v -0.392378 0.971604 -0.376518
v -0.416124 0.967338 -0.406717
v -0.289534 0.952435 -0.281727
v -0.310236 0.958107 -0.314249
v -0.332516 0.961024 -0.346987
v -0.356005 0.961024 -0.379316
v -0.380256 0.958107 -0.410622
v -0.404790 0.952436 -0.440360
v -0.254660 0.934499 -0.281924
v -0.274313 0.941427 -0.314865
v -0.295899 0.945746 -0.348250
v -0.319100 0.947215 -0.381431
v -0.343488 0.945747 -0.413750
v -0.368569 0.941428 -0.444596
v -0.393826 0.934500 -0.473466
v -0.221093 0.913754 -0.281924
v -0.239372 0.921708 -0.315075
v -0.259884 0.927274 -0.348901
v -0.282386 0.930141 -0.382752
v -0.306499 0.930141 -0.415940
v -0.331741 0.927275 -0.447801
v -0.357573 0.921709 -0.477762
v -0.383454 0.913755 -0.505390
v -0.189455 0.890583 -0.281727
v -0.206109 0.899275 -0.314865
v -0.225221 0.905851 -0.348901
v -0.246636 0.909956 -0.383201
v -0.270050 0.911353 -0.417069
v -0.295025 0.909956 -0.449802
v -0.321029 0.905852 -0.480768
v -0.347493 0.899276 -0.509462
v -0.373864 0.890585 -0.535541
v -0.160250 0.865496 -0.281343
v -0.175124 0.874604 -0.314249
v -0.192592 0.881899 -0.348250
v -0.212594 0.887007 -0.382752
v -0.234916 0.889639 -0.417069
v -0.259193 0.889639 -0.450483
v -0.284932 0.887008 -0.482317
v -0.311565 0.881900 -0.512001
v -0.338505 0.874605 -0.539120
v -0.365204 0.865498 -0.563435
v -0.133830 0.839074 -0.280794
v -0.146871 0.848279 -0.313259
v -0.162551 0.855980 -0.346987
v -0.180903 0.861805 -0.381432
v -0.201810 0.865440 -0.415941
v -0.224996 0.866677 -0.449802
v -0.250036 0.865441 -0.482317
v -0.276395 0.861806 -0.512864
v -0.303484 0.855981 -0.540962
v -0.330716 0.848281 -0.566297
v -0.357563 0.839076 -0.588731
v -0.110381 0.811915 -0.280104
v -0.121626 0.820929 -0.311948
v -0.135478 0.828732 -0.345181
v -0.152047 0.834972 -0.379316
v -0.171310 0.839335 -0.413751
v -0.193086 0.841582 -0.447802
v -0.217038 0.841582 -0.480769
v -0.242694 0.839336 -0.512001
v -0.269491 0.834973 -0.540962
v -0.296836 0.828733 -0.567268
v -0.324162 0.820931 -0.590712
v -0.350973 0.811917 -0.611246
v -0.089931 0.784578 -0.279303
v -0.099489 0.793165 -0.310375
v -0.111562 0.800801 -0.342922
v -0.126317 0.807171 -0.376519
v -0.143811 0.811977 -0.410623
v -0.163957 0.814971 -0.444597
v -0.186511 0.815989 -0.477763
v -0.211085 0.814971 -0.509463
v -0.237171 0.811978 -0.539121
v -0.264200 0.807172 -0.566297
v -0.291594 0.800803 -0.590712
v -0.318817 0.793167 -0.612251
v -0.345415 0.784580 -0.630943
v -0.072378 0.757550 -0.278422
v -0.080409 0.765535 -0.308607
v -0.090819 0.772790 -0.340312
v -0.103814 0.779042 -0.373175
v -0.119514 0.784024 -0.406718
v -0.137912 0.787497 -0.440361
v -0.158858 0.789283 -0.473467
v -0.182052 0.789283 -0.505391
v -0.207065 0.787498 -0.535542
v -0.233377 0.784025 -0.563436
v -0.260427 0.779043 -0.588732
v -0.287666 0.772791 -0.611247
v -0.314603 0.765537 -0.630944
v -0.340829 0.757552 -0.647909
v -0.514942 0.997656 -0.295987
v -0.505885 0.994045 -0.326716
v -0.540332 0.994045 -0.315523
v -0.496264 0.987979 -0.358916
v -0.531741 0.989336 -0.347688
v -0.567042 0.987979 -0.335918
v -0.486174 0.979152 -0.392205
v -0.522504 0.981953 -0.381206
v -0.558916 0.981953 -0.369375
v -0.594773 0.979152 -0.356919
v -0.475743 0.967338 -0.426088
v -0.512704 0.971604 -0.415614
v -0.550040 0.973053 -0.404004
v -0.587069 0.971604 -0.391451
v -0.623128 0.967338 -0.378199
v -0.465138 0.952436 -0.459968
v -0.502465 0.958107 -0.450329
v -0.540486 0.961024 -0.439256
v -0.578490 0.961024 -0.426907
v -0.615758 0.958107 -0.413517
v -0.651622 0.952436 -0.399374
v -0.454549 0.934500 -0.493195
v -0.491951 0.941428 -0.484684
v -0.530372 0.945747 -0.474471
v -0.569099 0.947215 -0.462660
v -0.607372 0.945747 -0.449452
v -0.644458 0.941428 -0.435131
v -0.679719 0.934500 -0.420032
v -0.444176 0.913755 -0.525119
v -0.481353 0.921710 -0.517980
v -0.519862 0.927275 -0.508924
v -0.559010 0.930141 -0.497985
v -0.598024 0.930141 -0.485308
v -0.636126 0.927275 -0.471147
v -0.672603 0.921710 -0.455838
v -0.706875 0.913755 -0.439762
v -0.434212 0.890585 -0.555148
v -0.470875 0.899276 -0.549550
v -0.509150 0.905852 -0.541891
v -0.548390 0.909957 -0.532124
v -0.587834 0.911353 -0.520322
v -0.626683 0.909957 -0.506684
v -0.664169 0.905852 -0.491522
v -0.699636 0.899276 -0.475220
v -0.732587 0.890585 -0.458199
v -0.424823 0.865498 -0.582806
v -0.460714 0.874605 -0.578828
v -0.498449 0.881901 -0.572722
v -0.537443 0.887008 -0.564361
v -0.576978 0.889640 -0.553736
v -0.616258 0.889640 -0.540973
v -0.654488 0.887008 -0.526330
v -0.690949 0.881901 -0.510174
v -0.725065 0.874605 -0.492933
v -0.756440 0.865498 -0.475055
v -0.416136 0.839077 -0.607763
v -0.451043 0.848281 -0.605392
v -0.487965 0.855982 -0.600902
v -0.526395 0.861806 -0.594092
v -0.565675 0.865441 -0.584873
v -0.605044 0.866677 -0.573286
v -0.643704 0.865441 -0.559519
v -0.680902 0.861806 -0.543889
v -0.715995 0.855982 -0.526809
v -0.748505 0.848281 -0.508739
v -0.778137 0.839076 -0.490139
v -0.408234 0.811917 -0.629851
v -0.441994 0.820931 -0.628997
v -0.477881 0.828733 -0.626092
v -0.515466 0.834973 -0.620883
v -0.554167 0.839336 -0.613204
v -0.593281 0.841583 -0.603016
v -0.632035 0.841583 -0.590423
v -0.669667 0.839336 -0.575675
v -0.705491 0.834973 -0.559139
v -0.738960 0.828733 -0.541261
v -0.769700 0.820931 -0.522517
v -0.797514 0.811917 -0.503364
v -0.401153 0.784580 -0.649053
v -0.433658 0.793167 -0.649564
v -0.468342 0.800803 -0.648140
v -0.504854 0.807172 -0.644489
v -0.542695 0.811978 -0.638390
v -0.581231 0.814972 -0.629729
v -0.619744 0.815989 -0.618527
v -0.657485 0.814972 -0.604952
v -0.693753 0.811978 -0.589307
v -0.727951 0.807172 -0.571999
v -0.759636 0.800803 -0.553491
v -0.788533 0.793167 -0.534256
v -0.814529 0.784580 -0.514737
v -0.394891 0.757552 -0.665475
v -0.426080 0.765537 -0.667164
v -0.459450 0.772792 -0.667062
v -0.494721 0.779043 -0.664858
v -0.531473 0.784025 -0.660292
v -0.569155 0.787498 -0.653190
v -0.607113 0.789283 -0.643500
v -0.644641 0.789283 -0.631306
v -0.681046 0.787498 -0.616834
v -0.715705 0.784025 -0.600430
v -0.748122 0.779043 -0.582521
v -0.777952 0.772792 -0.563572
v -0.805009 0.765537 -0.544041
v -0.829248 0.757552 -0.524341
v -0.548354 0.997656 -0.250000
v -0.574780 0.994044 -0.268110
v -0.574780 0.994044 -0.231890
v -0.602431 0.987979 -0.287210
v -0.602716 0.989336 -0.250000
v -0.602431 0.987979 -0.212790
v -0.630973 0.979152 -0.307094
v -0.631739 0.981953 -0.269143
v -0.631739 0.981953 -0.230857
v -0.630973 0.979152 -0.192906
v -0.659974 0.967338 -0.327484
v -0.661434 0.971604 -0.289096
v -0.661930 0.973053 -0.250000
v -0.661434 0.971604 -0.210904
v -0.659974 0.967338 -0.172516
v -0.688918 0.952436 -0.348040
v -0.691287 0.958107 -0.309561
v -0.692505 0.961024 -0.269980
v -0.692505 0.961024 -0.230020
v -0.691287 0.958107 -0.190439
v -0.688918 0.952436 -0.151960
v -0.717248 0.934500 -0.368378
v -0.720711 0.941427 -0.330177
v -0.722871 0.945746 -0.290481
v -0.723605 0.947215 -0.250000
v -0.722871 0.945746 -0.209519
v -0.720711 0.941427 -0.169823
v -0.717248 0.934500 -0.131622
v -0.744404 0.913755 -0.388108
v -0.749102 0.921709 -0.350545
v -0.752390 0.927274 -0.311123
v -0.754083 0.930141 -0.270511
v -0.754083 0.930141 -0.229489
v -0.752390 0.927274 -0.188877
v -0.749102 0.921709 -0.149455
v -0.744404 0.913755 -0.111892
v -0.769884 0.890584 -0.406864
v -0.775890 0.899276 -0.370266
v -0.780433 0.905851 -0.331498
v -0.783270 0.909956 -0.291161
v -0.784234 0.911352 -0.250000
v -0.783270 0.909956 -0.208839
v -0.780433 0.905851 -0.168502
v -0.775890 0.899276 -0.129734
v -0.769884 0.890584 -0.093136
v -0.793286 0.865498 -0.424340
v -0.800594 0.874605 -0.388977
v -0.806448 0.881900 -0.351202
v -0.810546 0.887007 -0.311533
v -0.812658 0.889639 -0.270651
v -0.812658 0.889639 -0.229349
v -0.810546 0.887007 -0.188467
v -0.806448 0.881900 -0.148798
v -0.800594 0.874605 -0.111023
v -0.793286 0.865498 -0.075660
v -0.814337 0.839076 -0.440314
v -0.822870 0.848280 -0.406384
v -0.830009 0.855981 -0.369881
v -0.835408 0.861805 -0.331229
v -0.838778 0.865440 -0.291022
v -0.839924 0.866677 -0.250000
v -0.838778 0.865440 -0.208978
v -0.835408 0.861805 -0.168771
v -0.830009 0.855981 -0.130119
v -0.822870 0.848280 -0.093616
v -0.814337 0.839076 -0.059686
v -0.832903 0.811917 -0.454655
v -0.842523 0.820930 -0.422284
v -0.850850 0.828732 -0.387256
v -0.857510 0.834972 -0.349901
v -0.862166 0.839335 -0.310721
v -0.864564 0.841582 -0.270374
v -0.864564 0.841582 -0.229626
v -0.862166 0.839335 -0.189279
v -0.857510 0.834972 -0.150099
v -0.850850 0.828732 -0.112744
v -0.842523 0.820930 -0.077716
v -0.832903 0.811917 -0.045345
v -0.848977 0.784580 -0.467323
v -0.859508 0.793167 -0.436568
v -0.868871 0.800802 -0.403141
v -0.876682 0.807172 -0.367288
v -0.882575 0.811977 -0.329415
v -0.886246 0.814971 -0.290089
v -0.887494 0.815988 -0.250000
v -0.886246 0.814971 -0.209911
v -0.882575 0.811977 -0.170585
v -0.876682 0.807172 -0.132712
v -0.868871 0.800802 -0.096859
v -0.859508 0.793167 -0.063432
v -0.848977 0.784580 -0.032677
v -0.862660 0.757551 -0.478353
v -0.873904 0.765537 -0.449213
v -0.884119 0.772791 -0.417445
v -0.892922 0.779043 -0.383220
v -0.899936 0.784024 -0.346856
v -0.904827 0.787498 -0.308824
v -0.907341 0.789283 -0.269730
v -0.907341 0.789283 -0.230270
v -0.904827 0.787498 -0.191176
v -0.899936 0.784024 -0.153144
v -0.892922 0.779043 -0.116780
v -0.884119 0.772791 -0.082555
v -0.873904 0.765537 -0.050787
v -0.862660 0.757551 -0.021647
v -0.514942 0.997656 -0.204013
v -0.540332 0.994045 -0.184477
v -0.505885 0.994045 -0.173284
v -0.567042 0.987979 -0.164082
v -0.531741 0.989336 -0.152312
v -0.496264 0.987979 -0.141084
v -0.594773 0.979152 -0.143081
v -0.558916 0.981953 -0.130625
v -0.522504 0.981953 -0.118794
v -0.486174 0.979152 -0.107795
v -0.623128 0.967338 -0.121801
v -0.587069 0.971604 -0.108549
v -0.550040 0.973053 -0.095996
v -0.512704 0.971604 -0.084386
v -0.475743 0.967338 -0.073912
v -0.651622 0.952436 -0.100626
v -0.615758 0.958107 -0.086483
v -0.578490 0.961024 -0.073093
v -0.540486 0.961024 -0.060744
v -0.502465 0.958107 -0.049671
v -0.465138 0.952436 -0.040032
v -0.679719 0.934500 -0.079968
v -0.644458 0.941428 -0.064869
v -0.607372 0.945747 -0.050548
v -0.569099 0.947215 -0.037340
v -0.530372 0.945747 -0.025529
v -0.491951 0.941428 -0.015316
v -0.454549 0.934500 -0.006805
v -0.706875 0.913755 -0.060238
v -0.672603 0.921709 -0.044162
v -0.636126 0.927275 -0.028853
v -0.598024 0.930141 -0.014692
v -0.559010 0.930141 -0.002016
v -0.519862 0.927275 0.008924
v -0.481353 0.921710 0.017980
v -0.444176 0.913755 0.025119
v -0.732587 0.890585 -0.041801
v -0.699636 0.899276 -0.024780
v -0.664169 0.905852 -0.008478
v -0.626683 0.909957 0.006684
v -0.587834 0.911353 0.020322
v -0.548390 0.909957 0.032124
v -0.509150 0.905852 0.041891
v -0.470875 0.899276 0.049550
v -0.434212 0.890585 0.055149
v -0.756440 0.865498 -0.024945
v -0.725065 0.874605 -0.007067
v -0.690949 0.881901 0.010174
v -0.654488 0.887008 0.026330
v -0.616258 0.889640 0.040973
v -0.576978 0.889640 0.053736
v -0.537443 0.887008 0.064361
v -0.498449 0.881901 0.072722
v -0.460714 0.874605 0.078828
v -0.424823 0.865498 0.082806
v -0.778137 0.839076 -0.009861
v -0.748505 0.848281 0.008739
v -0.715995 0.855982 0.026809
v -0.680902 0.861806 0.043889
v -0.643704 0.865441 0.059519
v -0.605044 0.866677 0.073286
v -0.565675 0.865441 0.084873
v -0.526395 0.861806 0.094092
v -0.487965 0.855982 0.100902
v -0.451043 0.848281 0.105392
v -0.416136 0.839077 0.107763
v -0.797514 0.811917 0.003364
v -0.769700 0.820931 0.022517
v -0.738960 0.828733 0.041261
v -0.705491 0.834973 0.059139
v -0.669667 0.839336 0.075675
v -0.632035 0.841583 0.090423
v -0.593281 0.841583 0.103016
v -0.554167 0.839336 0.113204
v -0.515466 0.834973 0.120883
v -0.477881 0.828733 0.126092
v -0.441994 0.820931 0.128997
v -0.408234 0.811917 0.129851
v -0.814529 0.784580 0.014737
v -0.788533 0.793167 0.034256
v -0.759636 0.800803 0.053491
v -0.727951 0.807172 0.071999
v -0.693753 0.811978 0.089308
v -0.657485 0.814972 0.104952
v -0.619744 0.815989 0.118527
v -0.581231 0.814972 0.129729
v -0.542695 0.811978 0.138390
v -0.504854 0.807172 0.144489
v -0.468342 0.800803 0.148140
v -0.433658 0.793167 0.149564
v -0.401153 0.784580 0.149053
v -0.829248 0.757552 0.024341
v -0.805009 0.765537 0.044041
v -0.777952 0.772792 0.063572
v -0.748122 0.779043 0.082521
v -0.715705 0.784025 0.100430
v -0.681046 0.787498 0.116834
v -0.644641 0.789284 0.131306
v -0.607113 0.789284 0.143500
v -0.569155 0.787498 0.153190
v -0.531473 0.784025 0.160292
v -0.494721 0.779043 0.164858
v -0.459450 0.772792 0.167062
v -0.426080 0.765537 0.167164
v -0.394891 0.757552 0.165475
v -0.460881 0.997656 -0.221578
v -0.450147 0.994045 -0.191394
v -0.428856 0.994044 -0.220697
v -0.439004 0.987979 -0.159689
v -0.416901 0.989336 -0.189625
v -0.395260 0.987979 -0.219896
v -0.427600 0.979152 -0.126826
v -0.404673 0.981953 -0.157079
v -0.382169 0.981953 -0.188053
v -0.360481 0.979151 -0.219206
v -0.416124 0.967338 -0.093283
v -0.392378 0.971604 -0.123482
v -0.368996 0.973053 -0.154820
v -0.346416 0.971604 -0.186741
v -0.325033 0.967337 -0.218657
v -0.404790 0.952436 -0.059640
v -0.380256 0.958107 -0.089378
v -0.356005 0.961024 -0.120684
v -0.332516 0.961024 -0.153013
v -0.310236 0.958107 -0.185751
v -0.289534 0.952435 -0.218273
v -0.393826 0.934500 -0.026534
v -0.368569 0.941428 -0.055404
v -0.343488 0.945747 -0.086250
v -0.319100 0.947215 -0.118569
v -0.295899 0.945746 -0.151750
v -0.274313 0.941427 -0.185135
v -0.254660 0.934499 -0.218076
v -0.383454 0.913755 0.005390
v -0.357573 0.921709 -0.022238
v -0.331741 0.927275 -0.052199
v -0.306499 0.930141 -0.084060
v -0.282386 0.930141 -0.117248
v -0.259884 0.927274 -0.151099
v -0.239372 0.921708 -0.184925
v -0.221093 0.913754 -0.218076
v -0.373864 0.890585 0.035541
v -0.347493 0.899276 0.009462
v -0.321029 0.905852 -0.019232
v -0.295025 0.909956 -0.050198
v -0.270050 0.911353 -0.082931
v -0.246636 0.909956 -0.116799
v -0.225221 0.905851 -0.151099
v -0.206109 0.899275 -0.185135
v -0.189455 0.890583 -0.218273
v -0.365204 0.865498 0.063435
v -0.338505 0.874605 0.039120
v -0.311565 0.881900 0.012001
v -0.284932 0.887008 -0.017683
v -0.259193 0.889639 -0.049517
v -0.234916 0.889639 -0.082931
v -0.212594 0.887007 -0.117248
v -0.192592 0.881899 -0.151750
v -0.175124 0.874604 -0.185751
v -0.160250 0.865496 -0.218657
v -0.357563 0.839076 0.088731
v -0.330716 0.848281 0.066297
v -0.303484 0.855982 0.040961
v -0.276395 0.861806 0.012864
v -0.250036 0.865441 -0.017683
v -0.224996 0.866677 -0.050198
v -0.201810 0.865440 -0.084059
v -0.180903 0.861805 -0.118568
v -0.162551 0.855980 -0.153013
v -0.146871 0.848279 -0.186741
v -0.133830 0.839074 -0.219206
v -0.350973 0.811917 0.111246
v -0.324162 0.820931 0.090712
v -0.296836 0.828733 0.067268
v -0.269491 0.834973 0.040962
v -0.242694 0.839336 0.012001
v -0.217038 0.841582 -0.019231
v -0.193086 0.841582 -0.052198
v -0.171310 0.839335 -0.086249
v -0.152047 0.834972 -0.120684
v -0.135478 0.828731 -0.154820
v -0.121626 0.820929 -0.188052
v -0.110381 0.811915 -0.219896
v -0.345415 0.784580 0.130943
v -0.318817 0.793167 0.112251
v -0.291594 0.800803 0.090712
v -0.264200 0.807172 0.066297
v -0.237171 0.811978 0.039121
v -0.211085 0.814971 0.009463
v -0.186511 0.815989 -0.022237
v -0.163957 0.814971 -0.055403
v -0.143811 0.811977 -0.089377
v -0.126317 0.807171 -0.123481
v -0.111562 0.800801 -0.157079
v -0.099489 0.793165 -0.189625
v -0.089931 0.784578 -0.220697
v -0.340829 0.757552 0.147909
v -0.314603 0.765537 0.130944
v -0.287666 0.772791 0.111247
v -0.260427 0.779043 0.088732
v -0.233377 0.784025 0.063436
v -0.207065 0.787498 0.035542
v -0.182052 0.789283 0.005391
v -0.158858 0.789283 -0.026533
v -0.137912 0.787497 -0.059639
v -0.119514 0.784024 -0.093282
v -0.103814 0.779042 -0.126825
v -0.090819 0.772790 -0.159688
v -0.080410 0.765535 -0.191393
v -0.072378 0.757550 -0.221578
v -0.048201 0.709195 -0.295987
v -0.040076 0.684870 -0.315524
v -0.055482 0.715681 -0.326716
v -0.033556 0.658267 -0.335919
v -0.048130 0.690449 -0.347688
v -0.065210 0.721574 -0.358916
v -0.029050 0.629516 -0.356919
v -0.042581 0.662841 -0.369375
v -0.058865 0.695409 -0.381206
v -0.077618 0.726652 -0.392206
v -0.026936 0.598871 -0.378199
v -0.039246 0.633031 -0.391451
v -0.054511 0.666800 -0.404004
v -0.072504 0.699547 -0.415614
v -0.092850 0.730699 -0.426088
v -0.027522 0.566720 -0.399375
v -0.038488 0.601335 -0.413518
v -0.052546 0.635973 -0.426908
v -0.069543 0.669966 -0.439257
v -0.089156 0.702669 -0.450330
v -0.110922 0.733520 -0.459969
v -0.030999 0.533567 -0.420033
v -0.040572 0.568205 -0.435132
v -0.053294 0.603308 -0.449453
v -0.069098 0.638198 -0.462661
v -0.087731 0.672180 -0.474472
v -0.108777 0.704614 -0.484686
v -0.131700 0.734970 -0.493196
v -0.037409 0.500000 -0.439763
v -0.045622 0.534213 -0.455839
v -0.056957 0.569328 -0.471148
v -0.071433 0.604690 -0.485309
v -0.088881 0.639587 -0.497986
v -0.108953 0.673321 -0.508926
v -0.131153 0.705276 -0.517981
v -0.154895 0.734971 -0.525120
v -0.046635 0.466640 -0.458200
v -0.053597 0.500000 -0.475221
v -0.063577 0.534664 -0.491523
v -0.076670 0.570029 -0.506686
v -0.092795 0.605402 -0.520323
v -0.111685 0.640059 -0.532126
v -0.132905 0.673321 -0.541893
v -0.155905 0.704615 -0.549552
v -0.180075 0.733521 -0.555150
v -0.058406 0.434086 -0.475056
v -0.064292 0.466222 -0.492935
v -0.073024 0.500000 -0.510176
v -0.084762 0.534897 -0.526332
v -0.099505 0.570268 -0.540974
v -0.117072 0.605402 -0.553738
v -0.137107 0.639587 -0.564363
v -0.159114 0.672181 -0.572724
v -0.182516 0.702670 -0.578829
v -0.206713 0.730700 -0.582807
v -0.072335 0.402863 -0.490140
v -0.077355 0.433484 -0.508741
v -0.085006 0.466007 -0.526811
v -0.095490 0.500000 -0.543891
v -0.108875 0.534897 -0.559521
v -0.125059 0.570030 -0.573288
v -0.143771 0.604690 -0.584875
v -0.164590 0.638199 -0.594095
v -0.186986 0.669967 -0.600904
v -0.210387 0.699548 -0.605394
v -0.234231 0.726654 -0.607764
v -0.087962 0.373385 -0.503365
v -0.092339 0.402295 -0.522518
v -0.099108 0.433280 -0.541263
v -0.108494 0.466007 -0.559140
v -0.120613 0.500000 -0.575677
v -0.135433 0.534664 -0.590425
v -0.152765 0.569329 -0.603018
v -0.172267 0.603309 -0.613206
v -0.193478 0.635974 -0.620885
v -0.215869 0.666801 -0.626094
v -0.238897 0.695410 -0.628999
v -0.262057 0.721575 -0.629852
v -0.104804 0.345941 -0.514738
v -0.108749 0.373033 -0.534257
v -0.114843 0.402295 -0.553492
v -0.123316 0.433484 -0.572001
v -0.134311 0.466222 -0.589310
v -0.147853 0.500000 -0.604954
v -0.163822 0.534213 -0.618530
v -0.181956 0.568205 -0.629732
v -0.201868 0.601335 -0.638393
v -0.223090 0.633033 -0.644491
v -0.245117 0.662842 -0.648142
v -0.267458 0.690450 -0.649566
v -0.289675 0.715683 -0.649054
v -0.122397 0.320688 -0.524342
v -0.126094 0.345940 -0.544041
v -0.131706 0.373385 -0.563573
v -0.139455 0.402862 -0.582523
v -0.149496 0.434086 -0.600432
v -0.161890 0.466640 -0.616836
v -0.176574 0.500000 -0.631308
v -0.193358 0.533568 -0.643502
v -0.211931 0.566721 -0.653193
v -0.231889 0.598872 -0.660294
v -0.252782 0.629517 -0.664860
v -0.274148 0.658269 -0.667063
v -0.295560 0.684872 -0.667165
v -0.316651 0.709197 -0.665475
v -0.404126 0.709197 -0.693897
v -0.420195 0.684871 -0.707661
v -0.435601 0.715683 -0.696468
v -0.437577 0.658268 -0.720164
v -0.453274 0.690450 -0.709941
v -0.469231 0.721575 -0.697166
v -0.456157 0.629516 -0.730940
v -0.472185 0.662842 -0.721920
v -0.488469 0.695410 -0.710089
v -0.504726 0.726654 -0.695652
v -0.475743 0.598872 -0.739526
v -0.492150 0.633032 -0.731914
v -0.508806 0.666801 -0.721275
v -0.525408 0.699548 -0.707750
v -0.541657 0.730700 -0.691636
v -0.496063 0.566720 -0.745513
v -0.512903 0.601335 -0.739454
v -0.529982 0.635974 -0.730221
v -0.546978 0.669967 -0.717872
v -0.563570 0.702670 -0.702641
v -0.579463 0.733521 -0.684918
v -0.516784 0.533567 -0.748590
v -0.534102 0.568205 -0.744151
v -0.551654 0.603309 -0.736476
v -0.569099 0.638199 -0.725528
v -0.586091 0.672181 -0.711457
v -0.602308 0.704615 -0.694596
v -0.617486 0.734971 -0.675424
v -0.537529 0.500000 -0.748590
v -0.555357 0.534213 -0.745747
v -0.573419 0.569328 -0.739697
v -0.591360 0.604690 -0.730305
v -0.608809 0.639587 -0.717628
v -0.625416 0.673321 -0.701919
v -0.640888 0.705276 -0.683604
v -0.655014 0.734971 -0.663230
v -0.557914 0.466640 -0.745513
v -0.576254 0.500000 -0.744151
v -0.594842 0.534664 -0.739697
v -0.613309 0.570029 -0.731930
v -0.631262 0.605402 -0.720809
v -0.648324 0.640059 -0.706490
v -0.664171 0.673321 -0.689327
v -0.678562 0.704615 -0.669819
v -0.691355 0.733521 -0.648562
v -0.577583 0.434085 -0.739527
v -0.596405 0.466221 -0.739454
v -0.615501 0.500000 -0.736477
v -0.634494 0.534897 -0.730306
v -0.652975 0.570268 -0.720809
v -0.670542 0.605402 -0.708045
v -0.686839 0.639587 -0.692274
v -0.701591 0.672181 -0.673928
v -0.714629 0.702670 -0.653558
v -0.725890 0.730700 -0.631774
v -0.596233 0.402862 -0.730940
v -0.615474 0.433484 -0.731914
v -0.635024 0.466006 -0.730222
v -0.654508 0.500000 -0.725528
v -0.673509 0.534897 -0.717629
v -0.691603 0.570030 -0.706491
v -0.708406 0.604690 -0.692275
v -0.723608 0.638199 -0.675324
v -0.737004 0.669967 -0.656128
v -0.748506 0.699548 -0.635260
v -0.758128 0.726654 -0.613316
v -0.613639 0.373385 -0.720165
v -0.633207 0.402295 -0.721921
v -0.653126 0.433279 -0.721276
v -0.673029 0.466006 -0.717873
v -0.692501 0.500000 -0.711458
v -0.711108 0.534664 -0.701920
v -0.728440 0.569328 -0.689328
v -0.744156 0.603309 -0.673928
v -0.758013 0.635974 -0.656129
v -0.769886 0.666801 -0.636444
v -0.779765 0.695410 -0.615440
v -0.787734 0.721575 -0.593677
v -0.629659 0.345940 -0.707662
v -0.649443 0.373033 -0.709942
v -0.669619 0.402294 -0.710090
v -0.689840 0.433484 -0.707751
v -0.709700 0.466221 -0.702642
v -0.728763 0.500000 -0.694598
v -0.746609 0.534213 -0.683605
v -0.762866 0.568205 -0.669821
v -0.777256 0.601335 -0.653559
v -0.789614 0.633032 -0.635261
v -0.799893 0.662842 -0.615440
v -0.808151 0.690450 -0.594633
v -0.814530 0.715683 -0.573344
v -0.644229 0.320688 -0.693898
v -0.664107 0.345940 -0.696469
v -0.684418 0.373385 -0.697168
v -0.704834 0.402862 -0.695654
v -0.724970 0.434085 -0.691638
v -0.744401 0.466640 -0.684920
v -0.762702 0.500000 -0.675426
v -0.779486 0.533567 -0.663232
v -0.794441 0.566720 -0.648563
v -0.807362 0.598872 -0.631776
v -0.818161 0.629517 -0.613317
v -0.826859 0.658268 -0.593678
v -0.833573 0.684871 -0.573345
v -0.838483 0.709197 -0.552764
v -0.892545 0.709196 -0.478354
v -0.910601 0.684871 -0.467324
v -0.904716 0.715683 -0.449213
v -0.927864 0.658268 -0.454656
v -0.922991 0.690449 -0.436568
v -0.915772 0.721575 -0.417445
v -0.943853 0.629516 -0.440315
v -0.940228 0.662841 -0.422284
v -0.934008 0.695410 -0.403142
v -0.925301 0.726653 -0.383220
v -0.958072 0.598871 -0.424341
v -0.955902 0.633032 -0.406384
v -0.950930 0.666800 -0.387257
v -0.943198 0.699547 -0.367288
v -0.932894 0.730699 -0.346856
v -0.970044 0.566720 -0.406865
v -0.969486 0.601335 -0.388977
v -0.965982 0.635973 -0.369882
v -0.959490 0.669966 -0.349901
v -0.950131 0.702669 -0.329416
v -0.938187 0.733520 -0.308824
v -0.979374 0.533567 -0.388109
v -0.980504 0.568205 -0.370266
v -0.978629 0.603308 -0.351203
v -0.973607 0.638198 -0.331229
v -0.965475 0.672180 -0.310722
v -0.954451 0.704614 -0.290089
v -0.940908 0.734970 -0.269730
v -0.985784 0.500000 -0.368379
v -0.988590 0.534213 -0.350546
v -0.988418 0.569328 -0.331498
v -0.985029 0.604690 -0.311534
v -0.978365 0.639586 -0.291022
v -0.968556 0.673320 -0.270375
v -0.955919 0.705275 -0.250000
v -0.940908 0.734970 -0.230270
v -0.989158 0.466640 -0.348040
v -0.993530 0.500000 -0.330178
v -0.995038 0.534664 -0.311124
v -0.993358 0.570029 -0.291161
v -0.988328 0.605402 -0.270651
v -0.979983 0.640059 -0.250000
v -0.968556 0.673320 -0.229625
v -0.954451 0.704614 -0.209911
v -0.938187 0.733520 -0.191176
v -0.989542 0.434086 -0.327485
v -0.995289 0.466222 -0.309561
v -0.998359 0.500000 -0.290481
v -0.998359 0.534897 -0.270511
v -0.995038 0.570268 -0.250000
v -0.988328 0.605402 -0.229349
v -0.978365 0.639587 -0.208977
v -0.965475 0.672181 -0.189278
v -0.950131 0.702669 -0.170585
v -0.932894 0.730699 -0.153144
v -0.987139 0.402863 -0.307094
v -0.994011 0.433485 -0.289096
v -0.998443 0.466007 -0.269980
v -1.000000 0.500000 -0.250000
v -0.998359 0.534897 -0.229489
v -0.993357 0.570030 -0.208839
v -0.985029 0.604690 -0.188466
v -0.973606 0.638198 -0.168771
v -0.959490 0.669967 -0.150098
v -0.943198 0.699548 -0.132712
v -0.925301 0.726653 -0.116780
v -0.982270 0.373387 -0.287210
v -0.989987 0.402296 -0.269142
v -0.995528 0.433280 -0.250000
v -0.998443 0.466007 -0.230019
v -0.998359 0.500001 -0.209519
v -0.995038 0.534665 -0.188876
v -0.988417 0.569329 -0.168502
v -0.978629 0.603309 -0.148797
v -0.965982 0.635974 -0.130118
v -0.950930 0.666801 -0.112743
v -0.934008 0.695410 -0.096858
v -0.915772 0.721575 -0.082555
v -0.975330 0.345942 -0.268110
v -0.983611 0.373035 -0.250000
v -0.989987 0.402296 -0.230857
v -0.994011 0.433485 -0.210904
v -0.995289 0.466223 -0.190438
v -0.993530 0.500001 -0.169822
v -0.988590 0.534213 -0.149454
v -0.980504 0.568206 -0.129733
v -0.969485 0.601335 -0.111023
v -0.955902 0.633032 -0.093615
v -0.940228 0.662842 -0.077715
v -0.922991 0.690450 -0.063432
v -0.904716 0.715683 -0.050787
v -0.966742 0.320690 -0.250000
v -0.975330 0.345942 -0.231890
v -0.982270 0.373387 -0.212790
v -0.987139 0.402864 -0.192905
v -0.989542 0.434087 -0.172515
v -0.989158 0.466641 -0.151959
v -0.985784 0.500001 -0.131621
v -0.979374 0.533568 -0.111891
v -0.970044 0.566721 -0.093135
v -0.958071 0.598872 -0.075659
v -0.943853 0.629517 -0.059685
v -0.927863 0.658268 -0.045344
v -0.910601 0.684871 -0.032676
v -0.892545 0.709197 -0.021646
v -0.838483 0.709197 0.052764
v -0.833573 0.684871 0.073345
v -0.814530 0.715683 0.073344
v -0.826859 0.658268 0.093677
v -0.808151 0.690450 0.094633
v -0.787734 0.721575 0.093677
v -0.818161 0.629517 0.113317
v -0.799893 0.662842 0.115440
v -0.779765 0.695410 0.115440
v -0.758128 0.726653 0.113316
v -0.807363 0.598872 0.131776
v -0.789615 0.633032 0.135261
v -0.769887 0.666801 0.136444
v -0.748506 0.699548 0.135260
v -0.725890 0.730700 0.131774
v -0.794441 0.566720 0.148563
v -0.777257 0.601335 0.153559
v -0.758013 0.635974 0.156128
v -0.737005 0.669967 0.156128
v -0.714629 0.702670 0.153558
v -0.691355 0.733521 0.148562
v -0.779486 0.533567 0.163232
v -0.762866 0.568205 0.169821
v -0.744156 0.603309 0.173928
v -0.723608 0.638198 0.175324
v -0.701591 0.672181 0.173928
v -0.678562 0.704615 0.169819
v -0.655014 0.734971 0.163230
v -0.762702 0.500000 0.175426
v -0.746609 0.534212 0.183605
v -0.728440 0.569328 0.189327
v -0.708406 0.604690 0.192275
v -0.686839 0.639587 0.192274
v -0.664171 0.673321 0.189327
v -0.640889 0.705276 0.183604
v -0.617486 0.734971 0.175424
v -0.744401 0.466640 0.184920
v -0.728764 0.500000 0.194598
v -0.711108 0.534664 0.201920
v -0.691604 0.570029 0.206491
v -0.670543 0.605402 0.208045
v -0.648324 0.640059 0.206490
v -0.625416 0.673321 0.201919
v -0.602308 0.704615 0.194596
v -0.579464 0.733521 0.184918
v -0.724970 0.434085 0.191638
v -0.709700 0.466221 0.202642
v -0.692502 0.500000 0.211458
v -0.673509 0.534896 0.217629
v -0.652976 0.570268 0.220809
v -0.631262 0.605402 0.220809
v -0.608809 0.639587 0.217628
v -0.586091 0.672181 0.211457
v -0.563571 0.702670 0.202641
v -0.541657 0.730700 0.191636
v -0.704834 0.402862 0.195654
v -0.689840 0.433483 0.207751
v -0.673030 0.466006 0.217873
v -0.654509 0.500000 0.225528
v -0.634494 0.534896 0.230306
v -0.613309 0.570029 0.231930
v -0.591361 0.604690 0.230305
v -0.569100 0.638198 0.225528
v -0.546979 0.669967 0.217872
v -0.525408 0.699548 0.207750
v -0.504726 0.726653 0.195652
v -0.684418 0.373385 0.197168
v -0.669619 0.402294 0.210090
v -0.653126 0.433279 0.221276
v -0.635024 0.466006 0.230222
v -0.615501 0.500000 0.236477
v -0.594843 0.534664 0.239697
v -0.573420 0.569328 0.239697
v -0.551655 0.603308 0.236476
v -0.529982 0.635974 0.230221
v -0.508806 0.666801 0.221275
v -0.488470 0.695410 0.210089
v -0.469231 0.721575 0.197166
v -0.664107 0.345940 0.196469
v -0.649443 0.373033 0.209942
v -0.633207 0.402294 0.221921
v -0.615474 0.433484 0.231914
v -0.596405 0.466221 0.239454
v -0.576255 0.500000 0.244151
v -0.555357 0.534212 0.245747
v -0.534103 0.568205 0.244151
v -0.512903 0.601335 0.239454
v -0.492150 0.633032 0.231914
v -0.472185 0.662842 0.221920
v -0.453275 0.690450 0.209941
v -0.435601 0.715683 0.196468
v -0.644229 0.320688 0.193898
v -0.629659 0.345940 0.207662
v -0.613639 0.373385 0.220165
v -0.596233 0.402862 0.230940
v -0.577583 0.434085 0.239527
v -0.557914 0.466640 0.245513
v -0.537529 0.500000 0.248590
v -0.516784 0.533567 0.248590
v -0.496063 0.566720 0.245513
v -0.475743 0.598871 0.239526
v -0.456157 0.629516 0.230940
v -0.437577 0.658268 0.220164
v -0.420195 0.684871 0.207661
v -0.404126 0.709197 0.193897
v -0.316651 0.709197 0.165475
v -0.295560 0.684871 0.167165
v -0.289675 0.715683 0.149054
v -0.274148 0.658268 0.167063
v -0.267458 0.690450 0.149566
v -0.262057 0.721575 0.129852
v -0.252782 0.629517 0.164860
v -0.245117 0.662842 0.148142
v -0.238897 0.695410 0.128999
v -0.234231 0.726653 0.107764
v -0.231890 0.598872 0.160294
v -0.223090 0.633032 0.144491
v -0.215869 0.666801 0.126094
v -0.210387 0.699548 0.105394
v -0.206713 0.730700 0.082807
v -0.211931 0.566720 0.153193
v -0.201869 0.601335 0.138393
v -0.193478 0.635974 0.120885
v -0.186986 0.669967 0.100904
v -0.182516 0.702670 0.078829
v -0.180075 0.733521 0.055150
v -0.193358 0.533567 0.143502
v -0.181956 0.568205 0.129732
v -0.172267 0.603308 0.113206
v -0.164590 0.638198 0.094095
v -0.159114 0.672180 0.072724
v -0.155905 0.704614 0.049552
v -0.154895 0.734970 0.025121
v -0.176574 0.500000 0.131308
v -0.163822 0.534212 0.118530
v -0.152766 0.569328 0.103018
v -0.143772 0.604690 0.084875
v -0.137107 0.639586 0.064364
v -0.132906 0.673320 0.041893
v -0.131153 0.705275 0.017982
v -0.131701 0.734970 -0.006803
v -0.161890 0.466639 0.116836
v -0.147854 0.499999 0.104955
v -0.135434 0.534664 0.090426
v -0.125059 0.570029 0.073288
v -0.117072 0.605401 0.053738
v -0.111685 0.640058 0.032126
v -0.108953 0.673320 0.008926
v -0.108777 0.704614 -0.015314
v -0.110922 0.733520 -0.040031
v -0.149496 0.434085 0.100432
v -0.134312 0.466221 0.089310
v -0.120613 0.499999 0.075677
v -0.108875 0.534896 0.059521
v -0.099505 0.570267 0.040975
v -0.092796 0.605401 0.020324
v -0.088881 0.639586 -0.002013
v -0.087731 0.672180 -0.025527
v -0.089156 0.702669 -0.049669
v -0.092850 0.730698 -0.073911
v -0.139455 0.402862 0.082523
v -0.123316 0.433483 0.072001
v -0.108495 0.466006 0.059141
v -0.095491 0.499999 0.043891
v -0.084762 0.534896 0.026333
v -0.076670 0.570028 0.006687
v -0.071433 0.604689 -0.014690
v -0.069098 0.638197 -0.037338
v -0.069543 0.669966 -0.060742
v -0.072504 0.699547 -0.084385
v -0.077618 0.726652 -0.107794
v -0.131706 0.373385 0.063574
v -0.114843 0.402294 0.053493
v -0.099108 0.433279 0.041263
v -0.085006 0.466006 0.026811
v -0.073024 0.499999 0.010176
v -0.063577 0.534663 -0.008476
v -0.056957 0.569327 -0.028851
v -0.053295 0.603307 -0.050546
v -0.052546 0.635972 -0.073091
v -0.054511 0.666799 -0.095995
v -0.058865 0.695409 -0.118793
v -0.065210 0.721574 -0.141084
v -0.126095 0.345940 0.044041
v -0.108750 0.373033 0.034258
v -0.092339 0.402294 0.022519
v -0.077355 0.433483 0.008741
v -0.064292 0.466221 -0.007065
v -0.053598 0.499999 -0.024778
v -0.045622 0.534211 -0.044160
v -0.040572 0.568204 -0.064867
v -0.038488 0.601334 -0.086481
v -0.039246 0.633031 -0.108548
v -0.042581 0.662840 -0.130624
v -0.048130 0.690448 -0.152311
v -0.055482 0.715681 -0.173283
v -0.122397 0.320688 0.024342
v -0.104804 0.345940 0.014738
v -0.087963 0.373385 0.003365
v -0.072336 0.402862 -0.009859
v -0.058407 0.434085 -0.024944
v -0.046635 0.466639 -0.041800
v -0.037410 0.499999 -0.060237
v -0.030999 0.533566 -0.079967
v -0.027522 0.566719 -0.100624
v -0.026936 0.598870 -0.121800
v -0.029050 0.629515 -0.143080
v -0.033556 0.658266 -0.164081
v -0.040076 0.684869 -0.184476
v -0.048201 0.709195 -0.204012
v -0.355771 0.679312 -0.693898
v -0.335893 0.654060 -0.696469
v -0.370341 0.654060 -0.707662
v -0.315582 0.626615 -0.697168
v -0.350557 0.626967 -0.709942
v -0.386361 0.626615 -0.720165
v -0.295166 0.597138 -0.695654
v -0.330381 0.597705 -0.710090
v -0.366793 0.597705 -0.721921
v -0.403767 0.597137 -0.730940
v -0.275030 0.565915 -0.691638
v -0.310160 0.566516 -0.707751
v -0.346874 0.566721 -0.721276
v -0.384526 0.566516 -0.731914
v -0.422417 0.565914 -0.739527
v -0.255599 0.533360 -0.684920
v -0.290300 0.533778 -0.702642
v -0.326970 0.533994 -0.717873
v -0.364976 0.533994 -0.730222
v -0.403595 0.533778 -0.739454
v -0.442086 0.533360 -0.745513
v -0.237298 0.500000 -0.675426
v -0.271236 0.500000 -0.694598
v -0.307498 0.500000 -0.711458
v -0.345491 0.500000 -0.725528
v -0.384499 0.500000 -0.736477
v -0.423745 0.500000 -0.744151
v -0.462471 0.500000 -0.748590
v -0.220514 0.466433 -0.663232
v -0.253391 0.465787 -0.683605
v -0.288892 0.465336 -0.701920
v -0.326491 0.465103 -0.717629
v -0.365506 0.465103 -0.730306
v -0.405157 0.465336 -0.739697
v -0.444643 0.465787 -0.745747
v -0.483216 0.466433 -0.748590
v -0.205559 0.433279 -0.648563
v -0.237134 0.431795 -0.669821
v -0.271560 0.430671 -0.689327
v -0.308396 0.429970 -0.706491
v -0.347024 0.429732 -0.720809
v -0.386691 0.429970 -0.731930
v -0.426580 0.430671 -0.739697
v -0.465897 0.431795 -0.744151
v -0.503937 0.433280 -0.745513
v -0.192637 0.401128 -0.631776
v -0.222743 0.398665 -0.653559
v -0.255844 0.396691 -0.673928
v -0.291594 0.395309 -0.692275
v -0.329457 0.394598 -0.708045
v -0.368738 0.394598 -0.720808
v -0.408639 0.395310 -0.730305
v -0.448345 0.396691 -0.736476
v -0.487097 0.398665 -0.739454
v -0.524257 0.401128 -0.739526
v -0.181839 0.370483 -0.613317
v -0.210385 0.366967 -0.635261
v -0.241987 0.364026 -0.656128
v -0.276392 0.361801 -0.675324
v -0.313161 0.360413 -0.692274
v -0.351676 0.359941 -0.706490
v -0.391191 0.360413 -0.717628
v -0.430900 0.361801 -0.725528
v -0.470018 0.364026 -0.730221
v -0.507850 0.366968 -0.731914
v -0.543843 0.370483 -0.730940
v -0.173141 0.341732 -0.593677
v -0.200107 0.337158 -0.615440
v -0.230113 0.333199 -0.636443
v -0.262995 0.330033 -0.656128
v -0.298409 0.327819 -0.673928
v -0.335829 0.326679 -0.689327
v -0.374584 0.326679 -0.701919
v -0.413909 0.327819 -0.711456
v -0.453021 0.330033 -0.717872
v -0.491194 0.333199 -0.721275
v -0.527815 0.337158 -0.721920
v -0.562423 0.341732 -0.720164
v -0.166427 0.315129 -0.573345
v -0.191849 0.309550 -0.594633
v -0.220235 0.304590 -0.615440
v -0.251494 0.300452 -0.635260
v -0.285371 0.297330 -0.653558
v -0.321438 0.295385 -0.669819
v -0.359112 0.294724 -0.683604
v -0.397692 0.295385 -0.694596
v -0.436430 0.297330 -0.702641
v -0.474592 0.300452 -0.707750
v -0.511531 0.304590 -0.710089
v -0.546725 0.309550 -0.709941
v -0.579805 0.315129 -0.707661
v -0.161517 0.290803 -0.552764
v -0.185470 0.284317 -0.573344
v -0.212266 0.278425 -0.593677
v -0.241872 0.273346 -0.613316
v -0.274110 0.269300 -0.631774
v -0.308645 0.266479 -0.648562
v -0.344986 0.265029 -0.663230
v -0.382514 0.265029 -0.675424
v -0.420537 0.266479 -0.684918
v -0.458343 0.269300 -0.691636
v -0.495274 0.273346 -0.695652
v -0.530769 0.278425 -0.697166
v -0.564399 0.284317 -0.696468
v -0.595874 0.290803 -0.693897
v -0.877603 0.679312 -0.524342
v -0.873906 0.654060 -0.544041
v -0.895196 0.654059 -0.514738
v -0.868294 0.626615 -0.563574
v -0.891251 0.626967 -0.534258
v -0.912037 0.626615 -0.503365
v -0.860545 0.597138 -0.582523
v -0.885157 0.597705 -0.553493
v -0.907661 0.597705 -0.522518
v -0.927665 0.597137 -0.490140
v -0.850504 0.565915 -0.600432
v -0.876684 0.566516 -0.572001
v -0.900892 0.566720 -0.541263
v -0.922645 0.566516 -0.508741
v -0.941594 0.565914 -0.475056
v -0.838110 0.533360 -0.616836
v -0.865688 0.533778 -0.589310
v -0.891505 0.533993 -0.559141
v -0.914994 0.533993 -0.526811
v -0.935708 0.533778 -0.492935
v -0.953365 0.533360 -0.458200
v -0.823425 0.500000 -0.631308
v -0.852146 0.500000 -0.604955
v -0.879387 0.500000 -0.575677
v -0.904509 0.500000 -0.543892
v -0.926976 0.500000 -0.510176
v -0.946402 0.500000 -0.475222
v -0.962591 0.500000 -0.439763
v -0.806642 0.466433 -0.643502
v -0.836177 0.465787 -0.618530
v -0.864566 0.465336 -0.590426
v -0.891125 0.465103 -0.559521
v -0.915238 0.465103 -0.526333
v -0.936422 0.465336 -0.491524
v -0.954378 0.465787 -0.455840
v -0.969001 0.466433 -0.420033
v -0.788069 0.433279 -0.653193
v -0.818044 0.431795 -0.629732
v -0.847234 0.430671 -0.603019
v -0.874941 0.429970 -0.573289
v -0.900494 0.429732 -0.540975
v -0.923329 0.429970 -0.506687
v -0.943043 0.430672 -0.471149
v -0.959428 0.431795 -0.435133
v -0.972478 0.433280 -0.399375
v -0.768110 0.401128 -0.660294
v -0.798131 0.398665 -0.638393
v -0.827732 0.396691 -0.613207
v -0.856228 0.395310 -0.584876
v -0.882927 0.394598 -0.553739
v -0.907204 0.394598 -0.520324
v -0.928566 0.395310 -0.485310
v -0.946705 0.396692 -0.449454
v -0.961511 0.398665 -0.413519
v -0.973064 0.401129 -0.378200
v -0.747218 0.370483 -0.664860
v -0.776909 0.366968 -0.644492
v -0.806521 0.364026 -0.620885
v -0.835410 0.361801 -0.594095
v -0.862892 0.360413 -0.564364
v -0.888314 0.359941 -0.532127
v -0.911118 0.360413 -0.497987
v -0.930902 0.361802 -0.462662
v -0.947453 0.364027 -0.426909
v -0.960754 0.366969 -0.391452
v -0.970950 0.370484 -0.356919
v -0.725852 0.341731 -0.667064
v -0.754883 0.337158 -0.648142
v -0.784131 0.333199 -0.626095
v -0.813013 0.330033 -0.600905
v -0.840885 0.327819 -0.572725
v -0.867094 0.326679 -0.541894
v -0.891046 0.326679 -0.508927
v -0.912269 0.327819 -0.474474
v -0.930457 0.330033 -0.439258
v -0.945489 0.333200 -0.404005
v -0.957419 0.337159 -0.369376
v -0.966443 0.341733 -0.335919
v -0.704440 0.315129 -0.667165
v -0.732542 0.309550 -0.649566
v -0.761103 0.304590 -0.628999
v -0.789612 0.300452 -0.605395
v -0.817483 0.297330 -0.578830
v -0.844094 0.295385 -0.549553
v -0.868846 0.294724 -0.517983
v -0.891222 0.295386 -0.484687
v -0.910844 0.297331 -0.450331
v -0.927496 0.300453 -0.415615
v -0.941135 0.304591 -0.381207
v -0.951870 0.309551 -0.347689
v -0.959924 0.315130 -0.315524
v -0.683349 0.290803 -0.665476
v -0.710324 0.284317 -0.649055
v -0.737942 0.278425 -0.629853
v -0.765769 0.273347 -0.607764
v -0.793286 0.269300 -0.582808
v -0.819924 0.266479 -0.555151
v -0.845104 0.265030 -0.525122
v -0.868299 0.265030 -0.493198
v -0.889077 0.266480 -0.459970
v -0.907149 0.269301 -0.426090
v -0.922381 0.273348 -0.392207
v -0.934790 0.278426 -0.358917
v -0.944518 0.284318 -0.326717
v -0.951799 0.290805 -0.295988
v -0.877603 0.679312 0.024342
v -0.895196 0.654059 0.014738
v -0.873905 0.654060 0.044041
v -0.912037 0.626615 0.003365
v -0.891251 0.626967 0.034258
v -0.868294 0.626615 0.063574
v -0.927665 0.597137 -0.009860
v -0.907661 0.597705 0.022518
v -0.885157 0.597705 0.053493
v -0.860545 0.597138 0.082523
v -0.941594 0.565914 -0.024944
v -0.922645 0.566516 0.008741
v -0.900892 0.566720 0.041263
v -0.876684 0.566516 0.072001
v -0.850504 0.565915 0.100432
v -0.953365 0.533360 -0.041800
v -0.935708 0.533778 -0.007065
v -0.914994 0.533993 0.026811
v -0.891505 0.533993 0.059141
v -0.865688 0.533778 0.089310
v -0.838110 0.533360 0.116836
v -0.962591 0.500000 -0.060237
v -0.946402 0.500000 -0.024778
v -0.926976 0.500000 0.010176
v -0.904509 0.500000 0.043892
v -0.879387 0.500000 0.075677
v -0.852146 0.500000 0.104955
v -0.823425 0.500000 0.131308
v -0.969001 0.466433 -0.079967
v -0.954378 0.465787 -0.044160
v -0.936423 0.465336 -0.008476
v -0.915238 0.465103 0.026333
v -0.891125 0.465103 0.059521
v -0.864566 0.465336 0.090426
v -0.836177 0.465787 0.118530
v -0.806642 0.466433 0.143502
v -0.972478 0.433280 -0.100625
v -0.959428 0.431795 -0.064867
v -0.943042 0.430672 -0.028851
v -0.923329 0.429970 0.006687
v -0.900494 0.429732 0.040975
v -0.874941 0.429970 0.073289
v -0.847234 0.430672 0.103019
v -0.818044 0.431795 0.129732
v -0.788069 0.433279 0.153193
v -0.973064 0.401129 -0.121800
v -0.961511 0.398665 -0.086481
v -0.946705 0.396692 -0.050546
v -0.928566 0.395310 -0.014690
v -0.907204 0.394598 0.020324
v -0.882927 0.394598 0.053739
v -0.856228 0.395310 0.084876
v -0.827732 0.396691 0.113207
v -0.798131 0.398665 0.138393
v -0.768110 0.401128 0.160294
v -0.970950 0.370484 -0.143081
v -0.960754 0.366968 -0.108548
v -0.947453 0.364027 -0.073091
v -0.930902 0.361802 -0.037338
v -0.911118 0.360413 -0.002013
v -0.888314 0.359941 0.032127
v -0.862892 0.360413 0.064364
v -0.835410 0.361801 0.094095
v -0.806521 0.364026 0.120885
v -0.776909 0.366968 0.144492
v -0.747218 0.370483 0.164860
v -0.966443 0.341733 -0.164081
v -0.957419 0.337159 -0.130624
v -0.945489 0.333200 -0.095995
v -0.930457 0.330033 -0.060742
v -0.912269 0.327819 -0.025526
v -0.891046 0.326679 0.008927
v -0.867094 0.326679 0.041894
v -0.840885 0.327819 0.072725
v -0.813013 0.330033 0.100905
v -0.784131 0.333199 0.126095
v -0.754883 0.337158 0.148142
v -0.725852 0.341732 0.167064
v -0.959924 0.315130 -0.184476
v -0.951870 0.309551 -0.152311
v -0.941135 0.304591 -0.118793
v -0.927495 0.300453 -0.084385
v -0.910844 0.297331 -0.049669
v -0.891222 0.295385 -0.015313
v -0.868846 0.294724 0.017983
v -0.844094 0.295385 0.049553
v -0.817483 0.297330 0.078830
v -0.789612 0.300452 0.105395
v -0.761103 0.304590 0.128999
v -0.732542 0.309550 0.149566
v -0.704440 0.315129 0.167165
v -0.951799 0.290805 -0.204012
v -0.944518 0.284318 -0.173283
v -0.934790 0.278426 -0.141083
v -0.922381 0.273348 -0.107793
v -0.907149 0.269301 -0.073911
v -0.889077 0.266480 -0.040030
v -0.868299 0.265030 -0.006802
v -0.845104 0.265029 0.025122
v -0.819924 0.266479 0.055151
v -0.793286 0.269300 0.082808
v -0.765769 0.273347 0.107764
v -0.737942 0.278425 0.129853
v -0.710324 0.284317 0.149055
v -0.683349 0.290803 0.165476
v -0.355771 0.679312 0.193898
v -0.370341 0.654060 0.207662
v -0.335893 0.654060 0.196469
v -0.386361 0.626615 0.220165
v -0.350557 0.626967 0.209942
v -0.315582 0.626615 0.197168
v -0.403767 0.597137 0.230940
v -0.366793 0.597705 0.221921
v -0.330381 0.597705 0.210090
v -0.295166 0.597138 0.195654
v -0.422417 0.565914 0.239527
v -0.384526 0.566516 0.231914
v -0.346874 0.566721 0.221276
v -0.310160 0.566516 0.207751
v -0.275030 0.565915 0.191638
v -0.442086 0.533360 0.245513
v -0.403595 0.533778 0.239454
v -0.364976 0.533994 0.230222
v -0.326970 0.533994 0.217873
v -0.290300 0.533778 0.202642
v -0.255599 0.533360 0.184920
v -0.462471 0.500000 0.248590
v -0.423745 0.500000 0.244151
v -0.384499 0.500000 0.236477
v -0.345491 0.500000 0.225528
v -0.307498 0.500000 0.211458
v -0.271236 0.500000 0.194598
v -0.237298 0.500000 0.175426
v -0.483216 0.466433 0.248590
v -0.444643 0.465787 0.245747
v -0.405157 0.465336 0.239697
v -0.365506 0.465103 0.230306
v -0.326491 0.465103 0.217629
v -0.288892 0.465336 0.201920
v -0.253391 0.465787 0.183605
v -0.220514 0.466433 0.163232
v -0.503937 0.433280 0.245513
v -0.465897 0.431795 0.244151
v -0.426580 0.430671 0.239697
v -0.386691 0.429970 0.231930
v -0.347024 0.429732 0.220809
v -0.308396 0.429970 0.206491
v -0.271560 0.430671 0.189327
v -0.237134 0.431795 0.169821
v -0.205559 0.433279 0.148563
v -0.524257 0.401128 0.239526
v -0.487097 0.398665 0.239453
v -0.448345 0.396691 0.236476
v -0.408639 0.395310 0.230305
v -0.368738 0.394598 0.220808
v -0.329457 0.394598 0.208045
v -0.291594 0.395309 0.192275
v -0.255844 0.396691 0.173928
v -0.222743 0.398665 0.153559
v -0.192637 0.401128 0.131776
v -0.543843 0.370483 0.230940
v -0.507850 0.366968 0.231914
v -0.470018 0.364026 0.230221
v -0.430900 0.361801 0.225528
v -0.391191 0.360413 0.217628
v -0.351676 0.359941 0.206490
v -0.313161 0.360413 0.192274
v -0.276392 0.361801 0.175324
v -0.241987 0.364026 0.156128
v -0.210385 0.366968 0.135261
v -0.181839 0.370483 0.113317
v -0.562423 0.341732 0.220164
v -0.527815 0.337158 0.221920
v -0.491194 0.333199 0.221275
v -0.453021 0.330033 0.217872
v -0.413909 0.327819 0.211456
v -0.374584 0.326679 0.201919
v -0.335829 0.326679 0.189326
v -0.298409 0.327819 0.173928
v -0.262995 0.330033 0.156128
v -0.230113 0.333199 0.136444
v -0.200107 0.337158 0.115440
v -0.173141 0.341732 0.093677
v -0.579805 0.315129 0.207661
v -0.546725 0.309550 0.209941
v -0.511531 0.304590 0.210089
v -0.474592 0.300452 0.207750
v -0.436430 0.297330 0.202641
v -0.397692 0.295385 0.194596
v -0.359112 0.294724 0.183604
v -0.321438 0.295385 0.169819
v -0.285371 0.297330 0.153558
v -0.251494 0.300452 0.135260
v -0.220235 0.304590 0.115440
v -0.191849 0.309550 0.094633
v -0.166427 0.315129 0.073345
v -0.595874 0.290803 0.193897
v -0.564399 0.284317 0.196468
v -0.530769 0.278425 0.197166
v -0.495274 0.273346 0.195652
v -0.458343 0.269300 0.191636
v -0.420537 0.266479 0.184918
v -0.382514 0.265029 0.175424
v -0.344986 0.265029 0.163230
v -0.308645 0.266479 0.148562
v -0.274110 0.269300 0.131774
v -0.241872 0.273346 0.113316
v -0.212266 0.278425 0.093677
v -0.185470 0.284317 0.073344
v -0.161517 0.290803 0.052764
v -0.033258 0.679310 -0.250000
v -0.024671 0.654058 -0.231890
v -0.024671 0.654058 -0.268110
v -0.017730 0.626614 -0.212790
v -0.016389 0.626966 -0.250000
v -0.017730 0.626614 -0.287210
v -0.012861 0.597137 -0.192906
v -0.010013 0.597705 -0.230857
v -0.010013 0.597705 -0.269143
v -0.012861 0.597137 -0.307094
v -0.010458 0.565914 -0.172515
v -0.005989 0.566516 -0.210904
v -0.004472 0.566720 -0.250000
v -0.005989 0.566516 -0.289096
v -0.010458 0.565914 -0.327485
v -0.010842 0.533360 -0.151960
v -0.004711 0.533778 -0.190438
v -0.001557 0.533993 -0.230020
v -0.001557 0.533993 -0.269980
v -0.004711 0.533778 -0.309561
v -0.010842 0.533360 -0.348040
v -0.014216 0.500000 -0.131621
v -0.006470 0.500000 -0.169822
v -0.001641 0.500000 -0.209519
v 0.000000 0.500000 -0.250000
v -0.001641 0.500000 -0.290481
v -0.006470 0.500000 -0.330177
v -0.014216 0.500000 -0.368379
v -0.020626 0.466433 -0.111891
v -0.011410 0.465787 -0.149454
v -0.004962 0.465336 -0.188876
v -0.001641 0.465103 -0.229489
v -0.001641 0.465103 -0.270511
v -0.004962 0.465336 -0.311124
v -0.011410 0.465787 -0.350546
v -0.020626 0.466433 -0.388109
v -0.029955 0.433280 -0.093135
v -0.019496 0.431795 -0.129734
v -0.011582 0.430672 -0.168502
v -0.006642 0.429971 -0.208839
v -0.004962 0.429732 -0.250000
v -0.006642 0.429971 -0.291161
v -0.011582 0.430672 -0.331498
v -0.019496 0.431795 -0.370266
v -0.029955 0.433280 -0.406865
v -0.041928 0.401129 -0.075659
v -0.030515 0.398665 -0.111023
v -0.021371 0.396692 -0.148797
v -0.014970 0.395310 -0.188466
v -0.011672 0.394598 -0.229349
v -0.011672 0.394598 -0.270651
v -0.014970 0.395310 -0.311534
v -0.021371 0.396692 -0.351203
v -0.030515 0.398665 -0.388977
v -0.041928 0.401129 -0.424341
v -0.056146 0.370484 -0.059685
v -0.044098 0.366968 -0.093616
v -0.034018 0.364027 -0.130118
v -0.026393 0.361802 -0.168771
v -0.021635 0.360414 -0.208978
v -0.020017 0.359941 -0.250000
v -0.021635 0.360414 -0.291022
v -0.026393 0.361802 -0.331229
v -0.034018 0.364027 -0.369882
v -0.044098 0.366968 -0.406384
v -0.056146 0.370484 -0.440315
v -0.072136 0.341732 -0.045344
v -0.059772 0.337159 -0.077716
v -0.049070 0.333200 -0.112743
v -0.040510 0.330033 -0.150099
v -0.034525 0.327820 -0.189278
v -0.031444 0.326680 -0.229625
v -0.031444 0.326680 -0.270375
v -0.034525 0.327820 -0.310722
v -0.040510 0.330033 -0.349901
v -0.049070 0.333200 -0.387257
v -0.059772 0.337159 -0.422284
v -0.072136 0.341732 -0.454656
v -0.089399 0.315129 -0.032676
v -0.077009 0.309550 -0.063432
v -0.065992 0.304590 -0.096858
v -0.056802 0.300453 -0.132712
v -0.049869 0.297331 -0.170585
v -0.045549 0.295386 -0.209911
v -0.044081 0.294725 -0.250000
v -0.045549 0.295386 -0.290089
v -0.049869 0.297331 -0.329415
v -0.056802 0.300453 -0.367288
v -0.065992 0.304590 -0.403142
v -0.077009 0.309550 -0.436568
v -0.089399 0.315129 -0.467324
v -0.107455 0.290804 -0.021646
v -0.095284 0.284317 -0.050787
v -0.084228 0.278425 -0.082555
v -0.074699 0.273347 -0.116780
v -0.067106 0.269301 -0.153144
v -0.061813 0.266480 -0.191176
v -0.059092 0.265030 -0.230270
v -0.059092 0.265030 -0.269730
v -0.061813 0.266480 -0.308824
v -0.067106 0.269301 -0.346856
v -0.074699 0.273347 -0.383220
v -0.084228 0.278425 -0.417445
v -0.095284 0.284317 -0.449213
v -0.107455 0.290804 -0.478354
v -0.170752 0.242449 -0.524341
v -0.185471 0.215420 -0.514737
v -0.194991 0.234463 -0.544041
v -0.202486 0.188083 -0.503364
v -0.211467 0.206833 -0.534257
v -0.222048 0.227209 -0.563572
v -0.221863 0.160924 -0.490139
v -0.230300 0.179069 -0.522517
v -0.240364 0.199197 -0.553491
v -0.251878 0.220957 -0.582521
v -0.243560 0.134502 -0.475055
v -0.251495 0.151720 -0.508740
v -0.261041 0.171267 -0.541261
v -0.272049 0.192828 -0.571999
v -0.284295 0.215975 -0.600430
v -0.267413 0.109416 -0.458199
v -0.274935 0.125395 -0.492934
v -0.284005 0.144019 -0.526810
v -0.294509 0.165027 -0.559139
v -0.306247 0.188022 -0.589308
v -0.318954 0.212502 -0.616834
v -0.293125 0.086245 -0.439762
v -0.300364 0.100724 -0.475221
v -0.309051 0.118100 -0.510175
v -0.319098 0.138194 -0.543890
v -0.330333 0.160664 -0.575675
v -0.342515 0.185028 -0.604952
v -0.355359 0.210717 -0.631306
v -0.320281 0.065500 -0.420032
v -0.327397 0.078291 -0.455839
v -0.335831 0.094148 -0.491522
v -0.345513 0.112992 -0.526331
v -0.356296 0.134559 -0.559519
v -0.367965 0.158418 -0.590424
v -0.380256 0.184011 -0.618527
v -0.392887 0.210717 -0.643500
v -0.348378 0.047564 -0.399375
v -0.355542 0.058573 -0.435132
v -0.363874 0.072726 -0.471148
v -0.373317 0.090044 -0.506685
v -0.383742 0.110361 -0.540973
v -0.394956 0.133323 -0.573286
v -0.406720 0.158418 -0.603016
v -0.418769 0.185028 -0.629729
v -0.430845 0.212502 -0.653190
v -0.376872 0.032662 -0.378199
v -0.384242 0.041893 -0.413518
v -0.392629 0.054253 -0.449453
v -0.401976 0.069859 -0.485308
v -0.412166 0.088647 -0.520323
v -0.423022 0.110361 -0.553736
v -0.434325 0.134559 -0.584873
v -0.445833 0.160664 -0.613204
v -0.457305 0.188022 -0.638391
v -0.468527 0.215975 -0.660292
v -0.405227 0.020848 -0.356919
v -0.412931 0.028396 -0.391451
v -0.421510 0.038976 -0.426908
v -0.430902 0.052785 -0.462661
v -0.440991 0.069859 -0.497986
v -0.451611 0.090044 -0.532125
v -0.462557 0.112993 -0.564362
v -0.473605 0.138195 -0.594093
v -0.484534 0.165027 -0.620883
v -0.495146 0.192828 -0.644489
v -0.505279 0.220957 -0.664858
v -0.432958 0.012021 -0.335919
v -0.441084 0.018047 -0.369375
v -0.449960 0.026947 -0.404004
v -0.459515 0.038976 -0.439257
v -0.469628 0.054254 -0.474472
v -0.480139 0.072726 -0.508925
v -0.490850 0.094149 -0.541892
v -0.501551 0.118100 -0.572723
v -0.512035 0.144019 -0.600903
v -0.522120 0.171268 -0.626093
v -0.531658 0.199198 -0.648140
v -0.540550 0.227209 -0.667062
v -0.459668 0.005955 -0.315524
v -0.468259 0.010664 -0.347688
v -0.477496 0.018047 -0.381207
v -0.487296 0.028396 -0.415615
v -0.497535 0.041893 -0.450330
v -0.508049 0.058573 -0.484686
v -0.518647 0.078291 -0.517981
v -0.529125 0.100725 -0.549551
v -0.539286 0.125396 -0.578829
v -0.548958 0.151720 -0.605393
v -0.558006 0.179070 -0.628998
v -0.566342 0.206833 -0.649565
v -0.573920 0.234463 -0.667164
v -0.485058 0.002344 -0.295988
v -0.494115 0.005956 -0.326717
v -0.503736 0.012021 -0.358917
v -0.513827 0.020849 -0.392207
v -0.524257 0.032663 -0.426089
v -0.534863 0.047565 -0.459969
v -0.545452 0.065501 -0.493197
v -0.555824 0.086246 -0.525120
v -0.565788 0.109416 -0.555150
v -0.575177 0.134503 -0.582807
v -0.583864 0.160924 -0.607763
v -0.591766 0.188084 -0.629852
v -0.598847 0.215421 -0.649054
v -0.605109 0.242449 -0.665475
v -0.659171 0.242448 -0.647909
v -0.654585 0.215420 -0.630943
v -0.685397 0.234463 -0.630943
v -0.649027 0.188083 -0.611246
v -0.681183 0.206833 -0.612251
v -0.712334 0.227209 -0.611246
v -0.642437 0.160924 -0.588731
v -0.675838 0.179069 -0.590712
v -0.708407 0.199197 -0.590712
v -0.739574 0.220957 -0.588732
v -0.634796 0.134502 -0.563435
v -0.669285 0.151719 -0.566296
v -0.703165 0.171267 -0.567268
v -0.735800 0.192828 -0.566297
v -0.766624 0.215975 -0.563435
v -0.626136 0.109415 -0.535540
v -0.661495 0.125395 -0.539120
v -0.696517 0.144018 -0.540961
v -0.730510 0.165027 -0.540961
v -0.762830 0.188022 -0.539120
v -0.792936 0.212502 -0.535541
v -0.616547 0.086245 -0.505389
v -0.652507 0.100724 -0.509462
v -0.688435 0.118100 -0.512001
v -0.723605 0.138194 -0.512864
v -0.757307 0.160664 -0.512001
v -0.788916 0.185029 -0.509462
v -0.817949 0.210717 -0.505390
v -0.606174 0.065500 -0.473466
v -0.642428 0.078291 -0.477762
v -0.678971 0.094148 -0.480768
v -0.715068 0.112993 -0.482316
v -0.749965 0.134559 -0.482316
v -0.782963 0.158418 -0.480768
v -0.813489 0.184012 -0.477762
v -0.841143 0.210717 -0.473466
v -0.595210 0.047564 -0.440360
v -0.631431 0.058572 -0.444596
v -0.668260 0.072725 -0.447801
v -0.704976 0.090044 -0.449802
v -0.740808 0.110361 -0.450482
v -0.775005 0.133324 -0.449802
v -0.806915 0.158418 -0.447801
v -0.836044 0.185029 -0.444596
v -0.862089 0.212503 -0.440360
v -0.583876 0.032662 -0.406717
v -0.619744 0.041893 -0.410622
v -0.656512 0.054253 -0.413750
v -0.693501 0.069859 -0.415940
v -0.729951 0.088648 -0.417068
v -0.765085 0.110361 -0.417068
v -0.798190 0.134560 -0.415940
v -0.828691 0.160665 -0.413750
v -0.856190 0.188023 -0.410622
v -0.880487 0.215976 -0.406717
v -0.572400 0.020848 -0.373174
v -0.607623 0.028396 -0.376518
v -0.643995 0.038976 -0.379315
v -0.680901 0.052786 -0.381431
v -0.717614 0.069859 -0.382752
v -0.753365 0.090044 -0.383201
v -0.787407 0.112993 -0.382752
v -0.819097 0.138195 -0.381431
v -0.847953 0.165028 -0.379316
v -0.873684 0.192829 -0.376518
v -0.896186 0.220958 -0.373174
v -0.560996 0.012021 -0.340311
v -0.595327 0.018047 -0.342921
v -0.631004 0.026947 -0.345180
v -0.667484 0.038976 -0.346987
v -0.704101 0.054254 -0.348250
v -0.740116 0.072726 -0.348900
v -0.774780 0.094149 -0.348900
v -0.807409 0.118101 -0.348250
v -0.837449 0.144020 -0.346987
v -0.864522 0.171269 -0.345180
v -0.888439 0.199199 -0.342921
v -0.909182 0.227210 -0.340311
v -0.549853 0.005955 -0.308606
v -0.583099 0.010664 -0.310375
v -0.617831 0.018047 -0.311947
v -0.653584 0.028396 -0.313259
v -0.689765 0.041894 -0.314249
v -0.725688 0.058573 -0.314865
v -0.760629 0.078292 -0.315075
v -0.793892 0.100726 -0.314865
v -0.824876 0.125397 -0.314249
v -0.853129 0.151721 -0.313259
v -0.878375 0.179071 -0.311947
v -0.900511 0.206835 -0.310375
v -0.919591 0.234465 -0.308606
v -0.539119 0.002344 -0.278422
v -0.571144 0.005956 -0.279303
v -0.604741 0.012021 -0.280104
v -0.639520 0.020849 -0.280794
v -0.674967 0.032663 -0.281343
v -0.710466 0.047565 -0.281727
v -0.745340 0.065501 -0.281924
v -0.778907 0.086247 -0.281924
v -0.810545 0.109417 -0.281727
v -0.839750 0.134504 -0.281343
v -0.866170 0.160926 -0.280794
v -0.889619 0.188085 -0.280104
v -0.910069 0.215422 -0.279303
v -0.927622 0.242451 -0.278422
v -0.927622 0.242450 -0.221578
v -0.910069 0.215422 -0.220697
v -0.919591 0.234465 -0.191394
v -0.889619 0.188085 -0.219896
v -0.900511 0.206835 -0.189625
v -0.909182 0.227210 -0.159689
v -0.866170 0.160926 -0.219206
v -0.878374 0.179071 -0.188053
v -0.888439 0.199199 -0.157079
v -0.896186 0.220958 -0.126825
v -0.839750 0.134504 -0.218657
v -0.853129 0.151721 -0.186741
v -0.864522 0.171269 -0.154820
v -0.873683 0.192829 -0.123482
v -0.880487 0.215976 -0.093283
v -0.810545 0.109417 -0.218273
v -0.824876 0.125397 -0.185751
v -0.837449 0.144020 -0.153013
v -0.847953 0.165029 -0.120684
v -0.856190 0.188023 -0.089378
v -0.862089 0.212503 -0.059640
v -0.778907 0.086247 -0.218076
v -0.793892 0.100726 -0.185134
v -0.807409 0.118101 -0.151750
v -0.819097 0.138195 -0.118568
v -0.828691 0.160665 -0.086250
v -0.836044 0.185029 -0.055403
v -0.841143 0.210718 -0.026534
v -0.745340 0.065501 -0.218076
v -0.760629 0.078292 -0.184925
v -0.774780 0.094150 -0.151099
v -0.787407 0.112993 -0.117248
v -0.798190 0.134560 -0.084059
v -0.806915 0.158419 -0.052198
v -0.813489 0.184012 -0.022237
v -0.817949 0.210717 0.005390
v -0.710466 0.047565 -0.218273
v -0.725688 0.058573 -0.185134
v -0.740116 0.072726 -0.151099
v -0.753365 0.090044 -0.116798
v -0.765085 0.110362 -0.082931
v -0.775005 0.133324 -0.050198
v -0.782963 0.158418 -0.019231
v -0.788916 0.185029 0.009462
v -0.792936 0.212502 0.035541
v -0.674967 0.032663 -0.218656
v -0.689765 0.041894 -0.185751
v -0.704101 0.054254 -0.151750
v -0.717614 0.069860 -0.117247
v -0.729951 0.088648 -0.082931
v -0.740808 0.110361 -0.049517
v -0.749965 0.134560 -0.017683
v -0.757307 0.160665 0.012001
v -0.762830 0.188023 0.039121
v -0.766624 0.215975 0.063435
v -0.639520 0.020849 -0.219206
v -0.653584 0.028396 -0.186741
v -0.667484 0.038977 -0.153013
v -0.680901 0.052786 -0.118568
v -0.693501 0.069860 -0.084059
v -0.704976 0.090044 -0.050197
v -0.715068 0.112993 -0.017683
v -0.723605 0.138195 0.012864
v -0.730510 0.165028 0.040962
v -0.735800 0.192828 0.066297
v -0.739574 0.220957 0.088732
v -0.604741 0.012021 -0.219896
v -0.617831 0.018047 -0.188052
v -0.631004 0.026948 -0.154819
v -0.643996 0.038977 -0.120684
v -0.656512 0.054254 -0.086249
v -0.668260 0.072726 -0.052198
v -0.678971 0.094149 -0.019231
v -0.688435 0.118100 0.012001
v -0.696517 0.144019 0.040962
v -0.703165 0.171268 0.067268
v -0.708407 0.199198 0.090712
v -0.712334 0.227209 0.111247
v -0.571144 0.005956 -0.220697
v -0.583099 0.010664 -0.189625
v -0.595327 0.018047 -0.157079
v -0.607623 0.028396 -0.123481
v -0.619744 0.041893 -0.089377
v -0.631431 0.058573 -0.055403
v -0.642428 0.078291 -0.022237
v -0.652507 0.100725 0.009463
v -0.661495 0.125396 0.039121
v -0.669285 0.151720 0.066297
v -0.675838 0.179070 0.090712
v -0.681183 0.206833 0.112251
v -0.685397 0.234463 0.130944
v -0.539119 0.002344 -0.221578
v -0.549854 0.005956 -0.191393
v -0.560997 0.012021 -0.159688
v -0.572400 0.020849 -0.126825
v -0.583876 0.032663 -0.093282
v -0.595211 0.047565 -0.059639
v -0.606174 0.065501 -0.026533
v -0.616547 0.086246 0.005391
v -0.626136 0.109416 0.035542
v -0.634796 0.134503 0.063436
v -0.642438 0.160924 0.088732
v -0.649027 0.188084 0.111247
v -0.654586 0.215421 0.130944
v -0.659171 0.242449 0.147909
v -0.137340 0.242449 -0.478353
v -0.126096 0.234463 -0.449213
v -0.151023 0.215420 -0.467323
v -0.115881 0.227209 -0.417445
v -0.140492 0.206833 -0.436568
v -0.167097 0.188083 -0.454655
v -0.107078 0.220957 -0.383220
v -0.131129 0.199198 -0.403141
v -0.157477 0.179070 -0.422284
v -0.185663 0.160924 -0.440314
v -0.100064 0.215976 -0.346856
v -0.123318 0.192828 -0.367288
v -0.149150 0.171268 -0.387256
v -0.177130 0.151720 -0.406384
v -0.206714 0.134502 -0.424340
v -0.095173 0.212503 -0.308824
v -0.117425 0.188023 -0.329415
v -0.142490 0.165028 -0.349901
v -0.169991 0.144019 -0.369881
v -0.199406 0.125395 -0.388977
v -0.230116 0.109416 -0.406864
v -0.092659 0.210717 -0.269730
v -0.113754 0.185029 -0.290089
v -0.137834 0.160665 -0.310721
v -0.164592 0.138195 -0.331228
v -0.193552 0.118100 -0.351202
v -0.224110 0.100724 -0.370266
v -0.255596 0.086245 -0.388108
v -0.092659 0.210718 -0.230270
v -0.112506 0.184012 -0.250000
v -0.135436 0.158418 -0.270374
v -0.161222 0.134560 -0.291022
v -0.189453 0.112993 -0.311533
v -0.219566 0.094149 -0.331498
v -0.250897 0.078291 -0.350545
v -0.282752 0.065500 -0.368378
v -0.095173 0.212503 -0.191176
v -0.113754 0.185029 -0.209911
v -0.135436 0.158419 -0.229625
v -0.160076 0.133324 -0.250000
v -0.187342 0.110361 -0.270650
v -0.216730 0.090044 -0.291161
v -0.247610 0.072726 -0.311123
v -0.279288 0.058573 -0.330177
v -0.311081 0.047564 -0.348040
v -0.100063 0.215976 -0.153144
v -0.117425 0.188023 -0.170584
v -0.137833 0.160665 -0.189278
v -0.161222 0.134560 -0.208977
v -0.187341 0.110361 -0.229349
v -0.215765 0.088648 -0.250000
v -0.245917 0.069859 -0.270511
v -0.277129 0.054254 -0.290481
v -0.308713 0.041893 -0.309561
v -0.340026 0.032662 -0.327484
v -0.107078 0.220957 -0.116780
v -0.123318 0.192829 -0.132712
v -0.142490 0.165028 -0.150099
v -0.164591 0.138195 -0.168771
v -0.189453 0.112993 -0.188466
v -0.216730 0.090044 -0.208839
v -0.245916 0.069860 -0.229488
v -0.276394 0.052786 -0.250000
v -0.307495 0.038976 -0.269980
v -0.338565 0.028396 -0.289096
v -0.369027 0.020848 -0.307094
v -0.115881 0.227209 -0.082555
v -0.131129 0.199198 -0.096858
v -0.149150 0.171268 -0.112743
v -0.169991 0.144019 -0.130118
v -0.193551 0.118101 -0.148797
v -0.219566 0.094149 -0.168502
v -0.247610 0.072726 -0.188876
v -0.277128 0.054254 -0.209519
v -0.307495 0.038977 -0.230019
v -0.338069 0.026948 -0.250000
v -0.368261 0.018047 -0.269142
v -0.397569 0.012021 -0.287210
v -0.126096 0.234463 -0.050787
v -0.140492 0.206834 -0.063432
v -0.157477 0.179070 -0.077716
v -0.177130 0.151720 -0.093616
v -0.199405 0.125396 -0.111023
v -0.224110 0.100725 -0.129733
v -0.250897 0.078291 -0.149454
v -0.279288 0.058573 -0.169822
v -0.308713 0.041894 -0.190438
v -0.338565 0.028396 -0.210904
v -0.368261 0.018047 -0.230857
v -0.397284 0.010664 -0.250000
v -0.425220 0.005956 -0.268110
v -0.137340 0.242449 -0.021647
v -0.151023 0.215421 -0.032676
v -0.167097 0.188084 -0.045344
v -0.185662 0.160925 -0.059686
v -0.206713 0.134503 -0.075659
v -0.230115 0.109416 -0.093135
v -0.255595 0.086246 -0.111891
v -0.282751 0.065501 -0.131621
v -0.311081 0.047565 -0.151959
v -0.340025 0.032663 -0.172515
v -0.369026 0.020849 -0.192906
v -0.397568 0.012021 -0.212790
v -0.425219 0.005956 -0.231890
v -0.451646 0.002344 -0.250000
v -0.605109 0.242448 0.165475
v -0.598847 0.215420 0.149053
v -0.573920 0.234463 0.167164
v -0.591766 0.188083 0.129851
v -0.566342 0.206833 0.149564
v -0.540550 0.227208 0.167062
v -0.583864 0.160924 0.107763
v -0.558006 0.179069 0.128997
v -0.531658 0.199197 0.148140
v -0.505279 0.220957 0.164858
v -0.575177 0.134502 0.082806
v -0.548957 0.151719 0.105392
v -0.522119 0.171267 0.126092
v -0.495146 0.192828 0.144489
v -0.468527 0.215975 0.160292
v -0.565788 0.109415 0.055149
v -0.539285 0.125395 0.078828
v -0.512035 0.144018 0.100902
v -0.484534 0.165027 0.120883
v -0.457305 0.188022 0.138390
v -0.430845 0.212502 0.153190
v -0.555824 0.086245 0.025119
v -0.529124 0.100724 0.049551
v -0.501550 0.118100 0.072722
v -0.473605 0.138194 0.094093
v -0.445832 0.160664 0.113204
v -0.418768 0.185028 0.129729
v -0.392887 0.210717 0.143500
v -0.545451 0.065500 -0.006805
v -0.518647 0.078291 0.017980
v -0.490849 0.094148 0.041892
v -0.462556 0.112992 0.064361
v -0.434325 0.134559 0.084873
v -0.406719 0.158418 0.103016
v -0.380256 0.184011 0.118527
v -0.355358 0.210717 0.131306
v -0.534862 0.047564 -0.040032
v -0.508049 0.058572 -0.015315
v -0.480138 0.072725 0.008925
v -0.451610 0.090044 0.032124
v -0.423021 0.110361 0.053736
v -0.394956 0.133323 0.073286
v -0.367964 0.158418 0.090423
v -0.342514 0.185028 0.104952
v -0.318954 0.212502 0.116834
v -0.524257 0.032662 -0.073912
v -0.497535 0.041893 -0.049671
v -0.469627 0.054253 -0.025528
v -0.440990 0.069859 -0.002015
v -0.412165 0.088647 0.020322
v -0.383741 0.110361 0.040973
v -0.356295 0.134559 0.059519
v -0.330332 0.160664 0.075675
v -0.306247 0.188022 0.089308
v -0.284295 0.215975 0.100430
v -0.513826 0.020848 -0.107794
v -0.487296 0.028396 -0.084386
v -0.459514 0.038976 -0.060744
v -0.430901 0.052785 -0.037340
v -0.401975 0.069859 -0.014692
v -0.373316 0.090044 0.006685
v -0.345512 0.112993 0.026331
v -0.319097 0.138195 0.043890
v -0.294509 0.165027 0.059139
v -0.272048 0.192828 0.071999
v -0.251878 0.220957 0.082521
v -0.503735 0.012021 -0.141084
v -0.477495 0.018047 -0.118794
v -0.449960 0.026947 -0.095996
v -0.421509 0.038976 -0.073092
v -0.392628 0.054254 -0.050547
v -0.363873 0.072726 -0.028852
v -0.335830 0.094149 -0.008478
v -0.309050 0.118100 0.010175
v -0.284005 0.144019 0.026810
v -0.261040 0.171268 0.041261
v -0.240363 0.199198 0.053491
v -0.222048 0.227209 0.063572
v -0.494115 0.005955 -0.173284
v -0.468258 0.010664 -0.152312
v -0.441084 0.018047 -0.130625
v -0.412930 0.028396 -0.108549
v -0.384241 0.041893 -0.086482
v -0.355541 0.058573 -0.064868
v -0.327396 0.078291 -0.044161
v -0.300363 0.100725 -0.024779
v -0.274934 0.125396 -0.007066
v -0.251495 0.151720 0.008740
v -0.230300 0.179070 0.022517
v -0.211467 0.206833 0.034257
v -0.194991 0.234463 0.044041
v -0.485057 0.002344 -0.204013
v -0.459667 0.005956 -0.184476
v -0.432957 0.012021 -0.164081
v -0.405226 0.020849 -0.143081
v -0.376871 0.032663 -0.121801
v -0.348377 0.047565 -0.100625
v -0.320280 0.065501 -0.079967
v -0.293124 0.086246 -0.060238
v -0.267412 0.109416 -0.041800
v -0.243559 0.134503 -0.024944
v -0.221862 0.160924 -0.009860
v -0.202486 0.188084 0.003365
v -0.185470 0.215421 0.014737
v -0.170752 0.242449 0.024341
vn 0.0110 -0.9994 0.0340
vn 0.7250 -0.4728 0.5008
vn -0.0289 -0.9994 0.0210
vn -0.0289 -0.9994 -0.0210
vn 0.0110 -0.9994 -0.0340
vn 0.7471 -0.4371 0.5008
vn -0.2454 -0.4371 0.8653
vn -0.8988 -0.4371 0.0340
vn -0.3101 -0.4371 -0.8443
vn 0.7072 -0.4371 -0.5558
vn 0.7361 -0.4150 0.5348
vn -0.2812 -0.4150 0.8653
vn -0.9098 -0.4150 -0.0000
vn -0.2812 -0.4150 -0.8653
vn 0.7361 -0.4150 -0.5348
vn 0.2922 0.4728 0.8313
vn -0.7003 0.4728 0.5348
vn -0.7250 0.4728 -0.5008
vn 0.2522 0.4728 -0.8443
vn 0.8809 0.4728 -0.0210
vn 0.0289 0.9994 -0.0210
vn 0.0885 0.9959 -0.0210
vn 0.1516 0.9882 -0.0209
vn 0.2176 0.9758 -0.0208
vn 0.2857 0.9581 -0.0207
vn 0.3551 0.9346 -0.0205
vn 0.4244 0.9053 -0.0204
vn 0.4925 0.8701 -0.0203
vn 0.5580 0.8296 -0.0203
vn 0.6199 0.7844 -0.0204
vn 0.6772 0.7355 -0.0205
vn 0.7291 0.6840 -0.0207
vn 0.7755 0.6310 -0.0208
vn 0.8161 0.5776 -0.0209
vn 0.8511 0.5246 -0.0210
vn 0.0488 0.9982 -0.0354
vn 0.0473 0.9959 -0.0777
vn 0.1110 0.9931 -0.0373
vn 0.1096 0.9908 -0.0796
vn 0.0698 0.9931 -0.0940
vn 0.0667 0.9882 -0.1377
vn 0.1766 0.9835 -0.0391
vn 0.1752 0.9812 -0.0813
vn 0.1345 0.9861 -0.0977
vn 0.1314 0.9812 -0.1415
vn 0.0918 0.9835 -0.1559
vn 0.0870 0.9758 -0.2005
vn 0.2450 0.9687 -0.0407
vn 0.2436 0.9663 -0.0827
vn 0.2025 0.9741 -0.1011
vn 0.1994 0.9691 -0.1449
vn 0.1587 0.9741 -0.1613
vn 0.1540 0.9663 -0.2061
vn 0.1145 0.9687 -0.2205
vn 0.1079 0.9581 -0.2654
vn 0.3153 0.9480 -0.0421
vn 0.3139 0.9457 -0.0839
vn 0.2730 0.9564 -0.1041
vn 0.2700 0.9515 -0.1478
vn 0.2288 0.9592 -0.1662
vn 0.2240 0.9515 -0.2111
vn 0.1833 0.9564 -0.2275
vn 0.1768 0.9457 -0.2726
vn 0.1375 0.9481 -0.2869
vn 0.1292 0.9346 -0.3313
vn 0.3863 0.9214 -0.0432
vn 0.3849 0.9191 -0.0847
vn 0.3450 0.9326 -0.1065
vn 0.3420 0.9277 -0.1501
vn 0.3010 0.9383 -0.1703
vn 0.2962 0.9306 -0.2152
vn 0.2550 0.9383 -0.2336
vn 0.2484 0.9277 -0.2788
vn 0.2079 0.9326 -0.2952
vn 0.1995 0.9191 -0.3399
vn 0.1605 0.9214 -0.3540
vn 0.1505 0.9053 -0.3973
vn 0.4567 0.8885 -0.0439
vn 0.4553 0.8862 -0.0853
vn 0.4171 0.9024 -0.1082
vn 0.4141 0.8975 -0.1516
vn 0.3741 0.9110 -0.1734
vn 0.3693 0.9033 -0.2183
vn 0.3283 0.9140 -0.2385
vn 0.3217 0.9033 -0.2838
vn 0.2806 0.9110 -0.3022
vn 0.2722 0.8975 -0.3470
vn 0.2318 0.9024 -0.3633
vn 0.2218 0.8862 -0.4067
vn 0.1829 0.8885 -0.4208
vn 0.1715 0.8701 -0.4621
vn 0.5252 0.8498 -0.0441
vn 0.5238 0.8475 -0.0854
vn 0.4880 0.8660 -0.1090
vn 0.4850 0.8611 -0.1525
vn 0.4468 0.8773 -0.1754
vn 0.4420 0.8696 -0.2202
vn 0.4020 0.8831 -0.2420
vn 0.3954 0.8724 -0.2873
vn 0.3544 0.8831 -0.3075
vn 0.3460 0.8696 -0.3523
vn 0.3049 0.8773 -0.3707
vn 0.2949 0.8611 -0.4142
vn 0.2545 0.8660 -0.4305
vn 0.2431 0.8475 -0.4718
vn 0.2043 0.8498 -0.4859
vn 0.1918 0.8296 -0.5244
vn 0.5905 0.8059 -0.0439
vn 0.5890 0.8036 -0.0853
vn 0.5563 0.8238 -0.1090
vn 0.5533 0.8189 -0.1525
vn 0.5175 0.8374 -0.1761
vn 0.5127 0.8297 -0.2208
vn 0.4745 0.8458 -0.2438
vn 0.4679 0.8352 -0.2890
vn 0.4279 0.8487 -0.3109
vn 0.4195 0.8352 -0.3557
vn 0.3785 0.8458 -0.3759
vn 0.3685 0.8297 -0.4194
vn 0.3274 0.8374 -0.4378
vn 0.3160 0.8189 -0.4791
vn 0.2756 0.8238 -0.4954
vn 0.2631 0.8036 -0.5339
vn 0.2242 0.8059 -0.5480
vn 0.2109 0.7844 -0.5833
vn 0.6513 0.7576 -0.0432
vn 0.6499 0.7553 -0.0847
vn 0.6206 0.7767 -0.1082
vn 0.6175 0.7718 -0.1516
vn 0.5848 0.7920 -0.1754
vn 0.5801 0.7842 -0.2202
vn 0.5443 0.8027 -0.2438
vn 0.5377 0.7920 -0.2890
vn 0.4995 0.8082 -0.3120
vn 0.4911 0.7947 -0.3568
vn 0.4511 0.8082 -0.3786
vn 0.4411 0.7920 -0.4221
vn 0.4000 0.8027 -0.4424
vn 0.3887 0.7842 -0.4836
vn 0.3475 0.7920 -0.5020
vn 0.3351 0.7718 -0.5405
vn 0.2946 0.7767 -0.5568
vn 0.2814 0.7553 -0.5919
vn 0.2424 0.7576 -0.6061
vn 0.2288 0.7356 -0.6377
vn 0.7069 0.7060 -0.0421
vn 0.7055 0.7037 -0.0839
vn 0.6798 0.7256 -0.1065
vn 0.6768 0.7207 -0.1501
vn 0.6475 0.7420 -0.1734
vn 0.6428 0.7343 -0.2183
vn 0.6101 0.7545 -0.2420
vn 0.6035 0.7438 -0.2873
vn 0.5678 0.7622 -0.3109
vn 0.5594 0.7487 -0.3557
vn 0.5211 0.7649 -0.3786
vn 0.5111 0.7487 -0.4221
vn 0.4711 0.7622 -0.4439
vn 0.4597 0.7438 -0.4852
vn 0.4187 0.7545 -0.5054
vn 0.4062 0.7343 -0.5438
vn 0.3650 0.7420 -0.5622
vn 0.3519 0.7207 -0.5973
vn 0.3113 0.7256 -0.6136
vn 0.2978 0.7037 -0.6451
vn 0.2585 0.7060 -0.6593
vn 0.2450 0.6841 -0.6871
vn 0.7568 0.6524 -0.0407
vn 0.7554 0.6501 -0.0827
vn 0.7333 0.6719 -0.1041
vn 0.7303 0.6670 -0.1478
vn 0.7046 0.6888 -0.1703
vn 0.6999 0.6811 -0.2152
vn 0.6706 0.7024 -0.2385
vn 0.6640 0.6917 -0.2838
vn 0.6314 0.7119 -0.3075
vn 0.6230 0.6984 -0.3523
vn 0.5873 0.7168 -0.3759
vn 0.5773 0.7006 -0.4194
vn 0.5390 0.7168 -0.4424
vn 0.5276 0.6984 -0.4836
vn 0.4876 0.7119 -0.5054
vn 0.4751 0.6917 -0.5438
vn 0.4341 0.7024 -0.5641
vn 0.4209 0.6811 -0.5991
vn 0.3797 0.6888 -0.6175
vn 0.3662 0.6670 -0.6489
vn 0.3256 0.6719 -0.6653
vn 0.3121 0.6501 -0.6928
vn 0.2726 0.6524 -0.7072
vn 0.2594 0.6310 -0.7311
vn 0.8007 0.5978 -0.0391
vn 0.7992 0.5955 -0.0813
vn 0.7807 0.6167 -0.1011
vn 0.7776 0.6118 -0.1449
vn 0.7556 0.6336 -0.1662
vn 0.7508 0.6259 -0.2111
vn 0.7252 0.6477 -0.2336
vn 0.7186 0.6370 -0.2789
vn 0.6894 0.6584 -0.3022
vn 0.6810 0.6448 -0.3470
vn 0.6483 0.6650 -0.3707
vn 0.6383 0.6488 -0.4142
vn 0.6026 0.6673 -0.4378
vn 0.5912 0.6488 -0.4791
vn 0.5529 0.6650 -0.5020
vn 0.5405 0.6448 -0.5405
vn 0.5004 0.6584 -0.5622
vn 0.4873 0.6370 -0.5973
vn 0.4463 0.6477 -0.6175
vn 0.4328 0.6259 -0.6489
vn 0.3916 0.6336 -0.6673
vn 0.3781 0.6118 -0.6948
vn 0.3374 0.6167 -0.7112
vn 0.3243 0.5955 -0.7350
vn 0.2846 0.5978 -0.7494
vn 0.2721 0.5776 -0.7697
vn 0.8386 0.5434 -0.0373
vn 0.8372 0.5411 -0.0796
vn 0.8218 0.5613 -0.0977
vn 0.8188 0.5564 -0.1415
vn 0.8002 0.5776 -0.1613
vn 0.7955 0.5699 -0.2061
vn 0.7734 0.5917 -0.2275
vn 0.7668 0.5811 -0.2726
vn 0.7411 0.6030 -0.2952
vn 0.7328 0.5895 -0.3399
vn 0.7035 0.6109 -0.3633
vn 0.6935 0.5947 -0.4067
vn 0.6607 0.6149 -0.4305
vn 0.6493 0.5965 -0.4718
vn 0.6136 0.6149 -0.4954
vn 0.6011 0.5947 -0.5339
vn 0.5629 0.6109 -0.5568
vn 0.5497 0.5895 -0.5919
vn 0.5098 0.6030 -0.6136
vn 0.4962 0.5811 -0.6451
vn 0.4553 0.5917 -0.6653
vn 0.4419 0.5699 -0.6928
vn 0.4007 0.5776 -0.7112
vn 0.3876 0.5564 -0.7350
vn 0.3469 0.5613 -0.7514
vn 0.3344 0.5411 -0.7716
vn 0.2946 0.5434 -0.7861
vn 0.2830 0.5246 -0.8030
vn 0.8710 0.4900 -0.0354
vn 0.8695 0.4877 -0.0777
vn 0.8571 0.5065 -0.0940
vn 0.8540 0.5016 -0.1377
vn 0.8386 0.5219 -0.1559
vn 0.8339 0.5142 -0.2005
vn 0.8152 0.5356 -0.2205
vn 0.8087 0.5250 -0.2654
vn 0.7865 0.5470 -0.2869
vn 0.7782 0.5336 -0.3313
vn 0.7523 0.5556 -0.3540
vn 0.7424 0.5395 -0.3973
vn 0.7129 0.5609 -0.4208
vn 0.7015 0.5425 -0.4621
vn 0.6687 0.5628 -0.4859
vn 0.6562 0.5425 -0.5244
vn 0.6205 0.5609 -0.5480
vn 0.6073 0.5395 -0.5833
vn 0.5692 0.5556 -0.6061
vn 0.5556 0.5336 -0.6377
vn 0.5158 0.5470 -0.6593
vn 0.5023 0.5250 -0.6871
vn 0.4616 0.5356 -0.7072
vn 0.4484 0.5142 -0.7311
vn 0.4074 0.5219 -0.7494
vn 0.3949 0.5017 -0.7697
vn 0.3543 0.5065 -0.7861
vn 0.3426 0.4877 -0.8030
vn 0.3028 0.4900 -0.8174
vn 0.2922 0.4728 -0.8313
vn -0.0110 0.9994 -0.0340
vn 0.0074 0.9959 -0.0907
vn 0.0270 0.9882 -0.1507
vn 0.0475 0.9758 -0.2134
vn 0.0687 0.9581 -0.2781
vn 0.0902 0.9346 -0.3440
vn 0.1117 0.9053 -0.4099
vn 0.1328 0.8701 -0.4746
vn 0.1531 0.8296 -0.5370
vn 0.1722 0.7844 -0.5959
vn 0.1898 0.7356 -0.6504
vn 0.2057 0.6841 -0.6998
vn 0.2199 0.6310 -0.7439
vn 0.2323 0.5776 -0.7826
vn 0.2430 0.5246 -0.8159
vn -0.0186 0.9982 -0.0573
vn -0.0593 0.9959 -0.0690
vn -0.0012 0.9931 -0.1171
vn -0.0418 0.9908 -0.1288
vn -0.0679 0.9931 -0.0954
vn -0.1104 0.9882 -0.1060
vn 0.0174 0.9835 -0.1801
vn -0.0232 0.9812 -0.1917
vn -0.0514 0.9861 -0.1581
vn -0.0940 0.9812 -0.1687
vn -0.1199 0.9835 -0.1355
vn -0.1638 0.9758 -0.1447
vn 0.0370 0.9687 -0.2456
vn -0.0034 0.9663 -0.2573
vn -0.0336 0.9741 -0.2238
vn -0.0762 0.9691 -0.2345
vn -0.1044 0.9741 -0.2008
vn -0.1485 0.9663 -0.2101
vn -0.1743 0.9687 -0.1770
vn -0.2190 0.9581 -0.1847
vn 0.0574 0.9481 -0.3129
vn 0.0172 0.9457 -0.3245
vn -0.0146 0.9564 -0.2918
vn -0.0571 0.9515 -0.3024
vn -0.0874 0.9592 -0.2689
vn -0.1315 0.9515 -0.2783
vn -0.1597 0.9564 -0.2447
vn -0.2046 0.9457 -0.2524
vn -0.2303 0.9481 -0.2194
vn -0.2752 0.9346 -0.2253
vn 0.0783 0.9214 -0.3808
vn 0.0384 0.9191 -0.3922
vn 0.0053 0.9326 -0.3610
vn -0.0371 0.9277 -0.3716
vn -0.0690 0.9383 -0.3389
vn -0.1131 0.9306 -0.3482
vn -0.1434 0.9383 -0.3147
vn -0.1884 0.9277 -0.3224
vn -0.2165 0.9326 -0.2889
vn -0.2616 0.9191 -0.2948
vn -0.2871 0.9214 -0.2620
vn -0.3313 0.9053 -0.2659
vn 0.0994 0.8885 -0.4479
vn 0.0596 0.8862 -0.4594
vn 0.0260 0.9024 -0.4301
vn -0.0163 0.8975 -0.4407
vn -0.0493 0.9110 -0.4094
vn -0.0935 0.9033 -0.4187
vn -0.1254 0.9140 -0.3859
vn -0.1705 0.9033 -0.3937
vn -0.2007 0.9110 -0.3602
vn -0.2459 0.8975 -0.3661
vn -0.2739 0.9024 -0.3327
vn -0.3183 0.8862 -0.3366
vn -0.3437 0.8885 -0.3040
vn -0.3865 0.8701 -0.3059
vn 0.1203 0.8498 -0.5131
vn 0.0806 0.8475 -0.5246
vn 0.0471 0.8660 -0.4979
vn 0.0049 0.8611 -0.5084
vn -0.0287 0.8773 -0.4791
vn -0.0728 0.8696 -0.4884
vn -0.1059 0.8831 -0.4571
vn -0.1510 0.8724 -0.4648
vn -0.1830 0.8831 -0.4321
vn -0.2282 0.8696 -0.4379
vn -0.2584 0.8773 -0.4045
vn -0.3028 0.8611 -0.4084
vn -0.3307 0.8660 -0.3751
vn -0.3736 0.8475 -0.3770
vn -0.3990 0.8498 -0.3444
vn -0.4395 0.8296 -0.3444
vn 0.1407 0.8059 -0.5751
vn 0.1009 0.8036 -0.5866
vn 0.0682 0.8238 -0.5628
vn 0.0260 0.8189 -0.5733
vn -0.0075 0.8374 -0.5466
vn -0.0516 0.8297 -0.5559
vn -0.0852 0.8458 -0.5266
vn -0.1303 0.8352 -0.5343
vn -0.1634 0.8487 -0.5030
vn -0.2086 0.8352 -0.5089
vn -0.2406 0.8458 -0.4761
vn -0.2850 0.8297 -0.4800
vn -0.3152 0.8374 -0.4466
vn -0.3580 0.8189 -0.4485
vn -0.3860 0.8238 -0.4152
vn -0.4264 0.8036 -0.4152
vn -0.4519 0.8059 -0.3826
vn -0.4895 0.7844 -0.3809
vn 0.1602 0.7576 -0.6328
vn 0.1202 0.7553 -0.6443
vn 0.0889 0.7767 -0.6236
vn 0.0466 0.7718 -0.6342
vn 0.0139 0.7920 -0.6104
vn -0.0302 0.7842 -0.6197
vn -0.0636 0.8027 -0.5930
vn -0.1087 0.7920 -0.6007
vn -0.1424 0.8082 -0.5714
vn -0.1876 0.7947 -0.5773
vn -0.2207 0.8082 -0.5460
vn -0.2651 0.7920 -0.5499
vn -0.2971 0.8027 -0.5172
vn -0.3399 0.7842 -0.5191
vn -0.3701 0.7920 -0.4857
vn -0.4105 0.7718 -0.4857
vn -0.4385 0.7767 -0.4523
vn -0.4760 0.7553 -0.4505
vn -0.5015 0.7576 -0.4178
vn -0.5358 0.7356 -0.4146
vn 0.1784 0.7060 -0.6854
vn 0.1382 0.7037 -0.6969
vn 0.1088 0.7256 -0.6794
vn 0.0664 0.7207 -0.6900
vn 0.0351 0.7420 -0.6694
vn -0.0090 0.7343 -0.6787
vn -0.0416 0.7545 -0.6550
vn -0.0867 0.7438 -0.6627
vn -0.1202 0.7622 -0.6360
vn -0.1654 0.7487 -0.6419
vn -0.1991 0.7649 -0.6126
vn -0.2435 0.7487 -0.6166
vn -0.2766 0.7622 -0.5852
vn -0.3194 0.7438 -0.5871
vn -0.3513 0.7545 -0.5544
vn -0.3917 0.7343 -0.5544
vn -0.4219 0.7420 -0.5209
vn -0.4593 0.7207 -0.5192
vn -0.4874 0.7256 -0.4857
vn -0.5215 0.7037 -0.4825
vn -0.5472 0.7060 -0.4496
vn -0.5778 0.6841 -0.4453
vn 0.1951 0.6524 -0.7323
vn 0.1547 0.6501 -0.7439
vn 0.1276 0.6719 -0.7296
vn 0.0851 0.6670 -0.7402
vn 0.0558 0.6888 -0.7228
vn 0.0116 0.6811 -0.7321
vn -0.0196 0.7024 -0.7115
vn -0.0647 0.6917 -0.7192
vn -0.0974 0.7119 -0.6955
vn -0.1426 0.6984 -0.7014
vn -0.1761 0.7168 -0.6747
vn -0.2205 0.7006 -0.6786
vn -0.2541 0.7168 -0.6493
vn -0.2969 0.6984 -0.6513
vn -0.3300 0.7119 -0.6199
vn -0.3704 0.6917 -0.6199
vn -0.4024 0.7024 -0.5872
vn -0.4397 0.6811 -0.5855
vn -0.4700 0.6888 -0.5520
vn -0.5039 0.6670 -0.5488
vn -0.5321 0.6719 -0.5152
vn -0.5625 0.6501 -0.5109
vn -0.5883 0.6524 -0.4778
vn -0.6151 0.6310 -0.4726
vn 0.2102 0.5978 -0.7736
vn 0.1697 0.5955 -0.7852
vn 0.1451 0.6167 -0.7737
vn 0.1025 0.6118 -0.7843
vn 0.0754 0.6336 -0.7700
vn 0.0313 0.6259 -0.7793
vn 0.0019 0.6477 -0.7619
vn -0.0431 0.6370 -0.7696
vn -0.0744 0.6584 -0.7490
vn -0.1196 0.6448 -0.7549
vn -0.1522 0.6650 -0.7311
vn -0.1967 0.6489 -0.7351
vn -0.2302 0.6673 -0.7083
vn -0.2730 0.6489 -0.7103
vn -0.3066 0.6650 -0.6810
vn -0.3470 0.6448 -0.6810
vn -0.3801 0.6584 -0.6497
vn -0.4175 0.6370 -0.6480
vn -0.4494 0.6477 -0.6153
vn -0.4834 0.6259 -0.6121
vn -0.5136 0.6336 -0.5786
vn -0.5439 0.6118 -0.5743
vn -0.5722 0.6167 -0.5406
vn -0.5988 0.5955 -0.5355
vn -0.6248 0.5978 -0.5022
vn -0.6479 0.5776 -0.4966
vn 0.2237 0.5434 -0.8091
vn 0.1830 0.5411 -0.8208
vn 0.1610 0.5613 -0.8118
vn 0.1184 0.5564 -0.8225
vn 0.0938 0.5776 -0.8109
vn 0.0498 0.5699 -0.8202
vn 0.0226 0.5917 -0.8058
vn -0.0223 0.5811 -0.8136
vn -0.0517 0.6030 -0.7961
vn -0.0968 0.5895 -0.8020
vn -0.1281 0.6109 -0.7813
vn -0.1725 0.5947 -0.7852
vn -0.2052 0.6149 -0.7614
vn -0.2480 0.5965 -0.7633
vn -0.2815 0.6149 -0.7366
vn -0.3220 0.5947 -0.7366
vn -0.3556 0.6109 -0.7074
vn -0.3931 0.5895 -0.7057
vn -0.4261 0.6030 -0.6744
vn -0.4601 0.5811 -0.6713
vn -0.4920 0.5917 -0.6386
vn -0.5224 0.5699 -0.6343
vn -0.5526 0.5776 -0.6009
vn -0.5792 0.5564 -0.5958
vn -0.6075 0.5613 -0.5621
vn -0.6305 0.5411 -0.5565
vn -0.6566 0.5434 -0.5231
vn -0.6762 0.5246 -0.5173
vn 0.2355 0.4900 -0.8393
vn 0.1948 0.4877 -0.8510
vn 0.1754 0.5065 -0.8442
vn 0.1329 0.5017 -0.8548
vn 0.1109 0.5219 -0.8458
vn 0.0670 0.5142 -0.8550
vn 0.0422 0.5356 -0.8434
vn -0.0025 0.5250 -0.8511
vn -0.0298 0.5470 -0.8366
vn -0.0747 0.5336 -0.8425
vn -0.1042 0.5556 -0.8249
vn -0.1485 0.5395 -0.8288
vn -0.1799 0.5610 -0.8081
vn -0.2227 0.5425 -0.8100
vn -0.2554 0.5628 -0.7862
vn -0.2960 0.5425 -0.7862
vn -0.3294 0.5609 -0.7595
vn -0.3671 0.5395 -0.7578
vn -0.4005 0.5556 -0.7286
vn -0.4348 0.5336 -0.7254
vn -0.4676 0.5470 -0.6943
vn -0.4982 0.5250 -0.6900
vn -0.5299 0.5356 -0.6575
vn -0.5568 0.5142 -0.6524
vn -0.5868 0.5219 -0.6191
vn -0.6100 0.5017 -0.6134
vn -0.6381 0.5065 -0.5798
vn -0.6578 0.4877 -0.5740
vn -0.6838 0.4900 -0.5406
vn -0.7003 0.4728 -0.5348
vn -0.0357 0.9994 -0.0000
vn -0.0840 0.9959 -0.0351
vn -0.1350 0.9882 -0.0722
vn -0.1883 0.9758 -0.1111
vn -0.2433 0.9581 -0.1512
vn -0.2993 0.9346 -0.1921
vn -0.3553 0.9053 -0.2329
vn -0.4103 0.8701 -0.2730
vn -0.4634 0.8296 -0.3115
vn -0.5135 0.7844 -0.3479
vn -0.5599 0.7356 -0.3814
vn -0.6020 0.6841 -0.4119
vn -0.6396 0.6310 -0.4390
vn -0.6725 0.5776 -0.4627
vn -0.7009 0.5246 -0.4833
vn -0.0603 0.9982 -0.0000
vn -0.0840 0.9959 0.0351
vn -0.1117 0.9931 -0.0351
vn -0.1354 0.9908 -0.0000
vn -0.1117 0.9931 0.0351
vn -0.1350 0.9882 0.0722
vn -0.1659 0.9835 -0.0722
vn -0.1895 0.9812 -0.0372
vn -0.1662 0.9861 -0.0000
vn -0.1895 0.9812 0.0372
vn -0.1659 0.9835 0.0722
vn -0.1883 0.9758 0.1111
vn -0.2222 0.9687 -0.1111
vn -0.2457 0.9663 -0.0763
vn -0.2232 0.9741 -0.0372
vn -0.2465 0.9691 -0.0000
vn -0.2232 0.9741 0.0372
vn -0.2457 0.9663 0.0763
vn -0.2222 0.9687 0.1111
vn -0.2433 0.9581 0.1512
vn -0.2799 0.9481 -0.1512
vn -0.3033 0.9457 -0.1166
vn -0.2820 0.9564 -0.0763
vn -0.3053 0.9515 -0.0391
vn -0.2828 0.9592 -0.0000
vn -0.3053 0.9515 0.0391
vn -0.2820 0.9564 0.0763
vn -0.3033 0.9457 0.1166
vn -0.2799 0.9481 0.1512
vn -0.2993 0.9346 0.1921
vn -0.3379 0.9214 -0.1921
vn -0.3612 0.9191 -0.1577
vn -0.3417 0.9326 -0.1166
vn -0.3649 0.9277 -0.0796
vn -0.3436 0.9383 -0.0391
vn -0.3661 0.9306 -0.0000
vn -0.3436 0.9383 0.0391
vn -0.3649 0.9277 0.0796
vn -0.3417 0.9326 0.1166
vn -0.3612 0.9191 0.1577
vn -0.3379 0.9214 0.1921
vn -0.3553 0.9053 0.2329
vn -0.3953 0.8885 -0.2329
vn -0.4185 0.8862 -0.1987
vn -0.4010 0.9024 -0.1577
vn -0.4242 0.8975 -0.1207
vn -0.4046 0.9110 -0.0796
vn -0.4271 0.9033 -0.0405
vn -0.4058 0.9140 -0.0000
vn -0.4271 0.9033 0.0405
vn -0.4046 0.9110 0.0796
vn -0.4242 0.8975 0.1207
vn -0.4010 0.9024 0.1577
vn -0.4185 0.8862 0.1987
vn -0.3953 0.8885 0.2329
vn -0.4103 0.8701 0.2730
vn -0.4509 0.8498 -0.2730
vn -0.4740 0.8475 -0.2388
vn -0.4589 0.8660 -0.1987
vn -0.4820 0.8611 -0.1618
vn -0.4646 0.8773 -0.1207
vn -0.4870 0.8696 -0.0817
vn -0.4674 0.8831 -0.0405
vn -0.4887 0.8724 -0.0000
vn -0.4674 0.8831 0.0405
vn -0.4870 0.8696 0.0817
vn -0.4646 0.8773 0.1207
vn -0.4820 0.8611 0.1618
vn -0.4589 0.8660 0.1987
vn -0.4740 0.8475 0.2388
vn -0.4509 0.8498 0.2730
vn -0.4634 0.8296 0.3115
vn -0.5035 0.8059 -0.3115
vn -0.5267 0.8036 -0.2773
vn -0.5141 0.8238 -0.2388
vn -0.5372 0.8189 -0.2019
vn -0.5222 0.8374 -0.1618
vn -0.5446 0.8297 -0.1227
vn -0.5272 0.8458 -0.0817
vn -0.5484 0.8352 -0.0412
vn -0.5289 0.8487 -0.0000
vn -0.5484 0.8352 0.0412
vn -0.5272 0.8458 0.0817
vn -0.5446 0.8297 0.1227
vn -0.5222 0.8374 0.1618
vn -0.5372 0.8189 0.2019
vn -0.5141 0.8238 0.2388
vn -0.5267 0.8036 0.2773
vn -0.5035 0.8059 0.3115
vn -0.5135 0.7844 0.3479
vn -0.5523 0.7576 -0.3479
vn -0.5756 0.7553 -0.3134
vn -0.5656 0.7767 -0.2773
vn -0.5887 0.7718 -0.2403
vn -0.5762 0.7920 -0.2019
vn -0.5987 0.7842 -0.1628
vn -0.5837 0.8027 -0.1227
vn -0.6049 0.7920 -0.0822
vn -0.5875 0.8082 -0.0412
vn -0.6071 0.7947 -0.0000
vn -0.5875 0.8082 0.0412
vn -0.6049 0.7920 0.0822
vn -0.5837 0.8027 0.1227
vn -0.5987 0.7842 0.1628
vn -0.5762 0.7920 0.2019
vn -0.5887 0.7718 0.2403
vn -0.5656 0.7767 0.2773
vn -0.5756 0.7553 0.3134
vn -0.5523 0.7576 0.3479
vn -0.5599 0.7356 0.3814
vn -0.5967 0.7060 -0.3814
vn -0.6201 0.7037 -0.3468
vn -0.6126 0.7256 -0.3134
vn -0.6357 0.7207 -0.2764
vn -0.6258 0.7420 -0.2403
vn -0.6483 0.7343 -0.2012
vn -0.6358 0.7545 -0.1628
vn -0.6571 0.7438 -0.1223
vn -0.6420 0.7622 -0.0822
vn -0.6616 0.7487 -0.0410
vn -0.6442 0.7649 -0.0000
vn -0.6616 0.7487 0.0410
vn -0.6420 0.7622 0.0822
vn -0.6571 0.7438 0.1223
vn -0.6358 0.7545 0.1628
vn -0.6483 0.7343 0.2012
vn -0.6258 0.7420 0.2403
vn -0.6357 0.7207 0.2764
vn -0.6126 0.7256 0.3134
vn -0.6201 0.7037 0.3468
vn -0.5967 0.7060 0.3814
vn -0.6020 0.6841 0.4119
vn -0.6362 0.6524 -0.4119
vn -0.6597 0.6501 -0.3771
vn -0.6544 0.6719 -0.3468
vn -0.6777 0.6670 -0.3097
vn -0.6702 0.6888 -0.2764
vn -0.6927 0.6811 -0.2373
vn -0.6828 0.7024 -0.2012
vn -0.7040 0.6917 -0.1607
vn -0.6916 0.7119 -0.1223
vn -0.7111 0.6984 -0.0811
vn -0.6961 0.7168 -0.0410
vn -0.7135 0.7006 -0.0000
vn -0.6961 0.7168 0.0410
vn -0.7111 0.6984 0.0811
vn -0.6916 0.7119 0.1223
vn -0.7040 0.6917 0.1607
vn -0.6828 0.7024 0.2012
vn -0.6927 0.6811 0.2373
vn -0.6702 0.6888 0.2764
vn -0.6777 0.6670 0.3097
vn -0.6544 0.6719 0.3468
vn -0.6597 0.6501 0.3771
vn -0.6362 0.6524 0.4119
vn -0.6396 0.6310 0.4390
vn -0.6707 0.5978 -0.4390
vn -0.6944 0.5955 -0.4040
vn -0.6910 0.6167 -0.3771
vn -0.7143 0.6118 -0.3398
vn -0.7090 0.6336 -0.3097
vn -0.7315 0.6259 -0.2705
vn -0.7240 0.6477 -0.2373
vn -0.7453 0.6370 -0.1968
vn -0.7353 0.6584 -0.1607
vn -0.7549 0.6448 -0.1196
vn -0.7424 0.6650 -0.0811
vn -0.7599 0.6488 -0.0401
vn -0.7448 0.6673 -0.0000
vn -0.7599 0.6488 0.0401
vn -0.7424 0.6650 0.0811
vn -0.7549 0.6448 0.1196
vn -0.7353 0.6584 0.1607
vn -0.7453 0.6370 0.1968
vn -0.7240 0.6477 0.2373
vn -0.7315 0.6259 0.2705
vn -0.7090 0.6336 0.3097
vn -0.7143 0.6118 0.3398
vn -0.6910 0.6167 0.3771
vn -0.6944 0.5955 0.4040
vn -0.6707 0.5978 0.4390
vn -0.6725 0.5776 0.4627
vn -0.7004 0.5434 -0.4628
vn -0.7241 0.5411 -0.4277
vn -0.7223 0.5613 -0.4040
vn -0.7456 0.5564 -0.3668
vn -0.7422 0.5776 -0.3398
vn -0.7647 0.5699 -0.3008
vn -0.7594 0.5917 -0.2706
vn -0.7806 0.5811 -0.2302
vn -0.7731 0.6030 -0.1968
vn -0.7926 0.5895 -0.1558
vn -0.7827 0.6109 -0.1196
vn -0.8001 0.5947 -0.0786
vn -0.7876 0.6149 -0.0401
vn -0.8026 0.5965 -0.0000
vn -0.7876 0.6149 0.0401
vn -0.8001 0.5947 0.0786
vn -0.7827 0.6109 0.1196
vn -0.7926 0.5895 0.1558
vn -0.7731 0.6030 0.1968
vn -0.7806 0.5811 0.2302
vn -0.7594 0.5917 0.2706
vn -0.7647 0.5699 0.3008
vn -0.7422 0.5776 0.3398
vn -0.7456 0.5564 0.3668
vn -0.7223 0.5613 0.4040
vn -0.7241 0.5411 0.4277
vn -0.7004 0.5434 0.4628
vn -0.7009 0.5246 0.4833
vn -0.7255 0.4900 -0.4833
vn -0.7492 0.4877 -0.4482
vn -0.7487 0.5065 -0.4277
vn -0.7719 0.5017 -0.3906
vn -0.7701 0.5219 -0.3668
vn -0.7925 0.5142 -0.3279
vn -0.7891 0.5356 -0.3008
vn -0.8102 0.5250 -0.2606
vn -0.8049 0.5470 -0.2302
vn -0.8243 0.5336 -0.1893
vn -0.8167 0.5556 -0.1558
vn -0.8341 0.5395 -0.1149
vn -0.8241 0.5609 -0.0786
vn -0.8392 0.5425 -0.0385
vn -0.8266 0.5628 -0.0000
vn -0.8392 0.5425 0.0385
vn -0.8241 0.5609 0.0786
vn -0.8341 0.5395 0.1149
vn -0.8167 0.5556 0.1558
vn -0.8243 0.5336 0.1893
vn -0.8049 0.5470 0.2302
vn -0.8102 0.5250 0.2606
vn -0.7891 0.5356 0.3008
vn -0.7925 0.5142 0.3279
vn -0.7701 0.5219 0.3668
vn -0.7719 0.5017 0.3906
vn -0.7487 0.5065 0.4277
vn -0.7492 0.4877 0.4482
vn -0.7255 0.4900 0.4833
vn -0.7250 0.4728 0.5008
vn -0.0110 0.9994 0.0340
vn -0.0593 0.9959 0.0690
vn -0.1104 0.9882 0.1060
vn -0.1638 0.9758 0.1447
vn -0.2190 0.9581 0.1847
vn -0.2752 0.9346 0.2253
vn -0.3313 0.9053 0.2659
vn -0.3865 0.8701 0.3059
vn -0.4395 0.8296 0.3444
vn -0.4895 0.7844 0.3809
vn -0.5358 0.7356 0.4146
vn -0.5778 0.6841 0.4453
vn -0.6151 0.6310 0.4726
vn -0.6479 0.5776 0.4966
vn -0.6762 0.5246 0.5173
vn -0.0186 0.9982 0.0573
vn 0.0074 0.9959 0.0907
vn -0.0679 0.9931 0.0954
vn -0.0418 0.9908 0.1288
vn -0.0012 0.9931 0.1171
vn 0.0270 0.9882 0.1507
vn -0.1199 0.9835 0.1355
vn -0.0940 0.9812 0.1687
vn -0.0514 0.9861 0.1581
vn -0.0232 0.9812 0.1917
vn 0.0174 0.9835 0.1801
vn 0.0475 0.9758 0.2134
vn -0.1743 0.9687 0.1770
vn -0.1485 0.9663 0.2101
vn -0.1044 0.9741 0.2008
vn -0.0762 0.9691 0.2345
vn -0.0336 0.9741 0.2238
vn -0.0034 0.9663 0.2573
vn 0.0370 0.9687 0.2456
vn 0.0687 0.9581 0.2781
vn -0.2303 0.9481 0.2194
vn -0.2046 0.9457 0.2524
vn -0.1597 0.9564 0.2447
vn -0.1315 0.9515 0.2783
vn -0.0874 0.9592 0.2689
vn -0.0571 0.9515 0.3024
vn -0.0146 0.9564 0.2918
vn 0.0172 0.9457 0.3245
vn 0.0574 0.9481 0.3129
vn 0.0902 0.9346 0.3440
vn -0.2871 0.9214 0.2620
vn -0.2616 0.9191 0.2948
vn -0.2165 0.9326 0.2889
vn -0.1884 0.9277 0.3224
vn -0.1434 0.9383 0.3147
vn -0.1131 0.9306 0.3482
vn -0.0690 0.9383 0.3389
vn -0.0371 0.9277 0.3716
vn 0.0053 0.9326 0.3610
vn 0.0384 0.9191 0.3922
vn 0.0783 0.9214 0.3808
vn 0.1117 0.9053 0.4099
vn -0.3437 0.8885 0.3040
vn -0.3183 0.8862 0.3366
vn -0.2739 0.9024 0.3327
vn -0.2459 0.8975 0.3661
vn -0.2007 0.9110 0.3602
vn -0.1705 0.9033 0.3937
vn -0.1254 0.9140 0.3859
vn -0.0935 0.9033 0.4187
vn -0.0493 0.9110 0.4094
vn -0.0163 0.8975 0.4407
vn 0.0260 0.9024 0.4301
vn 0.0596 0.8862 0.4594
vn 0.0994 0.8885 0.4479
vn 0.1328 0.8701 0.4746
vn -0.3990 0.8498 0.3444
vn -0.3736 0.8475 0.3770
vn -0.3307 0.8660 0.3751
vn -0.3028 0.8611 0.4084
vn -0.2584 0.8773 0.4045
vn -0.2282 0.8696 0.4379
vn -0.1830 0.8831 0.4320
vn -0.1510 0.8724 0.4648
vn -0.1059 0.8831 0.4571
vn -0.0728 0.8696 0.4884
vn -0.0287 0.8773 0.4791
vn 0.0049 0.8611 0.5084
vn 0.0471 0.8660 0.4979
vn 0.0806 0.8475 0.5246
vn 0.1203 0.8498 0.5131
vn 0.1531 0.8296 0.5370
vn -0.4519 0.8059 0.3826
vn -0.4264 0.8036 0.4152
vn -0.3860 0.8238 0.4152
vn -0.3580 0.8189 0.4485
vn -0.3152 0.8374 0.4466
vn -0.2850 0.8297 0.4800
vn -0.2406 0.8458 0.4761
vn -0.2086 0.8352 0.5089
vn -0.1634 0.8487 0.5030
vn -0.1303 0.8352 0.5343
vn -0.0852 0.8458 0.5266
vn -0.0516 0.8297 0.5559
vn -0.0075 0.8374 0.5466
vn 0.0260 0.8189 0.5733
vn 0.0682 0.8238 0.5628
vn 0.1009 0.8036 0.5866
vn 0.1407 0.8059 0.5751
vn 0.1722 0.7844 0.5959
vn -0.5015 0.7576 0.4178
vn -0.4760 0.7553 0.4505
vn -0.4385 0.7767 0.4523
vn -0.4105 0.7718 0.4857
vn -0.3701 0.7920 0.4857
vn -0.3399 0.7842 0.5191
vn -0.2971 0.8027 0.5172
vn -0.2651 0.7920 0.5499
vn -0.2207 0.8082 0.5460
vn -0.1876 0.7947 0.5773
vn -0.1424 0.8082 0.5714
vn -0.1087 0.7920 0.6007
vn -0.0636 0.8027 0.5930
vn -0.0302 0.7842 0.6197
vn 0.0139 0.7920 0.6104
vn 0.0466 0.7718 0.6342
vn 0.0889 0.7767 0.6236
vn 0.1202 0.7553 0.6443
vn 0.1602 0.7576 0.6328
vn 0.1897 0.7356 0.6504
vn -0.5472 0.7060 0.4496
vn -0.5215 0.7037 0.4825
vn -0.4874 0.7256 0.4857
vn -0.4593 0.7207 0.5192
vn -0.4219 0.7420 0.5209
vn -0.3917 0.7343 0.5544
vn -0.3513 0.7545 0.5544
vn -0.3194 0.7438 0.5871
vn -0.2766 0.7622 0.5852
vn -0.2435 0.7487 0.6166
vn -0.1991 0.7649 0.6126
vn -0.1654 0.7487 0.6419
vn -0.1202 0.7622 0.6360
vn -0.0867 0.7438 0.6627
vn -0.0416 0.7545 0.6550
vn -0.0090 0.7343 0.6787
vn 0.0351 0.7420 0.6694
vn 0.0664 0.7207 0.6900
vn 0.1088 0.7256 0.6794
vn 0.1382 0.7037 0.6969
vn 0.1784 0.7060 0.6854
vn 0.2057 0.6841 0.6998
vn -0.5883 0.6524 0.4778
vn -0.5625 0.6501 0.5109
vn -0.5321 0.6719 0.5152
vn -0.5039 0.6670 0.5488
vn -0.4700 0.6888 0.5520
vn -0.4397 0.6811 0.5855
vn -0.4024 0.7024 0.5872
vn -0.3704 0.6917 0.6199
vn -0.3300 0.7119 0.6199
vn -0.2969 0.6984 0.6513
vn -0.2541 0.7168 0.6493
vn -0.2205 0.7006 0.6786
vn -0.1761 0.7168 0.6747
vn -0.1426 0.6984 0.7014
vn -0.0974 0.7119 0.6955
vn -0.0647 0.6917 0.7192
vn -0.0196 0.7024 0.7115
vn 0.0116 0.6811 0.7321
vn 0.0558 0.6888 0.7228
vn 0.0851 0.6670 0.7402
vn 0.1276 0.6719 0.7296
vn 0.1547 0.6501 0.7439
vn 0.1951 0.6524 0.7323
vn 0.2199 0.6310 0.7439
vn -0.6248 0.5978 0.5022
vn -0.5988 0.5955 0.5355
vn -0.5722 0.6167 0.5406
vn -0.5439 0.6118 0.5743
vn -0.5136 0.6336 0.5786
vn -0.4834 0.6259 0.6121
vn -0.4494 0.6477 0.6153
vn -0.4175 0.6370 0.6480
vn -0.3801 0.6584 0.6497
vn -0.3470 0.6448 0.6810
vn -0.3066 0.6650 0.6810
vn -0.2730 0.6488 0.7103
vn -0.2302 0.6673 0.7083
vn -0.1967 0.6488 0.7351
vn -0.1522 0.6650 0.7311
vn -0.1196 0.6448 0.7549
vn -0.0744 0.6584 0.7490
vn -0.0431 0.6370 0.7696
vn 0.0019 0.6477 0.7619
vn 0.0313 0.6259 0.7793
vn 0.0754 0.6336 0.7700
vn 0.1025 0.6118 0.7843
vn 0.1451 0.6167 0.7737
vn 0.1697 0.5955 0.7852
vn 0.2102 0.5978 0.7736
vn 0.2323 0.5776 0.7826
vn -0.6566 0.5434 0.5231
vn -0.6305 0.5411 0.5565
vn -0.6075 0.5613 0.5621
vn -0.5792 0.5564 0.5958
vn -0.5526 0.5776 0.6009
vn -0.5224 0.5699 0.6343
vn -0.4920 0.5917 0.6386
vn -0.4601 0.5811 0.6713
vn -0.4261 0.6030 0.6744
vn -0.3931 0.5895 0.7057
vn -0.3556 0.6109 0.7074
vn -0.3220 0.5947 0.7366
vn -0.2815 0.6149 0.7366
vn -0.2480 0.5965 0.7633
vn -0.2052 0.6149 0.7614
vn -0.1725 0.5947 0.7852
vn -0.1281 0.6109 0.7813
vn -0.0968 0.5895 0.8020
vn -0.0517 0.6030 0.7961
vn -0.0223 0.5811 0.8135
vn 0.0226 0.5917 0.8058
vn 0.0498 0.5699 0.8202
vn 0.0938 0.5776 0.8109
vn 0.1184 0.5564 0.8225
vn 0.1610 0.5613 0.8118
vn 0.1830 0.5411 0.8208
vn 0.2237 0.5434 0.8091
vn 0.2430 0.5246 0.8159
vn -0.6838 0.4900 0.5406
vn -0.6578 0.4877 0.5740
vn -0.6381 0.5065 0.5798
vn -0.6100 0.5017 0.6134
vn -0.5868 0.5219 0.6191
vn -0.5568 0.5142 0.6524
vn -0.5299 0.5356 0.6575
vn -0.4982 0.5250 0.6900
vn -0.4676 0.5470 0.6943
vn -0.4348 0.5336 0.7254
vn -0.4005 0.5556 0.7286
vn -0.3671 0.5395 0.7578
vn -0.3294 0.5610 0.7595
vn -0.2960 0.5425 0.7862
vn -0.2554 0.5628 0.7862
vn -0.2227 0.5425 0.8100
vn -0.1799 0.5609 0.8081
vn -0.1485 0.5395 0.8288
vn -0.1042 0.5556 0.8249
vn -0.0747 0.5336 0.8425
vn -0.0298 0.5470 0.8366
vn -0.0025 0.5250 0.8511
vn 0.0422 0.5356 0.8434
vn 0.0670 0.5142 0.8550
vn 0.1109 0.5219 0.8458
vn 0.1329 0.5017 0.8548
vn 0.1754 0.5065 0.8442
vn 0.1948 0.4877 0.8510
vn 0.2355 0.4900 0.8393
vn 0.2522 0.4728 0.8443
vn 0.0289 0.9994 0.0210
vn 0.0473 0.9959 0.0777
vn 0.0667 0.9882 0.1377
vn 0.0870 0.9758 0.2005
vn 0.1079 0.9581 0.2654
vn 0.1292 0.9346 0.3313
vn 0.1505 0.9053 0.3973
vn 0.1715 0.8701 0.4621
vn 0.1918 0.8296 0.5244
vn 0.2109 0.7844 0.5833
vn 0.2288 0.7356 0.6377
vn 0.2450 0.6841 0.6871
vn 0.2594 0.6310 0.7311
vn 0.2721 0.5776 0.7697
vn 0.2830 0.5246 0.8030
vn 0.0488 0.9982 0.0354
vn 0.0885 0.9959 0.0210
vn 0.0698 0.9931 0.0940
vn 0.1096 0.9908 0.0796
vn 0.1110 0.9931 0.0373
vn 0.1516 0.9882 0.0209
vn 0.0918 0.9835 0.1559
vn 0.1314 0.9812 0.1415
vn 0.1345 0.9861 0.0977
vn 0.1752 0.9812 0.0813
vn 0.1766 0.9835 0.0391
vn 0.2176 0.9758 0.0208
vn 0.1145 0.9687 0.2205
vn 0.1539 0.9663 0.2061
vn 0.1587 0.9741 0.1613
vn 0.1995 0.9691 0.1449
vn 0.2025 0.9741 0.1011
vn 0.2436 0.9663 0.0827
vn 0.2450 0.9687 0.0407
vn 0.2857 0.9581 0.0207
vn 0.1375 0.9481 0.2869
vn 0.1768 0.9457 0.2726
vn 0.1833 0.9564 0.2275
vn 0.2240 0.9515 0.2111
vn 0.2288 0.9592 0.1662
vn 0.2700 0.9515 0.1478
vn 0.2730 0.9564 0.1041
vn 0.3139 0.9457 0.0839
vn 0.3153 0.9480 0.0421
vn 0.3551 0.9346 0.0205
vn 0.1605 0.9214 0.3540
vn 0.1995 0.9191 0.3399
vn 0.2079 0.9326 0.2952
vn 0.2484 0.9277 0.2788
vn 0.2550 0.9383 0.2336
vn 0.2962 0.9306 0.2152
vn 0.3010 0.9383 0.1703
vn 0.3420 0.9277 0.1501
vn 0.3450 0.9326 0.1065
vn 0.3849 0.9191 0.0847
vn 0.3863 0.9214 0.0432
vn 0.4244 0.9053 0.0204
vn 0.1829 0.8885 0.4208
vn 0.2218 0.8862 0.4067
vn 0.2318 0.9024 0.3633
vn 0.2722 0.8975 0.3470
vn 0.2806 0.9110 0.3022
vn 0.3217 0.9033 0.2838
vn 0.3283 0.9140 0.2385
vn 0.3693 0.9033 0.2183
vn 0.3741 0.9110 0.1734
vn 0.4141 0.8975 0.1516
vn 0.4171 0.9024 0.1082
vn 0.4553 0.8862 0.0853
vn 0.4567 0.8885 0.0439
vn 0.4925 0.8701 0.0203
vn 0.2043 0.8498 0.4859
vn 0.2431 0.8475 0.4718
vn 0.2545 0.8660 0.4305
vn 0.2949 0.8611 0.4142
vn 0.3049 0.8773 0.3707
vn 0.3460 0.8696 0.3523
vn 0.3544 0.8831 0.3075
vn 0.3954 0.8724 0.2873
vn 0.4020 0.8831 0.2420
vn 0.4420 0.8696 0.2202
vn 0.4468 0.8773 0.1754
vn 0.4850 0.8611 0.1525
vn 0.4880 0.8660 0.1090
vn 0.5238 0.8475 0.0854
vn 0.5252 0.8498 0.0441
vn 0.5580 0.8296 0.0203
vn 0.2242 0.8059 0.5480
vn 0.2631 0.8036 0.5339
vn 0.2756 0.8238 0.4954
vn 0.3160 0.8189 0.4791
vn 0.3274 0.8374 0.4378
vn 0.3685 0.8297 0.4194
vn 0.3785 0.8458 0.3759
vn 0.4195 0.8352 0.3557
vn 0.4279 0.8487 0.3109
vn 0.4679 0.8352 0.2890
vn 0.4745 0.8458 0.2438
vn 0.5127 0.8297 0.2208
vn 0.5175 0.8374 0.1761
vn 0.5533 0.8189 0.1525
vn 0.5563 0.8238 0.1090
vn 0.5890 0.8036 0.0853
vn 0.5905 0.8059 0.0439
vn 0.6199 0.7844 0.0204
vn 0.2424 0.7576 0.6061
vn 0.2814 0.7553 0.5919
vn 0.2946 0.7767 0.5568
vn 0.3351 0.7718 0.5405
vn 0.3475 0.7920 0.5020
vn 0.3887 0.7842 0.4836
vn 0.4001 0.8027 0.4424
vn 0.4411 0.7920 0.4221
vn 0.4511 0.8082 0.3786
vn 0.4911 0.7947 0.3568
vn 0.4995 0.8082 0.3120
vn 0.5377 0.7920 0.2890
vn 0.5443 0.8027 0.2438
vn 0.5801 0.7842 0.2202
vn 0.5848 0.7920 0.1754
vn 0.6175 0.7718 0.1516
vn 0.6206 0.7767 0.1082
vn 0.6499 0.7553 0.0847
vn 0.6513 0.7576 0.0432
vn 0.6772 0.7355 0.0205
vn 0.2585 0.7060 0.6593
vn 0.2978 0.7037 0.6451
vn 0.3113 0.7256 0.6136
vn 0.3519 0.7207 0.5973
vn 0.3650 0.7420 0.5622
vn 0.4062 0.7343 0.5438
vn 0.4187 0.7545 0.5054
vn 0.4597 0.7438 0.4852
vn 0.4711 0.7622 0.4439
vn 0.5111 0.7487 0.4221
vn 0.5211 0.7649 0.3786
vn 0.5594 0.7487 0.3557
vn 0.5678 0.7622 0.3109
vn 0.6035 0.7438 0.2873
vn 0.6101 0.7545 0.2420
vn 0.6428 0.7343 0.2183
vn 0.6475 0.7420 0.1734
vn 0.6768 0.7207 0.1501
vn 0.6798 0.7256 0.1065
vn 0.7055 0.7037 0.0839
vn 0.7069 0.7060 0.0421
vn 0.7291 0.6840 0.0206
vn 0.2726 0.6524 0.7072
vn 0.3121 0.6501 0.6928
vn 0.3256 0.6719 0.6653
vn 0.3662 0.6670 0.6489
vn 0.3797 0.6888 0.6175
vn 0.4209 0.6811 0.5991
vn 0.4341 0.7024 0.5641
vn 0.4751 0.6917 0.5438
vn 0.4876 0.7119 0.5054
vn 0.5276 0.6984 0.4836
vn 0.5390 0.7168 0.4424
vn 0.5773 0.7006 0.4194
vn 0.5873 0.7168 0.3759
vn 0.6230 0.6984 0.3524
vn 0.6314 0.7119 0.3075
vn 0.6640 0.6917 0.2838
vn 0.6706 0.7024 0.2385
vn 0.6999 0.6811 0.2152
vn 0.7046 0.6888 0.1703
vn 0.7303 0.6670 0.1478
vn 0.7333 0.6719 0.1041
vn 0.7554 0.6501 0.0827
vn 0.7568 0.6524 0.0407
vn 0.7755 0.6310 0.0208
vn 0.2846 0.5978 0.7494
vn 0.3243 0.5955 0.7350
vn 0.3374 0.6167 0.7112
vn 0.3781 0.6118 0.6948
vn 0.3916 0.6336 0.6673
vn 0.4328 0.6259 0.6489
vn 0.4463 0.6477 0.6175
vn 0.4873 0.6370 0.5973
vn 0.5004 0.6584 0.5622
vn 0.5405 0.6448 0.5405
vn 0.5529 0.6650 0.5020
vn 0.5912 0.6488 0.4791
vn 0.6026 0.6673 0.4378
vn 0.6383 0.6488 0.4142
vn 0.6483 0.6650 0.3707
vn 0.6810 0.6448 0.3470
vn 0.6894 0.6584 0.3022
vn 0.7186 0.6370 0.2789
vn 0.7252 0.6477 0.2336
vn 0.7508 0.6259 0.2111
vn 0.7556 0.6336 0.1662
vn 0.7776 0.6118 0.1449
vn 0.7807 0.6167 0.1011
vn 0.7992 0.5955 0.0813
vn 0.8007 0.5978 0.0391
vn 0.8161 0.5776 0.0209
vn 0.2946 0.5434 0.7861
vn 0.3344 0.5411 0.7716
vn 0.3469 0.5613 0.7514
vn 0.3876 0.5564 0.7350
vn 0.4007 0.5776 0.7112
vn 0.4419 0.5699 0.6928
vn 0.4553 0.5917 0.6653
vn 0.4962 0.5811 0.6451
vn 0.5098 0.6030 0.6136
vn 0.5497 0.5895 0.5919
vn 0.5629 0.6109 0.5568
vn 0.6011 0.5947 0.5339
vn 0.6136 0.6149 0.4954
vn 0.6493 0.5965 0.4718
vn 0.6607 0.6149 0.4305
vn 0.6935 0.5947 0.4067
vn 0.7035 0.6109 0.3633
vn 0.7328 0.5895 0.3399
vn 0.7411 0.6030 0.2952
vn 0.7668 0.5811 0.2726
vn 0.7734 0.5917 0.2275
vn 0.7955 0.5699 0.2061
vn 0.8002 0.5776 0.1613
vn 0.8188 0.5564 0.1415
vn 0.8218 0.5613 0.0977
vn 0.8372 0.5411 0.0796
vn 0.8386 0.5434 0.0373
vn 0.8511 0.5246 0.0210
vn 0.3028 0.4900 0.8174
vn 0.3426 0.4877 0.8030
vn 0.3543 0.5065 0.7861
vn 0.3949 0.5017 0.7697
vn 0.4074 0.5219 0.7494
vn 0.4484 0.5142 0.7311
vn 0.4616 0.5356 0.7072
vn 0.5023 0.5250 0.6871
vn 0.5158 0.5470 0.6593
vn 0.5556 0.5336 0.6377
vn 0.5692 0.5556 0.6061
vn 0.6073 0.5395 0.5833
vn 0.6205 0.5609 0.5480
vn 0.6562 0.5425 0.5244
vn 0.6687 0.5628 0.4859
vn 0.7015 0.5425 0.4621
vn 0.7129 0.5609 0.4208
vn 0.7424 0.5395 0.3973
vn 0.7523 0.5556 0.3540
vn 0.7782 0.5336 0.3313
vn 0.7865 0.5470 0.2869
vn 0.8087 0.5250 0.2654
vn 0.8152 0.5356 0.2205
vn 0.8339 0.5142 0.2005
vn 0.8386 0.5219 0.1559
vn 0.8540 0.5016 0.1377
vn 0.8571 0.5065 0.0940
vn 0.8695 0.4877 0.0777
vn 0.8710 0.4900 0.0354
vn 0.8809 0.4728 0.0210
vn 0.8988 0.4371 -0.0340
vn 0.9172 0.3923 -0.0690
vn 0.9332 0.3432 -0.1060
vn 0.9461 0.2899 -0.1447
vn 0.9549 0.2326 -0.1847
vn 0.9590 0.1718 -0.2253
vn 0.9579 0.1085 -0.2659
vn 0.9511 0.0435 -0.3059
vn 0.9386 -0.0221 -0.3444
vn 0.9205 -0.0870 -0.3809
vn 0.8975 -0.1503 -0.4146
vn 0.8702 -0.2108 -0.4453
vn 0.8395 -0.2680 -0.4726
vn 0.8063 -0.3212 -0.4966
vn 0.7716 -0.3703 -0.5173
vn 0.9011 0.4297 -0.0573
vn 0.8874 0.4520 -0.0907
vn 0.9186 0.3834 -0.0954
vn 0.9049 0.4057 -0.1288
vn 0.8888 0.4431 -0.1171
vn 0.8718 0.4661 -0.1507
vn 0.9333 0.3326 -0.1354
vn 0.9196 0.3547 -0.1687
vn 0.9050 0.3951 -0.1581
vn 0.8879 0.4181 -0.1917
vn 0.8719 0.4554 -0.1801
vn 0.8516 0.4789 -0.2134
vn 0.9443 0.2773 -0.1770
vn 0.9307 0.2994 -0.2101
vn 0.9179 0.3422 -0.2008
vn 0.9009 0.3653 -0.2345
vn 0.8862 0.4056 -0.2238
vn 0.8658 0.4291 -0.2573
vn 0.8499 0.4663 -0.2456
vn 0.8262 0.4899 -0.2781
vn 0.9510 0.2180 -0.2194
vn 0.9374 0.2399 -0.2524
vn 0.9268 0.2849 -0.2447
vn 0.9098 0.3078 -0.2783
vn 0.8970 0.3508 -0.2689
vn 0.8766 0.3744 -0.3024
vn 0.8619 0.4146 -0.2918
vn 0.8382 0.4384 -0.3245
vn 0.8223 0.4753 -0.3129
vn 0.7956 0.4987 -0.3440
vn 0.9525 0.1552 -0.2620
vn 0.9390 0.1770 -0.2948
vn 0.9309 0.2234 -0.2889
vn 0.9140 0.2463 -0.3224
vn 0.9034 0.2914 -0.3147
vn 0.8829 0.3150 -0.3482
vn 0.8701 0.3579 -0.3389
vn 0.8463 0.3817 -0.3716
vn 0.8317 0.4218 -0.3610
vn 0.8049 0.4453 -0.3922
vn 0.7891 0.4821 -0.3808
vn 0.7597 0.5048 -0.4099
vn 0.9484 0.0899 -0.3040
vn 0.9350 0.1117 -0.3366
vn 0.9296 0.1586 -0.3327
vn 0.9127 0.1814 -0.3661
vn 0.9046 0.2279 -0.3602
vn 0.8842 0.2515 -0.3937
vn 0.8735 0.2966 -0.3859
vn 0.8497 0.3204 -0.4187
vn 0.8369 0.3633 -0.4094
vn 0.8100 0.3868 -0.4407
vn 0.7955 0.4269 -0.4301
vn 0.7660 0.4497 -0.4594
vn 0.7503 0.4863 -0.4479
vn 0.7188 0.5079 -0.4746
vn 0.9385 0.0232 -0.3444
vn 0.9251 0.0449 -0.3770
vn 0.9225 0.0914 -0.3751
vn 0.9056 0.1143 -0.4084
vn 0.9002 0.1612 -0.4045
vn 0.8798 0.1848 -0.4379
vn 0.8717 0.2313 -0.4321
vn 0.8479 0.2551 -0.4648
vn 0.8372 0.3002 -0.4571
vn 0.8103 0.3238 -0.4884
vn 0.7975 0.3666 -0.4791
vn 0.7680 0.3895 -0.5084
vn 0.7535 0.4294 -0.4979
vn 0.7220 0.4511 -0.5246
vn 0.7063 0.4877 -0.5131
vn 0.6735 0.5079 -0.5370
vn 0.9229 -0.0438 -0.3826
vn 0.9095 -0.0220 -0.4152
vn 0.9094 0.0232 -0.4152
vn 0.8926 0.0460 -0.4485
vn 0.8899 0.0926 -0.4466
vn 0.8695 0.1161 -0.4800
vn 0.8641 0.1631 -0.4761
vn 0.8403 0.1869 -0.5089
vn 0.8322 0.2334 -0.5030
vn 0.8053 0.2570 -0.5343
vn 0.7946 0.3020 -0.5266
vn 0.7651 0.3249 -0.5559
vn 0.7523 0.3678 -0.5466
vn 0.7209 0.3895 -0.5733
vn 0.7063 0.4294 -0.5628
vn 0.6736 0.4497 -0.5866
vn 0.6579 0.4863 -0.5751
vn 0.6246 0.5048 -0.5959
vn 0.9019 -0.1098 -0.4178
vn 0.8884 -0.0880 -0.4505
vn 0.8908 -0.0449 -0.4523
vn 0.8739 -0.0220 -0.4857
vn 0.8738 0.0232 -0.4857
vn 0.8534 0.0467 -0.5191
vn 0.8508 0.0932 -0.5172
vn 0.8270 0.1170 -0.5499
vn 0.8216 0.1640 -0.5460
vn 0.7947 0.1876 -0.5773
vn 0.7865 0.2341 -0.5715
vn 0.7570 0.2570 -0.6007
vn 0.7464 0.3020 -0.5930
vn 0.7149 0.3238 -0.6197
vn 0.7021 0.3666 -0.6104
vn 0.6695 0.3868 -0.6342
vn 0.6549 0.4269 -0.6236
vn 0.6218 0.4453 -0.6443
vn 0.6060 0.4821 -0.6328
vn 0.5730 0.4987 -0.6504
vn 0.8762 -0.1737 -0.4496
vn 0.8626 -0.1517 -0.4825
vn 0.8670 -0.1114 -0.4857
vn 0.8500 -0.0885 -0.5192
vn 0.8524 -0.0455 -0.5209
vn 0.8320 -0.0220 -0.5544
vn 0.8319 0.0232 -0.5544
vn 0.8081 0.0470 -0.5871
vn 0.8055 0.0935 -0.5852
vn 0.7786 0.1170 -0.6166
vn 0.7732 0.1640 -0.6126
vn 0.7436 0.1869 -0.6419
vn 0.7355 0.2334 -0.6360
vn 0.7041 0.2551 -0.6627
vn 0.6934 0.3002 -0.6550
vn 0.6608 0.3204 -0.6787
vn 0.6480 0.3633 -0.6694
vn 0.6149 0.3817 -0.6900
vn 0.6003 0.4218 -0.6794
vn 0.5676 0.4384 -0.6969
vn 0.5517 0.4753 -0.6854
vn 0.5198 0.4899 -0.6998
vn 0.8466 -0.2345 -0.4778
vn 0.8330 -0.2124 -0.5109
vn 0.8389 -0.1754 -0.5152
vn 0.8219 -0.1524 -0.5488
vn 0.8263 -0.1123 -0.5520
vn 0.8058 -0.0887 -0.5855
vn 0.8082 -0.0458 -0.5872
vn 0.7844 -0.0220 -0.6199
vn 0.7843 0.0232 -0.6199
vn 0.7574 0.0467 -0.6513
vn 0.7548 0.0932 -0.6493
vn 0.7253 0.1161 -0.6786
vn 0.7199 0.1631 -0.6747
vn 0.6884 0.1848 -0.7014
vn 0.6803 0.2313 -0.6955
vn 0.6476 0.2515 -0.7193
vn 0.6370 0.2966 -0.7115
vn 0.6040 0.3150 -0.7321
vn 0.5912 0.3579 -0.7228
vn 0.5585 0.3744 -0.7402
vn 0.5439 0.4146 -0.7296
vn 0.5122 0.4291 -0.7440
vn 0.4962 0.4663 -0.7323
vn 0.4661 0.4789 -0.7439
vn 0.8141 -0.2915 -0.5022
vn 0.8004 -0.2693 -0.5355
vn 0.8075 -0.2359 -0.5406
vn 0.7905 -0.2129 -0.5743
vn 0.7964 -0.1760 -0.5786
vn 0.7759 -0.1524 -0.6121
vn 0.7803 -0.1123 -0.6153
vn 0.7565 -0.0885 -0.6480
vn 0.7588 -0.0455 -0.6497
vn 0.7319 -0.0220 -0.6810
vn 0.7319 0.0232 -0.6810
vn 0.7024 0.0460 -0.7103
vn 0.6998 0.0926 -0.7083
vn 0.6683 0.1143 -0.7351
vn 0.6629 0.1612 -0.7311
vn 0.6302 0.1814 -0.7549
vn 0.6221 0.2279 -0.7490
vn 0.5891 0.2463 -0.7696
vn 0.5784 0.2914 -0.7619
vn 0.5458 0.3079 -0.7793
vn 0.5330 0.3508 -0.7700
vn 0.5014 0.3653 -0.7843
vn 0.4867 0.4056 -0.7737
vn 0.4568 0.4181 -0.7852
vn 0.4407 0.4554 -0.7736
vn 0.4127 0.4661 -0.7826
vn 0.7797 -0.3442 -0.5231
vn 0.7659 -0.3220 -0.5565
vn 0.7737 -0.2923 -0.5621
vn 0.7567 -0.2693 -0.5958
vn 0.7637 -0.2359 -0.6009
vn 0.7433 -0.2124 -0.6343
vn 0.7492 -0.1754 -0.6386
vn 0.7255 -0.1517 -0.6713
vn 0.7299 -0.1114 -0.6745
vn 0.7030 -0.0880 -0.7057
vn 0.7054 -0.0449 -0.7074
vn 0.6759 -0.0220 -0.7366
vn 0.6759 0.0232 -0.7366
vn 0.6444 0.0449 -0.7633
vn 0.6418 0.0914 -0.7614
vn 0.6091 0.1117 -0.7852
vn 0.6037 0.1586 -0.7813
vn 0.5705 0.1770 -0.8020
vn 0.5624 0.2234 -0.7961
vn 0.5297 0.2399 -0.8136
vn 0.5191 0.2849 -0.8059
vn 0.4874 0.2994 -0.8202
vn 0.4746 0.3422 -0.8109
vn 0.4447 0.3547 -0.8225
vn 0.4300 0.3951 -0.8118
vn 0.4021 0.4057 -0.8208
vn 0.3860 0.4431 -0.8091
vn 0.3605 0.4520 -0.8159
vn 0.7441 -0.3925 -0.5406
vn 0.7304 -0.3703 -0.5740
vn 0.7384 -0.3442 -0.5798
vn 0.7215 -0.3212 -0.6134
vn 0.7292 -0.2915 -0.6191
vn 0.7089 -0.2680 -0.6524
vn 0.7160 -0.2345 -0.6575
vn 0.6924 -0.2108 -0.6900
vn 0.6984 -0.1737 -0.6943
vn 0.6717 -0.1503 -0.7255
vn 0.6761 -0.1098 -0.7286
vn 0.6467 -0.0870 -0.7578
vn 0.6490 -0.0438 -0.7595
vn 0.6176 -0.0221 -0.7862
vn 0.6176 0.0232 -0.7862
vn 0.5848 0.0435 -0.8100
vn 0.5822 0.0899 -0.8081
vn 0.5489 0.1085 -0.8288
vn 0.5435 0.1552 -0.8249
vn 0.5106 0.1718 -0.8425
vn 0.5026 0.2180 -0.8366
vn 0.4707 0.2326 -0.8511
vn 0.4601 0.2773 -0.8434
vn 0.4300 0.2899 -0.8550
vn 0.4172 0.3326 -0.8458
vn 0.3892 0.3432 -0.8548
vn 0.3746 0.3834 -0.8442
vn 0.3491 0.3923 -0.8510
vn 0.3330 0.4298 -0.8393
vn 0.3101 0.4371 -0.8443
vn 0.2454 0.4371 -0.8653
vn 0.2178 0.3923 -0.8937
vn 0.1875 0.3432 -0.9203
vn 0.1547 0.2899 -0.9445
vn 0.1194 0.2326 -0.9652
vn 0.0821 0.1718 -0.9817
vn 0.0431 0.1085 -0.9932
vn 0.0030 0.0435 -0.9991
vn -0.0375 -0.0221 -0.9991
vn -0.0778 -0.0870 -0.9932
vn -0.1170 -0.1503 -0.9817
vn -0.1546 -0.2108 -0.9652
vn -0.1901 -0.2680 -0.9445
vn -0.2231 -0.3212 -0.9203
vn -0.2535 -0.3703 -0.8937
vn 0.2240 0.4297 -0.8747
vn 0.1880 0.4520 -0.8720
vn 0.1931 0.3834 -0.9031
vn 0.1571 0.4057 -0.9004
vn 0.1633 0.4431 -0.8815
vn 0.1261 0.4661 -0.8757
vn 0.1596 0.3326 -0.9295
vn 0.1237 0.3547 -0.9267
vn 0.1293 0.3951 -0.9095
vn 0.0920 0.4181 -0.9037
vn 0.0982 0.4554 -0.8849
vn 0.0602 0.4789 -0.8758
vn 0.1235 0.2773 -0.9528
vn 0.0878 0.2994 -0.9501
vn 0.0927 0.3422 -0.9350
vn 0.0554 0.3653 -0.9293
vn 0.0610 0.4056 -0.9120
vn 0.0229 0.4291 -0.9029
vn 0.0290 0.4663 -0.8842
vn -0.0092 0.4899 -0.8717
vn 0.0852 0.2180 -0.9722
vn 0.0497 0.2399 -0.9695
vn 0.0537 0.2849 -0.9571
vn 0.0165 0.3079 -0.9513
vn 0.0214 0.3508 -0.9362
vn -0.0168 0.3744 -0.9271
vn -0.0112 0.4146 -0.9099
vn -0.0496 0.4384 -0.8974
vn -0.0435 0.4753 -0.8788
vn -0.0813 0.4987 -0.8630
vn 0.0451 0.1552 -0.9868
vn 0.0098 0.1770 -0.9842
vn 0.0129 0.2234 -0.9746
vn -0.0242 0.2463 -0.9689
vn -0.0201 0.2914 -0.9564
vn -0.0583 0.3150 -0.9473
vn -0.0534 0.3579 -0.9322
vn -0.0919 0.3817 -0.9197
vn -0.0863 0.4218 -0.9026
vn -0.1243 0.4453 -0.8867
vn -0.1183 0.4821 -0.8681
vn -0.1551 0.5048 -0.8492
vn 0.0040 0.0899 -0.9959
vn -0.0312 0.1117 -0.9933
vn -0.0291 0.1586 -0.9869
vn -0.0661 0.1814 -0.9812
vn -0.0630 0.2279 -0.9716
vn -0.1012 0.2515 -0.9626
vn -0.0971 0.2966 -0.9501
vn -0.1356 0.3204 -0.9375
vn -0.1307 0.3633 -0.9225
vn -0.1688 0.3868 -0.9066
vn -0.1633 0.4269 -0.8895
vn -0.2002 0.4497 -0.8705
vn -0.1942 0.4863 -0.8520
vn -0.2293 0.5079 -0.8303
vn -0.0375 0.0232 -0.9990
vn -0.0727 0.0449 -0.9963
vn -0.0717 0.0914 -0.9932
vn -0.1086 0.1143 -0.9875
vn -0.1065 0.1612 -0.9811
vn -0.1446 0.1848 -0.9721
vn -0.1415 0.2313 -0.9625
vn -0.1801 0.2551 -0.9500
vn -0.1760 0.3002 -0.9375
vn -0.2141 0.3238 -0.9216
vn -0.2092 0.3666 -0.9065
vn -0.2462 0.3895 -0.8875
vn -0.2407 0.4294 -0.8704
vn -0.2758 0.4511 -0.8488
vn -0.2698 0.4877 -0.8303
vn -0.3026 0.5079 -0.8065
vn -0.0787 -0.0438 -0.9959
vn -0.1138 -0.0220 -0.9933
vn -0.1138 0.0232 -0.9932
vn -0.1508 0.0460 -0.9875
vn -0.1498 0.0926 -0.9844
vn -0.1879 0.1161 -0.9753
vn -0.1858 0.1631 -0.9690
vn -0.2243 0.1869 -0.9564
vn -0.2212 0.2334 -0.9469
vn -0.2593 0.2569 -0.9310
vn -0.2553 0.3020 -0.9185
vn -0.2923 0.3249 -0.8995
vn -0.2874 0.3678 -0.8844
vn -0.3225 0.3895 -0.8627
vn -0.3170 0.4294 -0.8457
vn -0.3497 0.4497 -0.8219
vn -0.3437 0.4863 -0.8034
vn -0.3737 0.5048 -0.7782
vn -0.1187 -0.1098 -0.9868
vn -0.1540 -0.0880 -0.9842
vn -0.1549 -0.0449 -0.9869
vn -0.1919 -0.0220 -0.9812
vn -0.1919 0.0232 -0.9811
vn -0.2300 0.0467 -0.9721
vn -0.2289 0.0932 -0.9690
vn -0.2675 0.1171 -0.9564
vn -0.2654 0.1640 -0.9501
vn -0.3035 0.1876 -0.9342
vn -0.3004 0.2341 -0.9246
vn -0.3374 0.2569 -0.9056
vn -0.3334 0.3020 -0.8931
vn -0.3685 0.3238 -0.8714
vn -0.3636 0.3666 -0.8564
vn -0.3963 0.3868 -0.8327
vn -0.3907 0.4269 -0.8156
vn -0.4206 0.4453 -0.7904
vn -0.4146 0.4821 -0.7718
vn -0.4415 0.4987 -0.7460
vn -0.1569 -0.1737 -0.9722
vn -0.1924 -0.1517 -0.9695
vn -0.1940 -0.1114 -0.9746
vn -0.2311 -0.0885 -0.9689
vn -0.2320 -0.0455 -0.9716
vn -0.2702 -0.0220 -0.9626
vn -0.2702 0.0232 -0.9625
vn -0.3087 0.0470 -0.9500
vn -0.3077 0.0935 -0.9469
vn -0.3458 0.1170 -0.9310
vn -0.3437 0.1640 -0.9246
vn -0.3807 0.1869 -0.9056
vn -0.3776 0.2334 -0.8961
vn -0.4127 0.2551 -0.8744
vn -0.4087 0.3002 -0.8619
vn -0.4413 0.3204 -0.8382
vn -0.4364 0.3633 -0.8231
vn -0.4662 0.3817 -0.7981
vn -0.4607 0.4218 -0.7809
vn -0.4874 0.4384 -0.7552
vn -0.4813 0.4753 -0.7365
vn -0.5049 0.4899 -0.7107
vn -0.1928 -0.2345 -0.9528
vn -0.2285 -0.2124 -0.9501
vn -0.2308 -0.1754 -0.9571
vn -0.2680 -0.1524 -0.9513
vn -0.2696 -0.1123 -0.9564
vn -0.3078 -0.0887 -0.9473
vn -0.3087 -0.0458 -0.9501
vn -0.3472 -0.0220 -0.9375
vn -0.3472 0.0232 -0.9375
vn -0.3853 0.0467 -0.9216
vn -0.3843 0.0932 -0.9185
vn -0.4213 0.1161 -0.8995
vn -0.4192 0.1631 -0.8931
vn -0.4544 0.1848 -0.8714
vn -0.4513 0.2313 -0.8619
vn -0.4839 0.2515 -0.8382
vn -0.4799 0.2966 -0.8257
vn -0.5096 0.3150 -0.8007
vn -0.5047 0.3579 -0.7856
vn -0.5314 0.3744 -0.7599
vn -0.5258 0.4146 -0.7427
vn -0.5493 0.4291 -0.7170
vn -0.5432 0.4663 -0.6983
vn -0.5635 0.4789 -0.6732
vn -0.2261 -0.2915 -0.9295
vn -0.2620 -0.2693 -0.9267
vn -0.2647 -0.2360 -0.9350
vn -0.3019 -0.2129 -0.9293
vn -0.3042 -0.1760 -0.9362
vn -0.3424 -0.1524 -0.9271
vn -0.3440 -0.1123 -0.9322
vn -0.3825 -0.0885 -0.9197
vn -0.3834 -0.0455 -0.9225
vn -0.4215 -0.0220 -0.9066
vn -0.4215 0.0232 -0.9065
vn -0.4585 0.0460 -0.8875
vn -0.4574 0.0926 -0.8844
vn -0.4926 0.1143 -0.8627
vn -0.4905 0.1612 -0.8564
vn -0.5232 0.1814 -0.8327
vn -0.5201 0.2279 -0.8231
vn -0.5499 0.2463 -0.7981
vn -0.5459 0.2914 -0.7856
vn -0.5725 0.3079 -0.7599
vn -0.5676 0.3508 -0.7448
vn -0.5910 0.3653 -0.7192
vn -0.5854 0.4056 -0.7020
vn -0.6057 0.4181 -0.6770
vn -0.5995 0.4554 -0.6582
vn -0.6168 0.4661 -0.6343
vn -0.2566 -0.3442 -0.9031
vn -0.2926 -0.3220 -0.9004
vn -0.2955 -0.2923 -0.9095
vn -0.3328 -0.2693 -0.9037
vn -0.3355 -0.2360 -0.9120
vn -0.3736 -0.2124 -0.9030
vn -0.3759 -0.1754 -0.9099
vn -0.4142 -0.1517 -0.8974
vn -0.4159 -0.1114 -0.9026
vn -0.4539 -0.0880 -0.8867
vn -0.4548 -0.0449 -0.8895
vn -0.4917 -0.0220 -0.8705
vn -0.4917 0.0232 -0.8705
vn -0.5268 0.0449 -0.8488
vn -0.5258 0.0914 -0.8457
vn -0.5586 0.1117 -0.8219
vn -0.5565 0.1586 -0.8156
vn -0.5864 0.1770 -0.7904
vn -0.5833 0.2234 -0.7809
vn -0.6101 0.2399 -0.7552
vn -0.6060 0.2849 -0.7427
vn -0.6295 0.2994 -0.7170
vn -0.6246 0.3422 -0.7020
vn -0.6448 0.3547 -0.6770
vn -0.6392 0.3951 -0.6598
vn -0.6564 0.4057 -0.6361
vn -0.6502 0.4431 -0.6171
vn -0.6646 0.4520 -0.5950
vn -0.2842 -0.3925 -0.8747
vn -0.3202 -0.3703 -0.8720
vn -0.3233 -0.3442 -0.8815
vn -0.3604 -0.3212 -0.8757
vn -0.3634 -0.2915 -0.8849
vn -0.4014 -0.2680 -0.8758
vn -0.4041 -0.2345 -0.8842
vn -0.4423 -0.2108 -0.8717
vn -0.4446 -0.1737 -0.8788
vn -0.4824 -0.1503 -0.8630
vn -0.4841 -0.1098 -0.8681
vn -0.5209 -0.0870 -0.8492
vn -0.5218 -0.0438 -0.8520
vn -0.5569 -0.0221 -0.8303
vn -0.5568 0.0232 -0.8303
vn -0.5896 0.0435 -0.8065
vn -0.5886 0.0899 -0.8034
vn -0.6186 0.1085 -0.7782
vn -0.6166 0.1552 -0.7719
vn -0.6434 0.1718 -0.7460
vn -0.6404 0.2180 -0.7365
vn -0.6640 0.2326 -0.7107
vn -0.6600 0.2773 -0.6983
vn -0.6803 0.2899 -0.6732
vn -0.6754 0.3326 -0.6582
vn -0.6927 0.3432 -0.6343
vn -0.6871 0.3834 -0.6171
vn -0.7015 0.3923 -0.5950
vn -0.6953 0.4297 -0.5760
vn -0.7072 0.4371 -0.5558
vn -0.7471 0.4371 -0.5008
vn -0.7826 0.3923 -0.4833
vn -0.8173 0.3432 -0.4628
vn -0.8505 0.2899 -0.4390
vn -0.8811 0.2326 -0.4119
vn -0.9083 0.1718 -0.3814
vn -0.9312 0.1085 -0.3479
vn -0.9492 0.0435 -0.3115
vn -0.9618 -0.0221 -0.2730
vn -0.9686 -0.0870 -0.2329
vn -0.9698 -0.1503 -0.1921
vn -0.9657 -0.2108 -0.1512
vn -0.9570 -0.2680 -0.1111
vn -0.9442 -0.3212 -0.0722
vn -0.9283 -0.3703 -0.0351
vn -0.7627 0.4297 -0.4833
vn -0.7712 0.4520 -0.4482
vn -0.7993 0.3834 -0.4628
vn -0.8078 0.4057 -0.4277
vn -0.7879 0.4431 -0.4277
vn -0.7939 0.4661 -0.3905
vn -0.8347 0.3326 -0.4390
vn -0.8432 0.3547 -0.4040
vn -0.8250 0.3951 -0.4040
vn -0.8311 0.4181 -0.3668
vn -0.8112 0.4554 -0.3668
vn -0.8144 0.4789 -0.3279
vn -0.8680 0.2773 -0.4119
vn -0.8765 0.2994 -0.3771
vn -0.8606 0.3422 -0.3771
vn -0.8667 0.3653 -0.3398
vn -0.8485 0.4056 -0.3398
vn -0.8517 0.4291 -0.3008
vn -0.8319 0.4663 -0.3008
vn -0.8319 0.4899 -0.2606
vn -0.8983 0.2180 -0.3814
vn -0.9067 0.2399 -0.3468
vn -0.8936 0.2849 -0.3468
vn -0.8996 0.3078 -0.3097
vn -0.8838 0.3508 -0.3097
vn -0.8869 0.3744 -0.2705
vn -0.8688 0.4146 -0.2706
vn -0.8688 0.4384 -0.2302
vn -0.8492 0.4753 -0.2302
vn -0.8459 0.4987 -0.1893
vn -0.9246 0.1552 -0.3479
vn -0.9330 0.1770 -0.3134
vn -0.9230 0.2234 -0.3134
vn -0.9289 0.2463 -0.2764
vn -0.9158 0.2914 -0.2764
vn -0.9190 0.3150 -0.2373
vn -0.9031 0.3579 -0.2373
vn -0.9031 0.3817 -0.1968
vn -0.8851 0.4218 -0.1968
vn -0.8817 0.4453 -0.1558
vn -0.8622 0.4821 -0.1558
vn -0.8556 0.5048 -0.1149
vn -0.9460 0.0899 -0.3115
vn -0.9543 0.1117 -0.2773
vn -0.9476 0.1586 -0.2773
vn -0.9536 0.1814 -0.2403
vn -0.9436 0.2279 -0.2403
vn -0.9467 0.2515 -0.2012
vn -0.9336 0.2966 -0.2012
vn -0.9336 0.3204 -0.1607
vn -0.9177 0.3633 -0.1607
vn -0.9144 0.3868 -0.1196
vn -0.8964 0.4269 -0.1196
vn -0.8897 0.4497 -0.0786
vn -0.8703 0.4863 -0.0786
vn -0.8605 0.5079 -0.0385
vn -0.9617 0.0232 -0.2730
vn -0.9700 0.0449 -0.2388
vn -0.9668 0.0914 -0.2388
vn -0.9727 0.1143 -0.2019
vn -0.9661 0.1612 -0.2019
vn -0.9692 0.1848 -0.1628
vn -0.9592 0.2313 -0.1628
vn -0.9592 0.2551 -0.1223
vn -0.9460 0.3002 -0.1223
vn -0.9427 0.3238 -0.0811
vn -0.9268 0.3666 -0.0811
vn -0.9202 0.3895 -0.0401
vn -0.9022 0.4294 -0.0401
vn -0.8925 0.4511 -0.0000
vn -0.8730 0.4877 -0.0000
vn -0.8605 0.5079 0.0385
vn -0.9715 -0.0438 -0.2329
vn -0.9798 -0.0220 -0.1987
vn -0.9798 0.0232 -0.1987
vn -0.9858 0.0460 -0.1618
vn -0.9825 0.0926 -0.1618
vn -0.9856 0.1161 -0.1227
vn -0.9789 0.1631 -0.1227
vn -0.9789 0.1869 -0.0822
vn -0.9689 0.2334 -0.0822
vn -0.9656 0.2569 -0.0410
vn -0.9524 0.3020 -0.0410
vn -0.9457 0.3249 -0.0000
vn -0.9299 0.3678 -0.0000
vn -0.9202 0.3895 0.0401
vn -0.9022 0.4294 0.0401
vn -0.8897 0.4497 0.0786
vn -0.8703 0.4863 0.0786
vn -0.8556 0.5048 0.1149
vn -0.9752 -0.1098 -0.1921
vn -0.9836 -0.0880 -0.1577
vn -0.9865 -0.0449 -0.1577
vn -0.9924 -0.0220 -0.1207
vn -0.9924 0.0232 -0.1207
vn -0.9956 0.0467 -0.0817
vn -0.9923 0.0932 -0.0817
vn -0.9923 0.1170 -0.0412
vn -0.9856 0.1640 -0.0412
vn -0.9822 0.1876 -0.0000
vn -0.9722 0.2341 -0.0000
vn -0.9656 0.2569 0.0410
vn -0.9524 0.3020 0.0410
vn -0.9427 0.3238 0.0811
vn -0.9268 0.3666 0.0811
vn -0.9144 0.3868 0.1196
vn -0.8964 0.4269 0.1196
vn -0.8817 0.4453 0.1558
vn -0.8622 0.4821 0.1558
vn -0.8459 0.4987 0.1893
vn -0.9731 -0.1737 -0.1512
vn -0.9815 -0.1517 -0.1166
vn -0.9869 -0.1114 -0.1166
vn -0.9929 -0.0885 -0.0796
vn -0.9958 -0.0455 -0.0796
vn -0.9989 -0.0220 -0.0405
vn -0.9989 0.0232 -0.0405
vn -0.9989 0.0470 -0.0000
vn -0.9956 0.0935 -0.0000
vn -0.9923 0.1170 0.0412
vn -0.9856 0.1640 0.0412
vn -0.9789 0.1869 0.0822
vn -0.9689 0.2334 0.0822
vn -0.9592 0.2551 0.1223
vn -0.9460 0.3002 0.1223
vn -0.9336 0.3204 0.1607
vn -0.9177 0.3633 0.1607
vn -0.9031 0.3817 0.1968
vn -0.8851 0.4218 0.1968
vn -0.8688 0.4384 0.2302
vn -0.8492 0.4753 0.2302
vn -0.8319 0.4899 0.2606
vn -0.9658 -0.2345 -0.1111
vn -0.9742 -0.2124 -0.0763
vn -0.9815 -0.1754 -0.0763
vn -0.9875 -0.1524 -0.0391
vn -0.9929 -0.1123 -0.0391
vn -0.9961 -0.0887 -0.0000
vn -0.9990 -0.0458 -0.0000
vn -0.9989 -0.0220 0.0405
vn -0.9989 0.0232 0.0405
vn -0.9956 0.0467 0.0817
vn -0.9923 0.0932 0.0817
vn -0.9856 0.1161 0.1227
vn -0.9790 0.1631 0.1227
vn -0.9692 0.1848 0.1628
vn -0.9592 0.2313 0.1628
vn -0.9467 0.2515 0.2012
vn -0.9336 0.2966 0.2012
vn -0.9190 0.3150 0.2373
vn -0.9031 0.3579 0.2373
vn -0.8869 0.3744 0.2705
vn -0.8688 0.4146 0.2706
vn -0.8517 0.4291 0.3008
vn -0.8319 0.4663 0.3008
vn -0.8144 0.4789 0.3279
vn -0.9539 -0.2915 -0.0722
vn -0.9623 -0.2693 -0.0372
vn -0.9711 -0.2359 -0.0372
vn -0.9771 -0.2129 -0.0000
vn -0.9844 -0.1760 -0.0000
vn -0.9875 -0.1524 0.0391
vn -0.9929 -0.1123 0.0391
vn -0.9929 -0.0885 0.0796
vn -0.9958 -0.0455 0.0796
vn -0.9924 -0.0220 0.1207
vn -0.9924 0.0232 0.1207
vn -0.9858 0.0460 0.1618
vn -0.9825 0.0926 0.1618
vn -0.9727 0.1143 0.2019
vn -0.9661 0.1612 0.2019
vn -0.9536 0.1814 0.2403
vn -0.9436 0.2279 0.2403
vn -0.9289 0.2463 0.2764
vn -0.9158 0.2914 0.2764
vn -0.8996 0.3078 0.3097
vn -0.8838 0.3508 0.3097
vn -0.8667 0.3653 0.3398
vn -0.8485 0.4056 0.3398
vn -0.8311 0.4181 0.3668
vn -0.8112 0.4554 0.3668
vn -0.7939 0.4661 0.3906
vn -0.9382 -0.3442 -0.0351
vn -0.9468 -0.3220 -0.0000
vn -0.9563 -0.2923 -0.0000
vn -0.9623 -0.2693 0.0372
vn -0.9711 -0.2359 0.0372
vn -0.9742 -0.2124 0.0763
vn -0.9815 -0.1754 0.0763
vn -0.9815 -0.1517 0.1166
vn -0.9869 -0.1114 0.1166
vn -0.9836 -0.0880 0.1577
vn -0.9865 -0.0448 0.1577
vn -0.9798 -0.0220 0.1987
vn -0.9798 0.0232 0.1987
vn -0.9700 0.0449 0.2388
vn -0.9668 0.0914 0.2388
vn -0.9543 0.1117 0.2773
vn -0.9476 0.1586 0.2773
vn -0.9330 0.1770 0.3134
vn -0.9230 0.2234 0.3134
vn -0.9067 0.2399 0.3468
vn -0.8936 0.2849 0.3468
vn -0.8765 0.2994 0.3771
vn -0.8606 0.3422 0.3771
vn -0.8432 0.3547 0.4040
vn -0.8250 0.3951 0.4040
vn -0.8078 0.4057 0.4277
vn -0.7879 0.4431 0.4277
vn -0.7712 0.4520 0.4482
vn -0.9198 -0.3925 -0.0000
vn -0.9283 -0.3703 0.0351
vn -0.9382 -0.3442 0.0351
vn -0.9442 -0.3212 0.0722
vn -0.9539 -0.2915 0.0722
vn -0.9570 -0.2680 0.1111
vn -0.9658 -0.2345 0.1111
vn -0.9657 -0.2108 0.1512
vn -0.9731 -0.1737 0.1512
vn -0.9698 -0.1503 0.1921
vn -0.9752 -0.1098 0.1921
vn -0.9686 -0.0870 0.2329
vn -0.9715 -0.0438 0.2329
vn -0.9618 -0.0221 0.2730
vn -0.9617 0.0232 0.2730
vn -0.9492 0.0435 0.3115
vn -0.9460 0.0899 0.3115
vn -0.9312 0.1085 0.3479
vn -0.9246 0.1552 0.3479
vn -0.9083 0.1718 0.3814
vn -0.8983 0.2180 0.3814
vn -0.8811 0.2326 0.4119
vn -0.8680 0.2773 0.4119
vn -0.8505 0.2899 0.4390
vn -0.8347 0.3326 0.4390
vn -0.8173 0.3432 0.4628
vn -0.7993 0.3834 0.4628
vn -0.7826 0.3923 0.4833
vn -0.7627 0.4298 0.4833
vn -0.7471 0.4371 0.5008
vn -0.7072 0.4371 0.5558
vn -0.7015 0.3923 0.5950
vn -0.6927 0.3432 0.6343
vn -0.6803 0.2899 0.6732
vn -0.6640 0.2326 0.7107
vn -0.6434 0.1718 0.7460
vn -0.6186 0.1085 0.7782
vn -0.5896 0.0435 0.8065
vn -0.5569 -0.0221 0.8303
vn -0.5209 -0.0870 0.8492
vn -0.4824 -0.1503 0.8630
vn -0.4423 -0.2108 0.8717
vn -0.4014 -0.2680 0.8758
vn -0.3604 -0.3212 0.8757
vn -0.3202 -0.3703 0.8720
vn -0.6953 0.4297 0.5760
vn -0.6646 0.4520 0.5950
vn -0.6871 0.3834 0.6171
vn -0.6564 0.4057 0.6361
vn -0.6502 0.4431 0.6171
vn -0.6168 0.4661 0.6343
vn -0.6754 0.3326 0.6582
vn -0.6448 0.3547 0.6770
vn -0.6392 0.3951 0.6598
vn -0.6057 0.4181 0.6770
vn -0.5995 0.4554 0.6582
vn -0.5635 0.4789 0.6732
vn -0.6600 0.2773 0.6983
vn -0.6295 0.2994 0.7170
vn -0.6246 0.3422 0.7020
vn -0.5910 0.3653 0.7192
vn -0.5854 0.4056 0.7020
vn -0.5493 0.4291 0.7170
vn -0.5432 0.4663 0.6983
vn -0.5049 0.4899 0.7107
vn -0.6404 0.2180 0.7365
vn -0.6101 0.2399 0.7552
vn -0.6060 0.2849 0.7427
vn -0.5725 0.3079 0.7599
vn -0.5676 0.3508 0.7448
vn -0.5314 0.3744 0.7599
vn -0.5258 0.4146 0.7427
vn -0.4874 0.4384 0.7552
vn -0.4813 0.4753 0.7365
vn -0.4415 0.4987 0.7460
vn -0.6166 0.1552 0.7719
vn -0.5864 0.1770 0.7904
vn -0.5833 0.2234 0.7809
vn -0.5499 0.2463 0.7981
vn -0.5459 0.2914 0.7856
vn -0.5096 0.3150 0.8007
vn -0.5047 0.3579 0.7856
vn -0.4662 0.3817 0.7981
vn -0.4607 0.4218 0.7809
vn -0.4206 0.4453 0.7904
vn -0.4146 0.4821 0.7718
vn -0.3737 0.5048 0.7782
vn -0.5886 0.0899 0.8034
vn -0.5586 0.1117 0.8219
vn -0.5565 0.1586 0.8156
vn -0.5232 0.1814 0.8327
vn -0.5201 0.2279 0.8231
vn -0.4839 0.2515 0.8382
vn -0.4799 0.2966 0.8257
vn -0.4413 0.3204 0.8382
vn -0.4364 0.3633 0.8231
vn -0.3963 0.3868 0.8327
vn -0.3907 0.4269 0.8156
vn -0.3497 0.4497 0.8219
vn -0.3437 0.4863 0.8034
vn -0.3026 0.5079 0.8065
vn -0.5568 0.0232 0.8303
vn -0.5268 0.0449 0.8488
vn -0.5258 0.0914 0.8457
vn -0.4926 0.1143 0.8627
vn -0.4905 0.1612 0.8564
vn -0.4544 0.1848 0.8714
vn -0.4513 0.2313 0.8619
vn -0.4127 0.2551 0.8744
vn -0.4087 0.3002 0.8619
vn -0.3685 0.3238 0.8714
vn -0.3636 0.3666 0.8564
vn -0.3225 0.3895 0.8627
vn -0.3170 0.4294 0.8457
vn -0.2758 0.4511 0.8488
vn -0.2698 0.4877 0.8303
vn -0.2293 0.5079 0.8303
vn -0.5218 -0.0438 0.8520
vn -0.4917 -0.0220 0.8705
vn -0.4917 0.0232 0.8705
vn -0.4585 0.0460 0.8875
vn -0.4574 0.0926 0.8844
vn -0.4213 0.1161 0.8995
vn -0.4192 0.1631 0.8931
vn -0.3807 0.1869 0.9056
vn -0.3776 0.2334 0.8961
vn -0.3374 0.2570 0.9056
vn -0.3334 0.3020 0.8931
vn -0.2923 0.3249 0.8995
vn -0.2874 0.3678 0.8844
vn -0.2462 0.3895 0.8875
vn -0.2407 0.4294 0.8704
vn -0.2002 0.4497 0.8705
vn -0.1942 0.4863 0.8520
vn -0.1551 0.5048 0.8492
vn -0.4841 -0.1098 0.8681
vn -0.4539 -0.0880 0.8867
vn -0.4548 -0.0449 0.8895
vn -0.4215 -0.0220 0.9066
vn -0.4215 0.0232 0.9065
vn -0.3853 0.0467 0.9216
vn -0.3843 0.0932 0.9185
vn -0.3458 0.1170 0.9310
vn -0.3437 0.1640 0.9246
vn -0.3035 0.1876 0.9342
vn -0.3004 0.2341 0.9246
vn -0.2593 0.2569 0.9310
vn -0.2553 0.3021 0.9185
vn -0.2141 0.3238 0.9216
vn -0.2092 0.3666 0.9065
vn -0.1688 0.3868 0.9066
vn -0.1633 0.4269 0.8895
vn -0.1243 0.4453 0.8867
vn -0.1183 0.4821 0.8681
vn -0.0813 0.4987 0.8630
vn -0.4446 -0.1737 0.8788
vn -0.4142 -0.1517 0.8974
vn -0.4159 -0.1114 0.9026
vn -0.3825 -0.0885 0.9197
vn -0.3834 -0.0455 0.9225
vn -0.3472 -0.0220 0.9375
vn -0.3472 0.0232 0.9375
vn -0.3087 0.0470 0.9500
vn -0.3077 0.0935 0.9469
vn -0.2675 0.1170 0.9564
vn -0.2654 0.1640 0.9501
vn -0.2243 0.1869 0.9564
vn -0.2212 0.2334 0.9469
vn -0.1801 0.2551 0.9500
vn -0.1760 0.3002 0.9375
vn -0.1356 0.3204 0.9375
vn -0.1307 0.3633 0.9225
vn -0.0919 0.3817 0.9197
vn -0.0863 0.4218 0.9026
vn -0.0496 0.4384 0.8974
vn -0.0435 0.4753 0.8788
vn -0.0092 0.4899 0.8717
vn -0.4041 -0.2345 0.8842
vn -0.3736 -0.2124 0.9030
vn -0.3759 -0.1754 0.9099
vn -0.3424 -0.1524 0.9271
vn -0.3440 -0.1123 0.9322
vn -0.3078 -0.0887 0.9473
vn -0.3087 -0.0458 0.9501
vn -0.2702 -0.0220 0.9626
vn -0.2702 0.0232 0.9625
vn -0.2300 0.0467 0.9721
vn -0.2290 0.0932 0.9690
vn -0.1879 0.1161 0.9753
vn -0.1858 0.1631 0.9690
vn -0.1446 0.1848 0.9721
vn -0.1415 0.2313 0.9625
vn -0.1012 0.2515 0.9626
vn -0.0971 0.2966 0.9501
vn -0.0583 0.3150 0.9473
vn -0.0534 0.3579 0.9322
vn -0.0168 0.3744 0.9271
vn -0.0112 0.4146 0.9099
vn 0.0229 0.4291 0.9029
vn 0.0290 0.4663 0.8842
vn 0.0602 0.4789 0.8758
vn -0.3634 -0.2915 0.8849
vn -0.3328 -0.2693 0.9037
vn -0.3355 -0.2360 0.9120
vn -0.3019 -0.2129 0.9293
vn -0.3042 -0.1761 0.9362
vn -0.2680 -0.1524 0.9513
vn -0.2696 -0.1123 0.9564
vn -0.2311 -0.0885 0.9689
vn -0.2320 -0.0455 0.9716
vn -0.1919 -0.0220 0.9812
vn -0.1919 0.0232 0.9811
vn -0.1508 0.0460 0.9875
vn -0.1498 0.0926 0.9844
vn -0.1086 0.1143 0.9875
vn -0.1065 0.1612 0.9811
vn -0.0661 0.1814 0.9812
vn -0.0630 0.2279 0.9716
vn -0.0242 0.2463 0.9689
vn -0.0201 0.2914 0.9564
vn 0.0165 0.3078 0.9513
vn 0.0214 0.3508 0.9362
vn 0.0554 0.3653 0.9293
vn 0.0610 0.4056 0.9120
vn 0.0920 0.4181 0.9037
vn 0.0982 0.4554 0.8849
vn 0.1261 0.4661 0.8757
vn -0.3233 -0.3442 0.8815
vn -0.2926 -0.3220 0.9004
vn -0.2955 -0.2923 0.9095
vn -0.2620 -0.2693 0.9267
vn -0.2647 -0.2359 0.9350
vn -0.2285 -0.2124 0.9501
vn -0.2308 -0.1754 0.9571
vn -0.1924 -0.1517 0.9695
vn -0.1940 -0.1114 0.9746
vn -0.1540 -0.0880 0.9842
vn -0.1549 -0.0449 0.9869
vn -0.1138 -0.0220 0.9933
vn -0.1138 0.0232 0.9932
vn -0.0727 0.0449 0.9963
vn -0.0717 0.0914 0.9932
vn -0.0312 0.1117 0.9933
vn -0.0291 0.1586 0.9869
vn 0.0098 0.1770 0.9842
vn 0.0129 0.2234 0.9746
vn 0.0497 0.2399 0.9695
vn 0.0537 0.2849 0.9571
vn 0.0878 0.2994 0.9501
vn 0.0927 0.3422 0.9350
vn 0.1237 0.3547 0.9267
vn 0.1293 0.3951 0.9095
vn 0.1571 0.4057 0.9004
vn 0.1633 0.4431 0.8815
vn 0.1880 0.4520 0.8720
vn -0.2842 -0.3925 0.8747
vn -0.2535 -0.3703 0.8937
vn -0.2566 -0.3442 0.9031
vn -0.2231 -0.3212 0.9203
vn -0.2261 -0.2915 0.9295
vn -0.1901 -0.2680 0.9445
vn -0.1928 -0.2345 0.9528
vn -0.1546 -0.2108 0.9652
vn -0.1569 -0.1737 0.9722
vn -0.1170 -0.1503 0.9817
vn -0.1187 -0.1098 0.9868
vn -0.0778 -0.0870 0.9932
vn -0.0787 -0.0438 0.9959
vn -0.0375 -0.0221 0.9991
vn -0.0375 0.0232 0.9990
vn 0.0030 0.0435 0.9991
vn 0.0040 0.0899 0.9959
vn 0.0431 0.1085 0.9932
vn 0.0451 0.1552 0.9868
vn 0.0821 0.1718 0.9817
vn 0.0852 0.2180 0.9722
vn 0.1194 0.2326 0.9652
vn 0.1235 0.2773 0.9528
vn 0.1547 0.2899 0.9445
vn 0.1596 0.3326 0.9295
vn 0.1875 0.3432 0.9203
vn 0.1931 0.3834 0.9031
vn 0.2178 0.3923 0.8937
vn 0.2240 0.4298 0.8747
vn 0.2454 0.4371 0.8653
vn 0.3101 0.4371 0.8443
vn 0.3491 0.3923 0.8510
vn 0.3892 0.3432 0.8548
vn 0.4300 0.2899 0.8550
vn 0.4707 0.2326 0.8511
vn 0.5106 0.1718 0.8425
vn 0.5489 0.1085 0.8288
vn 0.5848 0.0435 0.8100
vn 0.6176 -0.0221 0.7862
vn 0.6467 -0.0870 0.7578
vn 0.6717 -0.1503 0.7255
vn 0.6924 -0.2108 0.6900
vn 0.7089 -0.2680 0.6524
vn 0.7215 -0.3212 0.6134
vn 0.7304 -0.3703 0.5740
vn 0.3330 0.4297 0.8393
vn 0.3605 0.4520 0.8159
vn 0.3746 0.3834 0.8442
vn 0.4021 0.4057 0.8208
vn 0.3860 0.4431 0.8091
vn 0.4127 0.4661 0.7826
vn 0.4172 0.3326 0.8458
vn 0.4447 0.3547 0.8225
vn 0.4300 0.3951 0.8118
vn 0.4568 0.4181 0.7852
vn 0.4407 0.4554 0.7736
vn 0.4661 0.4789 0.7439
vn 0.4601 0.2773 0.8434
vn 0.4874 0.2994 0.8202
vn 0.4746 0.3422 0.8109
vn 0.5014 0.3653 0.7843
vn 0.4867 0.4056 0.7737
vn 0.5122 0.4291 0.7440
vn 0.4962 0.4663 0.7323
vn 0.5198 0.4899 0.6998
vn 0.5026 0.2180 0.8366
vn 0.5297 0.2399 0.8136
vn 0.5191 0.2849 0.8059
vn 0.5458 0.3079 0.7793
vn 0.5330 0.3508 0.7700
vn 0.5585 0.3744 0.7402
vn 0.5439 0.4146 0.7296
vn 0.5676 0.4384 0.6969
vn 0.5517 0.4753 0.6854
vn 0.5730 0.4987 0.6504
vn 0.5435 0.1552 0.8249
vn 0.5705 0.1770 0.8020
vn 0.5624 0.2234 0.7961
vn 0.5891 0.2463 0.7696
vn 0.5784 0.2914 0.7619
vn 0.6040 0.3150 0.7321
vn 0.5912 0.3579 0.7228
vn 0.6149 0.3817 0.6900
vn 0.6003 0.4218 0.6794
vn 0.6218 0.4453 0.6443
vn 0.6060 0.4821 0.6328
vn 0.6246 0.5048 0.5959
vn 0.5822 0.0899 0.8081
vn 0.6091 0.1117 0.7852
vn 0.6037 0.1586 0.7813
vn 0.6302 0.1814 0.7549
vn 0.6221 0.2279 0.7490
vn 0.6476 0.2515 0.7193
vn 0.6370 0.2966 0.7115
vn 0.6608 0.3204 0.6787
vn 0.6480 0.3633 0.6694
vn 0.6695 0.3868 0.6342
vn 0.6549 0.4269 0.6236
vn 0.6736 0.4497 0.5866
vn 0.6579 0.4863 0.5751
vn 0.6735 0.5079 0.5370
vn 0.6176 0.0232 0.7862
vn 0.6444 0.0449 0.7633
vn 0.6418 0.0914 0.7614
vn 0.6683 0.1143 0.7351
vn 0.6629 0.1612 0.7311
vn 0.6884 0.1848 0.7014
vn 0.6803 0.2313 0.6955
vn 0.7041 0.2551 0.6627
vn 0.6934 0.3002 0.6550
vn 0.7149 0.3238 0.6197
vn 0.7021 0.3666 0.6104
vn 0.7209 0.3895 0.5733
vn 0.7063 0.4294 0.5628
vn 0.7220 0.4511 0.5246
vn 0.7063 0.4877 0.5131
vn 0.7188 0.5079 0.4746
vn 0.6490 -0.0438 0.7595
vn 0.6759 -0.0220 0.7366
vn 0.6759 0.0232 0.7366
vn 0.7024 0.0460 0.7103
vn 0.6998 0.0926 0.7084
vn 0.7253 0.1161 0.6786
vn 0.7198 0.1631 0.6747
vn 0.7436 0.1869 0.6419
vn 0.7355 0.2334 0.6360
vn 0.7570 0.2569 0.6007
vn 0.7464 0.3020 0.5930
vn 0.7651 0.3249 0.5559
vn 0.7523 0.3678 0.5466
vn 0.7680 0.3895 0.5084
vn 0.7535 0.4294 0.4979
vn 0.7660 0.4497 0.4594
vn 0.7503 0.4863 0.4479
vn 0.7597 0.5048 0.4099
vn 0.6761 -0.1098 0.7286
vn 0.7030 -0.0880 0.7057
vn 0.7054 -0.0449 0.7074
vn 0.7319 -0.0220 0.6810
vn 0.7319 0.0232 0.6810
vn 0.7574 0.0467 0.6513
vn 0.7548 0.0932 0.6493
vn 0.7786 0.1170 0.6166
vn 0.7732 0.1640 0.6126
vn 0.7947 0.1876 0.5773
vn 0.7865 0.2341 0.5714
vn 0.8053 0.2569 0.5343
vn 0.7946 0.3020 0.5266
vn 0.8103 0.3237 0.4884
vn 0.7975 0.3666 0.4791
vn 0.8100 0.3868 0.4407
vn 0.7955 0.4268 0.4301
vn 0.8049 0.4453 0.3922
vn 0.7891 0.4821 0.3808
vn 0.7956 0.4987 0.3440
vn 0.6984 -0.1737 0.6943
vn 0.7255 -0.1517 0.6713
vn 0.7299 -0.1114 0.6745
vn 0.7565 -0.0885 0.6480
vn 0.7588 -0.0455 0.6497
vn 0.7844 -0.0220 0.6199
vn 0.7843 0.0232 0.6199
vn 0.8081 0.0470 0.5871
vn 0.8055 0.0935 0.5852
vn 0.8270 0.1170 0.5499
vn 0.8216 0.1640 0.5460
vn 0.8403 0.1869 0.5089
vn 0.8322 0.2334 0.5030
vn 0.8479 0.2551 0.4648
vn 0.8372 0.3002 0.4571
vn 0.8497 0.3204 0.4187
vn 0.8369 0.3633 0.4094
vn 0.8463 0.3817 0.3716
vn 0.8317 0.4218 0.3610
vn 0.8382 0.4384 0.3245
vn 0.8223 0.4753 0.3129
vn 0.8262 0.4899 0.2781
vn 0.7160 -0.2345 0.6575
vn 0.7433 -0.2124 0.6343
vn 0.7492 -0.1754 0.6386
vn 0.7759 -0.1524 0.6121
vn 0.7803 -0.1123 0.6153
vn 0.8058 -0.0887 0.5855
vn 0.8082 -0.0458 0.5872
vn 0.8320 -0.0220 0.5544
vn 0.8319 0.0232 0.5544
vn 0.8534 0.0467 0.5191
vn 0.8508 0.0932 0.5172
vn 0.8695 0.1161 0.4800
vn 0.8641 0.1631 0.4761
vn 0.8798 0.1848 0.4380
vn 0.8717 0.2313 0.4321
vn 0.8842 0.2515 0.3937
vn 0.8735 0.2966 0.3860
vn 0.8829 0.3150 0.3482
vn 0.8701 0.3579 0.3389
vn 0.8766 0.3744 0.3024
vn 0.8619 0.4146 0.2918
vn 0.8658 0.4291 0.2573
vn 0.8499 0.4663 0.2456
vn 0.8516 0.4789 0.2134
vn 0.7292 -0.2915 0.6191
vn 0.7567 -0.2693 0.5958
vn 0.7637 -0.2359 0.6009
vn 0.7905 -0.2129 0.5743
vn 0.7964 -0.1761 0.5786
vn 0.8219 -0.1524 0.5488
vn 0.8263 -0.1123 0.5520
vn 0.8500 -0.0885 0.5192
vn 0.8524 -0.0455 0.5209
vn 0.8739 -0.0220 0.4857
vn 0.8738 0.0232 0.4857
vn 0.8926 0.0460 0.4485
vn 0.8899 0.0926 0.4466
vn 0.9056 0.1143 0.4084
vn 0.9002 0.1612 0.4045
vn 0.9127 0.1814 0.3661
vn 0.9046 0.2279 0.3602
vn 0.9140 0.2463 0.3224
vn 0.9034 0.2914 0.3147
vn 0.9098 0.3078 0.2783
vn 0.8970 0.3508 0.2689
vn 0.9009 0.3653 0.2345
vn 0.8862 0.4056 0.2238
vn 0.8879 0.4181 0.1917
vn 0.8719 0.4554 0.1801
vn 0.8718 0.4661 0.1507
vn 0.7384 -0.3442 0.5798
vn 0.7659 -0.3220 0.5565
vn 0.7737 -0.2923 0.5621
vn 0.8004 -0.2693 0.5355
vn 0.8075 -0.2360 0.5406
vn 0.8330 -0.2124 0.5109
vn 0.8389 -0.1754 0.5152
vn 0.8626 -0.1517 0.4825
vn 0.8670 -0.1114 0.4857
vn 0.8884 -0.0880 0.4505
vn 0.8908 -0.0449 0.4523
vn 0.9095 -0.0220 0.4152
vn 0.9094 0.0232 0.4152
vn 0.9251 0.0449 0.3770
vn 0.9225 0.0914 0.3751
vn 0.9350 0.1117 0.3366
vn 0.9296 0.1586 0.3327
vn 0.9390 0.1770 0.2948
vn 0.9309 0.2234 0.2889
vn 0.9374 0.2399 0.2524
vn 0.9268 0.2849 0.2447
vn 0.9307 0.2994 0.2101
vn 0.9179 0.3422 0.2008
vn 0.9196 0.3547 0.1687
vn 0.9050 0.3951 0.1581
vn 0.9049 0.4057 0.1288
vn 0.8888 0.4431 0.1171
vn 0.8874 0.4520 0.0907
vn 0.7441 -0.3925 0.5406
vn 0.7716 -0.3703 0.5173
vn 0.7797 -0.3442 0.5231
vn 0.8063 -0.3212 0.4966
vn 0.8141 -0.2915 0.5022
vn 0.8395 -0.2680 0.4726
vn 0.8466 -0.2345 0.4778
vn 0.8702 -0.2108 0.4453
vn 0.8762 -0.1737 0.4496
vn 0.8975 -0.1503 0.4146
vn 0.9019 -0.1098 0.4178
vn 0.9205 -0.0870 0.3809
vn 0.9229 -0.0438 0.3826
vn 0.9386 -0.0221 0.3444
vn 0.9385 0.0232 0.3444
vn 0.9511 0.0435 0.3059
vn 0.9484 0.0899 0.3040
vn 0.9579 0.1085 0.2659
vn 0.9525 0.1552 0.2620
vn 0.9590 0.1718 0.2253
vn 0.9510 0.2180 0.2194
vn 0.9549 0.2326 0.1847
vn 0.9443 0.2773 0.1770
vn 0.9461 0.2899 0.1447
vn 0.9333 0.3326 0.1355
vn 0.9332 0.3432 0.1060
vn 0.9186 0.3834 0.0954
vn 0.9172 0.3923 0.0690
vn 0.9011 0.4297 0.0573
vn 0.8988 0.4371 0.0340
vn 0.2812 0.4150 -0.8653
vn 0.3202 0.3703 -0.8720
vn 0.3604 0.3212 -0.8757
vn 0.4014 0.2680 -0.8758
vn 0.4423 0.2108 -0.8717
vn 0.4824 0.1503 -0.8630
vn 0.5209 0.0870 -0.8492
vn 0.5569 0.0221 -0.8303
vn 0.5896 -0.0435 -0.8065
vn 0.6186 -0.1085 -0.7782
vn 0.6434 -0.1718 -0.7460
vn 0.6640 -0.2326 -0.7107
vn 0.6803 -0.2899 -0.6732
vn 0.6927 -0.3432 -0.6343
vn 0.7015 -0.3923 -0.5950
vn 0.2842 0.3925 -0.8747
vn 0.2535 0.3703 -0.8937
vn 0.3233 0.3442 -0.8815
vn 0.2926 0.3220 -0.9004
vn 0.2566 0.3442 -0.9031
vn 0.2231 0.3212 -0.9203
vn 0.3634 0.2915 -0.8849
vn 0.3328 0.2693 -0.9037
vn 0.2955 0.2923 -0.9095
vn 0.2620 0.2693 -0.9267
vn 0.2261 0.2915 -0.9295
vn 0.1901 0.2680 -0.9445
vn 0.4041 0.2345 -0.8842
vn 0.3736 0.2124 -0.9030
vn 0.3355 0.2360 -0.9120
vn 0.3019 0.2129 -0.9293
vn 0.2647 0.2360 -0.9350
vn 0.2285 0.2124 -0.9501
vn 0.1928 0.2345 -0.9528
vn 0.1546 0.2108 -0.9652
vn 0.4446 0.1737 -0.8788
vn 0.4142 0.1517 -0.8974
vn 0.3759 0.1754 -0.9099
vn 0.3424 0.1524 -0.9271
vn 0.3042 0.1760 -0.9362
vn 0.2680 0.1524 -0.9513
vn 0.2308 0.1754 -0.9571
vn 0.1924 0.1517 -0.9695
vn 0.1569 0.1737 -0.9722
vn 0.1170 0.1503 -0.9817
vn 0.4841 0.1098 -0.8681
vn 0.4539 0.0880 -0.8867
vn 0.4159 0.1114 -0.9026
vn 0.3825 0.0885 -0.9197
vn 0.3440 0.1123 -0.9322
vn 0.3078 0.0887 -0.9473
vn 0.2696 0.1123 -0.9564
vn 0.2311 0.0885 -0.9689
vn 0.1940 0.1114 -0.9746
vn 0.1540 0.0880 -0.9842
vn 0.1187 0.1098 -0.9868
vn 0.0778 0.0870 -0.9932
vn 0.5218 0.0438 -0.8520
vn 0.4917 0.0220 -0.8705
vn 0.4548 0.0449 -0.8895
vn 0.4215 0.0220 -0.9066
vn 0.3834 0.0455 -0.9225
vn 0.3472 0.0220 -0.9375
vn 0.3087 0.0458 -0.9501
vn 0.2702 0.0220 -0.9626
vn 0.2320 0.0455 -0.9716
vn 0.1919 0.0220 -0.9812
vn 0.1549 0.0449 -0.9869
vn 0.1138 0.0220 -0.9933
vn 0.0787 0.0438 -0.9959
vn 0.0375 0.0221 -0.9991
vn 0.5568 -0.0232 -0.8303
vn 0.5268 -0.0449 -0.8488
vn 0.4917 -0.0232 -0.8705
vn 0.4585 -0.0460 -0.8875
vn 0.4215 -0.0232 -0.9065
vn 0.3853 -0.0467 -0.9216
vn 0.3472 -0.0232 -0.9375
vn 0.3087 -0.0470 -0.9500
vn 0.2702 -0.0232 -0.9625
vn 0.2300 -0.0467 -0.9721
vn 0.1919 -0.0232 -0.9811
vn 0.1508 -0.0460 -0.9875
vn 0.1138 -0.0232 -0.9932
vn 0.0727 -0.0449 -0.9963
vn 0.0375 -0.0232 -0.9990
vn -0.0030 -0.0435 -0.9991
vn 0.5886 -0.0899 -0.8034
vn 0.5586 -0.1117 -0.8219
vn 0.5258 -0.0914 -0.8457
vn 0.4926 -0.1143 -0.8627
vn 0.4574 -0.0926 -0.8844
vn 0.4213 -0.1161 -0.8995
vn 0.3843 -0.0932 -0.9185
vn 0.3458 -0.1170 -0.9310
vn 0.3077 -0.0935 -0.9469
vn 0.2675 -0.1170 -0.9564
vn 0.2290 -0.0932 -0.9690
vn 0.1879 -0.1161 -0.9753
vn 0.1498 -0.0926 -0.9844
vn 0.1086 -0.1143 -0.9875
vn 0.0717 -0.0914 -0.9932
vn 0.0312 -0.1117 -0.9933
vn -0.0040 -0.0899 -0.9959
vn -0.0431 -0.1085 -0.9932
vn 0.6166 -0.1552 -0.7719
vn 0.5864 -0.1770 -0.7904
vn 0.5565 -0.1586 -0.8156
vn 0.5232 -0.1814 -0.8327
vn 0.4905 -0.1612 -0.8564
vn 0.4544 -0.1848 -0.8714
vn 0.4192 -0.1631 -0.8931
vn 0.3807 -0.1869 -0.9056
vn 0.3437 -0.1640 -0.9246
vn 0.3035 -0.1876 -0.9342
vn 0.2654 -0.1640 -0.9501
vn 0.2243 -0.1869 -0.9564
vn 0.1858 -0.1631 -0.9690
vn 0.1446 -0.1848 -0.9721
vn 0.1065 -0.1612 -0.9811
vn 0.0661 -0.1814 -0.9812
vn 0.0291 -0.1586 -0.9869
vn -0.0098 -0.1770 -0.9842
vn -0.0451 -0.1552 -0.9868
vn -0.0821 -0.1718 -0.9817
vn 0.6404 -0.2180 -0.7365
vn 0.6101 -0.2399 -0.7552
vn 0.5833 -0.2234 -0.7809
vn 0.5499 -0.2463 -0.7981
vn 0.5201 -0.2279 -0.8231
vn 0.4839 -0.2515 -0.8382
vn 0.4513 -0.2313 -0.8619
vn 0.4127 -0.2551 -0.8744
vn 0.3776 -0.2334 -0.8961
vn 0.3374 -0.2570 -0.9056
vn 0.3004 -0.2341 -0.9246
vn 0.2593 -0.2570 -0.9310
vn 0.2212 -0.2334 -0.9469
vn 0.1801 -0.2551 -0.9500
vn 0.1415 -0.2313 -0.9625
vn 0.1012 -0.2515 -0.9626
vn 0.0630 -0.2279 -0.9716
vn 0.0242 -0.2463 -0.9689
vn -0.0129 -0.2234 -0.9746
vn -0.0497 -0.2399 -0.9695
vn -0.0852 -0.2180 -0.9722
vn -0.1194 -0.2326 -0.9652
vn 0.6600 -0.2773 -0.6983
vn 0.6295 -0.2994 -0.7170
vn 0.6060 -0.2849 -0.7427
vn 0.5725 -0.3079 -0.7599
vn 0.5459 -0.2914 -0.7856
vn 0.5096 -0.3150 -0.8007
vn 0.4799 -0.2966 -0.8257
vn 0.4413 -0.3204 -0.8382
vn 0.4087 -0.3002 -0.8619
vn 0.3685 -0.3238 -0.8714
vn 0.3334 -0.3020 -0.8931
vn 0.2923 -0.3249 -0.8995
vn 0.2553 -0.3020 -0.9185
vn 0.2141 -0.3238 -0.9216
vn 0.1760 -0.3002 -0.9375
vn 0.1356 -0.3204 -0.9375
vn 0.0971 -0.2966 -0.9501
vn 0.0583 -0.3150 -0.9473
vn 0.0201 -0.2914 -0.9564
vn -0.0165 -0.3079 -0.9513
vn -0.0537 -0.2849 -0.9571
vn -0.0878 -0.2994 -0.9501
vn -0.1235 -0.2773 -0.9528
vn -0.1547 -0.2899 -0.9445
vn 0.6754 -0.3326 -0.6582
vn 0.6448 -0.3547 -0.6770
vn 0.6246 -0.3422 -0.7020
vn 0.5910 -0.3653 -0.7192
vn 0.5676 -0.3508 -0.7448
vn 0.5314 -0.3744 -0.7599
vn 0.5047 -0.3579 -0.7856
vn 0.4662 -0.3817 -0.7981
vn 0.4364 -0.3633 -0.8231
vn 0.3963 -0.3868 -0.8327
vn 0.3636 -0.3666 -0.8564
vn 0.3225 -0.3895 -0.8627
vn 0.2874 -0.3678 -0.8844
vn 0.2462 -0.3895 -0.8875
vn 0.2092 -0.3666 -0.9065
vn 0.1688 -0.3868 -0.9066
vn 0.1307 -0.3633 -0.9225
vn 0.0919 -0.3817 -0.9197
vn 0.0534 -0.3579 -0.9322
vn 0.0168 -0.3744 -0.9271
vn -0.0214 -0.3508 -0.9362
vn -0.0554 -0.3653 -0.9293
vn -0.0927 -0.3422 -0.9350
vn -0.1237 -0.3547 -0.9267
vn -0.1596 -0.3326 -0.9295
vn -0.1875 -0.3432 -0.9203
vn 0.6871 -0.3834 -0.6171
vn 0.6564 -0.4057 -0.6361
vn 0.6392 -0.3951 -0.6598
vn 0.6057 -0.4181 -0.6770
vn 0.5854 -0.4056 -0.7020
vn 0.5493 -0.4291 -0.7170
vn 0.5258 -0.4146 -0.7427
vn 0.4874 -0.4384 -0.7552
vn 0.4607 -0.4218 -0.7809
vn 0.4206 -0.4453 -0.7904
vn 0.3907 -0.4269 -0.8156
vn 0.3497 -0.4497 -0.8219
vn 0.3170 -0.4294 -0.8457
vn 0.2758 -0.4511 -0.8488
vn 0.2407 -0.4294 -0.8704
vn 0.2002 -0.4497 -0.8705
vn 0.1633 -0.4269 -0.8895
vn 0.1243 -0.4453 -0.8867
vn 0.0863 -0.4218 -0.9026
vn 0.0496 -0.4384 -0.8974
vn 0.0112 -0.4146 -0.9099
vn -0.0229 -0.4291 -0.9029
vn -0.0610 -0.4056 -0.9120
vn -0.0920 -0.4181 -0.9037
vn -0.1293 -0.3951 -0.9095
vn -0.1571 -0.4057 -0.9004
vn -0.1931 -0.3834 -0.9031
vn -0.2178 -0.3923 -0.8937
vn 0.6953 -0.4297 -0.5760
vn 0.6646 -0.4520 -0.5950
vn 0.6502 -0.4431 -0.6171
vn 0.6168 -0.4661 -0.6343
vn 0.5995 -0.4554 -0.6582
vn 0.5635 -0.4789 -0.6732
vn 0.5432 -0.4663 -0.6983
vn 0.5049 -0.4899 -0.7107
vn 0.4813 -0.4753 -0.7365
vn 0.4415 -0.4987 -0.7460
vn 0.4146 -0.4821 -0.7718
vn 0.3737 -0.5048 -0.7782
vn 0.3437 -0.4863 -0.8034
vn 0.3026 -0.5079 -0.8065
vn 0.2698 -0.4877 -0.8303
vn 0.2293 -0.5079 -0.8303
vn 0.1942 -0.4863 -0.8520
vn 0.1551 -0.5048 -0.8492
vn 0.1183 -0.4821 -0.8681
vn 0.0813 -0.4987 -0.8630
vn 0.0435 -0.4753 -0.8788
vn 0.0092 -0.4899 -0.8717
vn -0.0290 -0.4663 -0.8842
vn -0.0602 -0.4789 -0.8758
vn -0.0982 -0.4554 -0.8849
vn -0.1261 -0.4661 -0.8757
vn -0.1633 -0.4431 -0.8815
vn -0.1880 -0.4520 -0.8720
vn -0.2240 -0.4298 -0.8747
vn -0.2454 -0.4371 -0.8653
vn -0.7361 0.4150 -0.5348
vn -0.7304 0.3703 -0.5740
vn -0.7215 0.3212 -0.6134
vn -0.7089 0.2680 -0.6524
vn -0.6924 0.2108 -0.6900
vn -0.6717 0.1503 -0.7255
vn -0.6467 0.0870 -0.7578
vn -0.6176 0.0221 -0.7862
vn -0.5848 -0.0435 -0.8100
vn -0.5489 -0.1085 -0.8288
vn -0.5106 -0.1718 -0.8425
vn -0.4707 -0.2326 -0.8511
vn -0.4300 -0.2899 -0.8550
vn -0.3892 -0.3432 -0.8548
vn -0.3491 -0.3923 -0.8510
vn -0.7441 0.3925 -0.5406
vn -0.7716 0.3703 -0.5173
vn -0.7384 0.3442 -0.5798
vn -0.7659 0.3220 -0.5565
vn -0.7797 0.3442 -0.5231
vn -0.8063 0.3212 -0.4966
vn -0.7293 0.2915 -0.6191
vn -0.7567 0.2693 -0.5958
vn -0.7737 0.2923 -0.5621
vn -0.8004 0.2693 -0.5355
vn -0.8141 0.2915 -0.5022
vn -0.8395 0.2680 -0.4726
vn -0.7160 0.2345 -0.6575
vn -0.7433 0.2124 -0.6343
vn -0.7637 0.2360 -0.6009
vn -0.7905 0.2129 -0.5743
vn -0.8075 0.2359 -0.5406
vn -0.8330 0.2124 -0.5109
vn -0.8466 0.2345 -0.4778
vn -0.8702 0.2108 -0.4453
vn -0.6984 0.1737 -0.6943
vn -0.7255 0.1517 -0.6713
vn -0.7492 0.1754 -0.6386
vn -0.7759 0.1524 -0.6121
vn -0.7964 0.1760 -0.5786
vn -0.8219 0.1524 -0.5488
vn -0.8389 0.1754 -0.5152
vn -0.8626 0.1517 -0.4825
vn -0.8762 0.1737 -0.4496
vn -0.8975 0.1503 -0.4146
vn -0.6761 0.1098 -0.7286
vn -0.7030 0.0880 -0.7057
vn -0.7299 0.1114 -0.6744
vn -0.7565 0.0885 -0.6480
vn -0.7803 0.1123 -0.6153
vn -0.8058 0.0887 -0.5855
vn -0.8263 0.1123 -0.5520
vn -0.8500 0.0885 -0.5192
vn -0.8670 0.1114 -0.4857
vn -0.8884 0.0880 -0.4505
vn -0.9019 0.1098 -0.4178
vn -0.9205 0.0870 -0.3809
vn -0.6490 0.0438 -0.7595
vn -0.6759 0.0220 -0.7366
vn -0.7054 0.0449 -0.7074
vn -0.7319 0.0220 -0.6810
vn -0.7588 0.0455 -0.6497
vn -0.7843 0.0220 -0.6199
vn -0.8082 0.0458 -0.5872
vn -0.8320 0.0220 -0.5544
vn -0.8524 0.0455 -0.5209
vn -0.8739 0.0220 -0.4857
vn -0.8908 0.0449 -0.4523
vn -0.9095 0.0220 -0.4152
vn -0.9229 0.0438 -0.3826
vn -0.9386 0.0221 -0.3444
vn -0.6176 -0.0232 -0.7862
vn -0.6444 -0.0449 -0.7633
vn -0.6759 -0.0232 -0.7366
vn -0.7024 -0.0460 -0.7103
vn -0.7319 -0.0232 -0.6810
vn -0.7574 -0.0467 -0.6513
vn -0.7843 -0.0232 -0.6199
vn -0.8081 -0.0470 -0.5871
vn -0.8319 -0.0232 -0.5544
vn -0.8534 -0.0467 -0.5191
vn -0.8738 -0.0232 -0.4857
vn -0.8926 -0.0460 -0.4485
vn -0.9094 -0.0232 -0.4152
vn -0.9251 -0.0449 -0.3770
vn -0.9385 -0.0232 -0.3444
vn -0.9511 -0.0435 -0.3059
vn -0.5822 -0.0899 -0.8081
vn -0.6091 -0.1117 -0.7852
vn -0.6418 -0.0914 -0.7614
vn -0.6683 -0.1143 -0.7351
vn -0.6998 -0.0926 -0.7083
vn -0.7253 -0.1161 -0.6786
vn -0.7548 -0.0932 -0.6493
vn -0.7786 -0.1170 -0.6166
vn -0.8055 -0.0935 -0.5852
vn -0.8270 -0.1170 -0.5499
vn -0.8508 -0.0932 -0.5172
vn -0.8695 -0.1161 -0.4800
vn -0.8899 -0.0926 -0.4466
vn -0.9056 -0.1143 -0.4084
vn -0.9225 -0.0914 -0.3751
vn -0.9350 -0.1117 -0.3366
vn -0.9484 -0.0899 -0.3040
vn -0.9579 -0.1085 -0.2659
vn -0.5435 -0.1552 -0.8249
vn -0.5705 -0.1770 -0.8020
vn -0.6037 -0.1586 -0.7813
vn -0.6302 -0.1814 -0.7549
vn -0.6629 -0.1612 -0.7311
vn -0.6884 -0.1848 -0.7014
vn -0.7199 -0.1631 -0.6747
vn -0.7436 -0.1869 -0.6419
vn -0.7732 -0.1640 -0.6126
vn -0.7947 -0.1876 -0.5773
vn -0.8216 -0.1640 -0.5460
vn -0.8403 -0.1869 -0.5089
vn -0.8641 -0.1631 -0.4761
vn -0.8798 -0.1848 -0.4380
vn -0.9002 -0.1612 -0.4045
vn -0.9127 -0.1814 -0.3661
vn -0.9296 -0.1586 -0.3327
vn -0.9390 -0.1770 -0.2948
vn -0.9525 -0.1552 -0.2620
vn -0.9590 -0.1718 -0.2253
vn -0.5026 -0.2180 -0.8366
vn -0.5297 -0.2399 -0.8136
vn -0.5624 -0.2234 -0.7961
vn -0.5891 -0.2463 -0.7696
vn -0.6221 -0.2279 -0.7490
vn -0.6476 -0.2515 -0.7193
vn -0.6803 -0.2313 -0.6955
vn -0.7041 -0.2551 -0.6627
vn -0.7355 -0.2334 -0.6360
vn -0.7570 -0.2569 -0.6007
vn -0.7865 -0.2341 -0.5715
vn -0.8053 -0.2569 -0.5343
vn -0.8322 -0.2334 -0.5030
vn -0.8479 -0.2551 -0.4648
vn -0.8717 -0.2313 -0.4321
vn -0.8842 -0.2515 -0.3937
vn -0.9046 -0.2279 -0.3602
vn -0.9140 -0.2463 -0.3224
vn -0.9309 -0.2234 -0.2889
vn -0.9374 -0.2399 -0.2524
vn -0.9510 -0.2180 -0.2194
vn -0.9549 -0.2326 -0.1847
vn -0.4601 -0.2773 -0.8434
vn -0.4874 -0.2994 -0.8202
vn -0.5191 -0.2849 -0.8059
vn -0.5458 -0.3079 -0.7793
vn -0.5784 -0.2914 -0.7619
vn -0.6040 -0.3150 -0.7321
vn -0.6370 -0.2966 -0.7115
vn -0.6608 -0.3204 -0.6787
vn -0.6934 -0.3002 -0.6550
vn -0.7149 -0.3238 -0.6197
vn -0.7464 -0.3020 -0.5930
vn -0.7651 -0.3249 -0.5559
vn -0.7946 -0.3020 -0.5266
vn -0.8103 -0.3238 -0.4884
vn -0.8372 -0.3002 -0.4571
vn -0.8497 -0.3204 -0.4187
vn -0.8735 -0.2966 -0.3860
vn -0.8829 -0.3150 -0.3482
vn -0.9034 -0.2914 -0.3147
vn -0.9098 -0.3078 -0.2783
vn -0.9268 -0.2849 -0.2447
vn -0.9307 -0.2994 -0.2101
vn -0.9443 -0.2773 -0.1770
vn -0.9461 -0.2899 -0.1447
vn -0.4172 -0.3326 -0.8458
vn -0.4447 -0.3547 -0.8225
vn -0.4746 -0.3422 -0.8109
vn -0.5014 -0.3653 -0.7843
vn -0.5330 -0.3508 -0.7700
vn -0.5585 -0.3744 -0.7402
vn -0.5911 -0.3579 -0.7228
vn -0.6149 -0.3817 -0.6900
vn -0.6480 -0.3633 -0.6694
vn -0.6695 -0.3868 -0.6342
vn -0.7021 -0.3666 -0.6104
vn -0.7209 -0.3895 -0.5733
vn -0.7523 -0.3678 -0.5466
vn -0.7680 -0.3895 -0.5084
vn -0.7975 -0.3666 -0.4791
vn -0.8100 -0.3868 -0.4407
vn -0.8369 -0.3633 -0.4094
vn -0.8463 -0.3817 -0.3716
vn -0.8701 -0.3579 -0.3389
vn -0.8766 -0.3744 -0.3024
vn -0.8970 -0.3508 -0.2689
vn -0.9009 -0.3653 -0.2345
vn -0.9179 -0.3422 -0.2008
vn -0.9196 -0.3547 -0.1687
vn -0.9333 -0.3326 -0.1355
vn -0.9332 -0.3432 -0.1060
vn -0.3746 -0.3834 -0.8442
vn -0.4021 -0.4057 -0.8208
vn -0.4300 -0.3951 -0.8118
vn -0.4568 -0.4181 -0.7852
vn -0.4867 -0.4056 -0.7737
vn -0.5122 -0.4291 -0.7440
vn -0.5439 -0.4146 -0.7296
vn -0.5676 -0.4384 -0.6969
vn -0.6003 -0.4218 -0.6794
vn -0.6218 -0.4453 -0.6443
vn -0.6549 -0.4269 -0.6236
vn -0.6736 -0.4497 -0.5866
vn -0.7063 -0.4294 -0.5628
vn -0.7220 -0.4511 -0.5246
vn -0.7535 -0.4294 -0.4979
vn -0.7660 -0.4497 -0.4594
vn -0.7955 -0.4269 -0.4301
vn -0.8049 -0.4453 -0.3922
vn -0.8317 -0.4218 -0.3610
vn -0.8382 -0.4384 -0.3245
vn -0.8619 -0.4146 -0.2918
vn -0.8658 -0.4291 -0.2573
vn -0.8862 -0.4056 -0.2238
vn -0.8879 -0.4181 -0.1917
vn -0.9050 -0.3951 -0.1581
vn -0.9049 -0.4057 -0.1288
vn -0.9186 -0.3834 -0.0954
vn -0.9172 -0.3923 -0.0690
vn -0.3330 -0.4298 -0.8393
vn -0.3605 -0.4520 -0.8159
vn -0.3860 -0.4431 -0.8091
vn -0.4127 -0.4661 -0.7826
vn -0.4407 -0.4554 -0.7736
vn -0.4661 -0.4789 -0.7439
vn -0.4962 -0.4663 -0.7323
vn -0.5198 -0.4899 -0.6998
vn -0.5517 -0.4753 -0.6854
vn -0.5730 -0.4987 -0.6504
vn -0.6060 -0.4821 -0.6328
vn -0.6246 -0.5048 -0.5959
vn -0.6579 -0.4863 -0.5751
vn -0.6735 -0.5079 -0.5370
vn -0.7063 -0.4877 -0.5132
vn -0.7188 -0.5080 -0.4746
vn -0.7503 -0.4863 -0.4479
vn -0.7597 -0.5048 -0.4099
vn -0.7891 -0.4821 -0.3808
vn -0.7956 -0.4987 -0.3440
vn -0.8223 -0.4753 -0.3129
vn -0.8262 -0.4899 -0.2781
vn -0.8499 -0.4663 -0.2456
vn -0.8516 -0.4789 -0.2134
vn -0.8719 -0.4554 -0.1801
vn -0.8718 -0.4661 -0.1507
vn -0.8888 -0.4431 -0.1171
vn -0.8874 -0.4520 -0.0907
vn -0.9011 -0.4297 -0.0573
vn -0.8988 -0.4371 -0.0340
vn -0.7361 0.4150 0.5348
vn -0.7716 0.3703 0.5173
vn -0.8063 0.3212 0.4966
vn -0.8395 0.2680 0.4726
vn -0.8702 0.2108 0.4453
vn -0.8975 0.1503 0.4146
vn -0.9205 0.0870 0.3809
vn -0.9386 0.0221 0.3444
vn -0.9511 -0.0435 0.3059
vn -0.9579 -0.1085 0.2659
vn -0.9590 -0.1718 0.2253
vn -0.9549 -0.2326 0.1847
vn -0.9461 -0.2899 0.1447
vn -0.9332 -0.3432 0.1060
vn -0.9172 -0.3923 0.0690
vn -0.7441 0.3925 0.5406
vn -0.7304 0.3703 0.5740
vn -0.7797 0.3442 0.5231
vn -0.7659 0.3220 0.5565
vn -0.7384 0.3442 0.5798
vn -0.7215 0.3212 0.6134
vn -0.8141 0.2915 0.5022
vn -0.8004 0.2693 0.5355
vn -0.7737 0.2923 0.5621
vn -0.7567 0.2693 0.5958
vn -0.7292 0.2915 0.6191
vn -0.7089 0.2680 0.6524
vn -0.8466 0.2345 0.4778
vn -0.8330 0.2124 0.5109
vn -0.8075 0.2360 0.5406
vn -0.7905 0.2129 0.5743
vn -0.7637 0.2359 0.6009
vn -0.7433 0.2124 0.6343
vn -0.7160 0.2345 0.6575
vn -0.6924 0.2108 0.6900
vn -0.8762 0.1737 0.4496
vn -0.8626 0.1517 0.4825
vn -0.8389 0.1754 0.5152
vn -0.8219 0.1524 0.5488
vn -0.7964 0.1760 0.5786
vn -0.7759 0.1524 0.6121
vn -0.7492 0.1754 0.6386
vn -0.7255 0.1517 0.6713
vn -0.6984 0.1737 0.6943
vn -0.6717 0.1503 0.7255
vn -0.9019 0.1098 0.4178
vn -0.8884 0.0880 0.4505
vn -0.8670 0.1114 0.4857
vn -0.8500 0.0885 0.5192
vn -0.8263 0.1123 0.5520
vn -0.8058 0.0887 0.5855
vn -0.7803 0.1123 0.6153
vn -0.7565 0.0885 0.6480
vn -0.7299 0.1114 0.6745
vn -0.7030 0.0880 0.7057
vn -0.6761 0.1098 0.7286
vn -0.6467 0.0870 0.7578
vn -0.9229 0.0438 0.3826
vn -0.9095 0.0220 0.4152
vn -0.8908 0.0449 0.4523
vn -0.8739 0.0220 0.4857
vn -0.8524 0.0455 0.5209
vn -0.8320 0.0220 0.5544
vn -0.8082 0.0458 0.5872
vn -0.7844 0.0220 0.6199
vn -0.7588 0.0455 0.6497
vn -0.7319 0.0220 0.6810
vn -0.7054 0.0449 0.7074
vn -0.6759 0.0220 0.7366
vn -0.6490 0.0438 0.7595
vn -0.6176 0.0221 0.7862
vn -0.9385 -0.0232 0.3444
vn -0.9251 -0.0449 0.3770
vn -0.9094 -0.0232 0.4152
vn -0.8926 -0.0460 0.4485
vn -0.8738 -0.0232 0.4857
vn -0.8534 -0.0467 0.5191
vn -0.8319 -0.0232 0.5544
vn -0.8081 -0.0470 0.5871
vn -0.7843 -0.0232 0.6199
vn -0.7574 -0.0467 0.6513
vn -0.7319 -0.0232 0.6810
vn -0.7024 -0.0460 0.7103
vn -0.6759 -0.0232 0.7366
vn -0.6444 -0.0449 0.7633
vn -0.6176 -0.0232 0.7862
vn -0.5848 -0.0435 0.8100
vn -0.9484 -0.0899 0.3040
vn -0.9350 -0.1117 0.3366
vn -0.9225 -0.0914 0.3751
vn -0.9056 -0.1143 0.4084
vn -0.8899 -0.0926 0.4466
vn -0.8695 -0.1161 0.4800
vn -0.8508 -0.0932 0.5172
vn -0.8270 -0.1170 0.5499
vn -0.8055 -0.0935 0.5852
vn -0.7786 -0.1170 0.6166
vn -0.7548 -0.0932 0.6493
vn -0.7253 -0.1161 0.6786
vn -0.6998 -0.0926 0.7084
vn -0.6683 -0.1143 0.7351
vn -0.6418 -0.0914 0.7614
vn -0.6091 -0.1117 0.7852
vn -0.5822 -0.0899 0.8081
vn -0.5489 -0.1085 0.8288
vn -0.9525 -0.1552 0.2620
vn -0.9390 -0.1770 0.2948
vn -0.9296 -0.1586 0.3327
vn -0.9127 -0.1814 0.3661
vn -0.9002 -0.1612 0.4045
vn -0.8798 -0.1848 0.4380
vn -0.8641 -0.1631 0.4761
vn -0.8403 -0.1869 0.5089
vn -0.8216 -0.1640 0.5460
vn -0.7947 -0.1876 0.5774
vn -0.7732 -0.1640 0.6126
vn -0.7436 -0.1869 0.6419
vn -0.7198 -0.1631 0.6747
vn -0.6884 -0.1848 0.7014
vn -0.6629 -0.1612 0.7311
vn -0.6302 -0.1814 0.7549
vn -0.6037 -0.1586 0.7813
vn -0.5705 -0.1770 0.8020
vn -0.5435 -0.1552 0.8249
vn -0.5106 -0.1718 0.8425
vn -0.9510 -0.2180 0.2194
vn -0.9374 -0.2399 0.2524
vn -0.9309 -0.2234 0.2889
vn -0.9140 -0.2463 0.3224
vn -0.9046 -0.2279 0.3602
vn -0.8842 -0.2515 0.3937
vn -0.8717 -0.2313 0.4321
vn -0.8479 -0.2551 0.4648
vn -0.8322 -0.2334 0.5030
vn -0.8053 -0.2570 0.5343
vn -0.7865 -0.2341 0.5715
vn -0.7570 -0.2569 0.6007
vn -0.7355 -0.2334 0.6360
vn -0.7041 -0.2551 0.6627
vn -0.6803 -0.2313 0.6955
vn -0.6476 -0.2515 0.7193
vn -0.6221 -0.2279 0.7490
vn -0.5891 -0.2463 0.7696
vn -0.5624 -0.2234 0.7961
vn -0.5297 -0.2399 0.8136
vn -0.5026 -0.2180 0.8366
vn -0.4707 -0.2326 0.8511
vn -0.9443 -0.2773 0.1770
vn -0.9307 -0.2994 0.2101
vn -0.9268 -0.2849 0.2447
vn -0.9098 -0.3079 0.2783
vn -0.9034 -0.2914 0.3147
vn -0.8829 -0.3150 0.3482
vn -0.8735 -0.2966 0.3859
vn -0.8497 -0.3204 0.4187
vn -0.8372 -0.3002 0.4571
vn -0.8103 -0.3238 0.4884
vn -0.7946 -0.3020 0.5266
vn -0.7651 -0.3249 0.5559
vn -0.7464 -0.3020 0.5930
vn -0.7149 -0.3238 0.6197
vn -0.6934 -0.3002 0.6550
vn -0.6608 -0.3204 0.6787
vn -0.6370 -0.2966 0.7115
vn -0.6040 -0.3150 0.7321
vn -0.5784 -0.2914 0.7619
vn -0.5458 -0.3079 0.7793
vn -0.5191 -0.2849 0.8059
vn -0.4874 -0.2994 0.8202
vn -0.4601 -0.2773 0.8434
vn -0.4300 -0.2899 0.8550
vn -0.9333 -0.3326 0.1355
vn -0.9196 -0.3547 0.1687
vn -0.9179 -0.3422 0.2008
vn -0.9009 -0.3653 0.2345
vn -0.8970 -0.3508 0.2689
vn -0.8766 -0.3744 0.3024
vn -0.8701 -0.3579 0.3389
vn -0.8463 -0.3817 0.3716
vn -0.8369 -0.3633 0.4094
vn -0.8100 -0.3868 0.4407
vn -0.7975 -0.3666 0.4791
vn -0.7680 -0.3895 0.5084
vn -0.7523 -0.3678 0.5466
vn -0.7209 -0.3895 0.5733
vn -0.7021 -0.3666 0.6104
vn -0.6695 -0.3868 0.6342
vn -0.6480 -0.3633 0.6694
vn -0.6149 -0.3817 0.6900
vn -0.5912 -0.3579 0.7228
vn -0.5585 -0.3744 0.7402
vn -0.5330 -0.3508 0.7700
vn -0.5014 -0.3653 0.7843
vn -0.4746 -0.3422 0.8109
vn -0.4447 -0.3547 0.8225
vn -0.4172 -0.3326 0.8458
vn -0.3892 -0.3432 0.8548
vn -0.9186 -0.3834 0.0954
vn -0.9049 -0.4057 0.1288
vn -0.9050 -0.3951 0.1581
vn -0.8879 -0.4181 0.1918
vn -0.8862 -0.4056 0.2238
vn -0.8658 -0.4291 0.2573
vn -0.8619 -0.4146 0.2918
vn -0.8382 -0.4384 0.3245
vn -0.8317 -0.4218 0.3610
vn -0.8049 -0.4453 0.3922
vn -0.7955 -0.4269 0.4301
vn -0.7660 -0.4497 0.4594
vn -0.7535 -0.4294 0.4979
vn -0.7220 -0.4511 0.5246
vn -0.7063 -0.4294 0.5628
vn -0.6736 -0.4497 0.5866
vn -0.6549 -0.4269 0.6236
vn -0.6218 -0.4453 0.6443
vn -0.6003 -0.4218 0.6794
vn -0.5676 -0.4384 0.6969
vn -0.5439 -0.4146 0.7296
vn -0.5122 -0.4291 0.7440
vn -0.4867 -0.4056 0.7737
vn -0.4568 -0.4181 0.7852
vn -0.4300 -0.3951 0.8118
vn -0.4021 -0.4057 0.8208
vn -0.3746 -0.3834 0.8442
vn -0.3491 -0.3923 0.8510
vn -0.9011 -0.4297 0.0573
vn -0.8874 -0.4520 0.0907
vn -0.8888 -0.4431 0.1171
vn -0.8718 -0.4661 0.1507
vn -0.8719 -0.4554 0.1801
vn -0.8516 -0.4789 0.2134
vn -0.8499 -0.4663 0.2456
vn -0.8262 -0.4899 0.2781
vn -0.8223 -0.4753 0.3129
vn -0.7956 -0.4987 0.3440
vn -0.7891 -0.4821 0.3808
vn -0.7597 -0.5048 0.4099
vn -0.7503 -0.4863 0.4479
vn -0.7188 -0.5079 0.4746
vn -0.7063 -0.4877 0.5132
vn -0.6735 -0.5079 0.5370
vn -0.6579 -0.4863 0.5751
vn -0.6246 -0.5048 0.5959
vn -0.6060 -0.4821 0.6328
vn -0.5730 -0.4987 0.6504
vn -0.5517 -0.4753 0.6854
vn -0.5198 -0.4899 0.6998
vn -0.4962 -0.4663 0.7323
vn -0.4661 -0.4789 0.7439
vn -0.4407 -0.4554 0.7736
vn -0.4127 -0.4661 0.7826
vn -0.3860 -0.4431 0.8091
vn -0.3605 -0.4520 0.8159
vn -0.3330 -0.4298 0.8393
vn -0.3101 -0.4371 0.8443
vn 0.2811 0.4150 0.8653
vn 0.2535 0.3703 0.8937
vn 0.2231 0.3212 0.9203
vn 0.1901 0.2680 0.9445
vn 0.1546 0.2108 0.9652
vn 0.1170 0.1503 0.9817
vn 0.0778 0.0870 0.9932
vn 0.0375 0.0221 0.9991
vn -0.0030 -0.0435 0.9991
vn -0.0431 -0.1085 0.9932
vn -0.0821 -0.1718 0.9817
vn -0.1194 -0.2326 0.9652
vn -0.1547 -0.2899 0.9445
vn -0.1875 -0.3432 0.9203
vn -0.2178 -0.3923 0.8937
vn 0.2842 0.3925 0.8747
vn 0.3202 0.3703 0.8720
vn 0.2566 0.3442 0.9031
vn 0.2926 0.3220 0.9004
vn 0.3233 0.3442 0.8815
vn 0.3604 0.3212 0.8757
vn 0.2261 0.2915 0.9295
vn 0.2620 0.2693 0.9267
vn 0.2955 0.2923 0.9095
vn 0.3328 0.2693 0.9037
vn 0.3634 0.2915 0.8849
vn 0.4014 0.2680 0.8758
vn 0.1928 0.2345 0.9528
vn 0.2285 0.2124 0.9501
vn 0.2647 0.2359 0.9350
vn 0.3019 0.2129 0.9293
vn 0.3355 0.2359 0.9120
vn 0.3736 0.2124 0.9030
vn 0.4041 0.2345 0.8842
vn 0.4423 0.2108 0.8717
vn 0.1569 0.1737 0.9722
vn 0.1924 0.1517 0.9695
vn 0.2308 0.1754 0.9571
vn 0.2680 0.1524 0.9513
vn 0.3042 0.1760 0.9362
vn 0.3424 0.1524 0.9271
vn 0.3759 0.1754 0.9099
vn 0.4142 0.1517 0.8974
vn 0.4446 0.1737 0.8788
vn 0.4824 0.1503 0.8630
vn 0.1187 0.1098 0.9868
vn 0.1540 0.0880 0.9842
vn 0.1940 0.1114 0.9746
vn 0.2311 0.0885 0.9689
vn 0.2696 0.1123 0.9564
vn 0.3078 0.0887 0.9473
vn 0.3440 0.1123 0.9322
vn 0.3825 0.0885 0.9197
vn 0.4159 0.1114 0.9026
vn 0.4539 0.0880 0.8867
vn 0.4841 0.1098 0.8681
vn 0.5209 0.0870 0.8492
vn 0.0787 0.0438 0.9959
vn 0.1138 0.0220 0.9933
vn 0.1549 0.0449 0.9869
vn 0.1919 0.0220 0.9812
vn 0.2320 0.0455 0.9716
vn 0.2702 0.0220 0.9626
vn 0.3087 0.0458 0.9501
vn 0.3472 0.0220 0.9375
vn 0.3834 0.0455 0.9225
vn 0.4215 0.0220 0.9066
vn 0.4548 0.0449 0.8895
vn 0.4917 0.0220 0.8705
vn 0.5218 0.0438 0.8520
vn 0.5569 0.0221 0.8303
vn 0.0375 -0.0232 0.9990
vn 0.0727 -0.0449 0.9963
vn 0.1138 -0.0232 0.9932
vn 0.1508 -0.0460 0.9875
vn 0.1919 -0.0232 0.9811
vn 0.2300 -0.0467 0.9721
vn 0.2702 -0.0232 0.9625
vn 0.3087 -0.0470 0.9500
vn 0.3472 -0.0232 0.9375
vn 0.3853 -0.0467 0.9216
vn 0.4215 -0.0232 0.9065
vn 0.4585 -0.0460 0.8875
vn 0.4917 -0.0232 0.8705
vn 0.5268 -0.0449 0.8488
vn 0.5568 -0.0232 0.8303
vn 0.5896 -0.0435 0.8065
vn -0.0040 -0.0899 0.9959
vn 0.0312 -0.1117 0.9933
vn 0.0717 -0.0914 0.9932
vn 0.1086 -0.1143 0.9875
vn 0.1498 -0.0926 0.9844
vn 0.1879 -0.1161 0.9753
vn 0.2290 -0.0932 0.9690
vn 0.2675 -0.1170 0.9564
vn 0.3077 -0.0935 0.9469
vn 0.3458 -0.1170 0.9310
vn 0.3843 -0.0932 0.9185
vn 0.4213 -0.1161 0.8995
vn 0.4574 -0.0926 0.8844
vn 0.4926 -0.1143 0.8627
vn 0.5258 -0.0914 0.8457
vn 0.5586 -0.1117 0.8219
vn 0.5886 -0.0899 0.8034
vn 0.6186 -0.1085 0.7782
vn -0.0451 -0.1552 0.9868
vn -0.0098 -0.1770 0.9842
vn 0.0291 -0.1586 0.9869
vn 0.0661 -0.1814 0.9812
vn 0.1065 -0.1612 0.9811
vn 0.1446 -0.1848 0.9721
vn 0.1858 -0.1631 0.9690
vn 0.2243 -0.1869 0.9564
vn 0.2654 -0.1640 0.9501
vn 0.3035 -0.1876 0.9342
vn 0.3437 -0.1640 0.9246
vn 0.3807 -0.1869 0.9056
vn 0.4192 -0.1631 0.8931
vn 0.4544 -0.1848 0.8714
vn 0.4905 -0.1612 0.8564
vn 0.5232 -0.1814 0.8327
vn 0.5565 -0.1586 0.8156
vn 0.5864 -0.1770 0.7904
vn 0.6166 -0.1552 0.7719
vn 0.6434 -0.1718 0.7460
vn -0.0852 -0.2180 0.9722
vn -0.0497 -0.2399 0.9695
vn -0.0129 -0.2234 0.9746
vn 0.0242 -0.2463 0.9689
vn 0.0630 -0.2279 0.9716
vn 0.1012 -0.2515 0.9626
vn 0.1415 -0.2313 0.9625
vn 0.1801 -0.2551 0.9500
vn 0.2212 -0.2334 0.9469
vn 0.2593 -0.2570 0.9310
vn 0.3004 -0.2341 0.9246
vn 0.3374 -0.2570 0.9056
vn 0.3776 -0.2334 0.8961
vn 0.4127 -0.2551 0.8744
vn 0.4513 -0.2313 0.8619
vn 0.4839 -0.2515 0.8382
vn 0.5201 -0.2279 0.8231
vn 0.5499 -0.2463 0.7981
vn 0.5833 -0.2234 0.7809
vn 0.6101 -0.2399 0.7552
vn 0.6404 -0.2180 0.7365
vn 0.6640 -0.2326 0.7107
vn -0.1235 -0.2773 0.9528
vn -0.0878 -0.2994 0.9501
vn -0.0537 -0.2849 0.9571
vn -0.0165 -0.3078 0.9513
vn 0.0201 -0.2914 0.9564
vn 0.0583 -0.3150 0.9473
vn 0.0971 -0.2966 0.9501
vn 0.1356 -0.3204 0.9375
vn 0.1760 -0.3002 0.9375
vn 0.2141 -0.3238 0.9216
vn 0.2553 -0.3020 0.9185
vn 0.2923 -0.3249 0.8995
vn 0.3334 -0.3020 0.8931
vn 0.3685 -0.3238 0.8714
vn 0.4087 -0.3002 0.8619
vn 0.4413 -0.3204 0.8382
vn 0.4799 -0.2966 0.8257
vn 0.5096 -0.3150 0.8007
vn 0.5459 -0.2914 0.7856
vn 0.5725 -0.3079 0.7599
vn 0.6060 -0.2849 0.7427
vn 0.6295 -0.2994 0.7170
vn 0.6600 -0.2773 0.6983
vn 0.6803 -0.2899 0.6732
vn -0.1596 -0.3326 0.9295
vn -0.1237 -0.3547 0.9267
vn -0.0927 -0.3422 0.9350
vn -0.0554 -0.3653 0.9292
vn -0.0214 -0.3508 0.9362
vn 0.0168 -0.3744 0.9271
vn 0.0534 -0.3579 0.9322
vn 0.0919 -0.3817 0.9197
vn 0.1307 -0.3633 0.9225
vn 0.1688 -0.3868 0.9066
vn 0.2092 -0.3666 0.9065
vn 0.2462 -0.3895 0.8875
vn 0.2874 -0.3678 0.8844
vn 0.3225 -0.3895 0.8627
vn 0.3636 -0.3666 0.8564
vn 0.3963 -0.3868 0.8327
vn 0.4364 -0.3633 0.8231
vn 0.4662 -0.3817 0.7981
vn 0.5047 -0.3579 0.7856
vn 0.5314 -0.3744 0.7599
vn 0.5676 -0.3508 0.7448
vn 0.5910 -0.3653 0.7192
vn 0.6246 -0.3422 0.7020
vn 0.6448 -0.3547 0.6770
vn 0.6754 -0.3326 0.6582
vn 0.6927 -0.3432 0.6343
vn -0.1931 -0.3834 0.9031
vn -0.1571 -0.4057 0.9004
vn -0.1293 -0.3951 0.9095
vn -0.0920 -0.4181 0.9037
vn -0.0610 -0.4056 0.9120
vn -0.0229 -0.4291 0.9030
vn 0.0112 -0.4146 0.9099
vn 0.0496 -0.4384 0.8974
vn 0.0863 -0.4218 0.9026
vn 0.1243 -0.4453 0.8867
vn 0.1633 -0.4269 0.8895
vn 0.2002 -0.4497 0.8705
vn 0.2407 -0.4294 0.8704
vn 0.2758 -0.4511 0.8488
vn 0.3170 -0.4294 0.8457
vn 0.3497 -0.4497 0.8219
vn 0.3907 -0.4269 0.8156
vn 0.4206 -0.4453 0.7904
vn 0.4607 -0.4218 0.7809
vn 0.4874 -0.4384 0.7552
vn 0.5258 -0.4146 0.7427
vn 0.5493 -0.4291 0.7170
vn 0.5854 -0.4056 0.7020
vn 0.6057 -0.4181 0.6770
vn 0.6392 -0.3951 0.6598
vn 0.6564 -0.4057 0.6361
vn 0.6871 -0.3834 0.6171
vn 0.7015 -0.3923 0.5950
vn -0.2240 -0.4298 0.8747
vn -0.1880 -0.4520 0.8720
vn -0.1633 -0.4431 0.8815
vn -0.1261 -0.4661 0.8757
vn -0.0982 -0.4554 0.8849
vn -0.0602 -0.4789 0.8758
vn -0.0290 -0.4663 0.8842
vn 0.0092 -0.4899 0.8717
vn 0.0435 -0.4753 0.8788
vn 0.0813 -0.4987 0.8630
vn 0.1183 -0.4821 0.8681
vn 0.1551 -0.5048 0.8492
vn 0.1942 -0.4863 0.8520
vn 0.2293 -0.5079 0.8303
vn 0.2698 -0.4877 0.8303
vn 0.3026 -0.5080 0.8065
vn 0.3437 -0.4863 0.8034
vn 0.3737 -0.5048 0.7782
vn 0.4146 -0.4821 0.7718
vn 0.4415 -0.4987 0.7460
vn 0.4813 -0.4753 0.7365
vn 0.5049 -0.4899 0.7107
vn 0.5432 -0.4663 0.6983
vn 0.5635 -0.4789 0.6732
vn 0.5995 -0.4554 0.6582
vn 0.6168 -0.4661 0.6343
vn 0.6502 -0.4431 0.6171
vn 0.6646 -0.4520 0.5950
vn 0.6953 -0.4297 0.5760
vn 0.7072 -0.4371 0.5558
vn 0.9098 0.4150 -0.0000
vn 0.9283 0.3702 0.0351
vn 0.9442 0.3212 0.0722
vn 0.9570 0.2680 0.1111
vn 0.9657 0.2108 0.1512
vn 0.9698 0.1503 0.1921
vn 0.9686 0.0870 0.2329
vn 0.9618 0.0221 0.2730
vn 0.9492 -0.0435 0.3115
vn 0.9312 -0.1085 0.3479
vn 0.9083 -0.1718 0.3814
vn 0.8811 -0.2326 0.4119
vn 0.8505 -0.2899 0.4390
vn 0.8173 -0.3432 0.4628
vn 0.7826 -0.3923 0.4833
vn 0.9198 0.3925 -0.0000
vn 0.9283 0.3702 -0.0351
vn 0.9382 0.3442 0.0351
vn 0.9467 0.3220 -0.0000
vn 0.9382 0.3442 -0.0351
vn 0.9442 0.3212 -0.0722
vn 0.9539 0.2915 0.0722
vn 0.9623 0.2693 0.0372
vn 0.9563 0.2923 -0.0000
vn 0.9623 0.2693 -0.0372
vn 0.9539 0.2915 -0.0722
vn 0.9570 0.2680 -0.1111
vn 0.9658 0.2345 0.1111
vn 0.9742 0.2124 0.0763
vn 0.9711 0.2359 0.0372
vn 0.9771 0.2129 -0.0000
vn 0.9711 0.2359 -0.0372
vn 0.9742 0.2124 -0.0763
vn 0.9658 0.2345 -0.1111
vn 0.9657 0.2108 -0.1512
vn 0.9731 0.1737 0.1512
vn 0.9815 0.1517 0.1166
vn 0.9815 0.1754 0.0763
vn 0.9875 0.1524 0.0391
vn 0.9844 0.1760 -0.0000
vn 0.9875 0.1524 -0.0391
vn 0.9815 0.1754 -0.0763
vn 0.9815 0.1517 -0.1166
vn 0.9731 0.1737 -0.1512
vn 0.9698 0.1503 -0.1921
vn 0.9752 0.1098 0.1921
vn 0.9836 0.0880 0.1577
vn 0.9869 0.1114 0.1166
vn 0.9929 0.0885 0.0796
vn 0.9929 0.1123 0.0391
vn 0.9961 0.0887 -0.0000
vn 0.9929 0.1123 -0.0391
vn 0.9929 0.0885 -0.0796
vn 0.9869 0.1114 -0.1166
vn 0.9836 0.0880 -0.1577
vn 0.9752 0.1098 -0.1921
vn 0.9686 0.0870 -0.2329
vn 0.9715 0.0438 0.2329
vn 0.9798 0.0220 0.1987
vn 0.9865 0.0449 0.1577
vn 0.9924 0.0220 0.1207
vn 0.9958 0.0455 0.0796
vn 0.9989 0.0220 0.0405
vn 0.9990 0.0458 -0.0000
vn 0.9989 0.0220 -0.0405
vn 0.9958 0.0455 -0.0796
vn 0.9924 0.0220 -0.1207
vn 0.9865 0.0449 -0.1577
vn 0.9798 0.0220 -0.1987
vn 0.9715 0.0438 -0.2329
vn 0.9618 0.0221 -0.2730
vn 0.9617 -0.0232 0.2730
vn 0.9700 -0.0449 0.2388
vn 0.9798 -0.0232 0.1987
vn 0.9858 -0.0460 0.1618
vn 0.9924 -0.0232 0.1207
vn 0.9956 -0.0467 0.0817
vn 0.9989 -0.0232 0.0405
vn 0.9989 -0.0470 -0.0000
vn 0.9989 -0.0232 -0.0405
vn 0.9956 -0.0467 -0.0817
vn 0.9924 -0.0232 -0.1207
vn 0.9858 -0.0460 -0.1618
vn 0.9798 -0.0232 -0.1987
vn 0.9700 -0.0449 -0.2388
vn 0.9617 -0.0232 -0.2730
vn 0.9492 -0.0435 -0.3115
vn 0.9460 -0.0899 0.3115
vn 0.9543 -0.1117 0.2773
vn 0.9668 -0.0914 0.2388
vn 0.9727 -0.1143 0.2019
vn 0.9825 -0.0926 0.1618
vn 0.9856 -0.1161 0.1227
vn 0.9923 -0.0932 0.0817
vn 0.9923 -0.1170 0.0412
vn 0.9956 -0.0935 -0.0000
vn 0.9923 -0.1170 -0.0412
vn 0.9923 -0.0932 -0.0817
vn 0.9856 -0.1161 -0.1227
vn 0.9825 -0.0926 -0.1618
vn 0.9727 -0.1143 -0.2019
vn 0.9668 -0.0914 -0.2388
vn 0.9543 -0.1117 -0.2773
vn 0.9460 -0.0899 -0.3115
vn 0.9312 -0.1085 -0.3479
vn 0.9246 -0.1552 0.3479
vn 0.9330 -0.1770 0.3134
vn 0.9476 -0.1586 0.2773
vn 0.9536 -0.1814 0.2403
vn 0.9661 -0.1612 0.2019
vn 0.9692 -0.1848 0.1628
vn 0.9789 -0.1631 0.1227
vn 0.9789 -0.1869 0.0822
vn 0.9856 -0.1640 0.0412
vn 0.9822 -0.1876 -0.0000
vn 0.9856 -0.1640 -0.0412
vn 0.9789 -0.1869 -0.0822
vn 0.9789 -0.1631 -0.1227
vn 0.9692 -0.1848 -0.1628
vn 0.9661 -0.1612 -0.2019
vn 0.9536 -0.1814 -0.2403
vn 0.9476 -0.1586 -0.2773
vn 0.9330 -0.1770 -0.3134
vn 0.9246 -0.1552 -0.3479
vn 0.9083 -0.1718 -0.3814
vn 0.8983 -0.2180 0.3814
vn 0.9067 -0.2399 0.3468
vn 0.9230 -0.2234 0.3134
vn 0.9289 -0.2463 0.2764
vn 0.9436 -0.2279 0.2403
vn 0.9467 -0.2515 0.2012
vn 0.9592 -0.2313 0.1628
vn 0.9592 -0.2551 0.1223
vn 0.9689 -0.2334 0.0822
vn 0.9656 -0.2569 0.0410
vn 0.9722 -0.2341 -0.0000
vn 0.9656 -0.2569 -0.0410
vn 0.9689 -0.2334 -0.0822
vn 0.9592 -0.2551 -0.1223
vn 0.9592 -0.2313 -0.1628
vn 0.9467 -0.2515 -0.2012
vn 0.9436 -0.2279 -0.2403
vn 0.9289 -0.2463 -0.2764
vn 0.9230 -0.2234 -0.3134
vn 0.9067 -0.2399 -0.3468
vn 0.8983 -0.2180 -0.3814
vn 0.8811 -0.2326 -0.4119
vn 0.8680 -0.2773 0.4119
vn 0.8765 -0.2994 0.3771
vn 0.8936 -0.2849 0.3468
vn 0.8996 -0.3078 0.3097
vn 0.9158 -0.2914 0.2764
vn 0.9190 -0.3150 0.2373
vn 0.9336 -0.2966 0.2012
vn 0.9336 -0.3204 0.1607
vn 0.9460 -0.3002 0.1223
vn 0.9427 -0.3238 0.0811
vn 0.9524 -0.3020 0.0410
vn 0.9457 -0.3249 -0.0000
vn 0.9524 -0.3020 -0.0410
vn 0.9427 -0.3238 -0.0811
vn 0.9460 -0.3002 -0.1223
vn 0.9336 -0.3204 -0.1607
vn 0.9336 -0.2966 -0.2012
vn 0.9190 -0.3150 -0.2373
vn 0.9158 -0.2914 -0.2764
vn 0.8996 -0.3078 -0.3097
vn 0.8936 -0.2849 -0.3468
vn 0.8765 -0.2994 -0.3771
vn 0.8680 -0.2773 -0.4119
vn 0.8505 -0.2899 -0.4390
vn 0.8347 -0.3326 0.4390
vn 0.8432 -0.3547 0.4040
vn 0.8606 -0.3422 0.3771
vn 0.8667 -0.3653 0.3398
vn 0.8838 -0.3508 0.3097
vn 0.8869 -0.3744 0.2705
vn 0.9031 -0.3579 0.2373
vn 0.9031 -0.3817 0.1968
vn 0.9177 -0.3633 0.1607
vn 0.9144 -0.3868 0.1196
vn 0.9268 -0.3666 0.0811
vn 0.9202 -0.3895 0.0401
vn 0.9299 -0.3678 -0.0000
vn 0.9202 -0.3895 -0.0401
vn 0.9268 -0.3666 -0.0811
vn 0.9144 -0.3868 -0.1196
vn 0.9177 -0.3633 -0.1607
vn 0.9031 -0.3817 -0.1968
vn 0.9031 -0.3579 -0.2373
vn 0.8869 -0.3744 -0.2705
vn 0.8838 -0.3508 -0.3097
vn 0.8667 -0.3653 -0.3398
vn 0.8606 -0.3422 -0.3771
vn 0.8432 -0.3547 -0.4040
vn 0.8347 -0.3326 -0.4390
vn 0.8173 -0.3432 -0.4627
vn 0.7993 -0.3834 0.4628
vn 0.8078 -0.4057 0.4277
vn 0.8250 -0.3951 0.4040
vn 0.8311 -0.4181 0.3668
vn 0.8485 -0.4056 0.3398
vn 0.8517 -0.4291 0.3008
vn 0.8688 -0.4146 0.2706
vn 0.8688 -0.4384 0.2302
vn 0.8851 -0.4218 0.1968
vn 0.8817 -0.4453 0.1558
vn 0.8964 -0.4269 0.1196
vn 0.8897 -0.4497 0.0786
vn 0.9022 -0.4294 0.0401
vn 0.8925 -0.4511 -0.0000
vn 0.9022 -0.4294 -0.0401
vn 0.8897 -0.4497 -0.0786
vn 0.8964 -0.4269 -0.1196
vn 0.8817 -0.4453 -0.1558
vn 0.8851 -0.4218 -0.1968
vn 0.8688 -0.4384 -0.2302
vn 0.8688 -0.4146 -0.2706
vn 0.8517 -0.4291 -0.3008
vn 0.8485 -0.4056 -0.3398
vn 0.8311 -0.4181 -0.3668
vn 0.8250 -0.3951 -0.4040
vn 0.8078 -0.4057 -0.4277
vn 0.7993 -0.3834 -0.4628
vn 0.7826 -0.3923 -0.4833
vn 0.7627 -0.4298 0.4833
vn 0.7712 -0.4520 0.4482
vn 0.7879 -0.4431 0.4277
vn 0.7939 -0.4661 0.3906
vn 0.8112 -0.4554 0.3668
vn 0.8144 -0.4789 0.3279
vn 0.8319 -0.4663 0.3008
vn 0.8319 -0.4899 0.2606
vn 0.8492 -0.4753 0.2302
vn 0.8459 -0.4987 0.1893
vn 0.8622 -0.4821 0.1558
vn 0.8556 -0.5048 0.1149
vn 0.8703 -0.4863 0.0786
vn 0.8605 -0.5079 0.0385
vn 0.8730 -0.4877 -0.0000
vn 0.8605 -0.5079 -0.0385
vn 0.8703 -0.4863 -0.0786
vn 0.8556 -0.5048 -0.1149
vn 0.8622 -0.4821 -0.1558
vn 0.8459 -0.4987 -0.1893
vn 0.8492 -0.4753 -0.2302
vn 0.8319 -0.4899 -0.2606
vn 0.8319 -0.4663 -0.3008
vn 0.8144 -0.4789 -0.3279
vn 0.8112 -0.4554 -0.3668
vn 0.7939 -0.4661 -0.3906
vn 0.7879 -0.4431 -0.4277
vn 0.7712 -0.4520 -0.4482
vn 0.7627 -0.4298 -0.4833
vn 0.7471 -0.4371 -0.5008
vn 0.7003 -0.4728 -0.5348
vn 0.6762 -0.5246 -0.5173
vn 0.6479 -0.5776 -0.4966
vn 0.6151 -0.6310 -0.4726
vn 0.5778 -0.6841 -0.4453
vn 0.5358 -0.7356 -0.4146
vn 0.4895 -0.7844 -0.3809
vn 0.4395 -0.8296 -0.3444
vn 0.3865 -0.8701 -0.3059
vn 0.3313 -0.9053 -0.2659
vn 0.2752 -0.9346 -0.2253
vn 0.2190 -0.9581 -0.1847
vn 0.1638 -0.9758 -0.1447
vn 0.1104 -0.9882 -0.1060
vn 0.0593 -0.9959 -0.0690
vn 0.6838 -0.4900 -0.5406
vn 0.6578 -0.4877 -0.5740
vn 0.6566 -0.5434 -0.5231
vn 0.6305 -0.5411 -0.5565
vn 0.6381 -0.5065 -0.5798
vn 0.6100 -0.5017 -0.6134
vn 0.6248 -0.5978 -0.5022
vn 0.5988 -0.5955 -0.5355
vn 0.6075 -0.5613 -0.5621
vn 0.5792 -0.5564 -0.5958
vn 0.5868 -0.5219 -0.6191
vn 0.5568 -0.5142 -0.6524
vn 0.5883 -0.6524 -0.4778
vn 0.5625 -0.6501 -0.5109
vn 0.5722 -0.6167 -0.5406
vn 0.5439 -0.6118 -0.5743
vn 0.5526 -0.5776 -0.6009
vn 0.5224 -0.5699 -0.6343
vn 0.5299 -0.5356 -0.6575
vn 0.4982 -0.5250 -0.6900
vn 0.5472 -0.7060 -0.4496
vn 0.5215 -0.7037 -0.4825
vn 0.5321 -0.6719 -0.5152
vn 0.5039 -0.6670 -0.5488
vn 0.5136 -0.6336 -0.5786
vn 0.4834 -0.6259 -0.6121
vn 0.4920 -0.5917 -0.6386
vn 0.4601 -0.5811 -0.6713
vn 0.4676 -0.5470 -0.6943
vn 0.4348 -0.5336 -0.7254
vn 0.5015 -0.7576 -0.4178
vn 0.4760 -0.7553 -0.4505
vn 0.4874 -0.7256 -0.4857
vn 0.4593 -0.7207 -0.5192
vn 0.4700 -0.6888 -0.5520
vn 0.4397 -0.6811 -0.5855
vn 0.4494 -0.6477 -0.6153
vn 0.4175 -0.6370 -0.6480
vn 0.4261 -0.6030 -0.6744
vn 0.3931 -0.5895 -0.7057
vn 0.4005 -0.5556 -0.7286
vn 0.3671 -0.5395 -0.7578
vn 0.4519 -0.8059 -0.3826
vn 0.4264 -0.8036 -0.4152
vn 0.4385 -0.7767 -0.4523
vn 0.4105 -0.7718 -0.4857
vn 0.4219 -0.7420 -0.5209
vn 0.3917 -0.7343 -0.5544
vn 0.4024 -0.7024 -0.5872
vn 0.3704 -0.6917 -0.6199
vn 0.3801 -0.6584 -0.6497
vn 0.3470 -0.6448 -0.6810
vn 0.3556 -0.6109 -0.7074
vn 0.3220 -0.5947 -0.7366
vn 0.3294 -0.5609 -0.7595
vn 0.2960 -0.5425 -0.7862
vn 0.3990 -0.8498 -0.3444
vn 0.3736 -0.8475 -0.3770
vn 0.3860 -0.8238 -0.4152
vn 0.3580 -0.8189 -0.4485
vn 0.3701 -0.7920 -0.4857
vn 0.3399 -0.7842 -0.5191
vn 0.3513 -0.7545 -0.5544
vn 0.3194 -0.7438 -0.5871
vn 0.3300 -0.7119 -0.6199
vn 0.2969 -0.6984 -0.6513
vn 0.3066 -0.6650 -0.6810
vn 0.2730 -0.6488 -0.7103
vn 0.2815 -0.6149 -0.7366
vn 0.2480 -0.5965 -0.7633
vn 0.2554 -0.5628 -0.7862
vn 0.2227 -0.5425 -0.8100
vn 0.3437 -0.8885 -0.3040
vn 0.3183 -0.8862 -0.3366
vn 0.3307 -0.8660 -0.3751
vn 0.3028 -0.8611 -0.4084
vn 0.3152 -0.8374 -0.4466
vn 0.2850 -0.8297 -0.4800
vn 0.2971 -0.8027 -0.5172
vn 0.2651 -0.7920 -0.5499
vn 0.2766 -0.7622 -0.5852
vn 0.2435 -0.7487 -0.6166
vn 0.2541 -0.7168 -0.6493
vn 0.2205 -0.7006 -0.6786
vn 0.2302 -0.6673 -0.7083
vn 0.1967 -0.6489 -0.7351
vn 0.2052 -0.6149 -0.7614
vn 0.1725 -0.5947 -0.7852
vn 0.1799 -0.5609 -0.8081
vn 0.1485 -0.5395 -0.8288
vn 0.2871 -0.9214 -0.2620
vn 0.2616 -0.9191 -0.2948
vn 0.2739 -0.9024 -0.3327
vn 0.2459 -0.8975 -0.3661
vn 0.2584 -0.8773 -0.4045
vn 0.2282 -0.8696 -0.4379
vn 0.2406 -0.8458 -0.4761
vn 0.2086 -0.8352 -0.5089
vn 0.2207 -0.8082 -0.5460
vn 0.1876 -0.7947 -0.5773
vn 0.1991 -0.7649 -0.6126
vn 0.1654 -0.7487 -0.6419
vn 0.1761 -0.7168 -0.6747
vn 0.1426 -0.6984 -0.7014
vn 0.1522 -0.6650 -0.7311
vn 0.1196 -0.6448 -0.7549
vn 0.1281 -0.6109 -0.7813
vn 0.0968 -0.5895 -0.8020
vn 0.1042 -0.5556 -0.8249
vn 0.0747 -0.5336 -0.8425
vn 0.2303 -0.9481 -0.2194
vn 0.2046 -0.9457 -0.2524
vn 0.2165 -0.9326 -0.2889
vn 0.1884 -0.9277 -0.3224
vn 0.2007 -0.9110 -0.3602
vn 0.1705 -0.9033 -0.3937
vn 0.1830 -0.8831 -0.4321
vn 0.1510 -0.8724 -0.4648
vn 0.1634 -0.8487 -0.5030
vn 0.1303 -0.8352 -0.5343
vn 0.1424 -0.8082 -0.5714
vn 0.1087 -0.7920 -0.6007
vn 0.1202 -0.7622 -0.6360
vn 0.0867 -0.7438 -0.6627
vn 0.0974 -0.7119 -0.6955
vn 0.0647 -0.6917 -0.7192
vn 0.0744 -0.6584 -0.7490
vn 0.0431 -0.6370 -0.7696
vn 0.0517 -0.6030 -0.7961
vn 0.0223 -0.5811 -0.8136
vn 0.0298 -0.5470 -0.8366
vn 0.0025 -0.5250 -0.8511
vn 0.1743 -0.9687 -0.1770
vn 0.1485 -0.9663 -0.2101
vn 0.1597 -0.9564 -0.2447
vn 0.1315 -0.9515 -0.2783
vn 0.1434 -0.9383 -0.3147
vn 0.1131 -0.9306 -0.3482
vn 0.1254 -0.9140 -0.3859
vn 0.0935 -0.9033 -0.4187
vn 0.1059 -0.8831 -0.4571
vn 0.0728 -0.8696 -0.4884
vn 0.0852 -0.8458 -0.5266
vn 0.0516 -0.8297 -0.5559
vn 0.0636 -0.8027 -0.5930
vn 0.0302 -0.7842 -0.6197
vn 0.0416 -0.7545 -0.6550
vn 0.0090 -0.7343 -0.6787
vn 0.0196 -0.7024 -0.7115
vn -0.0116 -0.6811 -0.7321
vn -0.0019 -0.6477 -0.7619
vn -0.0313 -0.6259 -0.7793
vn -0.0226 -0.5917 -0.8058
vn -0.0498 -0.5699 -0.8202
vn -0.0422 -0.5356 -0.8434
vn -0.0670 -0.5142 -0.8550
vn 0.1199 -0.9835 -0.1355
vn 0.0940 -0.9812 -0.1687
vn 0.1044 -0.9741 -0.2008
vn 0.0762 -0.9691 -0.2345
vn 0.0874 -0.9592 -0.2689
vn 0.0571 -0.9515 -0.3024
vn 0.0690 -0.9383 -0.3389
vn 0.0371 -0.9277 -0.3716
vn 0.0493 -0.9110 -0.4094
vn 0.0163 -0.8975 -0.4407
vn 0.0287 -0.8773 -0.4791
vn -0.0049 -0.8611 -0.5084
vn 0.0075 -0.8374 -0.5466
vn -0.0260 -0.8189 -0.5733
vn -0.0139 -0.7920 -0.6104
vn -0.0466 -0.7718 -0.6342
vn -0.0351 -0.7420 -0.6694
vn -0.0664 -0.7207 -0.6900
vn -0.0558 -0.6888 -0.7228
vn -0.0851 -0.6670 -0.7402
vn -0.0754 -0.6336 -0.7700
vn -0.1025 -0.6118 -0.7843
vn -0.0938 -0.5776 -0.8109
vn -0.1184 -0.5564 -0.8225
vn -0.1109 -0.5219 -0.8458
vn -0.1329 -0.5017 -0.8548
vn 0.0679 -0.9931 -0.0954
vn 0.0418 -0.9908 -0.1288
vn 0.0514 -0.9861 -0.1581
vn 0.0232 -0.9812 -0.1917
vn 0.0336 -0.9741 -0.2238
vn 0.0034 -0.9663 -0.2573
vn 0.0146 -0.9564 -0.2918
vn -0.0172 -0.9457 -0.3245
vn -0.0054 -0.9326 -0.3610
vn -0.0384 -0.9191 -0.3922
vn -0.0260 -0.9024 -0.4301
vn -0.0596 -0.8862 -0.4594
vn -0.0471 -0.8660 -0.4979
vn -0.0806 -0.8475 -0.5246
vn -0.0682 -0.8238 -0.5628
vn -0.1009 -0.8036 -0.5866
vn -0.0889 -0.7767 -0.6236
vn -0.1202 -0.7553 -0.6443
vn -0.1088 -0.7256 -0.6794
vn -0.1382 -0.7037 -0.6969
vn -0.1276 -0.6719 -0.7296
vn -0.1547 -0.6501 -0.7439
vn -0.1451 -0.6167 -0.7737
vn -0.1697 -0.5955 -0.7852
vn -0.1610 -0.5613 -0.8118
vn -0.1830 -0.5411 -0.8208
vn -0.1754 -0.5065 -0.8442
vn -0.1948 -0.4877 -0.8510
vn 0.0186 -0.9982 -0.0573
vn -0.0074 -0.9959 -0.0907
vn 0.0012 -0.9931 -0.1171
vn -0.0270 -0.9882 -0.1507
vn -0.0174 -0.9835 -0.1801
vn -0.0475 -0.9758 -0.2134
vn -0.0370 -0.9687 -0.2456
vn -0.0687 -0.9581 -0.2781
vn -0.0574 -0.9480 -0.3129
vn -0.0902 -0.9346 -0.3440
vn -0.0783 -0.9214 -0.3808
vn -0.1117 -0.9053 -0.4099
vn -0.0994 -0.8885 -0.4479
vn -0.1328 -0.8701 -0.4746
vn -0.1203 -0.8498 -0.5131
vn -0.1531 -0.8296 -0.5370
vn -0.1407 -0.8059 -0.5751
vn -0.1722 -0.7844 -0.5959
vn -0.1602 -0.7576 -0.6328
vn -0.1897 -0.7356 -0.6504
vn -0.1784 -0.7060 -0.6854
vn -0.2057 -0.6841 -0.6998
vn -0.1951 -0.6524 -0.7323
vn -0.2199 -0.6310 -0.7439
vn -0.2102 -0.5978 -0.7736
vn -0.2323 -0.5776 -0.7826
vn -0.2237 -0.5434 -0.8091
vn -0.2430 -0.5246 -0.8159
vn -0.2355 -0.4900 -0.8393
vn -0.2522 -0.4728 -0.8443
vn -0.2922 -0.4728 -0.8313
vn -0.2830 -0.5246 -0.8030
vn -0.2721 -0.5776 -0.7697
vn -0.2594 -0.6310 -0.7311
vn -0.2450 -0.6841 -0.6871
vn -0.2288 -0.7356 -0.6377
vn -0.2109 -0.7844 -0.5832
vn -0.1918 -0.8296 -0.5244
vn -0.1715 -0.8701 -0.4621
vn -0.1505 -0.9053 -0.3973
vn -0.1292 -0.9346 -0.3313
vn -0.1079 -0.9581 -0.2654
vn -0.0870 -0.9758 -0.2005
vn -0.0667 -0.9882 -0.1377
vn -0.0473 -0.9959 -0.0777
vn -0.3028 -0.4900 -0.8174
vn -0.3426 -0.4877 -0.8030
vn -0.2946 -0.5434 -0.7861
vn -0.3344 -0.5411 -0.7716
vn -0.3543 -0.5065 -0.7861
vn -0.3949 -0.5017 -0.7697
vn -0.2846 -0.5978 -0.7494
vn -0.3243 -0.5955 -0.7350
vn -0.3469 -0.5613 -0.7514
vn -0.3876 -0.5564 -0.7350
vn -0.4074 -0.5219 -0.7494
vn -0.4484 -0.5142 -0.7311
vn -0.2726 -0.6524 -0.7072
vn -0.3121 -0.6501 -0.6928
vn -0.3374 -0.6167 -0.7112
vn -0.3781 -0.6118 -0.6948
vn -0.4007 -0.5776 -0.7112
vn -0.4419 -0.5699 -0.6928
vn -0.4616 -0.5356 -0.7072
vn -0.5023 -0.5250 -0.6871
vn -0.2585 -0.7060 -0.6593
vn -0.2978 -0.7037 -0.6451
vn -0.3256 -0.6719 -0.6653
vn -0.3662 -0.6670 -0.6489
vn -0.3916 -0.6336 -0.6673
vn -0.4328 -0.6259 -0.6489
vn -0.4553 -0.5917 -0.6653
vn -0.4962 -0.5811 -0.6451
vn -0.5158 -0.5470 -0.6593
vn -0.5556 -0.5336 -0.6377
vn -0.2424 -0.7576 -0.6061
vn -0.2814 -0.7553 -0.5919
vn -0.3113 -0.7256 -0.6136
vn -0.3519 -0.7207 -0.5973
vn -0.3797 -0.6888 -0.6175
vn -0.4209 -0.6811 -0.5991
vn -0.4463 -0.6477 -0.6175
vn -0.4873 -0.6370 -0.5973
vn -0.5098 -0.6030 -0.6136
vn -0.5497 -0.5895 -0.5919
vn -0.5692 -0.5556 -0.6061
vn -0.6073 -0.5395 -0.5833
vn -0.2242 -0.8059 -0.5480
vn -0.2631 -0.8036 -0.5339
vn -0.2946 -0.7767 -0.5568
vn -0.3351 -0.7718 -0.5405
vn -0.3650 -0.7420 -0.5622
vn -0.4062 -0.7343 -0.5438
vn -0.4341 -0.7024 -0.5641
vn -0.4751 -0.6917 -0.5438
vn -0.5004 -0.6584 -0.5622
vn -0.5405 -0.6448 -0.5405
vn -0.5629 -0.6109 -0.5568
vn -0.6011 -0.5947 -0.5339
vn -0.6205 -0.5609 -0.5480
vn -0.6562 -0.5425 -0.5244
vn -0.2043 -0.8498 -0.4859
vn -0.2431 -0.8475 -0.4718
vn -0.2756 -0.8238 -0.4954
vn -0.3160 -0.8189 -0.4791
vn -0.3475 -0.7920 -0.5020
vn -0.3887 -0.7842 -0.4836
vn -0.4187 -0.7545 -0.5054
vn -0.4597 -0.7438 -0.4852
vn -0.4876 -0.7119 -0.5054
vn -0.5276 -0.6984 -0.4836
vn -0.5529 -0.6650 -0.5020
vn -0.5912 -0.6488 -0.4791
vn -0.6136 -0.6149 -0.4954
vn -0.6493 -0.5965 -0.4718
vn -0.6687 -0.5628 -0.4859
vn -0.7015 -0.5425 -0.4621
vn -0.1829 -0.8885 -0.4208
vn -0.2218 -0.8862 -0.4067
vn -0.2545 -0.8660 -0.4305
vn -0.2949 -0.8611 -0.4142
vn -0.3274 -0.8374 -0.4378
vn -0.3685 -0.8297 -0.4194
vn -0.4001 -0.8027 -0.4424
vn -0.4411 -0.7920 -0.4221
vn -0.4711 -0.7622 -0.4439
vn -0.5111 -0.7487 -0.4221
vn -0.5390 -0.7168 -0.4424
vn -0.5773 -0.7006 -0.4194
vn -0.6026 -0.6673 -0.4378
vn -0.6383 -0.6488 -0.4142
vn -0.6607 -0.6149 -0.4305
vn -0.6935 -0.5947 -0.4067
vn -0.7129 -0.5609 -0.4208
vn -0.7424 -0.5395 -0.3973
vn -0.1605 -0.9214 -0.3540
vn -0.1995 -0.9191 -0.3399
vn -0.2318 -0.9024 -0.3633
vn -0.2722 -0.8975 -0.3470
vn -0.3049 -0.8773 -0.3707
vn -0.3460 -0.8696 -0.3523
vn -0.3785 -0.8458 -0.3759
vn -0.4195 -0.8352 -0.3557
vn -0.4511 -0.8082 -0.3786
vn -0.4911 -0.7947 -0.3568
vn -0.5211 -0.7649 -0.3786
vn -0.5594 -0.7487 -0.3557
vn -0.5873 -0.7168 -0.3759
vn -0.6230 -0.6984 -0.3524
vn -0.6483 -0.6650 -0.3707
vn -0.6810 -0.6448 -0.3470
vn -0.7035 -0.6109 -0.3633
vn -0.7328 -0.5895 -0.3399
vn -0.7523 -0.5556 -0.3540
vn -0.7782 -0.5336 -0.3313
vn -0.1375 -0.9481 -0.2869
vn -0.1768 -0.9457 -0.2726
vn -0.2079 -0.9326 -0.2952
vn -0.2484 -0.9277 -0.2788
vn -0.2805 -0.9110 -0.3022
vn -0.3217 -0.9033 -0.2838
vn -0.3544 -0.8831 -0.3075
vn -0.3954 -0.8724 -0.2873
vn -0.4279 -0.8487 -0.3109
vn -0.4679 -0.8352 -0.2890
vn -0.4995 -0.8082 -0.3120
vn -0.5377 -0.7920 -0.2890
vn -0.5678 -0.7622 -0.3109
vn -0.6035 -0.7438 -0.2873
vn -0.6314 -0.7119 -0.3075
vn -0.6640 -0.6917 -0.2838
vn -0.6894 -0.6584 -0.3022
vn -0.7186 -0.6370 -0.2788
vn -0.7411 -0.6030 -0.2952
vn -0.7668 -0.5811 -0.2726
vn -0.7865 -0.5470 -0.2869
vn -0.8087 -0.5250 -0.2654
vn -0.1145 -0.9687 -0.2205
vn -0.1540 -0.9663 -0.2061
vn -0.1833 -0.9564 -0.2275
vn -0.2240 -0.9515 -0.2111
vn -0.2550 -0.9383 -0.2336
vn -0.2962 -0.9306 -0.2152
vn -0.3283 -0.9140 -0.2385
vn -0.3693 -0.9033 -0.2183
vn -0.4020 -0.8831 -0.2420
vn -0.4420 -0.8696 -0.2202
vn -0.4745 -0.8458 -0.2438
vn -0.5127 -0.8297 -0.2208
vn -0.5443 -0.8027 -0.2438
vn -0.5801 -0.7842 -0.2202
vn -0.6101 -0.7545 -0.2420
vn -0.6428 -0.7343 -0.2183
vn -0.6706 -0.7024 -0.2385
vn -0.6999 -0.6811 -0.2152
vn -0.7252 -0.6477 -0.2336
vn -0.7508 -0.6259 -0.2111
vn -0.7734 -0.5917 -0.2275
vn -0.7955 -0.5699 -0.2061
vn -0.8152 -0.5356 -0.2205
vn -0.8339 -0.5142 -0.2005
vn -0.0918 -0.9835 -0.1559
vn -0.1314 -0.9812 -0.1415
vn -0.1587 -0.9741 -0.1613
vn -0.1994 -0.9691 -0.1449
vn -0.2288 -0.9592 -0.1662
vn -0.2700 -0.9515 -0.1478
vn -0.3010 -0.9383 -0.1703
vn -0.3420 -0.9277 -0.1501
vn -0.3741 -0.9110 -0.1734
vn -0.4141 -0.8975 -0.1516
vn -0.4468 -0.8773 -0.1754
vn -0.4850 -0.8611 -0.1525
vn -0.5175 -0.8374 -0.1761
vn -0.5533 -0.8189 -0.1525
vn -0.5848 -0.7920 -0.1754
vn -0.6175 -0.7718 -0.1516
vn -0.6475 -0.7420 -0.1734
vn -0.6768 -0.7207 -0.1501
vn -0.7046 -0.6888 -0.1703
vn -0.7303 -0.6670 -0.1478
vn -0.7556 -0.6336 -0.1662
vn -0.7776 -0.6118 -0.1449
vn -0.8002 -0.5776 -0.1613
vn -0.8188 -0.5564 -0.1415
vn -0.8386 -0.5219 -0.1559
vn -0.8540 -0.5016 -0.1377
vn -0.0698 -0.9931 -0.0940
vn -0.1096 -0.9908 -0.0796
vn -0.1345 -0.9861 -0.0977
vn -0.1752 -0.9812 -0.0813
vn -0.2025 -0.9741 -0.1011
vn -0.2436 -0.9663 -0.0827
vn -0.2730 -0.9564 -0.1041
vn -0.3139 -0.9457 -0.0839
vn -0.3450 -0.9326 -0.1065
vn -0.3849 -0.9191 -0.0847
vn -0.4171 -0.9024 -0.1082
vn -0.4553 -0.8862 -0.0853
vn -0.4880 -0.8660 -0.1090
vn -0.5238 -0.8475 -0.0854
vn -0.5563 -0.8238 -0.1090
vn -0.5890 -0.8036 -0.0852
vn -0.6206 -0.7767 -0.1082
vn -0.6499 -0.7553 -0.0847
vn -0.6798 -0.7256 -0.1065
vn -0.7055 -0.7037 -0.0839
vn -0.7333 -0.6719 -0.1041
vn -0.7554 -0.6501 -0.0827
vn -0.7807 -0.6167 -0.1011
vn -0.7992 -0.5955 -0.0813
vn -0.8218 -0.5613 -0.0977
vn -0.8372 -0.5411 -0.0796
vn -0.8571 -0.5065 -0.0940
vn -0.8695 -0.4877 -0.0777
vn -0.0488 -0.9982 -0.0354
vn -0.0885 -0.9959 -0.0210
vn -0.1110 -0.9931 -0.0373
vn -0.1516 -0.9882 -0.0209
vn -0.1766 -0.9835 -0.0391
vn -0.2176 -0.9758 -0.0208
vn -0.2450 -0.9687 -0.0407
vn -0.2857 -0.9581 -0.0207
vn -0.3153 -0.9481 -0.0421
vn -0.3551 -0.9346 -0.0205
vn -0.3863 -0.9214 -0.0432
vn -0.4244 -0.9053 -0.0204
vn -0.4567 -0.8885 -0.0439
vn -0.4925 -0.8701 -0.0203
vn -0.5252 -0.8498 -0.0441
vn -0.5580 -0.8296 -0.0203
vn -0.5905 -0.8059 -0.0439
vn -0.6199 -0.7844 -0.0204
vn -0.6513 -0.7576 -0.0432
vn -0.6772 -0.7356 -0.0205
vn -0.7069 -0.7060 -0.0421
vn -0.7291 -0.6840 -0.0206
vn -0.7568 -0.6524 -0.0407
vn -0.7755 -0.6310 -0.0208
vn -0.8007 -0.5978 -0.0391
vn -0.8161 -0.5776 -0.0209
vn -0.8386 -0.5434 -0.0373
vn -0.8511 -0.5246 -0.0210
vn -0.8710 -0.4900 -0.0354
vn -0.8809 -0.4728 -0.0210
vn -0.8809 -0.4728 0.0210
vn -0.8511 -0.5246 0.0210
vn -0.8161 -0.5776 0.0209
vn -0.7755 -0.6310 0.0208
vn -0.7291 -0.6840 0.0206
vn -0.6772 -0.7356 0.0205
vn -0.6199 -0.7844 0.0204
vn -0.5580 -0.8296 0.0203
vn -0.4925 -0.8701 0.0203
vn -0.4244 -0.9053 0.0204
vn -0.3551 -0.9346 0.0205
vn -0.2857 -0.9581 0.0207
vn -0.2176 -0.9758 0.0208
vn -0.1516 -0.9882 0.0209
vn -0.0885 -0.9959 0.0210
vn -0.8710 -0.4900 0.0354
vn -0.8695 -0.4877 0.0777
vn -0.8386 -0.5434 0.0373
vn -0.8372 -0.5411 0.0796
vn -0.8571 -0.5065 0.0940
vn -0.8540 -0.5016 0.1377
vn -0.8007 -0.5978 0.0391
vn -0.7992 -0.5955 0.0813
vn -0.8218 -0.5613 0.0977
vn -0.8188 -0.5564 0.1415
vn -0.8386 -0.5219 0.1559
vn -0.8339 -0.5142 0.2005
vn -0.7568 -0.6524 0.0407
vn -0.7554 -0.6501 0.0827
vn -0.7807 -0.6167 0.1011
vn -0.7776 -0.6118 0.1449
vn -0.8002 -0.5776 0.1613
vn -0.7955 -0.5699 0.2061
vn -0.8152 -0.5356 0.2205
vn -0.8087 -0.5250 0.2654
vn -0.7069 -0.7060 0.0421
vn -0.7055 -0.7037 0.0839
vn -0.7333 -0.6719 0.1041
vn -0.7303 -0.6670 0.1478
vn -0.7556 -0.6336 0.1662
vn -0.7508 -0.6259 0.2111
vn -0.7734 -0.5917 0.2275
vn -0.7668 -0.5811 0.2726
vn -0.7865 -0.5470 0.2869
vn -0.7782 -0.5336 0.3313
vn -0.6513 -0.7576 0.0432
vn -0.6499 -0.7553 0.0847
vn -0.6798 -0.7256 0.1065
vn -0.6768 -0.7207 0.1501
vn -0.7046 -0.6888 0.1703
vn -0.6999 -0.6811 0.2152
vn -0.7252 -0.6477 0.2336
vn -0.7186 -0.6370 0.2788
vn -0.7411 -0.6030 0.2952
vn -0.7328 -0.5895 0.3399
vn -0.7523 -0.5556 0.3540
vn -0.7424 -0.5395 0.3973
vn -0.5905 -0.8059 0.0439
vn -0.5890 -0.8036 0.0853
vn -0.6206 -0.7767 0.1082
vn -0.6175 -0.7718 0.1517
vn -0.6475 -0.7420 0.1734
vn -0.6428 -0.7343 0.2183
vn -0.6706 -0.7024 0.2385
vn -0.6640 -0.6917 0.2838
vn -0.6894 -0.6584 0.3022
vn -0.6810 -0.6448 0.3470
vn -0.7035 -0.6109 0.3633
vn -0.6935 -0.5947 0.4067
vn -0.7129 -0.5609 0.4208
vn -0.7015 -0.5425 0.4621
vn -0.5252 -0.8498 0.0441
vn -0.5238 -0.8475 0.0854
vn -0.5563 -0.8238 0.1090
vn -0.5533 -0.8189 0.1525
vn -0.5848 -0.7920 0.1754
vn -0.5801 -0.7842 0.2202
vn -0.6101 -0.7545 0.2420
vn -0.6035 -0.7438 0.2873
vn -0.6314 -0.7119 0.3075
vn -0.6230 -0.6984 0.3523
vn -0.6483 -0.6650 0.3707
vn -0.6383 -0.6488 0.4142
vn -0.6607 -0.6149 0.4305
vn -0.6493 -0.5965 0.4718
vn -0.6687 -0.5628 0.4859
vn -0.6562 -0.5425 0.5244
vn -0.4567 -0.8885 0.0439
vn -0.4553 -0.8862 0.0853
vn -0.4880 -0.8660 0.1090
vn -0.4850 -0.8611 0.1525
vn -0.5175 -0.8374 0.1761
vn -0.5127 -0.8297 0.2208
vn -0.5443 -0.8027 0.2438
vn -0.5377 -0.7920 0.2890
vn -0.5678 -0.7622 0.3109
vn -0.5594 -0.7487 0.3557
vn -0.5873 -0.7168 0.3759
vn -0.5773 -0.7006 0.4194
vn -0.6026 -0.6673 0.4378
vn -0.5912 -0.6488 0.4791
vn -0.6136 -0.6149 0.4954
vn -0.6011 -0.5947 0.5339
vn -0.6205 -0.5609 0.5480
vn -0.6073 -0.5395 0.5833
vn -0.3863 -0.9214 0.0432
vn -0.3849 -0.9191 0.0847
vn -0.4171 -0.9024 0.1082
vn -0.4141 -0.8975 0.1516
vn -0.4468 -0.8773 0.1754
vn -0.4420 -0.8696 0.2202
vn -0.4745 -0.8458 0.2438
vn -0.4679 -0.8352 0.2890
vn -0.4995 -0.8082 0.3120
vn -0.4911 -0.7947 0.3568
vn -0.5211 -0.7649 0.3786
vn -0.5111 -0.7487 0.4221
vn -0.5390 -0.7168 0.4424
vn -0.5276 -0.6984 0.4836
vn -0.5529 -0.6650 0.5020
vn -0.5405 -0.6448 0.5405
vn -0.5629 -0.6109 0.5568
vn -0.5497 -0.5895 0.5919
vn -0.5692 -0.5556 0.6061
vn -0.5556 -0.5336 0.6377
vn -0.3153 -0.9481 0.0421
vn -0.3139 -0.9457 0.0839
vn -0.3450 -0.9326 0.1065
vn -0.3420 -0.9277 0.1501
vn -0.3741 -0.9110 0.1734
vn -0.3693 -0.9033 0.2183
vn -0.4020 -0.8831 0.2420
vn -0.3954 -0.8724 0.2873
vn -0.4279 -0.8487 0.3109
vn -0.4195 -0.8352 0.3557
vn -0.4511 -0.8082 0.3786
vn -0.4411 -0.7920 0.4221
vn -0.4711 -0.7622 0.4439
vn -0.4597 -0.7438 0.4852
vn -0.4876 -0.7119 0.5054
vn -0.4751 -0.6917 0.5438
vn -0.5004 -0.6584 0.5622
vn -0.4873 -0.6370 0.5973
vn -0.5098 -0.6030 0.6136
vn -0.4962 -0.5811 0.6451
vn -0.5159 -0.5470 0.6593
vn -0.5023 -0.5250 0.6871
vn -0.2450 -0.9687 0.0407
vn -0.2436 -0.9663 0.0827
vn -0.2730 -0.9564 0.1041
vn -0.2700 -0.9515 0.1478
vn -0.3010 -0.9383 0.1703
vn -0.2962 -0.9306 0.2152
vn -0.3283 -0.9140 0.2385
vn -0.3217 -0.9033 0.2838
vn -0.3544 -0.8831 0.3075
vn -0.3460 -0.8696 0.3524
vn -0.3785 -0.8458 0.3759
vn -0.3685 -0.8297 0.4194
vn -0.4001 -0.8027 0.4424
vn -0.3887 -0.7842 0.4836
vn -0.4187 -0.7545 0.5054
vn -0.4062 -0.7343 0.5438
vn -0.4341 -0.7024 0.5641
vn -0.4209 -0.6811 0.5991
vn -0.4463 -0.6477 0.6175
vn -0.4328 -0.6259 0.6489
vn -0.4553 -0.5917 0.6653
vn -0.4419 -0.5699 0.6928
vn -0.4616 -0.5356 0.7072
vn -0.4484 -0.5142 0.7311
vn -0.1766 -0.9835 0.0391
vn -0.1752 -0.9812 0.0813
vn -0.2025 -0.9741 0.1011
vn -0.1994 -0.9691 0.1449
vn -0.2288 -0.9592 0.1662
vn -0.2240 -0.9515 0.2111
vn -0.2550 -0.9383 0.2336
vn -0.2484 -0.9277 0.2789
vn -0.2806 -0.9110 0.3022
vn -0.2722 -0.8975 0.3470
vn -0.3049 -0.8773 0.3707
vn -0.2949 -0.8611 0.4142
vn -0.3274 -0.8374 0.4378
vn -0.3160 -0.8189 0.4791
vn -0.3475 -0.7920 0.5020
vn -0.3351 -0.7718 0.5405
vn -0.3650 -0.7420 0.5622
vn -0.3519 -0.7207 0.5973
vn -0.3797 -0.6888 0.6175
vn -0.3662 -0.6670 0.6489
vn -0.3916 -0.6336 0.6673
vn -0.3781 -0.6118 0.6948
vn -0.4007 -0.5776 0.7112
vn -0.3876 -0.5564 0.7350
vn -0.4074 -0.5219 0.7494
vn -0.3949 -0.5017 0.7697
vn -0.1110 -0.9931 0.0373
vn -0.1096 -0.9908 0.0796
vn -0.1345 -0.9861 0.0977
vn -0.1314 -0.9812 0.1415
vn -0.1587 -0.9741 0.1613
vn -0.1540 -0.9663 0.2061
vn -0.1833 -0.9564 0.2275
vn -0.1768 -0.9457 0.2726
vn -0.2079 -0.9326 0.2952
vn -0.1995 -0.9191 0.3399
vn -0.2318 -0.9024 0.3633
vn -0.2218 -0.8862 0.4067
vn -0.2545 -0.8660 0.4305
vn -0.2431 -0.8475 0.4718
vn -0.2756 -0.8238 0.4954
vn -0.2631 -0.8036 0.5339
vn -0.2946 -0.7767 0.5568
vn -0.2814 -0.7553 0.5919
vn -0.3113 -0.7256 0.6136
vn -0.2978 -0.7037 0.6451
vn -0.3256 -0.6719 0.6653
vn -0.3121 -0.6501 0.6928
vn -0.3374 -0.6167 0.7112
vn -0.3243 -0.5955 0.7350
vn -0.3469 -0.5613 0.7514
vn -0.3344 -0.5411 0.7716
vn -0.3543 -0.5065 0.7861
vn -0.3426 -0.4877 0.8030
vn -0.0488 -0.9982 0.0354
vn -0.0473 -0.9959 0.0777
vn -0.0698 -0.9931 0.0940
vn -0.0667 -0.9882 0.1377
vn -0.0918 -0.9835 0.1559
vn -0.0870 -0.9758 0.2005
vn -0.1145 -0.9687 0.2205
vn -0.1079 -0.9581 0.2654
vn -0.1375 -0.9481 0.2869
vn -0.1292 -0.9346 0.3313
vn -0.1605 -0.9214 0.3540
vn -0.1505 -0.9053 0.3973
vn -0.1829 -0.8885 0.4208
vn -0.1715 -0.8701 0.4621
vn -0.2043 -0.8498 0.4859
vn -0.1918 -0.8296 0.5244
vn -0.2242 -0.8059 0.5480
vn -0.2109 -0.7844 0.5832
vn -0.2424 -0.7576 0.6061
vn -0.2288 -0.7356 0.6377
vn -0.2585 -0.7060 0.6593
vn -0.2450 -0.6841 0.6871
vn -0.2726 -0.6524 0.7072
vn -0.2594 -0.6310 0.7311
vn -0.2846 -0.5978 0.7494
vn -0.2721 -0.5776 0.7697
vn -0.2946 -0.5434 0.7861
vn -0.2830 -0.5246 0.8030
vn -0.3028 -0.4900 0.8174
vn -0.2922 -0.4728 0.8313
vn 0.7250 -0.4728 -0.5008
vn 0.7492 -0.4877 -0.4482
vn 0.7719 -0.5017 -0.3906
vn 0.7925 -0.5142 -0.3279
vn 0.8102 -0.5250 -0.2606
vn 0.8243 -0.5336 -0.1893
vn 0.8341 -0.5395 -0.1149
vn 0.8392 -0.5425 -0.0385
vn 0.8392 -0.5425 0.0385
vn 0.8341 -0.5395 0.1149
vn 0.8243 -0.5336 0.1893
vn 0.8102 -0.5250 0.2606
vn 0.7925 -0.5142 0.3279
vn 0.7719 -0.5017 0.3906
vn 0.7492 -0.4877 0.4482
vn 0.7255 -0.4900 -0.4833
vn 0.7009 -0.5246 -0.4833
vn 0.7487 -0.5065 -0.4277
vn 0.7241 -0.5411 -0.4277
vn 0.7004 -0.5434 -0.4628
vn 0.6725 -0.5776 -0.4628
vn 0.7701 -0.5219 -0.3668
vn 0.7456 -0.5564 -0.3668
vn 0.7223 -0.5613 -0.4040
vn 0.6944 -0.5955 -0.4040
vn 0.6707 -0.5978 -0.4390
vn 0.6396 -0.6310 -0.4390
vn 0.7891 -0.5356 -0.3008
vn 0.7647 -0.5699 -0.3008
vn 0.7422 -0.5776 -0.3398
vn 0.7143 -0.6118 -0.3398
vn 0.6910 -0.6167 -0.3771
vn 0.6597 -0.6501 -0.3771
vn 0.6362 -0.6524 -0.4119
vn 0.6020 -0.6841 -0.4119
vn 0.8049 -0.5470 -0.2302
vn 0.7806 -0.5811 -0.2302
vn 0.7594 -0.5917 -0.2706
vn 0.7315 -0.6259 -0.2705
vn 0.7090 -0.6336 -0.3097
vn 0.6777 -0.6670 -0.3097
vn 0.6544 -0.6719 -0.3468
vn 0.6201 -0.7037 -0.3468
vn 0.5967 -0.7060 -0.3814
vn 0.5599 -0.7356 -0.3814
vn 0.8167 -0.5556 -0.1558
vn 0.7926 -0.5895 -0.1558
vn 0.7731 -0.6030 -0.1968
vn 0.7453 -0.6370 -0.1968
vn 0.7240 -0.6477 -0.2373
vn 0.6927 -0.6811 -0.2373
vn 0.6702 -0.6888 -0.2764
vn 0.6357 -0.7207 -0.2764
vn 0.6126 -0.7256 -0.3134
vn 0.5756 -0.7553 -0.3134
vn 0.5523 -0.7576 -0.3479
vn 0.5135 -0.7844 -0.3479
vn 0.8241 -0.5609 -0.0786
vn 0.8001 -0.5947 -0.0786
vn 0.7827 -0.6109 -0.1196
vn 0.7549 -0.6448 -0.1196
vn 0.7353 -0.6584 -0.1607
vn 0.7040 -0.6917 -0.1607
vn 0.6828 -0.7024 -0.2012
vn 0.6483 -0.7343 -0.2012
vn 0.6258 -0.7420 -0.2403
vn 0.5887 -0.7718 -0.2403
vn 0.5656 -0.7767 -0.2772
vn 0.5267 -0.8036 -0.2773
vn 0.5035 -0.8059 -0.3115
vn 0.4634 -0.8296 -0.3115
vn 0.8266 -0.5628 -0.0000
vn 0.8026 -0.5965 -0.0000
vn 0.7876 -0.6149 -0.0401
vn 0.7599 -0.6488 -0.0401
vn 0.7424 -0.6650 -0.0811
vn 0.7111 -0.6984 -0.0811
vn 0.6916 -0.7119 -0.1223
vn 0.6571 -0.7438 -0.1223
vn 0.6358 -0.7545 -0.1628
vn 0.5987 -0.7842 -0.1628
vn 0.5762 -0.7920 -0.2019
vn 0.5372 -0.8189 -0.2019
vn 0.5141 -0.8238 -0.2388
vn 0.4740 -0.8475 -0.2388
vn 0.4508 -0.8498 -0.2730
vn 0.4103 -0.8701 -0.2730
vn 0.8241 -0.5609 0.0786
vn 0.8001 -0.5947 0.0786
vn 0.7876 -0.6149 0.0401
vn 0.7599 -0.6488 0.0401
vn 0.7448 -0.6673 -0.0000
vn 0.7135 -0.7006 -0.0000
vn 0.6961 -0.7168 -0.0410
vn 0.6616 -0.7487 -0.0410
vn 0.6420 -0.7622 -0.0822
vn 0.6049 -0.7920 -0.0822
vn 0.5837 -0.8027 -0.1227
vn 0.5446 -0.8297 -0.1227
vn 0.5222 -0.8374 -0.1618
vn 0.4820 -0.8611 -0.1618
vn 0.4589 -0.8660 -0.1987
vn 0.4185 -0.8862 -0.1987
vn 0.3953 -0.8885 -0.2329
vn 0.3553 -0.9053 -0.2329
vn 0.8167 -0.5556 0.1558
vn 0.7926 -0.5895 0.1558
vn 0.7827 -0.6109 0.1196
vn 0.7549 -0.6448 0.1196
vn 0.7424 -0.6650 0.0811
vn 0.7111 -0.6984 0.0811
vn 0.6961 -0.7168 0.0410
vn 0.6616 -0.7487 0.0410
vn 0.6442 -0.7649 -0.0000
vn 0.6071 -0.7947 -0.0000
vn 0.5875 -0.8082 -0.0412
vn 0.5484 -0.8352 -0.0412
vn 0.5272 -0.8458 -0.0817
vn 0.4870 -0.8696 -0.0817
vn 0.4646 -0.8773 -0.1207
vn 0.4242 -0.8975 -0.1207
vn 0.4010 -0.9024 -0.1577
vn 0.3612 -0.9191 -0.1577
vn 0.3379 -0.9214 -0.1921
vn 0.2993 -0.9346 -0.1921
vn 0.8049 -0.5470 0.2302
vn 0.7806 -0.5811 0.2302
vn 0.7731 -0.6030 0.1968
vn 0.7453 -0.6370 0.1968
vn 0.7353 -0.6584 0.1607
vn 0.7040 -0.6917 0.1607
vn 0.6916 -0.7119 0.1223
vn 0.6571 -0.7438 0.1223
vn 0.6420 -0.7622 0.0822
vn 0.6049 -0.7920 0.0822
vn 0.5875 -0.8082 0.0412
vn 0.5484 -0.8352 0.0412
vn 0.5289 -0.8487 -0.0000
vn 0.4887 -0.8724 -0.0000
vn 0.4674 -0.8831 -0.0405
vn 0.4271 -0.9033 -0.0405
vn 0.4046 -0.9110 -0.0796
vn 0.3649 -0.9277 -0.0796
vn 0.3417 -0.9326 -0.1166
vn 0.3033 -0.9457 -0.1166
vn 0.2799 -0.9481 -0.1512
vn 0.2433 -0.9581 -0.1512
vn 0.7891 -0.5356 0.3008
vn 0.7647 -0.5699 0.3008
vn 0.7594 -0.5917 0.2706
vn 0.7315 -0.6259 0.2705
vn 0.7240 -0.6477 0.2373
vn 0.6927 -0.6811 0.2373
vn 0.6828 -0.7024 0.2012
vn 0.6483 -0.7343 0.2012
vn 0.6358 -0.7545 0.1628
vn 0.5987 -0.7842 0.1628
vn 0.5837 -0.8027 0.1227
vn 0.5446 -0.8297 0.1227
vn 0.5272 -0.8458 0.0817
vn 0.4870 -0.8696 0.0817
vn 0.4675 -0.8831 0.0405
vn 0.4271 -0.9033 0.0405
vn 0.4058 -0.9140 -0.0000
vn 0.3661 -0.9306 -0.0000
vn 0.3436 -0.9383 -0.0391
vn 0.3053 -0.9515 -0.0391
vn 0.2820 -0.9564 -0.0763
vn 0.2457 -0.9663 -0.0763
vn 0.2222 -0.9687 -0.1111
vn 0.1883 -0.9758 -0.1111
vn 0.7701 -0.5219 0.3668
vn 0.7456 -0.5564 0.3668
vn 0.7422 -0.5776 0.3398
vn 0.7143 -0.6118 0.3398
vn 0.7090 -0.6336 0.3097
vn 0.6777 -0.6670 0.3097
vn 0.6702 -0.6888 0.2764
vn 0.6357 -0.7207 0.2764
vn 0.6258 -0.7420 0.2403
vn 0.5887 -0.7718 0.2403
vn 0.5762 -0.7920 0.2019
vn 0.5372 -0.8189 0.2019
vn 0.5222 -0.8374 0.1618
vn 0.4820 -0.8611 0.1618
vn 0.4646 -0.8773 0.1207
vn 0.4242 -0.8975 0.1207
vn 0.4046 -0.9110 0.0796
vn 0.3649 -0.9277 0.0796
vn 0.3436 -0.9383 0.0391
vn 0.3053 -0.9515 0.0391
vn 0.2828 -0.9592 -0.0000
vn 0.2465 -0.9691 -0.0000
vn 0.2232 -0.9741 -0.0372
vn 0.1895 -0.9812 -0.0372
vn 0.1659 -0.9835 -0.0722
vn 0.1350 -0.9882 -0.0722
vn 0.7487 -0.5065 0.4277
vn 0.7241 -0.5411 0.4277
vn 0.7223 -0.5613 0.4040
vn 0.6944 -0.5955 0.4040
vn 0.6910 -0.6167 0.3771
vn 0.6597 -0.6501 0.3771
vn 0.6544 -0.6719 0.3468
vn 0.6201 -0.7037 0.3468
vn 0.6126 -0.7256 0.3134
vn 0.5756 -0.7553 0.3134
vn 0.5656 -0.7767 0.2773
vn 0.5267 -0.8036 0.2773
vn 0.5141 -0.8238 0.2388
vn 0.4740 -0.8475 0.2388
vn 0.4589 -0.8660 0.1987
vn 0.4185 -0.8862 0.1987
vn 0.4010 -0.9024 0.1577
vn 0.3612 -0.9191 0.1577
vn 0.3417 -0.9326 0.1166
vn 0.3033 -0.9457 0.1166
vn 0.2820 -0.9564 0.0763
vn 0.2457 -0.9663 0.0763
vn 0.2232 -0.9741 0.0372
vn 0.1895 -0.9812 0.0372
vn 0.1662 -0.9861 -0.0000
vn 0.1354 -0.9908 -0.0000
vn 0.1117 -0.9931 -0.0351
vn 0.0840 -0.9959 -0.0351
vn 0.7255 -0.4900 0.4833
vn 0.7009 -0.5246 0.4833
vn 0.7004 -0.5434 0.4628
vn 0.6725 -0.5776 0.4627
vn 0.6707 -0.5978 0.4390
vn 0.6396 -0.6310 0.4390
vn 0.6362 -0.6524 0.4119
vn 0.6020 -0.6841 0.4119
vn 0.5967 -0.7060 0.3814
vn 0.5599 -0.7356 0.3814
vn 0.5523 -0.7576 0.3479
vn 0.5135 -0.7844 0.3479
vn 0.5035 -0.8059 0.3115
vn 0.4634 -0.8296 0.3115
vn 0.4509 -0.8498 0.2730
vn 0.4103 -0.8701 0.2730
vn 0.3953 -0.8885 0.2329
vn 0.3553 -0.9053 0.2329
vn 0.3379 -0.9214 0.1921
vn 0.2993 -0.9346 0.1921
vn 0.2799 -0.9481 0.1512
vn 0.2433 -0.9581 0.1512
vn 0.2222 -0.9687 0.1111
vn 0.1883 -0.9758 0.1111
vn 0.1659 -0.9835 0.0722
vn 0.1350 -0.9882 0.0722
vn 0.1117 -0.9931 0.0351
vn 0.0840 -0.9959 0.0351
vn 0.0603 -0.9982 -0.0000
vn 0.0357 -0.9994 -0.0000
vn -0.2522 -0.4728 0.8443
vn -0.2430 -0.5246 0.8159
vn -0.2323 -0.5776 0.7826
vn -0.2199 -0.6310 0.7439
vn -0.2057 -0.6841 0.6998
vn -0.1897 -0.7356 0.6504
vn -0.1722 -0.7844 0.5958
vn -0.1531 -0.8296 0.5370
vn -0.1328 -0.8701 0.4746
vn -0.1117 -0.9053 0.4099
vn -0.0902 -0.9346 0.3440
vn -0.0687 -0.9581 0.2781
vn -0.0475 -0.9758 0.2134
vn -0.0270 -0.9882 0.1507
vn -0.0074 -0.9959 0.0907
vn -0.2355 -0.4900 0.8393
vn -0.1948 -0.4877 0.8510
vn -0.2237 -0.5434 0.8091
vn -0.1830 -0.5411 0.8208
vn -0.1754 -0.5065 0.8442
vn -0.1329 -0.5017 0.8548
vn -0.2102 -0.5978 0.7736
vn -0.1697 -0.5955 0.7852
vn -0.1610 -0.5613 0.8118
vn -0.1184 -0.5564 0.8225
vn -0.1109 -0.5219 0.8458
vn -0.0670 -0.5142 0.8550
vn -0.1951 -0.6524 0.7323
vn -0.1547 -0.6501 0.7440
vn -0.1451 -0.6167 0.7737
vn -0.1025 -0.6118 0.7843
vn -0.0938 -0.5776 0.8109
vn -0.0498 -0.5699 0.8202
vn -0.0422 -0.5356 0.8434
vn 0.0025 -0.5250 0.8511
vn -0.1784 -0.7060 0.6854
vn -0.1382 -0.7037 0.6969
vn -0.1276 -0.6719 0.7296
vn -0.0851 -0.6670 0.7402
vn -0.0754 -0.6336 0.7700
vn -0.0313 -0.6259 0.7793
vn -0.0226 -0.5917 0.8059
vn 0.0223 -0.5811 0.8135
vn 0.0298 -0.5470 0.8366
vn 0.0747 -0.5336 0.8425
vn -0.1602 -0.7576 0.6328
vn -0.1202 -0.7553 0.6443
vn -0.1088 -0.7256 0.6794
vn -0.0664 -0.7207 0.6900
vn -0.0558 -0.6888 0.7228
vn -0.0116 -0.6811 0.7321
vn -0.0019 -0.6477 0.7619
vn 0.0431 -0.6370 0.7696
vn 0.0517 -0.6030 0.7961
vn 0.0968 -0.5895 0.8020
vn 0.1042 -0.5556 0.8249
vn 0.1485 -0.5395 0.8288
vn -0.1407 -0.8059 0.5751
vn -0.1009 -0.8036 0.5866
vn -0.0889 -0.7767 0.6236
vn -0.0466 -0.7718 0.6342
vn -0.0351 -0.7420 0.6694
vn 0.0090 -0.7343 0.6787
vn 0.0196 -0.7024 0.7115
vn 0.0647 -0.6917 0.7192
vn 0.0744 -0.6584 0.7490
vn 0.1196 -0.6448 0.7549
vn 0.1281 -0.6109 0.7813
vn 0.1725 -0.5947 0.7852
vn 0.1799 -0.5609 0.8081
vn 0.2227 -0.5425 0.8100
vn -0.1203 -0.8498 0.5131
vn -0.0806 -0.8475 0.5246
vn -0.0682 -0.8238 0.5628
vn -0.0260 -0.8189 0.5733
vn -0.0139 -0.7920 0.6104
vn 0.0302 -0.7842 0.6197
vn 0.0416 -0.7545 0.6550
vn 0.0867 -0.7438 0.6627
vn 0.0974 -0.7119 0.6955
vn 0.1426 -0.6984 0.7014
vn 0.1522 -0.6650 0.7311
vn 0.1967 -0.6488 0.7351
vn 0.2052 -0.6149 0.7614
vn 0.2480 -0.5965 0.7633
vn 0.2554 -0.5628 0.7862
vn 0.2960 -0.5425 0.7862
vn -0.0994 -0.8885 0.4479
vn -0.0596 -0.8862 0.4594
vn -0.0471 -0.8660 0.4979
vn -0.0049 -0.8611 0.5084
vn 0.0075 -0.8374 0.5466
vn 0.0516 -0.8297 0.5559
vn 0.0636 -0.8027 0.5930
vn 0.1087 -0.7920 0.6007
vn 0.1202 -0.7622 0.6360
vn 0.1654 -0.7487 0.6419
vn 0.1761 -0.7168 0.6747
vn 0.2205 -0.7006 0.6786
vn 0.2302 -0.6673 0.7083
vn 0.2730 -0.6489 0.7103
vn 0.2815 -0.6149 0.7366
vn 0.3220 -0.5947 0.7366
vn 0.3294 -0.5610 0.7595
vn 0.3671 -0.5395 0.7578
vn -0.0783 -0.9214 0.3808
vn -0.0384 -0.9191 0.3922
vn -0.0260 -0.9024 0.4301
vn 0.0163 -0.8975 0.4407
vn 0.0287 -0.8773 0.4791
vn 0.0728 -0.8696 0.4884
vn 0.0852 -0.8458 0.5266
vn 0.1303 -0.8352 0.5343
vn 0.1424 -0.8082 0.5714
vn 0.1876 -0.7947 0.5773
vn 0.1991 -0.7649 0.6126
vn 0.2435 -0.7487 0.6166
vn 0.2541 -0.7168 0.6493
vn 0.2969 -0.6984 0.6513
vn 0.3066 -0.6650 0.6810
vn 0.3470 -0.6448 0.6810
vn 0.3556 -0.6109 0.7074
vn 0.3931 -0.5895 0.7057
vn 0.4005 -0.5556 0.7286
vn 0.4348 -0.5336 0.7254
vn -0.0574 -0.9481 0.3129
vn -0.0172 -0.9457 0.3245
vn -0.0054 -0.9326 0.3610
vn 0.0371 -0.9277 0.3716
vn 0.0493 -0.9110 0.4094
vn 0.0935 -0.9033 0.4187
vn 0.1059 -0.8831 0.4571
vn 0.1510 -0.8724 0.4648
vn 0.1634 -0.8487 0.5030
vn 0.2087 -0.8352 0.5089
vn 0.2207 -0.8082 0.5460
vn 0.2651 -0.7920 0.5499
vn 0.2766 -0.7622 0.5852
vn 0.3194 -0.7438 0.5871
vn 0.3300 -0.7119 0.6199
vn 0.3704 -0.6917 0.6199
vn 0.3801 -0.6584 0.6497
vn 0.4175 -0.6370 0.6480
vn 0.4261 -0.6030 0.6744
vn 0.4601 -0.5811 0.6713
vn 0.4676 -0.5470 0.6943
vn 0.4982 -0.5250 0.6900
vn -0.0370 -0.9687 0.2456
vn 0.0034 -0.9663 0.2573
vn 0.0146 -0.9564 0.2918
vn 0.0571 -0.9515 0.3024
vn 0.0690 -0.9383 0.3389
vn 0.1131 -0.9306 0.3482
vn 0.1254 -0.9140 0.3859
vn 0.1705 -0.9033 0.3937
vn 0.1830 -0.8831 0.4321
vn 0.2282 -0.8696 0.4379
vn 0.2406 -0.8458 0.4761
vn 0.2850 -0.8297 0.4800
vn 0.2971 -0.8027 0.5172
vn 0.3399 -0.7842 0.5191
vn 0.3513 -0.7545 0.5544
vn 0.3917 -0.7343 0.5544
vn 0.4024 -0.7024 0.5872
vn 0.4397 -0.6811 0.5855
vn 0.4494 -0.6477 0.6153
vn 0.4834 -0.6259 0.6121
vn 0.4920 -0.5917 0.6386
vn 0.5224 -0.5699 0.6343
vn 0.5299 -0.5356 0.6575
vn 0.5568 -0.5142 0.6524
vn -0.0174 -0.9835 0.1801
vn 0.0232 -0.9812 0.1917
vn 0.0336 -0.9741 0.2238
vn 0.0762 -0.9691 0.2345
vn 0.0874 -0.9592 0.2689
vn 0.1315 -0.9515 0.2783
vn 0.1434 -0.9383 0.3147
vn 0.1884 -0.9277 0.3224
vn 0.2007 -0.9110 0.3602
vn 0.2459 -0.8975 0.3661
vn 0.2584 -0.8773 0.4045
vn 0.3028 -0.8611 0.4084
vn 0.3152 -0.8374 0.4466
vn 0.3580 -0.8189 0.4485
vn 0.3701 -0.7920 0.4857
vn 0.4105 -0.7718 0.4857
vn 0.4219 -0.7420 0.5209
vn 0.4593 -0.7207 0.5192
vn 0.4700 -0.6888 0.5520
vn 0.5039 -0.6670 0.5488
vn 0.5136 -0.6336 0.5786
vn 0.5439 -0.6118 0.5743
vn 0.5526 -0.5776 0.6009
vn 0.5792 -0.5564 0.5958
vn 0.5868 -0.5219 0.6191
vn 0.6100 -0.5017 0.6134
vn 0.0012 -0.9931 0.1171
vn 0.0418 -0.9908 0.1288
vn 0.0514 -0.9861 0.1581
vn 0.0940 -0.9812 0.1687
vn 0.1044 -0.9741 0.2008
vn 0.1485 -0.9663 0.2101
vn 0.1597 -0.9564 0.2447
vn 0.2047 -0.9457 0.2524
vn 0.2165 -0.9326 0.2889
vn 0.2616 -0.9191 0.2948
vn 0.2739 -0.9024 0.3327
vn 0.3183 -0.8862 0.3366
vn 0.3307 -0.8660 0.3751
vn 0.3736 -0.8475 0.3770
vn 0.3860 -0.8238 0.4152
vn 0.4264 -0.8036 0.4152
vn 0.4385 -0.7767 0.4523
vn 0.4760 -0.7553 0.4505
vn 0.4874 -0.7256 0.4857
vn 0.5215 -0.7037 0.4825
vn 0.5321 -0.6719 0.5152
vn 0.5625 -0.6501 0.5109
vn 0.5722 -0.6167 0.5406
vn 0.5988 -0.5955 0.5355
vn 0.6075 -0.5613 0.5621
vn 0.6305 -0.5411 0.5565
vn 0.6381 -0.5065 0.5798
vn 0.6578 -0.4877 0.5740
vn 0.0186 -0.9982 0.0573
vn 0.0593 -0.9959 0.0690
vn 0.0679 -0.9931 0.0954
vn 0.1104 -0.9882 0.1060
vn 0.1199 -0.9835 0.1355
vn 0.1638 -0.9758 0.1447
vn 0.1743 -0.9687 0.1770
vn 0.2190 -0.9581 0.1847
vn 0.2303 -0.9481 0.2194
vn 0.2752 -0.9346 0.2253
vn 0.2871 -0.9214 0.2620
vn 0.3313 -0.9053 0.2659
vn 0.3437 -0.8885 0.3040
vn 0.3865 -0.8701 0.3059
vn 0.3990 -0.8498 0.3444
vn 0.4395 -0.8296 0.3444
vn 0.4519 -0.8059 0.3826
vn 0.4895 -0.7844 0.3809
vn 0.5015 -0.7576 0.4178
vn 0.5358 -0.7356 0.4146
vn 0.5472 -0.7060 0.4496
vn 0.5778 -0.6841 0.4453
vn 0.5883 -0.6524 0.4778
vn 0.6151 -0.6310 0.4726
vn 0.6248 -0.5978 0.5022
vn 0.6479 -0.5776 0.4966
vn 0.6566 -0.5434 0.5231
vn 0.6762 -0.5246 0.5173
vn 0.6838 -0.4900 0.5406
vn 0.7003 -0.4728 0.5348
vt 0.181819 0.000000
vt 0.187501 0.009841
vt 0.176137 0.009841
vt 0.272728 0.157461
vt 0.278410 0.147620
vt 0.284092 0.157461
vt 0.909091 0.000000
vt 0.914773 0.009841
vt 0.903409 0.009841
vt 0.727273 0.000000
vt 0.732955 0.009841
vt 0.721591 0.009841
vt 0.545455 0.000000
vt 0.551137 0.009841
vt 0.539773 0.009841
vt 0.278410 0.167302
vt 0.090910 0.157461
vt 0.102274 0.157461
vt 0.096592 0.167302
vt 0.818182 0.157461
vt 0.829546 0.157461
vt 0.823864 0.167302
vt 0.636364 0.157461
vt 0.647728 0.157461
vt 0.642046 0.167302
vt 0.454546 0.157461
vt 0.465910 0.157461
vt 0.460228 0.167302
vt 0.267046 0.167302
vt 0.085228 0.167302
vt 0.812500 0.167302
vt 0.630682 0.167302
vt 0.448864 0.167302
vt 0.181819 0.314921
vt 0.193183 0.314921
vt 0.187501 0.324762
vt 0.000000 0.314921
vt 0.011364 0.314921
vt 0.005682 0.324762
vt 0.727273 0.314921
vt 0.738637 0.314921
vt 0.732955 0.324762
vt 0.545455 0.314921
vt 0.556819 0.314921
vt 0.551137 0.324762
vt 0.363637 0.314921
vt 0.375001 0.314921
vt 0.369319 0.324762
vt 0.448864 0.462541
vt 0.460228 0.462541
vt 0.454546 0.472382
vt 0.443182 0.452699
vt 0.454546 0.452699
vt 0.437501 0.442858
vt 0.448864 0.442858
vt 0.431819 0.433017
vt 0.443182 0.433017
vt 0.426137 0.423175
vt 0.437501 0.423176
vt 0.420455 0.413334
vt 0.431819 0.413334
vt 0.414773 0.403493
vt 0.426137 0.403493
vt 0.409092 0.393652
vt 0.420455 0.393652
vt 0.403410 0.383810
vt 0.414773 0.383810
vt 0.397728 0.373969
vt 0.409092 0.373969
vt 0.392046 0.364128
vt 0.403410 0.364128
vt 0.386364 0.354286
vt 0.397728 0.354286
vt 0.380682 0.344445
vt 0.392046 0.344445
vt 0.375001 0.334604
vt 0.386364 0.334604
vt 0.380682 0.324762
vt 0.465910 0.452699
vt 0.460228 0.442858
vt 0.471591 0.442858
vt 0.454546 0.433017
vt 0.465910 0.433017
vt 0.477273 0.433017
vt 0.448864 0.423175
vt 0.460228 0.423175
vt 0.471591 0.423175
vt 0.482955 0.423175
vt 0.443182 0.413334
vt 0.454546 0.413334
vt 0.465910 0.413334
vt 0.477273 0.413334
vt 0.488637 0.413334
vt 0.437501 0.403493
vt 0.448864 0.403493
vt 0.460228 0.403493
vt 0.471591 0.403493
vt 0.482955 0.403493
vt 0.494319 0.403493
vt 0.431819 0.393652
vt 0.443182 0.393652
vt 0.454546 0.393652
vt 0.465910 0.393652
vt 0.477273 0.393652
vt 0.488637 0.393652
vt 0.500000 0.393652
vt 0.426137 0.383810
vt 0.437501 0.383810
vt 0.448864 0.383810
vt 0.460228 0.383810
vt 0.471591 0.383810
vt 0.482955 0.383810
vt 0.494319 0.383810
vt 0.505682 0.383810
vt 0.420455 0.373969
vt 0.431819 0.373969
vt 0.443182 0.373969
vt 0.454546 0.373969
vt 0.465910 0.373969
vt 0.477273 0.373969
vt 0.488637 0.373969
vt 0.500000 0.373969
vt 0.511364 0.373969
vt 0.414773 0.364128
vt 0.426137 0.364128
vt 0.437501 0.364128
vt 0.448864 0.364128
vt 0.460228 0.364128
vt 0.471591 0.364128
vt 0.482955 0.364128
vt 0.494319 0.364128
vt 0.505682 0.364128
vt 0.517046 0.364128
vt 0.409092 0.354286
vt 0.420455 0.354286
vt 0.431819 0.354286
vt 0.443182 0.354286
vt 0.454546 0.354286
vt 0.465910 0.354286
vt 0.477273 0.354286
vt 0.488637 0.354286
vt 0.500000 0.354286
vt 0.511364 0.354286
vt 0.522728 0.354286
vt 0.403410 0.344445
vt 0.414773 0.344445
vt 0.426137 0.344445
vt 0.437501 0.344445
vt 0.448864 0.344445
vt 0.460228 0.344445
vt 0.471591 0.344445
vt 0.482955 0.344445
vt 0.494319 0.344445
vt 0.505682 0.344445
vt 0.517046 0.344445
vt 0.528410 0.344445
vt 0.397728 0.334604
vt 0.409092 0.334604
vt 0.420455 0.334604
vt 0.431819 0.334604
vt 0.443182 0.334604
vt 0.454546 0.334604
vt 0.465910 0.334604
vt 0.477273 0.334604
vt 0.488637 0.334604
vt 0.500000 0.334604
vt 0.511364 0.334604
vt 0.522728 0.334604
vt 0.534091 0.334604
vt 0.392046 0.324762
vt 0.403410 0.324762
vt 0.414773 0.324762
vt 0.426137 0.324762
vt 0.437501 0.324762
vt 0.448864 0.324762
vt 0.460228 0.324762
vt 0.471591 0.324762
vt 0.482955 0.324762
vt 0.494319 0.324762
vt 0.505682 0.324762
vt 0.517046 0.324762
vt 0.528410 0.324762
vt 0.539773 0.324762
vt 0.386364 0.314921
vt 0.397728 0.314921
vt 0.409092 0.314921
vt 0.420455 0.314921
vt 0.431819 0.314921
vt 0.443182 0.314921
vt 0.454546 0.314921
vt 0.465910 0.314921
vt 0.477273 0.314921
vt 0.488637 0.314921
vt 0.500000 0.314921
vt 0.511364 0.314921
vt 0.522728 0.314921
vt 0.534091 0.314921
vt 0.630682 0.462541
vt 0.642046 0.462541
vt 0.636364 0.472382
vt 0.625000 0.452699
vt 0.636364 0.452699
vt 0.619318 0.442858
vt 0.630682 0.442858
vt 0.613637 0.433017
vt 0.625000 0.433017
vt 0.607955 0.423175
vt 0.619318 0.423175
vt 0.602273 0.413334
vt 0.613637 0.413334
vt 0.596591 0.403493
vt 0.607955 0.403493
vt 0.590909 0.393652
vt 0.602273 0.393652
vt 0.585228 0.383810
vt 0.596591 0.383810
vt 0.579546 0.373969
vt 0.590909 0.373969
vt 0.573864 0.364128
vt 0.585228 0.364128
vt 0.568182 0.354286
vt 0.579546 0.354286
vt 0.562500 0.344445
vt 0.573864 0.344445
vt 0.556819 0.334604
vt 0.568182 0.334604
vt 0.562500 0.324762
vt 0.647728 0.452699
vt 0.642046 0.442858
vt 0.653409 0.442858
vt 0.636364 0.433017
vt 0.647728 0.433017
vt 0.659091 0.433017
vt 0.630682 0.423175
vt 0.642046 0.423175
vt 0.653409 0.423175
vt 0.664773 0.423175
vt 0.625000 0.413334
vt 0.636364 0.413334
vt 0.647728 0.413334
vt 0.659091 0.413334
vt 0.670455 0.413334
vt 0.619318 0.403493
vt 0.630682 0.403493
vt 0.642046 0.403493
vt 0.653409 0.403493
vt 0.664773 0.403493
vt 0.676137 0.403493
vt 0.613637 0.393652
vt 0.625000 0.393652
vt 0.636364 0.393652
vt 0.647728 0.393652
vt 0.659091 0.393652
vt 0.670455 0.393652
vt 0.681818 0.393652
vt 0.607955 0.383810
vt 0.619319 0.383810
vt 0.630682 0.383810
vt 0.642046 0.383810
vt 0.653409 0.383810
vt 0.664773 0.383810
vt 0.676137 0.383810
vt 0.687500 0.383810
vt 0.602273 0.373969
vt 0.613637 0.373969
vt 0.625000 0.373969
vt 0.636364 0.373969
vt 0.647728 0.373969
vt 0.659091 0.373969
vt 0.670455 0.373969
vt 0.681818 0.373969
vt 0.693182 0.373969
vt 0.596591 0.364128
vt 0.607955 0.364128
vt 0.619318 0.364128
vt 0.630682 0.364128
vt 0.642046 0.364128
vt 0.653409 0.364128
vt 0.664773 0.364128
vt 0.676137 0.364128
vt 0.687500 0.364128
vt 0.698864 0.364128
vt 0.590909 0.354286
vt 0.602273 0.354286
vt 0.613637 0.354286
vt 0.625000 0.354286
vt 0.636364 0.354286
vt 0.647728 0.354286
vt 0.659091 0.354286
vt 0.670455 0.354286
vt 0.681818 0.354286
vt 0.693182 0.354286
vt 0.704546 0.354286
vt 0.585228 0.344445
vt 0.596591 0.344445
vt 0.607955 0.344445
vt 0.619319 0.344445
vt 0.630682 0.344445
vt 0.642046 0.344445
vt 0.653409 0.344445
vt 0.664773 0.344445
vt 0.676137 0.344445
vt 0.687500 0.344445
vt 0.698864 0.344445
vt 0.710228 0.344445
vt 0.579546 0.334604
vt 0.590909 0.334604
vt 0.602273 0.334604
vt 0.613637 0.334604
vt 0.625000 0.334604
vt 0.636364 0.334604
vt 0.647728 0.334604
vt 0.659091 0.334604
vt 0.670455 0.334604
vt 0.681818 0.334604
vt 0.693182 0.334604
vt 0.704546 0.334604
vt 0.715909 0.334604
vt 0.573864 0.324762
vt 0.585228 0.324762
vt 0.596591 0.324762
vt 0.607955 0.324762
vt 0.619319 0.324762
vt 0.630682 0.324762
vt 0.642046 0.324762
vt 0.653409 0.324762
vt 0.664773 0.324762
vt 0.676137 0.324762
vt 0.687500 0.324762
vt 0.698864 0.324762
vt 0.710227 0.324762
vt 0.721591 0.324762
vt 0.568182 0.314921
vt 0.579546 0.314921
vt 0.590909 0.314921
vt 0.602273 0.314921
vt 0.613637 0.314921
vt 0.625000 0.314921
vt 0.636364 0.314921
vt 0.647728 0.314921
vt 0.659091 0.314921
vt 0.670455 0.314921
vt 0.681818 0.314921
vt 0.693182 0.314921
vt 0.704546 0.314921
vt 0.715909 0.314921
vt 0.812500 0.462541
vt 0.823864 0.462541
vt 0.818182 0.472382
vt 0.806818 0.452699
vt 0.818182 0.452699
vt 0.801137 0.442858
vt 0.812500 0.442858
vt 0.795455 0.433017
vt 0.806818 0.433017
vt 0.789773 0.423175
vt 0.801137 0.423175
vt 0.784091 0.413334
vt 0.795455 0.413334
vt 0.778409 0.403493
vt 0.789773 0.403493
vt 0.772727 0.393652
vt 0.784091 0.393652
vt 0.767046 0.383810
vt 0.778409 0.383810
vt 0.761364 0.373969
vt 0.772727 0.373969
vt 0.755682 0.364128
vt 0.767046 0.364128
vt 0.750000 0.354286
vt 0.761364 0.354286
vt 0.744318 0.344445
vt 0.755682 0.344445
vt 0.738637 0.334604
vt 0.750000 0.334604
vt 0.744318 0.324762
vt 0.829546 0.452699
vt 0.823864 0.442858
vt 0.835227 0.442858
vt 0.818182 0.433017
vt 0.829546 0.433017
vt 0.840909 0.433017
vt 0.812500 0.423175
vt 0.823864 0.423175
vt 0.835227 0.423175
vt 0.846591 0.423175
vt 0.806818 0.413334
vt 0.818182 0.413334
vt 0.829546 0.413334
vt 0.840909 0.413334
vt 0.852273 0.413334
vt 0.801137 0.403493
vt 0.812500 0.403493
vt 0.823864 0.403493
vt 0.835227 0.403493
vt 0.846591 0.403493
vt 0.857955 0.403493
vt 0.795455 0.393652
vt 0.806818 0.393652
vt 0.818182 0.393652
vt 0.829546 0.393652
vt 0.840909 0.393652
vt 0.852273 0.393652
vt 0.863636 0.393652
vt 0.789773 0.383810
vt 0.801137 0.383810
vt 0.812500 0.383810
vt 0.823864 0.383810
vt 0.835227 0.383810
vt 0.846591 0.383810
vt 0.857955 0.383810
vt 0.869318 0.383810
vt 0.784091 0.373969
vt 0.795455 0.373969
vt 0.806818 0.373969
vt 0.818182 0.373969
vt 0.829546 0.373969
vt 0.840909 0.373969
vt 0.852273 0.373969
vt 0.863636 0.373969
vt 0.875000 0.373969
vt 0.778409 0.364128
vt 0.789773 0.364128
vt 0.801136 0.364128
vt 0.812500 0.364128
vt 0.823864 0.364128
vt 0.835227 0.364128
vt 0.846591 0.364128
vt 0.857955 0.364128
vt 0.869318 0.364128
vt 0.880682 0.364128
vt 0.772727 0.354286
vt 0.784091 0.354286
vt 0.795455 0.354286
vt 0.806818 0.354286
vt 0.818182 0.354286
vt 0.829546 0.354286
vt 0.840909 0.354286
vt 0.852273 0.354286
vt 0.863636 0.354286
vt 0.875000 0.354286
vt 0.886364 0.354286
vt 0.767046 0.344445
vt 0.778409 0.344445
vt 0.789773 0.344445
vt 0.801136 0.344445
vt 0.812500 0.344445
vt 0.823864 0.344445
vt 0.835227 0.344445
vt 0.846591 0.344445
vt 0.857955 0.344445
vt 0.869318 0.344445
vt 0.880682 0.344445
vt 0.892046 0.344445
vt 0.761364 0.334604
vt 0.772727 0.334604
vt 0.784091 0.334604
vt 0.795455 0.334604
vt 0.806818 0.334604
vt 0.818182 0.334604
vt 0.829546 0.334604
vt 0.840909 0.334604
vt 0.852273 0.334604
vt 0.863636 0.334604
vt 0.875000 0.334604
vt 0.886364 0.334604
vt 0.897727 0.334604
vt 0.755682 0.324762
vt 0.767046 0.324762
vt 0.778409 0.324762
vt 0.789773 0.324762
vt 0.801137 0.324762
vt 0.812500 0.324762
vt 0.823864 0.324762
vt 0.835227 0.324762
vt 0.846591 0.324762
vt 0.857955 0.324762
vt 0.869318 0.324762
vt 0.880682 0.324762
vt 0.892045 0.324762
vt 0.903409 0.324762
vt 0.750000 0.314921
vt 0.761364 0.314921
vt 0.772727 0.314921
vt 0.784091 0.314921
vt 0.795455 0.314921
vt 0.806818 0.314921
vt 0.818182 0.314921
vt 0.829546 0.314921
vt 0.840909 0.314921
vt 0.852273 0.314921
vt 0.863636 0.314921
vt 0.875000 0.314921
vt 0.886364 0.314921
vt 0.897727 0.314921
vt 0.909091 0.314921
vt 0.085228 0.462541
vt 0.096592 0.462541
vt 0.090910 0.472382
vt 0.079546 0.452699
vt 0.090910 0.452699
vt 0.073864 0.442858
vt 0.085228 0.442858
vt 0.068183 0.433017
vt 0.079546 0.433017
vt 0.062501 0.423175
vt 0.073864 0.423175
vt 0.056819 0.413334
vt 0.068182 0.413334
vt 0.051137 0.403493
vt 0.062501 0.403493
vt 0.045455 0.393652
vt 0.056819 0.393652
vt 0.039773 0.383810
vt 0.051137 0.383810
vt 0.034091 0.373969
vt 0.045455 0.373969
vt 0.028409 0.364128
vt 0.039773 0.364128
vt 0.022728 0.354286
vt 0.034091 0.354286
vt 0.017046 0.344445
vt 0.028409 0.344445
vt 0.011364 0.334604
vt 0.022727 0.334604
vt 0.017046 0.324762
vt 0.102274 0.452699
vt 0.096592 0.442858
vt 0.107955 0.442858
vt 0.090910 0.433017
vt 0.102274 0.433017
vt 0.113637 0.433017
vt 0.085228 0.423175
vt 0.096592 0.423175
vt 0.107955 0.423175
vt 0.119319 0.423175
vt 0.079546 0.413334
vt 0.090910 0.413334
vt 0.102274 0.413334
vt 0.113637 0.413334
vt 0.125001 0.413334
vt 0.073864 0.403493
vt 0.085228 0.403493
vt 0.096592 0.403493
vt 0.107955 0.403493
vt 0.119319 0.403493
vt 0.130683 0.403493
vt 0.068182 0.393652
vt 0.079546 0.393652
vt 0.090910 0.393652
vt 0.102273 0.393652
vt 0.113637 0.393652
vt 0.125001 0.393652
vt 0.136365 0.393652
vt 0.062500 0.383810
vt 0.073864 0.383810
vt 0.085228 0.383810
vt 0.096592 0.383810
vt 0.107955 0.383810
vt 0.119319 0.383810
vt 0.130683 0.383810
vt 0.142046 0.383810
vt 0.056819 0.373969
vt 0.068182 0.373969
vt 0.079546 0.373969
vt 0.090910 0.373969
vt 0.102273 0.373969
vt 0.113637 0.373969
vt 0.125001 0.373969
vt 0.136364 0.373969
vt 0.147728 0.373969
vt 0.051137 0.364128
vt 0.062500 0.364128
vt 0.073864 0.364128
vt 0.085228 0.364128
vt 0.096592 0.364128
vt 0.107955 0.364128
vt 0.119319 0.364128
vt 0.130683 0.364128
vt 0.142046 0.364128
vt 0.153410 0.364128
vt 0.045455 0.354286
vt 0.056819 0.354286
vt 0.068182 0.354286
vt 0.079546 0.354286
vt 0.090910 0.354286
vt 0.102273 0.354286
vt 0.113637 0.354286
vt 0.125001 0.354286
vt 0.136364 0.354286
vt 0.147728 0.354286
vt 0.159092 0.354286
vt 0.039773 0.344445
vt 0.051137 0.344445
vt 0.062500 0.344445
vt 0.073864 0.344445
vt 0.085228 0.344445
vt 0.096591 0.344445
vt 0.107955 0.344445
vt 0.119319 0.344445
vt 0.130683 0.344445
vt 0.142046 0.344445
vt 0.153410 0.344445
vt 0.164774 0.344445
vt 0.034091 0.334604
vt 0.045455 0.334604
vt 0.056819 0.334604
vt 0.068182 0.334604
vt 0.079546 0.334604
vt 0.090910 0.334604
vt 0.102273 0.334604
vt 0.113637 0.334604
vt 0.125001 0.334604
vt 0.136364 0.334604
vt 0.147728 0.334604
vt 0.159092 0.334604
vt 0.170455 0.334604
vt 0.028409 0.324762
vt 0.039773 0.324762
vt 0.051137 0.324762
vt 0.062500 0.324762
vt 0.073864 0.324762
vt 0.085228 0.324762
vt 0.096591 0.324762
vt 0.107955 0.324762
vt 0.119319 0.324762
vt 0.130682 0.324762
vt 0.142046 0.324762
vt 0.153410 0.324762
vt 0.164773 0.324762
vt 0.176137 0.324762
vt 0.022727 0.314921
vt 0.034091 0.314921
vt 0.045455 0.314921
vt 0.056818 0.314921
vt 0.068182 0.314921
vt 0.079546 0.314921
vt 0.090910 0.314921
vt 0.102273 0.314921
vt 0.113637 0.314921
vt 0.125001 0.314921
vt 0.136364 0.314921
vt 0.147728 0.314921
vt 0.159092 0.314921
vt 0.170455 0.314921
vt 0.267046 0.462541
vt 0.278410 0.462541
vt 0.272728 0.472382
vt 0.261364 0.452699
vt 0.272728 0.452699
vt 0.255683 0.442858
vt 0.267046 0.442858
vt 0.250001 0.433017
vt 0.261364 0.433017
vt 0.244319 0.423175
vt 0.255683 0.423175
vt 0.238637 0.413334
vt 0.250001 0.413334
vt 0.232955 0.403493
vt 0.244319 0.403493
vt 0.227273 0.393652
vt 0.238637 0.393652
vt 0.221592 0.383810
vt 0.232955 0.383810
vt 0.215910 0.373969
vt 0.227273 0.373969
vt 0.210228 0.364128
vt 0.221592 0.364128
vt 0.204546 0.354286
vt 0.215910 0.354286
vt 0.198864 0.344445
vt 0.210228 0.344445
vt 0.193183 0.334604
vt 0.204546 0.334604
vt 0.198864 0.324762
vt 0.284092 0.452699
vt 0.278410 0.442858
vt 0.289773 0.442858
vt 0.272728 0.433017
vt 0.284092 0.433017
vt 0.295455 0.433017
vt 0.267046 0.423175
vt 0.278410 0.423175
vt 0.289773 0.423175
vt 0.301137 0.423175
vt 0.261364 0.413334
vt 0.272728 0.413334
vt 0.284092 0.413334
vt 0.295455 0.413334
vt 0.306819 0.413334
vt 0.255683 0.403493
vt 0.267046 0.403493
vt 0.278410 0.403493
vt 0.289773 0.403493
vt 0.301137 0.403493
vt 0.312501 0.403493
vt 0.250001 0.393652
vt 0.261364 0.393652
vt 0.272728 0.393652
vt 0.284092 0.393652
vt 0.295455 0.393652
vt 0.306819 0.393652
vt 0.318182 0.393652
vt 0.244319 0.383810
vt 0.255683 0.383810
vt 0.267046 0.383810
vt 0.278410 0.383810
vt 0.289773 0.383810
vt 0.301137 0.383810
vt 0.312501 0.383810
vt 0.323864 0.383810
vt 0.238637 0.373969
vt 0.250001 0.373969
vt 0.261364 0.373969
vt 0.272728 0.373969
vt 0.284092 0.373969
vt 0.295455 0.373969
vt 0.306819 0.373969
vt 0.318182 0.373969
vt 0.329546 0.373969
vt 0.232955 0.364128
vt 0.244319 0.364128
vt 0.255683 0.364128
vt 0.267046 0.364128
vt 0.278410 0.364128
vt 0.289773 0.364128
vt 0.301137 0.364128
vt 0.312501 0.364128
vt 0.323864 0.364128
vt 0.335228 0.364128
vt 0.227273 0.354286
vt 0.238637 0.354286
vt 0.250001 0.354286
vt 0.261364 0.354286
vt 0.272728 0.354286
vt 0.284092 0.354286
vt 0.295455 0.354286
vt 0.306819 0.354286
vt 0.318182 0.354286
vt 0.329546 0.354286
vt 0.340910 0.354286
vt 0.221592 0.344445
vt 0.232955 0.344445
vt 0.244319 0.344445
vt 0.255683 0.344445
vt 0.267046 0.344445
vt 0.278410 0.344445
vt 0.289773 0.344445
vt 0.301137 0.344445
vt 0.312501 0.344445
vt 0.323864 0.344445
vt 0.335228 0.344445
vt 0.346592 0.344445
vt 0.215910 0.334604
vt 0.227273 0.334604
vt 0.238637 0.334604
vt 0.250001 0.334604
vt 0.261364 0.334604
vt 0.272728 0.334604
vt 0.284092 0.334604
vt 0.295455 0.334604
vt 0.306819 0.334604
vt 0.318182 0.334604
vt 0.329546 0.334604
vt 0.340910 0.334604
vt 0.352273 0.334604
vt 0.210228 0.324762
vt 0.221592 0.324762
vt 0.232955 0.324762
vt 0.244319 0.324762
vt 0.255683 0.324762
vt 0.267046 0.324762
vt 0.278410 0.324762
vt 0.289773 0.324762
vt 0.301137 0.324762
vt 0.312501 0.324762
vt 0.323864 0.324762
vt 0.335228 0.324762
vt 0.346592 0.324762
vt 0.357955 0.324762
vt 0.204546 0.314921
vt 0.215910 0.314921
vt 0.227273 0.314921
vt 0.238637 0.314921
vt 0.250001 0.314921
vt 0.261364 0.314921
vt 0.272728 0.314921
vt 0.284092 0.314921
vt 0.295455 0.314921
vt 0.306819 0.314921
vt 0.318182 0.314921
vt 0.329546 0.314921
vt 0.340910 0.314921
vt 0.352273 0.314921
vt 0.369319 0.305080
vt 0.375001 0.295238
vt 0.380682 0.305080
vt 0.380682 0.285397
vt 0.386364 0.295238
vt 0.386364 0.275556
vt 0.392046 0.285397
vt 0.392046 0.265715
vt 0.397728 0.275556
vt 0.397728 0.255874
vt 0.403410 0.265715
vt 0.403410 0.246032
vt 0.409091 0.255874
vt 0.409091 0.236191
vt 0.414773 0.246032
vt 0.414773 0.226350
vt 0.420455 0.236191
vt 0.420455 0.216509
vt 0.426137 0.226350
vt 0.426137 0.206667
vt 0.431819 0.216509
vt 0.431819 0.196826
vt 0.437501 0.206667
vt 0.437501 0.186985
vt 0.443182 0.196826
vt 0.443182 0.177143
vt 0.448864 0.186985
vt 0.454546 0.177143
vt 0.392046 0.305080
vt 0.397728 0.295238
vt 0.403410 0.305080
vt 0.403410 0.285397
vt 0.409091 0.295238
vt 0.414773 0.305080
vt 0.409091 0.275556
vt 0.414773 0.285397
vt 0.420455 0.295238
vt 0.426137 0.305080
vt 0.414773 0.265715
vt 0.420455 0.275556
vt 0.426137 0.285397
vt 0.431819 0.295238
vt 0.437500 0.305080
vt 0.420455 0.255874
vt 0.426137 0.265715
vt 0.431819 0.275556
vt 0.437501 0.285397
vt 0.443182 0.295238
vt 0.448864 0.305080
vt 0.426137 0.246032
vt 0.431819 0.255874
vt 0.437501 0.265715
vt 0.443182 0.275556
vt 0.448864 0.285397
vt 0.454546 0.295238
vt 0.460228 0.305080
vt 0.431819 0.236191
vt 0.437501 0.246032
vt 0.443182 0.255874
vt 0.448864 0.265715
vt 0.454546 0.275556
vt 0.460228 0.285397
vt 0.465910 0.295238
vt 0.471591 0.305080
vt 0.437501 0.226350
vt 0.443182 0.236191
vt 0.448864 0.246032
vt 0.454546 0.255874
vt 0.460228 0.265715
vt 0.465910 0.275556
vt 0.471591 0.285397
vt 0.477273 0.295238
vt 0.482955 0.305080
vt 0.443182 0.216509
vt 0.448864 0.226350
vt 0.454546 0.236191
vt 0.460228 0.246032
vt 0.465910 0.255874
vt 0.471591 0.265715
vt 0.477273 0.275556
vt 0.482955 0.285397
vt 0.488637 0.295238
vt 0.494319 0.305080
vt 0.448864 0.206667
vt 0.454546 0.216509
vt 0.460228 0.226350
vt 0.465910 0.236191
vt 0.471591 0.246032
vt 0.477273 0.255874
vt 0.482955 0.265715
vt 0.488637 0.275556
vt 0.494319 0.285397
vt 0.500000 0.295238
vt 0.505682 0.305080
vt 0.454546 0.196826
vt 0.460228 0.206667
vt 0.465910 0.216509
vt 0.471591 0.226350
vt 0.477273 0.236191
vt 0.482955 0.246032
vt 0.488637 0.255874
vt 0.494319 0.265715
vt 0.500000 0.275556
vt 0.505682 0.285397
vt 0.511364 0.295238
vt 0.517046 0.305080
vt 0.460228 0.186985
vt 0.465910 0.196826
vt 0.471591 0.206667
vt 0.477273 0.216509
vt 0.482955 0.226350
vt 0.488637 0.236191
vt 0.494319 0.246032
vt 0.500000 0.255874
vt 0.505682 0.265715
vt 0.511364 0.275556
vt 0.517046 0.285397
vt 0.522728 0.295238
vt 0.528410 0.305080
vt 0.465910 0.177143
vt 0.471591 0.186985
vt 0.477273 0.196826
vt 0.482955 0.206667
vt 0.488637 0.216508
vt 0.494319 0.226350
vt 0.500000 0.236191
vt 0.505682 0.246032
vt 0.511364 0.255873
vt 0.517046 0.265715
vt 0.522728 0.275556
vt 0.528410 0.285397
vt 0.534091 0.295238
vt 0.539773 0.305080
vt 0.551137 0.305080
vt 0.556819 0.295238
vt 0.562500 0.305080
vt 0.562500 0.285397
vt 0.568182 0.295238
vt 0.568182 0.275556
vt 0.573864 0.285397
vt 0.573864 0.265715
vt 0.579546 0.275556
vt 0.579546 0.255874
vt 0.585228 0.265715
vt 0.585228 0.246032
vt 0.590909 0.255874
vt 0.590909 0.236191
vt 0.596591 0.246032
vt 0.596591 0.226350
vt 0.602273 0.236191
vt 0.602273 0.216509
vt 0.607955 0.226350
vt 0.607955 0.206667
vt 0.613637 0.216509
vt 0.613637 0.196826
vt 0.619318 0.206667
vt 0.619318 0.186985
vt 0.625000 0.196826
vt 0.625000 0.177143
vt 0.630682 0.186985
vt 0.636364 0.177143
vt 0.573864 0.305080
vt 0.579546 0.295238
vt 0.585228 0.305080
vt 0.585228 0.285397
vt 0.590909 0.295238
vt 0.596591 0.305080
vt 0.590909 0.275556
vt 0.596591 0.285397
vt 0.602273 0.295238
vt 0.607955 0.305080
vt 0.596591 0.265715
vt 0.602273 0.275556
vt 0.607955 0.285397
vt 0.613637 0.295238
vt 0.619318 0.305080
vt 0.602273 0.255874
vt 0.607955 0.265715
vt 0.613637 0.275556
vt 0.619318 0.285397
vt 0.625000 0.295238
vt 0.630682 0.305080
vt 0.607955 0.246032
vt 0.613637 0.255874
vt 0.619318 0.265715
vt 0.625000 0.275556
vt 0.630682 0.285397
vt 0.636364 0.295238
vt 0.642046 0.305080
vt 0.613637 0.236191
vt 0.619318 0.246032
vt 0.625000 0.255874
vt 0.630682 0.265715
vt 0.636364 0.275556
vt 0.642046 0.285397
vt 0.647727 0.295238
vt 0.653409 0.305080
vt 0.619318 0.226350
vt 0.625000 0.236191
vt 0.630682 0.246032
vt 0.636364 0.255874
vt 0.642046 0.265715
vt 0.647728 0.275556
vt 0.653409 0.285397
vt 0.659091 0.295238
vt 0.664773 0.305080
vt 0.625000 0.216509
vt 0.630682 0.226350
vt 0.636364 0.236191
vt 0.642046 0.246032
vt 0.647727 0.255874
vt 0.653409 0.265715
vt 0.659091 0.275556
vt 0.664773 0.285397
vt 0.670455 0.295238
vt 0.676137 0.305080
vt 0.630682 0.206667
vt 0.636364 0.216509
vt 0.642046 0.226350
vt 0.647727 0.236191
vt 0.653409 0.246032
vt 0.659091 0.255874
vt 0.664773 0.265715
vt 0.670455 0.275556
vt 0.676137 0.285397
vt 0.681818 0.295238
vt 0.687500 0.305080
vt 0.636364 0.196826
vt 0.642046 0.206667
vt 0.647728 0.216509
vt 0.653409 0.226350
vt 0.659091 0.236191
vt 0.664773 0.246032
vt 0.670455 0.255874
vt 0.676137 0.265715
vt 0.681819 0.275556
vt 0.687500 0.285397
vt 0.693182 0.295238
vt 0.698864 0.305080
vt 0.642046 0.186985
vt 0.647728 0.196826
vt 0.653409 0.206667
vt 0.659091 0.216509
vt 0.664773 0.226350
vt 0.670455 0.236191
vt 0.676137 0.246032
vt 0.681818 0.255874
vt 0.687500 0.265715
vt 0.693182 0.275556
vt 0.698864 0.285397
vt 0.704546 0.295238
vt 0.710228 0.305080
vt 0.647728 0.177143
vt 0.653409 0.186985
vt 0.659091 0.196826
vt 0.664773 0.206667
vt 0.670455 0.216508
vt 0.676137 0.226350
vt 0.681818 0.236191
vt 0.687500 0.246032
vt 0.693182 0.255873
vt 0.698864 0.265715
vt 0.704546 0.275556
vt 0.710228 0.285397
vt 0.715909 0.295238
vt 0.721591 0.305080
vt 0.732955 0.305080
vt 0.738637 0.295238
vt 0.744318 0.305080
vt 0.744318 0.285397
vt 0.750000 0.295238
vt 0.750000 0.275556
vt 0.755682 0.285397
vt 0.755682 0.265715
vt 0.761364 0.275556
vt 0.761364 0.255874
vt 0.767046 0.265715
vt 0.767046 0.246032
vt 0.772727 0.255874
vt 0.772727 0.236191
vt 0.778409 0.246032
vt 0.778409 0.226350
vt 0.784091 0.236191
vt 0.784091 0.216509
vt 0.789773 0.226350
vt 0.789773 0.206667
vt 0.795455 0.216509
vt 0.795455 0.196826
vt 0.801137 0.206667
vt 0.801137 0.186985
vt 0.806818 0.196826
vt 0.806818 0.177143
vt 0.812500 0.186985
vt 0.818182 0.177143
vt 0.755682 0.305080
vt 0.761364 0.295238
vt 0.767046 0.305080
vt 0.767046 0.285397
vt 0.772727 0.295238
vt 0.778409 0.305080
vt 0.772727 0.275556
vt 0.778409 0.285397
vt 0.784091 0.295238
vt 0.789773 0.305080
vt 0.778409 0.265715
vt 0.784091 0.275556
vt 0.789773 0.285397
vt 0.795455 0.295238
vt 0.801137 0.305080
vt 0.784091 0.255874
vt 0.789773 0.265715
vt 0.795455 0.275556
vt 0.801137 0.285397
vt 0.806818 0.295238
vt 0.812500 0.305080
vt 0.789773 0.246032
vt 0.795455 0.255874
vt 0.801137 0.265715
vt 0.806818 0.275556
vt 0.812500 0.285397
vt 0.818182 0.295238
vt 0.823864 0.305080
vt 0.795455 0.236191
vt 0.801136 0.246032
vt 0.806818 0.255874
vt 0.812500 0.265715
vt 0.818182 0.275556
vt 0.823864 0.285397
vt 0.829545 0.295238
vt 0.835227 0.305080
vt 0.801137 0.226350
vt 0.806818 0.236191
vt 0.812500 0.246032
vt 0.818182 0.255874
vt 0.823864 0.265715
vt 0.829546 0.275556
vt 0.835227 0.285397
vt 0.840909 0.295238
vt 0.846591 0.305080
vt 0.806818 0.216509
vt 0.812500 0.226350
vt 0.818182 0.236191
vt 0.823864 0.246032
vt 0.829546 0.255874
vt 0.835227 0.265715
vt 0.840909 0.275556
vt 0.846591 0.285397
vt 0.852273 0.295238
vt 0.857955 0.305080
vt 0.812500 0.206667
vt 0.818182 0.216509
vt 0.823864 0.226350
vt 0.829546 0.236191
vt 0.835227 0.246032
vt 0.840909 0.255874
vt 0.846591 0.265715
vt 0.852273 0.275556
vt 0.857955 0.285397
vt 0.863636 0.295238
vt 0.869318 0.305080
vt 0.818182 0.196826
vt 0.823864 0.206667
vt 0.829546 0.216509
vt 0.835227 0.226350
vt 0.840909 0.236191
vt 0.846591 0.246032
vt 0.852273 0.255874
vt 0.857955 0.265715
vt 0.863636 0.275556
vt 0.869318 0.285397
vt 0.875000 0.295238
vt 0.880682 0.305080
vt 0.823864 0.186985
vt 0.829546 0.196826
vt 0.835227 0.206667
vt 0.840909 0.216509
vt 0.846591 0.226350
vt 0.852273 0.236191
vt 0.857955 0.246032
vt 0.863636 0.255874
vt 0.869318 0.265715
vt 0.875000 0.275556
vt 0.880682 0.285397
vt 0.886364 0.295238
vt 0.892046 0.305080
vt 0.829546 0.177143
vt 0.835227 0.186985
vt 0.840909 0.196826
vt 0.846591 0.206667
vt 0.852273 0.216508
vt 0.857955 0.226350
vt 0.863636 0.236191
vt 0.869318 0.246032
vt 0.875000 0.255873
vt 0.880682 0.265715
vt 0.886364 0.275556
vt 0.892046 0.285397
vt 0.897727 0.295238
vt 0.903409 0.305080
vt 0.005682 0.305080
vt 0.011364 0.295238
vt 0.017046 0.305080
vt 0.017046 0.285397
vt 0.022727 0.295238
vt 0.022728 0.275556
vt 0.028409 0.285397
vt 0.028409 0.265715
vt 0.034091 0.275556
vt 0.034091 0.255874
vt 0.039773 0.265715
vt 0.039773 0.246032
vt 0.045455 0.255874
vt 0.045455 0.236191
vt 0.051137 0.246032
vt 0.051137 0.226350
vt 0.056819 0.236191
vt 0.056819 0.216509
vt 0.062501 0.226350
vt 0.062501 0.206667
vt 0.068182 0.216509
vt 0.068183 0.196826
vt 0.073864 0.206667
vt 0.073864 0.186985
vt 0.079546 0.196826
vt 0.079546 0.177143
vt 0.085228 0.186985
vt 0.090910 0.177143
vt 0.028409 0.305080
vt 0.034091 0.295238
vt 0.039773 0.305080
vt 0.039773 0.285397
vt 0.045455 0.295238
vt 0.051137 0.305080
vt 0.045455 0.275556
vt 0.051137 0.285397
vt 0.056819 0.295238
vt 0.062500 0.305080
vt 0.051137 0.265715
vt 0.056819 0.275556
vt 0.062500 0.285397
vt 0.068182 0.295238
vt 0.073864 0.305080
vt 0.056819 0.255874
vt 0.062500 0.265715
vt 0.068182 0.275556
vt 0.073864 0.285397
vt 0.079546 0.295238
vt 0.085228 0.305080
vt 0.062501 0.246032
vt 0.068182 0.255874
vt 0.073864 0.265715
vt 0.079546 0.275556
vt 0.085228 0.285397
vt 0.090910 0.295238
vt 0.096591 0.305080
vt 0.068182 0.236191
vt 0.073864 0.246032
vt 0.079546 0.255874
vt 0.085228 0.265715
vt 0.090910 0.275556
vt 0.096591 0.285397
vt 0.102273 0.295238
vt 0.107955 0.305080
vt 0.073864 0.226350
vt 0.079546 0.236191
vt 0.085228 0.246032
vt 0.090910 0.255874
vt 0.096592 0.265715
vt 0.102273 0.275556
vt 0.107955 0.285397
vt 0.113637 0.295238
vt 0.119319 0.305080
vt 0.079546 0.216509
vt 0.085228 0.226350
vt 0.090910 0.236191
vt 0.096592 0.246032
vt 0.102273 0.255874
vt 0.107955 0.265715
vt 0.113637 0.275556
vt 0.119319 0.285397
vt 0.125001 0.295238
vt 0.130682 0.305080
vt 0.085228 0.206667
vt 0.090910 0.216509
vt 0.096592 0.226350
vt 0.102273 0.236191
vt 0.107955 0.246032
vt 0.113637 0.255874
vt 0.119319 0.265715
vt 0.125001 0.275556
vt 0.130683 0.285397
vt 0.136364 0.295238
vt 0.142046 0.305080
vt 0.090910 0.196826
vt 0.096592 0.206667
vt 0.102274 0.216509
vt 0.107955 0.226350
vt 0.113637 0.236191
vt 0.119319 0.246032
vt 0.125001 0.255874
vt 0.130683 0.265715
vt 0.136364 0.275556
vt 0.142046 0.285397
vt 0.147728 0.295238
vt 0.153410 0.305080
vt 0.096592 0.186985
vt 0.102274 0.196826
vt 0.107955 0.206667
vt 0.113637 0.216509
vt 0.119319 0.226350
vt 0.125001 0.236191
vt 0.130683 0.246032
vt 0.136364 0.255874
vt 0.142046 0.265715
vt 0.147728 0.275556
vt 0.153410 0.285397
vt 0.159092 0.295238
vt 0.164773 0.305080
vt 0.102274 0.177143
vt 0.107955 0.186985
vt 0.113637 0.196826
vt 0.119319 0.206667
vt 0.125001 0.216508
vt 0.130683 0.226350
vt 0.136365 0.236191
vt 0.142046 0.246032
vt 0.147728 0.255873
vt 0.153410 0.265715
vt 0.159092 0.275556
vt 0.164774 0.285397
vt 0.170455 0.295238
vt 0.176137 0.305080
vt 0.187501 0.305080
vt 0.193183 0.295238
vt 0.198864 0.305080
vt 0.198864 0.285397
vt 0.204546 0.295238
vt 0.204546 0.275556
vt 0.210228 0.285397
vt 0.210228 0.265715
vt 0.215910 0.275556
vt 0.215910 0.255874
vt 0.221592 0.265715
vt 0.221592 0.246032
vt 0.227273 0.255874
vt 0.227273 0.236191
vt 0.232955 0.246032
vt 0.232955 0.226350
vt 0.238637 0.236191
vt 0.238637 0.216509
vt 0.244319 0.226350
vt 0.244319 0.206667
vt 0.250001 0.216509
vt 0.250001 0.196826
vt 0.255683 0.206667
vt 0.255683 0.186985
vt 0.261364 0.196826
vt 0.261364 0.177143
vt 0.267046 0.186985
vt 0.272728 0.177143
vt 0.210228 0.305080
vt 0.215910 0.295238
vt 0.221592 0.305080
vt 0.221592 0.285397
vt 0.227273 0.295238
vt 0.232955 0.305080
vt 0.227273 0.275556
vt 0.232955 0.285397
vt 0.238637 0.295238
vt 0.244319 0.305080
vt 0.232955 0.265715
vt 0.238637 0.275556
vt 0.244319 0.285397
vt 0.250001 0.295238
vt 0.255683 0.305080
vt 0.238637 0.255874
vt 0.244319 0.265715
vt 0.250001 0.275556
vt 0.255683 0.285397
vt 0.261364 0.295238
vt 0.267046 0.305080
vt 0.244319 0.246032
vt 0.250001 0.255874
vt 0.255683 0.265715
vt 0.261364 0.275556
vt 0.267046 0.285397
vt 0.272728 0.295238
vt 0.278410 0.305080
vt 0.250001 0.236191
vt 0.255683 0.246032
vt 0.261364 0.255874
vt 0.267046 0.265715
vt 0.272728 0.275556
vt 0.278410 0.285397
vt 0.284092 0.295238
vt 0.289773 0.305080
vt 0.255683 0.226350
vt 0.261364 0.236191
vt 0.267046 0.246032
vt 0.272728 0.255874
vt 0.278410 0.265715
vt 0.284092 0.275556
vt 0.289773 0.285397
vt 0.295455 0.295238
vt 0.301137 0.305080
vt 0.261364 0.216509
vt 0.267046 0.226350
vt 0.272728 0.236191
vt 0.278410 0.246032
vt 0.284092 0.255874
vt 0.289773 0.265715
vt 0.295455 0.275556
vt 0.301137 0.285397
vt 0.306819 0.295238
vt 0.312501 0.305080
vt 0.267046 0.206667
vt 0.272728 0.216509
vt 0.278410 0.226350
vt 0.284092 0.236191
vt 0.289773 0.246032
vt 0.295455 0.255874
vt 0.301137 0.265715
vt 0.306819 0.275556
vt 0.312501 0.285397
vt 0.318182 0.295238
vt 0.323864 0.305080
vt 0.272728 0.196826
vt 0.278410 0.206667
vt 0.284092 0.216509
vt 0.289773 0.226350
vt 0.295455 0.236191
vt 0.301137 0.246032
vt 0.306819 0.255874
vt 0.312501 0.265715
vt 0.318183 0.275556
vt 0.323864 0.285397
vt 0.329546 0.295238
vt 0.335228 0.305080
vt 0.278410 0.186985
vt 0.284092 0.196826
vt 0.289773 0.206667
vt 0.295455 0.216509
vt 0.301137 0.226350
vt 0.306819 0.236191
vt 0.312501 0.246032
vt 0.318182 0.255874
vt 0.323864 0.265715
vt 0.329546 0.275556
vt 0.335228 0.285397
vt 0.340910 0.295238
vt 0.346592 0.305080
vt 0.284092 0.177143
vt 0.289773 0.186985
vt 0.295455 0.196826
vt 0.301137 0.206667
vt 0.306819 0.216508
vt 0.312501 0.226350
vt 0.318182 0.236191
vt 0.323864 0.246032
vt 0.329546 0.255873
vt 0.335228 0.265715
vt 0.340910 0.275556
vt 0.346592 0.285397
vt 0.352273 0.295238
vt 0.357955 0.305080
vt 0.545455 0.295238
vt 0.539773 0.285397
vt 0.534091 0.275556
vt 0.528410 0.265715
vt 0.522728 0.255873
vt 0.517046 0.246032
vt 0.511364 0.236191
vt 0.505682 0.226350
vt 0.500000 0.216508
vt 0.494319 0.206667
vt 0.488637 0.196826
vt 0.482955 0.186985
vt 0.477273 0.177143
vt 0.471591 0.167302
vt 0.551137 0.285397
vt 0.545455 0.275556
vt 0.556819 0.275556
vt 0.539773 0.265715
vt 0.551137 0.265715
vt 0.562500 0.265715
vt 0.534091 0.255874
vt 0.545455 0.255874
vt 0.556819 0.255874
vt 0.568182 0.255874
vt 0.528409 0.246032
vt 0.539773 0.246032
vt 0.551137 0.246032
vt 0.562500 0.246032
vt 0.573864 0.246032
vt 0.522728 0.236191
vt 0.534091 0.236191
vt 0.545455 0.236191
vt 0.556819 0.236191
vt 0.568182 0.236191
vt 0.579546 0.236191
vt 0.517046 0.226350
vt 0.528410 0.226350
vt 0.539773 0.226350
vt 0.551137 0.226350
vt 0.562500 0.226350
vt 0.573864 0.226350
vt 0.585228 0.226350
vt 0.511364 0.216509
vt 0.522728 0.216509
vt 0.534091 0.216509
vt 0.545455 0.216509
vt 0.556819 0.216509
vt 0.568182 0.216509
vt 0.579546 0.216509
vt 0.590909 0.216509
vt 0.505682 0.206667
vt 0.517046 0.206667
vt 0.528409 0.206667
vt 0.539773 0.206667
vt 0.551137 0.206667
vt 0.562500 0.206667
vt 0.573864 0.206667
vt 0.585228 0.206667
vt 0.596591 0.206667
vt 0.500001 0.196826
vt 0.511364 0.196826
vt 0.522728 0.196826
vt 0.534091 0.196826
vt 0.545455 0.196826
vt 0.556819 0.196826
vt 0.568182 0.196826
vt 0.579546 0.196826
vt 0.590909 0.196826
vt 0.602273 0.196826
vt 0.494319 0.186985
vt 0.505682 0.186985
vt 0.517046 0.186985
vt 0.528409 0.186985
vt 0.539773 0.186985
vt 0.551137 0.186985
vt 0.562500 0.186985
vt 0.573864 0.186985
vt 0.585228 0.186985
vt 0.596591 0.186985
vt 0.607955 0.186985
vt 0.488637 0.177143
vt 0.500000 0.177143
vt 0.511364 0.177143
vt 0.522728 0.177143
vt 0.534091 0.177143
vt 0.545455 0.177143
vt 0.556819 0.177143
vt 0.568182 0.177143
vt 0.579546 0.177143
vt 0.590909 0.177143
vt 0.602273 0.177143
vt 0.613637 0.177143
vt 0.482955 0.167302
vt 0.494319 0.167302
vt 0.505682 0.167302
vt 0.517046 0.167302
vt 0.528410 0.167302
vt 0.539773 0.167302
vt 0.551137 0.167302
vt 0.562500 0.167302
vt 0.573864 0.167302
vt 0.585228 0.167302
vt 0.596591 0.167302
vt 0.607955 0.167302
vt 0.619319 0.167302
vt 0.477273 0.157461
vt 0.488637 0.157461
vt 0.500000 0.157461
vt 0.511364 0.157461
vt 0.522728 0.157461
vt 0.534091 0.157461
vt 0.545455 0.157461
vt 0.556819 0.157461
vt 0.568182 0.157461
vt 0.579546 0.157461
vt 0.590909 0.157461
vt 0.602273 0.157461
vt 0.613637 0.157461
vt 0.625000 0.157461
vt 0.727273 0.295238
vt 0.721591 0.285397
vt 0.715909 0.275556
vt 0.710228 0.265715
vt 0.704546 0.255873
vt 0.698864 0.246032
vt 0.693182 0.236191
vt 0.687500 0.226350
vt 0.681818 0.216508
vt 0.676137 0.206667
vt 0.670455 0.196826
vt 0.664773 0.186985
vt 0.659091 0.177143
vt 0.653409 0.167302
vt 0.732955 0.285397
vt 0.727273 0.275556
vt 0.738637 0.275556
vt 0.721591 0.265715
vt 0.732955 0.265715
vt 0.744318 0.265715
vt 0.715909 0.255874
vt 0.727273 0.255874
vt 0.738637 0.255874
vt 0.750000 0.255874
vt 0.710227 0.246032
vt 0.721591 0.246032
vt 0.732955 0.246032
vt 0.744318 0.246032
vt 0.755682 0.246032
vt 0.704546 0.236191
vt 0.715909 0.236191
vt 0.727273 0.236191
vt 0.738637 0.236191
vt 0.750000 0.236191
vt 0.761364 0.236191
vt 0.698864 0.226350
vt 0.710228 0.226350
vt 0.721591 0.226350
vt 0.732955 0.226350
vt 0.744318 0.226350
vt 0.755682 0.226350
vt 0.767046 0.226350
vt 0.693182 0.216509
vt 0.704546 0.216509
vt 0.715909 0.216509
vt 0.727273 0.216509
vt 0.738637 0.216509
vt 0.750000 0.216509
vt 0.761364 0.216509
vt 0.772727 0.216509
vt 0.687500 0.206667
vt 0.698864 0.206667
vt 0.710228 0.206667
vt 0.721591 0.206667
vt 0.732955 0.206667
vt 0.744318 0.206667
vt 0.755682 0.206667
vt 0.767046 0.206667
vt 0.778409 0.206667
vt 0.681818 0.196826
vt 0.693182 0.196826
vt 0.704546 0.196826
vt 0.715909 0.196826
vt 0.727273 0.196826
vt 0.738637 0.196826
vt 0.750000 0.196826
vt 0.761364 0.196826
vt 0.772727 0.196826
vt 0.784091 0.196826
vt 0.676137 0.186985
vt 0.687500 0.186985
vt 0.698864 0.186985
vt 0.710228 0.186985
vt 0.721591 0.186985
vt 0.732955 0.186985
vt 0.744318 0.186985
vt 0.755682 0.186985
vt 0.767046 0.186985
vt 0.778409 0.186985
vt 0.789773 0.186985
vt 0.670455 0.177143
vt 0.681819 0.177143
vt 0.693182 0.177143
vt 0.704546 0.177143
vt 0.715909 0.177143
vt 0.727273 0.177143
vt 0.738637 0.177143
vt 0.750000 0.177143
vt 0.761364 0.177143
vt 0.772728 0.177143
vt 0.784091 0.177143
vt 0.795455 0.177143
vt 0.664773 0.167302
vt 0.676137 0.167302
vt 0.687500 0.167302
vt 0.698864 0.167302
vt 0.710228 0.167302
vt 0.721591 0.167302
vt 0.732955 0.167302
vt 0.744318 0.167302
vt 0.755682 0.167302
vt 0.767046 0.167302
vt 0.778409 0.167302
vt 0.789773 0.167302
vt 0.801136 0.167302
vt 0.659091 0.157461
vt 0.670455 0.157461
vt 0.681818 0.157461
vt 0.693182 0.157461
vt 0.704546 0.157461
vt 0.715909 0.157461
vt 0.727273 0.157461
vt 0.738637 0.157461
vt 0.750000 0.157461
vt 0.761364 0.157461
vt 0.772727 0.157461
vt 0.784091 0.157461
vt 0.795455 0.157461
vt 0.806818 0.157461
vt 0.914773 0.305080
vt 0.909091 0.295238
vt 0.903409 0.285397
vt 0.897727 0.275556
vt 0.892046 0.265715
vt 0.886364 0.255873
vt 0.880682 0.246032
vt 0.875000 0.236191
vt 0.869318 0.226350
vt 0.863636 0.216508
vt 0.857955 0.206667
vt 0.852273 0.196826
vt 0.846591 0.186985
vt 0.840909 0.177143
vt 0.835227 0.167302
vt 0.920455 0.295238
vt 0.914773 0.285397
vt 0.926136 0.285397
vt 0.909091 0.275556
vt 0.920455 0.275556
vt 0.931818 0.275556
vt 0.903409 0.265715
vt 0.914773 0.265715
vt 0.926136 0.265715
vt 0.937500 0.265715
vt 0.897727 0.255874
vt 0.909091 0.255874
vt 0.920455 0.255874
vt 0.931818 0.255874
vt 0.943182 0.255874
vt 0.892045 0.246032
vt 0.903409 0.246032
vt 0.914773 0.246032
vt 0.926136 0.246032
vt 0.937500 0.246032
vt 0.948864 0.246032
vt 0.886364 0.236191
vt 0.897727 0.236191
vt 0.909091 0.236191
vt 0.920455 0.236191
vt 0.931818 0.236191
vt 0.943182 0.236191
vt 0.954545 0.236191
vt 0.880682 0.226350
vt 0.892046 0.226350
vt 0.903409 0.226350
vt 0.914773 0.226350
vt 0.926136 0.226350
vt 0.937500 0.226350
vt 0.948864 0.226350
vt 0.960227 0.226350
vt 0.875000 0.216509
vt 0.886364 0.216509
vt 0.897727 0.216509
vt 0.909091 0.216509
vt 0.920455 0.216509
vt 0.931818 0.216509
vt 0.943182 0.216509
vt 0.954545 0.216509
vt 0.965909 0.216509
vt 0.869318 0.206667
vt 0.880682 0.206667
vt 0.892046 0.206667
vt 0.903409 0.206667
vt 0.914773 0.206667
vt 0.926136 0.206667
vt 0.937500 0.206667
vt 0.948864 0.206667
vt 0.960227 0.206667
vt 0.971591 0.206667
vt 0.863636 0.196826
vt 0.875000 0.196826
vt 0.886364 0.196826
vt 0.897727 0.196826
vt 0.909091 0.196826
vt 0.920455 0.196826
vt 0.931818 0.196826
vt 0.943182 0.196826
vt 0.954545 0.196826
vt 0.965909 0.196826
vt 0.977273 0.196826
vt 0.857955 0.186985
vt 0.869318 0.186985
vt 0.880682 0.186985
vt 0.892046 0.186985
vt 0.903409 0.186985
vt 0.914773 0.186985
vt 0.926136 0.186985
vt 0.937500 0.186985
vt 0.948864 0.186985
vt 0.960227 0.186985
vt 0.971591 0.186985
vt 0.982955 0.186985
vt 0.852273 0.177143
vt 0.863636 0.177143
vt 0.875000 0.177143
vt 0.886364 0.177143
vt 0.897727 0.177143
vt 0.909091 0.177143
vt 0.920455 0.177143
vt 0.931818 0.177143
vt 0.943182 0.177143
vt 0.954545 0.177143
vt 0.965909 0.177143
vt 0.977273 0.177143
vt 0.988636 0.177143
vt 0.846591 0.167302
vt 0.857955 0.167302
vt 0.869318 0.167302
vt 0.880682 0.167302
vt 0.892046 0.167302
vt 0.903409 0.167302
vt 0.914773 0.167302
vt 0.926136 0.167302
vt 0.937500 0.167302
vt 0.948864 0.167302
vt 0.960227 0.167302
vt 0.971591 0.167302
vt 0.982955 0.167302
vt 0.994318 0.167302
vt 0.840909 0.157461
vt 0.852273 0.157461
vt 0.863636 0.157461
vt 0.875000 0.157461
vt 0.886364 0.157461
vt 0.897727 0.157461
vt 0.909091 0.157461
vt 0.920455 0.157461
vt 0.931818 0.157461
vt 0.943182 0.157461
vt 0.954545 0.157461
vt 0.965909 0.157461
vt 0.977273 0.157461
vt 0.988636 0.157461
vt 1.000000 0.157461
vt 0.181819 0.295238
vt 0.176137 0.285397
vt 0.170455 0.275556
vt 0.164774 0.265715
vt 0.159092 0.255873
vt 0.153410 0.246032
vt 0.147728 0.236191
vt 0.142046 0.226350
vt 0.136365 0.216508
vt 0.130683 0.206667
vt 0.125001 0.196826
vt 0.119319 0.186985
vt 0.113637 0.177143
vt 0.107955 0.167302
vt 0.187501 0.285397
vt 0.181819 0.275556
vt 0.193183 0.275556
vt 0.176137 0.265715
vt 0.187501 0.265715
vt 0.198864 0.265715
vt 0.170455 0.255874
vt 0.181819 0.255874
vt 0.193183 0.255874
vt 0.204546 0.255874
vt 0.164774 0.246032
vt 0.176137 0.246032
vt 0.187501 0.246032
vt 0.198864 0.246032
vt 0.210228 0.246032
vt 0.159092 0.236191
vt 0.170455 0.236191
vt 0.181819 0.236191
vt 0.193183 0.236191
vt 0.204546 0.236191
vt 0.215910 0.236191
vt 0.153410 0.226350
vt 0.164774 0.226350
vt 0.176137 0.226350
vt 0.187501 0.226350
vt 0.198864 0.226350
vt 0.210228 0.226350
vt 0.221592 0.226350
vt 0.147728 0.216509
vt 0.159092 0.216509
vt 0.170455 0.216509
vt 0.181819 0.216509
vt 0.193183 0.216509
vt 0.204546 0.216509
vt 0.215910 0.216509
vt 0.227273 0.216509
vt 0.142046 0.206667
vt 0.153410 0.206667
vt 0.164774 0.206667
vt 0.176137 0.206667
vt 0.187501 0.206667
vt 0.198864 0.206667
vt 0.210228 0.206667
vt 0.221592 0.206667
vt 0.232955 0.206667
vt 0.136364 0.196826
vt 0.147728 0.196826
vt 0.159092 0.196826
vt 0.170455 0.196826
vt 0.181819 0.196826
vt 0.193183 0.196826
vt 0.204546 0.196826
vt 0.215910 0.196826
vt 0.227273 0.196826
vt 0.238637 0.196826
vt 0.130683 0.186985
vt 0.142046 0.186985
vt 0.153410 0.186985
vt 0.164774 0.186985
vt 0.176137 0.186985
vt 0.187501 0.186985
vt 0.198864 0.186985
vt 0.210228 0.186985
vt 0.221592 0.186985
vt 0.232955 0.186985
vt 0.244319 0.186985
vt 0.125001 0.177143
vt 0.136364 0.177143
vt 0.147728 0.177143
vt 0.159092 0.177143
vt 0.170455 0.177143
vt 0.181819 0.177143
vt 0.193183 0.177143
vt 0.204546 0.177143
vt 0.215910 0.177143
vt 0.227273 0.177143
vt 0.238637 0.177143
vt 0.250001 0.177143
vt 0.119319 0.167302
vt 0.130683 0.167302
vt 0.142046 0.167302
vt 0.153410 0.167302
vt 0.164774 0.167302
vt 0.176137 0.167302
vt 0.187501 0.167302
vt 0.198864 0.167302
vt 0.210228 0.167302
vt 0.221592 0.167302
vt 0.232955 0.167302
vt 0.244319 0.167302
vt 0.255683 0.167302
vt 0.113637 0.157461
vt 0.125001 0.157461
vt 0.136364 0.157461
vt 0.147728 0.157461
vt 0.159092 0.157461
vt 0.170455 0.157461
vt 0.181819 0.157461
vt 0.193183 0.157461
vt 0.204546 0.157461
vt 0.215910 0.157461
vt 0.227273 0.157461
vt 0.238637 0.157461
vt 0.250001 0.157461
vt 0.261364 0.157461
vt 0.363637 0.295238
vt 0.357955 0.285397
vt 0.352273 0.275556
vt 0.346592 0.265715
vt 0.340910 0.255873
vt 0.335228 0.246032
vt 0.329546 0.236191
vt 0.323864 0.226350
vt 0.318182 0.216508
vt 0.312501 0.206667
vt 0.306819 0.196826
vt 0.301137 0.186985
vt 0.295455 0.177143
vt 0.289773 0.167302
vt 0.369319 0.285397
vt 0.363637 0.275556
vt 0.375001 0.275556
vt 0.357955 0.265715
vt 0.369319 0.265715
vt 0.380682 0.265715
vt 0.352273 0.255874
vt 0.363637 0.255874
vt 0.375001 0.255874
vt 0.386364 0.255874
vt 0.346592 0.246032
vt 0.357955 0.246032
vt 0.369319 0.246032
vt 0.380682 0.246032
vt 0.392046 0.246032
vt 0.340910 0.236191
vt 0.352273 0.236191
vt 0.363637 0.236191
vt 0.375001 0.236191
vt 0.386364 0.236191
vt 0.397728 0.236191
vt 0.335228 0.226350
vt 0.346592 0.226350
vt 0.357955 0.226350
vt 0.369319 0.226350
vt 0.380682 0.226350
vt 0.392046 0.226350
vt 0.403410 0.226350
vt 0.329546 0.216509
vt 0.340910 0.216509
vt 0.352273 0.216509
vt 0.363637 0.216509
vt 0.375001 0.216509
vt 0.386364 0.216509
vt 0.397728 0.216509
vt 0.409091 0.216509
vt 0.323864 0.206667
vt 0.335228 0.206667
vt 0.346592 0.206667
vt 0.357955 0.206667
vt 0.369319 0.206667
vt 0.380682 0.206667
vt 0.392046 0.206667
vt 0.403410 0.206667
vt 0.414773 0.206667
vt 0.318182 0.196826
vt 0.329546 0.196826
vt 0.340910 0.196826
vt 0.352273 0.196826
vt 0.363637 0.196826
vt 0.375001 0.196826
vt 0.386364 0.196826
vt 0.397728 0.196826
vt 0.409091 0.196826
vt 0.420455 0.196826
vt 0.312501 0.186985
vt 0.323864 0.186985
vt 0.335228 0.186985
vt 0.346592 0.186985
vt 0.357955 0.186985
vt 0.369319 0.186985
vt 0.380682 0.186985
vt 0.392046 0.186985
vt 0.403410 0.186985
vt 0.414773 0.186985
vt 0.426137 0.186985
vt 0.306819 0.177143
vt 0.318182 0.177143
vt 0.329546 0.177143
vt 0.340910 0.177143
vt 0.352273 0.177143
vt 0.363637 0.177143
vt 0.375001 0.177143
vt 0.386364 0.177143
vt 0.397728 0.177143
vt 0.409092 0.177143
vt 0.420455 0.177143
vt 0.431819 0.177143
vt 0.301137 0.167302
vt 0.312501 0.167302
vt 0.323864 0.167302
vt 0.335228 0.167302
vt 0.346592 0.167302
vt 0.357955 0.167302
vt 0.369319 0.167302
vt 0.380682 0.167302
vt 0.392046 0.167302
vt 0.403410 0.167302
vt 0.414773 0.167302
vt 0.426137 0.167302
vt 0.437501 0.167302
vt 0.295455 0.157461
vt 0.306819 0.157461
vt 0.318182 0.157461
vt 0.329546 0.157461
vt 0.340910 0.157461
vt 0.352273 0.157461
vt 0.363637 0.157461
vt 0.375001 0.157461
vt 0.386364 0.157461
vt 0.397728 0.157461
vt 0.409091 0.157461
vt 0.420455 0.157461
vt 0.431819 0.157461
vt 0.443182 0.157461
vt 0.460228 0.147620
vt 0.465910 0.137778
vt 0.471591 0.147620
vt 0.471591 0.127937
vt 0.477273 0.137778
vt 0.477273 0.118096
vt 0.482955 0.127937
vt 0.482955 0.108254
vt 0.488637 0.118096
vt 0.488637 0.098413
vt 0.494319 0.108254
vt 0.494319 0.088572
vt 0.500000 0.098413
vt 0.500000 0.078731
vt 0.505682 0.088572
vt 0.505682 0.068889
vt 0.511364 0.078731
vt 0.511364 0.059048
vt 0.517046 0.068889
vt 0.517046 0.049207
vt 0.522728 0.059048
vt 0.522728 0.039365
vt 0.528410 0.049207
vt 0.528410 0.029524
vt 0.534091 0.039365
vt 0.534091 0.019683
vt 0.539773 0.029524
vt 0.545455 0.019683
vt 0.482955 0.147620
vt 0.488637 0.137778
vt 0.494319 0.147620
vt 0.494319 0.127937
vt 0.500000 0.137778
vt 0.505682 0.147620
vt 0.500000 0.118096
vt 0.505682 0.127937
vt 0.511364 0.137778
vt 0.517046 0.147620
vt 0.505682 0.108254
vt 0.511364 0.118096
vt 0.517046 0.127937
vt 0.522728 0.137778
vt 0.528410 0.147620
vt 0.511364 0.098413
vt 0.517046 0.108254
vt 0.522728 0.118096
vt 0.528410 0.127937
vt 0.534091 0.137778
vt 0.539773 0.147620
vt 0.517046 0.088572
vt 0.522728 0.098413
vt 0.528410 0.108254
vt 0.534091 0.118096
vt 0.539773 0.127937
vt 0.545455 0.137778
vt 0.551137 0.147620
vt 0.522728 0.078731
vt 0.528410 0.088572
vt 0.534091 0.098413
vt 0.539773 0.108254
vt 0.545455 0.118096
vt 0.551137 0.127937
vt 0.556819 0.137778
vt 0.562500 0.147620
vt 0.528410 0.068889
vt 0.534091 0.078731
vt 0.539773 0.088572
vt 0.545455 0.098413
vt 0.551137 0.108254
vt 0.556819 0.118096
vt 0.562500 0.127937
vt 0.568182 0.137778
vt 0.573864 0.147620
vt 0.534091 0.059048
vt 0.539773 0.068889
vt 0.545455 0.078731
vt 0.551137 0.088572
vt 0.556819 0.098413
vt 0.562500 0.108254
vt 0.568182 0.118096
vt 0.573864 0.127937
vt 0.579546 0.137778
vt 0.585228 0.147620
vt 0.539773 0.049207
vt 0.545455 0.059048
vt 0.551137 0.068889
vt 0.556819 0.078731
vt 0.562500 0.088572
vt 0.568182 0.098413
vt 0.573864 0.108254
vt 0.579546 0.118096
vt 0.585228 0.127937
vt 0.590909 0.137778
vt 0.596591 0.147620
vt 0.545455 0.039365
vt 0.551137 0.049207
vt 0.556819 0.059048
vt 0.562500 0.068889
vt 0.568182 0.078731
vt 0.573864 0.088572
vt 0.579546 0.098413
vt 0.585228 0.108254
vt 0.590909 0.118096
vt 0.596591 0.127937
vt 0.602273 0.137778
vt 0.607955 0.147620
vt 0.551137 0.029524
vt 0.556819 0.039365
vt 0.562500 0.049207
vt 0.568182 0.059048
vt 0.573864 0.068889
vt 0.579546 0.078731
vt 0.585228 0.088572
vt 0.590909 0.098413
vt 0.596591 0.108254
vt 0.602273 0.118096
vt 0.607955 0.127937
vt 0.613637 0.137778
vt 0.619318 0.147620
vt 0.556819 0.019683
vt 0.562500 0.029524
vt 0.568182 0.039365
vt 0.573864 0.049207
vt 0.579546 0.059048
vt 0.585228 0.068889
vt 0.590909 0.078731
vt 0.596591 0.088572
vt 0.602273 0.098413
vt 0.607955 0.108254
vt 0.613637 0.118096
vt 0.619318 0.127937
vt 0.625000 0.137778
vt 0.630682 0.147620
vt 0.642046 0.147620
vt 0.647728 0.137778
vt 0.653409 0.147620
vt 0.653409 0.127937
vt 0.659091 0.137778
vt 0.659091 0.118096
vt 0.664773 0.127937
vt 0.664773 0.108254
vt 0.670455 0.118096
vt 0.670455 0.098413
vt 0.676137 0.108254
vt 0.676137 0.088572
vt 0.681818 0.098413
vt 0.681818 0.078731
vt 0.687500 0.088572
vt 0.687500 0.068889
vt 0.693182 0.078731
vt 0.693182 0.059048
vt 0.698864 0.068889
vt 0.698864 0.049207
vt 0.704546 0.059048
vt 0.704546 0.039365
vt 0.710228 0.049207
vt 0.710228 0.029524
vt 0.715909 0.039365
vt 0.715909 0.019683
vt 0.721591 0.029524
vt 0.727273 0.019683
vt 0.664773 0.147620
vt 0.670455 0.137778
vt 0.676137 0.147620
vt 0.676137 0.127937
vt 0.681818 0.137778
vt 0.687500 0.147620
vt 0.681818 0.118096
vt 0.687500 0.127937
vt 0.693182 0.137778
vt 0.698864 0.147620
vt 0.687500 0.108254
vt 0.693182 0.118096
vt 0.698864 0.127937
vt 0.704546 0.137778
vt 0.710228 0.147620
vt 0.693182 0.098413
vt 0.698864 0.108254
vt 0.704546 0.118096
vt 0.710228 0.127937
vt 0.715909 0.137778
vt 0.721591 0.147620
vt 0.698864 0.088572
vt 0.704546 0.098413
vt 0.710227 0.108254
vt 0.715909 0.118096
vt 0.721591 0.127937
vt 0.727273 0.137778
vt 0.732955 0.147620
vt 0.704546 0.078731
vt 0.710227 0.088572
vt 0.715909 0.098413
vt 0.721591 0.108254
vt 0.727273 0.118096
vt 0.732955 0.127937
vt 0.738636 0.137778
vt 0.744318 0.147620
vt 0.710227 0.068889
vt 0.715909 0.078731
vt 0.721591 0.088572
vt 0.727273 0.098413
vt 0.732955 0.108254
vt 0.738637 0.118096
vt 0.744318 0.127937
vt 0.750000 0.137778
vt 0.755682 0.147620
vt 0.715909 0.059048
vt 0.721591 0.068889
vt 0.727273 0.078731
vt 0.732955 0.088572
vt 0.738637 0.098413
vt 0.744318 0.108254
vt 0.750000 0.118096
vt 0.755682 0.127937
vt 0.761364 0.137778
vt 0.767046 0.147620
vt 0.721591 0.049207
vt 0.727273 0.059048
vt 0.732955 0.068889
vt 0.738637 0.078731
vt 0.744318 0.088572
vt 0.750000 0.098413
vt 0.755682 0.108254
vt 0.761364 0.118096
vt 0.767046 0.127937
vt 0.772727 0.137778
vt 0.778409 0.147620
vt 0.727273 0.039365
vt 0.732955 0.049207
vt 0.738637 0.059048
vt 0.744318 0.068889
vt 0.750000 0.078731
vt 0.755682 0.088572
vt 0.761364 0.098413
vt 0.767046 0.108254
vt 0.772728 0.118096
vt 0.778409 0.127937
vt 0.784091 0.137778
vt 0.789773 0.147620
vt 0.732955 0.029524
vt 0.738637 0.039365
vt 0.744318 0.049207
vt 0.750000 0.059048
vt 0.755682 0.068889
vt 0.761364 0.078731
vt 0.767046 0.088572
vt 0.772728 0.098413
vt 0.778409 0.108254
vt 0.784091 0.118096
vt 0.789773 0.127937
vt 0.795455 0.137778
vt 0.801137 0.147620
vt 0.738637 0.019683
vt 0.744318 0.029524
vt 0.750000 0.039365
vt 0.755682 0.049207
vt 0.761364 0.059048
vt 0.767046 0.068889
vt 0.772727 0.078731
vt 0.778409 0.088572
vt 0.784091 0.098413
vt 0.789773 0.108254
vt 0.795455 0.118096
vt 0.801137 0.127937
vt 0.806818 0.137778
vt 0.812500 0.147620
vt 0.823864 0.147620
vt 0.829546 0.137778
vt 0.835227 0.147620
vt 0.835227 0.127937
vt 0.840909 0.137778
vt 0.840909 0.118096
vt 0.846591 0.127937
vt 0.846591 0.108254
vt 0.852273 0.118096
vt 0.852273 0.098413
vt 0.857955 0.108254
vt 0.857955 0.088572
vt 0.863636 0.098413
vt 0.863636 0.078731
vt 0.869318 0.088572
vt 0.869318 0.068889
vt 0.875000 0.078731
vt 0.875000 0.059048
vt 0.880682 0.068889
vt 0.880682 0.049207
vt 0.886364 0.059048
vt 0.886364 0.039365
vt 0.892046 0.049207
vt 0.892046 0.029524
vt 0.897727 0.039365
vt 0.897727 0.019683
vt 0.903409 0.029524
vt 0.909091 0.019683
vt 0.846591 0.147620
vt 0.852273 0.137778
vt 0.857955 0.147620
vt 0.857955 0.127937
vt 0.863636 0.137778
vt 0.869318 0.147620
vt 0.863636 0.118096
vt 0.869318 0.127937
vt 0.875000 0.137778
vt 0.880682 0.147620
vt 0.869318 0.108254
vt 0.875000 0.118096
vt 0.880682 0.127937
vt 0.886364 0.137778
vt 0.892045 0.147620
vt 0.875000 0.098413
vt 0.880682 0.108254
vt 0.886364 0.118096
vt 0.892045 0.127937
vt 0.897727 0.137778
vt 0.903409 0.147620
vt 0.880682 0.088572
vt 0.886364 0.098413
vt 0.892045 0.108254
vt 0.897727 0.118096
vt 0.903409 0.127937
vt 0.909091 0.137778
vt 0.914773 0.147620
vt 0.886364 0.078731
vt 0.892045 0.088572
vt 0.897727 0.098413
vt 0.903409 0.108254
vt 0.909091 0.118096
vt 0.914773 0.127937
vt 0.920455 0.137778
vt 0.926136 0.147620
vt 0.892045 0.068889
vt 0.897727 0.078731
vt 0.903409 0.088572
vt 0.909091 0.098413
vt 0.914773 0.108254
vt 0.920455 0.118096
vt 0.926136 0.127937
vt 0.931818 0.137778
vt 0.937500 0.147620
vt 0.897727 0.059048
vt 0.903409 0.068889
vt 0.909091 0.078731
vt 0.914773 0.088572
vt 0.920455 0.098413
vt 0.926136 0.108254
vt 0.931818 0.118096
vt 0.937500 0.127937
vt 0.943182 0.137778
vt 0.948864 0.147620
vt 0.903409 0.049207
vt 0.909091 0.059048
vt 0.914773 0.068889
vt 0.920455 0.078731
vt 0.926136 0.088572
vt 0.931818 0.098413
vt 0.937500 0.108254
vt 0.943182 0.118096
vt 0.948864 0.127937
vt 0.954545 0.137778
vt 0.960227 0.147620
vt 0.909091 0.039365
vt 0.914773 0.049207
vt 0.920455 0.059048
vt 0.926136 0.068889
vt 0.931818 0.078731
vt 0.937500 0.088572
vt 0.943182 0.098413
vt 0.948864 0.108254
vt 0.954546 0.118096
vt 0.960227 0.127937
vt 0.965909 0.137778
vt 0.971591 0.147620
vt 0.914773 0.029524
vt 0.920455 0.039365
vt 0.926136 0.049207
vt 0.931818 0.059048
vt 0.937500 0.068889
vt 0.943182 0.078731
vt 0.948864 0.088572
vt 0.954545 0.098413
vt 0.960227 0.108254
vt 0.965909 0.118096
vt 0.971591 0.127937
vt 0.977273 0.137778
vt 0.982955 0.147620
vt 0.920455 0.019683
vt 0.926136 0.029524
vt 0.931818 0.039365
vt 0.937500 0.049207
vt 0.943182 0.059048
vt 0.948864 0.068889
vt 0.954545 0.078731
vt 0.960227 0.088572
vt 0.965909 0.098413
vt 0.971591 0.108254
vt 0.977273 0.118096
vt 0.982955 0.127937
vt 0.988636 0.137778
vt 0.994318 0.147620
vt 0.448864 0.147620
vt 0.437501 0.147620
vt 0.426137 0.147620
vt 0.414773 0.147620
vt 0.403410 0.147620
vt 0.392046 0.147620
vt 0.380682 0.147620
vt 0.369319 0.147620
vt 0.357955 0.147620
vt 0.346592 0.147620
vt 0.335228 0.147620
vt 0.323864 0.147620
vt 0.312501 0.147620
vt 0.301137 0.147620
vt 0.289773 0.147620
vt 0.443182 0.137778
vt 0.431819 0.137778
vt 0.437501 0.127937
vt 0.420455 0.137778
vt 0.426137 0.127937
vt 0.431819 0.118096
vt 0.409092 0.137778
vt 0.414773 0.127937
vt 0.420455 0.118096
vt 0.426137 0.108254
vt 0.397728 0.137778
vt 0.403410 0.127937
vt 0.409091 0.118096
vt 0.414773 0.108254
vt 0.420455 0.098413
vt 0.386364 0.137778
vt 0.392046 0.127937
vt 0.397728 0.118096
vt 0.403410 0.108254
vt 0.409091 0.098413
vt 0.414773 0.088572
vt 0.375001 0.137778
vt 0.380682 0.127937
vt 0.386364 0.118096
vt 0.392046 0.108254
vt 0.397728 0.098413
vt 0.403410 0.088572
vt 0.409092 0.078731
vt 0.363637 0.137778
vt 0.369319 0.127937
vt 0.375001 0.118096
vt 0.380682 0.108254
vt 0.386364 0.098413
vt 0.392046 0.088572
vt 0.397728 0.078730
vt 0.403410 0.068889
vt 0.352273 0.137778
vt 0.357955 0.127937
vt 0.363637 0.118096
vt 0.369319 0.108254
vt 0.375001 0.098413
vt 0.380682 0.088572
vt 0.386364 0.078731
vt 0.392046 0.068889
vt 0.397728 0.059048
vt 0.340910 0.137778
vt 0.346592 0.127937
vt 0.352273 0.118096
vt 0.357955 0.108254
vt 0.363637 0.098413
vt 0.369319 0.088572
vt 0.375001 0.078731
vt 0.380682 0.068889
vt 0.386364 0.059048
vt 0.392046 0.049207
vt 0.329546 0.137778
vt 0.335228 0.127937
vt 0.340910 0.118096
vt 0.346592 0.108254
vt 0.352273 0.098413
vt 0.357955 0.088572
vt 0.363637 0.078731
vt 0.369319 0.068889
vt 0.375001 0.059048
vt 0.380682 0.049207
vt 0.386364 0.039365
vt 0.318182 0.137778
vt 0.323864 0.127937
vt 0.329546 0.118096
vt 0.335228 0.108254
vt 0.340910 0.098413
vt 0.346592 0.088572
vt 0.352273 0.078731
vt 0.357955 0.068889
vt 0.363637 0.059048
vt 0.369319 0.049207
vt 0.375001 0.039365
vt 0.380682 0.029524
vt 0.306819 0.137778
vt 0.312501 0.127937
vt 0.318182 0.118096
vt 0.323864 0.108254
vt 0.329546 0.098413
vt 0.335228 0.088572
vt 0.340910 0.078731
vt 0.346592 0.068889
vt 0.352273 0.059048
vt 0.357955 0.049207
vt 0.363637 0.039365
vt 0.369319 0.029524
vt 0.375001 0.019683
vt 0.295455 0.137778
vt 0.301137 0.127937
vt 0.306819 0.118096
vt 0.312501 0.108254
vt 0.318182 0.098413
vt 0.323864 0.088572
vt 0.329546 0.078730
vt 0.335228 0.068889
vt 0.340910 0.059048
vt 0.346592 0.049207
vt 0.352273 0.039365
vt 0.357955 0.029524
vt 0.363637 0.019683
vt 0.369319 0.009841
vt 0.284092 0.137778
vt 0.289773 0.127937
vt 0.295455 0.118096
vt 0.301137 0.108254
vt 0.306819 0.098413
vt 0.312501 0.088572
vt 0.318182 0.078731
vt 0.323864 0.068889
vt 0.329546 0.059048
vt 0.335228 0.049207
vt 0.340910 0.039365
vt 0.346592 0.029524
vt 0.352273 0.019683
vt 0.357955 0.009841
vt 0.363637 0.000000
vt 0.096592 0.147620
vt 0.102274 0.137778
vt 0.107955 0.147620
vt 0.107955 0.127937
vt 0.113637 0.137778
vt 0.113637 0.118096
vt 0.119319 0.127937
vt 0.119319 0.108254
vt 0.125001 0.118096
vt 0.125001 0.098413
vt 0.130683 0.108254
vt 0.130683 0.088572
vt 0.136365 0.098413
vt 0.136365 0.078731
vt 0.142046 0.088572
vt 0.142046 0.068889
vt 0.147728 0.078731
vt 0.147728 0.059048
vt 0.153410 0.068889
vt 0.153410 0.049207
vt 0.159092 0.059048
vt 0.159092 0.039365
vt 0.164774 0.049207
vt 0.164774 0.029524
vt 0.170455 0.039365
vt 0.170455 0.019683
vt 0.176137 0.029524
vt 0.181819 0.019683
vt 0.119319 0.147620
vt 0.125001 0.137778
vt 0.130683 0.147620
vt 0.130683 0.127937
vt 0.136364 0.137778
vt 0.142046 0.147620
vt 0.136364 0.118096
vt 0.142046 0.127937
vt 0.147728 0.137778
vt 0.153410 0.147620
vt 0.142046 0.108254
vt 0.147728 0.118096
vt 0.153410 0.127937
vt 0.159092 0.137778
vt 0.164774 0.147620
vt 0.147728 0.098413
vt 0.153410 0.108254
vt 0.159092 0.118096
vt 0.164774 0.127937
vt 0.170455 0.137778
vt 0.176137 0.147620
vt 0.153410 0.088572
vt 0.159092 0.098413
vt 0.164774 0.108254
vt 0.170455 0.118096
vt 0.176137 0.127937
vt 0.181819 0.137778
vt 0.187501 0.147620
vt 0.159092 0.078731
vt 0.164774 0.088572
vt 0.170455 0.098413
vt 0.176137 0.108254
vt 0.181819 0.118096
vt 0.187501 0.127937
vt 0.193183 0.137778
vt 0.198864 0.147620
vt 0.164774 0.068889
vt 0.170455 0.078731
vt 0.176137 0.088572
vt 0.181819 0.098413
vt 0.187501 0.108254
vt 0.193183 0.118096
vt 0.198864 0.127937
vt 0.204546 0.137778
vt 0.210228 0.147620
vt 0.170455 0.059048
vt 0.176137 0.068889
vt 0.181819 0.078731
vt 0.187501 0.088572
vt 0.193183 0.098413
vt 0.198864 0.108254
vt 0.204546 0.118096
vt 0.210228 0.127937
vt 0.215910 0.137778
vt 0.221592 0.147620
vt 0.176137 0.049207
vt 0.181819 0.059048
vt 0.187501 0.068889
vt 0.193183 0.078731
vt 0.198864 0.088572
vt 0.204546 0.098413
vt 0.210228 0.108254
vt 0.215910 0.118096
vt 0.221592 0.127937
vt 0.227273 0.137778
vt 0.232955 0.147620
vt 0.181819 0.039365
vt 0.187501 0.049207
vt 0.193183 0.059048
vt 0.198864 0.068889
vt 0.204546 0.078731
vt 0.210228 0.088572
vt 0.215910 0.098413
vt 0.221592 0.108254
vt 0.227273 0.118096
vt 0.232955 0.127937
vt 0.238637 0.137778
vt 0.244319 0.147620
vt 0.187501 0.029524
vt 0.193183 0.039365
vt 0.198864 0.049207
vt 0.204546 0.059048
vt 0.210228 0.068889
vt 0.215910 0.078731
vt 0.221592 0.088572
vt 0.227273 0.098413
vt 0.232955 0.108254
vt 0.238637 0.118096
vt 0.244319 0.127937
vt 0.250001 0.137778
vt 0.255683 0.147620
vt 0.193183 0.019683
vt 0.198864 0.029524
vt 0.204546 0.039365
vt 0.210228 0.049207
vt 0.215910 0.059048
vt 0.221592 0.068889
vt 0.227274 0.078731
vt 0.232955 0.088572
vt 0.238637 0.098413
vt 0.244319 0.108254
vt 0.250001 0.118096
vt 0.255683 0.127937
vt 0.261364 0.137778
vt 0.267046 0.147620
s 0
usemtl sphere1
f 2603/2774/5127 2630/2775/5127 2629/2776/5127
f 2604/2777/5128 2644/2778/5128 2674/2779/5128
f 2603/2780/5129 2629/2781/5129 2704/2782/5129
f 2603/2783/5130 2704/2784/5130 2734/2785/5130
f 2603/2786/5131 2734/2787/5131 2675/2788/5131
f 2604/2777/5132 2674/2779/5132 2779/2789/5132
f 2605/2790/5133 2659/2791/5133 2809/2792/5133
f 2606/2793/5134 2719/2794/5134 2839/2795/5134
f 2607/2796/5135 2749/2797/5135 2869/2798/5135
f 2608/2799/5136 2764/2800/5136 2899/2801/5136
f 2604/2777/5137 2779/2789/5137 2810/2802/5137
f 2605/2790/5138 2809/2792/5138 2840/2803/5138
f 2606/2793/5139 2839/2795/5139 2870/2804/5139
f 2607/2796/5140 2869/2798/5140 2900/2805/5140
f 2608/2799/5141 2899/2801/5141 2780/2806/5141
f 2609/2807/5142 2929/2808/5142 3004/2809/5142
f 2610/2810/5143 2944/2811/5143 3034/2812/5143
f 2611/2813/5144 2959/2814/5144 3049/2815/5144
f 2612/2816/5145 2974/2817/5145 3064/2818/5145
f 2613/2819/5146 2989/2820/5146 3005/2821/5146
f 3019/2822/5147 3050/2823/5147 2614/2824/5147
f 3018/2825/5148 3065/2826/5148 3019/2822/5148
f 3017/2827/5149 3066/2828/5149 3018/2825/5149
f 3016/2829/5150 3068/2830/5150 3017/2827/5150
f 3015/2831/5151 3071/2832/5151 3016/2829/5151
f 3014/2833/5152 3075/2834/5152 3015/2831/5152
f 3013/2835/5153 3080/2836/5153 3014/2833/5153
f 3012/2837/5154 3086/2838/5154 3013/2835/5154
f 3011/2839/5155 3093/2840/5155 3012/2837/5155
f 3010/2841/5156 3101/2842/5156 3011/2839/5156
f 3009/2843/5157 3110/2844/5157 3010/2841/5157
f 3008/2845/5158 3120/2846/5158 3009/2843/5158
f 3007/2847/5159 3131/2848/5159 3008/2845/5159
f 3006/2849/5160 3143/2850/5160 3007/2847/5160
f 3005/2821/5161 3156/2851/5161 3006/2849/5161
f 3019/2822/5162 3065/2826/5162 3050/2823/5162
f 3065/2826/5163 3051/2852/5163 3050/2823/5163
f 3018/2825/5164 3066/2828/5164 3065/2826/5164
f 3066/2828/5165 3067/2853/5165 3065/2826/5165
f 3065/2826/5166 3067/2853/5166 3051/2852/5166
f 3067/2853/5167 3052/2854/5167 3051/2852/5167
f 3017/2827/5168 3068/2830/5168 3066/2828/5168
f 3068/2830/5169 3069/2855/5169 3066/2828/5169
f 3066/2828/5170 3069/2855/5170 3067/2853/5170
f 3069/2855/5171 3070/2856/5171 3067/2853/5171
f 3067/2853/5172 3070/2856/5172 3052/2854/5172
f 3070/2856/5173 3053/2857/5173 3052/2854/5173
f 3016/2829/5174 3071/2832/5174 3068/2830/5174
f 3071/2832/5175 3072/2858/5175 3068/2830/5175
f 3068/2830/5176 3072/2858/5176 3069/2855/5176
f 3072/2858/5177 3073/2859/5177 3069/2855/5177
f 3069/2855/5178 3073/2859/5178 3070/2856/5178
f 3073/2859/5179 3074/2860/5179 3070/2856/5179
f 3070/2856/5180 3074/2860/5180 3053/2857/5180
f 3074/2860/5181 3054/2861/5181 3053/2857/5181
f 3015/2831/5182 3075/2834/5182 3071/2832/5182
f 3075/2834/5183 3076/2862/5183 3071/2832/5183
f 3071/2832/5184 3076/2862/5184 3072/2858/5184
f 3076/2862/5185 3077/2863/5185 3072/2858/5185
f 3072/2858/5186 3077/2863/5186 3073/2859/5186
f 3077/2863/5187 3078/2864/5187 3073/2859/5187
f 3073/2859/5188 3078/2864/5188 3074/2860/5188
f 3078/2864/5189 3079/2865/5189 3074/2860/5189
f 3074/2860/5190 3079/2865/5190 3054/2861/5190
f 3079/2865/5191 3055/2866/5191 3054/2861/5191
f 3014/2833/5192 3080/2836/5192 3075/2834/5192
f 3080/2836/5193 3081/2867/5193 3075/2834/5193
f 3075/2834/5194 3081/2867/5194 3076/2862/5194
f 3081/2867/5195 3082/2868/5195 3076/2862/5195
f 3076/2862/5196 3082/2868/5196 3077/2863/5196
f 3082/2868/5197 3083/2869/5197 3077/2863/5197
f 3077/2863/5198 3083/2869/5198 3078/2864/5198
f 3083/2869/5199 3084/2870/5199 3078/2864/5199
f 3078/2864/5200 3084/2870/5200 3079/2865/5200
f 3084/2870/5201 3085/2871/5201 3079/2865/5201
f 3079/2865/5202 3085/2871/5202 3055/2866/5202
f 3085/2871/5203 3056/2872/5203 3055/2866/5203
f 3013/2835/5204 3086/2838/5204 3080/2836/5204
f 3086/2838/5205 3087/2873/5205 3080/2836/5205
f 3080/2836/5206 3087/2873/5206 3081/2867/5206
f 3087/2873/5207 3088/2874/5207 3081/2867/5207
f 3081/2867/5208 3088/2874/5208 3082/2868/5208
f 3088/2874/5209 3089/2875/5209 3082/2868/5209
f 3082/2868/5210 3089/2875/5210 3083/2869/5210
f 3089/2875/5211 3090/2876/5211 3083/2869/5211
f 3083/2869/5212 3090/2876/5212 3084/2870/5212
f 3090/2876/5213 3091/2877/5213 3084/2870/5213
f 3084/2870/5214 3091/2877/5214 3085/2871/5214
f 3091/2877/5215 3092/2878/5215 3085/2871/5215
f 3085/2871/5216 3092/2878/5216 3056/2872/5216
f 3092/2878/5217 3057/2879/5217 3056/2872/5217
f 3012/2837/5218 3093/2840/5218 3086/2838/5218
f 3093/2840/5219 3094/2880/5219 3086/2838/5219
f 3086/2838/5220 3094/2880/5220 3087/2873/5220
f 3094/2880/5221 3095/2881/5221 3087/2873/5221
f 3087/2873/5222 3095/2881/5222 3088/2874/5222
f 3095/2881/5223 3096/2882/5223 3088/2874/5223
f 3088/2874/5224 3096/2882/5224 3089/2875/5224
f 3096/2882/5225 3097/2883/5225 3089/2875/5225
f 3089/2875/5226 3097/2883/5226 3090/2876/5226
f 3097/2883/5227 3098/2884/5227 3090/2876/5227
f 3090/2876/5228 3098/2884/5228 3091/2877/5228
f 3098/2884/5229 3099/2885/5229 3091/2877/5229
f 3091/2877/5230 3099/2885/5230 3092/2878/5230
f 3099/2885/5231 3100/2886/5231 3092/2878/5231
f 3092/2878/5232 3100/2886/5232 3057/2879/5232
f 3100/2886/5233 3058/2887/5233 3057/2879/5233
f 3011/2839/5234 3101/2842/5234 3093/2840/5234
f 3101/2842/5235 3102/2888/5235 3093/2840/5235
f 3093/2840/5236 3102/2888/5236 3094/2880/5236
f 3102/2888/5237 3103/2889/5237 3094/2880/5237
f 3094/2880/5238 3103/2889/5238 3095/2881/5238
f 3103/2889/5239 3104/2890/5239 3095/2881/5239
f 3095/2881/5240 3104/2890/5240 3096/2882/5240
f 3104/2890/5241 3105/2891/5241 3096/2882/5241
f 3096/2882/5242 3105/2891/5242 3097/2883/5242
f 3105/2891/5243 3106/2892/5243 3097/2883/5243
f 3097/2883/5244 3106/2892/5244 3098/2884/5244
f 3106/2892/5245 3107/2893/5245 3098/2884/5245
f 3098/2884/5246 3107/2893/5246 3099/2885/5246
f 3107/2893/5247 3108/2894/5247 3099/2885/5247
f 3099/2885/5248 3108/2894/5248 3100/2886/5248
f 3108/2894/5249 3109/2895/5249 3100/2886/5249
f 3100/2886/5250 3109/2895/5250 3058/2887/5250
f 3109/2895/5251 3059/2896/5251 3058/2887/5251
f 3010/2841/5252 3110/2844/5252 3101/2842/5252
f 3110/2844/5253 3111/2897/5253 3101/2842/5253
f 3101/2842/5254 3111/2897/5254 3102/2888/5254
f 3111/2897/5255 3112/2898/5255 3102/2888/5255
f 3102/2888/5256 3112/2898/5256 3103/2889/5256
f 3112/2898/5257 3113/2899/5257 3103/2889/5257
f 3103/2889/5258 3113/2899/5258 3104/2890/5258
f 3113/2899/5259 3114/2900/5259 3104/2890/5259
f 3104/2890/5260 3114/2900/5260 3105/2891/5260
f 3114/2900/5261 3115/2901/5261 3105/2891/5261
f 3105/2891/5262 3115/2901/5262 3106/2892/5262
f 3115/2901/5263 3116/2902/5263 3106/2892/5263
f 3106/2892/5264 3116/2902/5264 3107/2893/5264
f 3116/2902/5265 3117/2903/5265 3107/2893/5265
f 3107/2893/5266 3117/2903/5266 3108/2894/5266
f 3117/2903/5267 3118/2904/5267 3108/2894/5267
f 3108/2894/5268 3118/2904/5268 3109/2895/5268
f 3118/2904/5269 3119/2905/5269 3109/2895/5269
f 3109/2895/5270 3119/2905/5270 3059/2896/5270
f 3119/2905/5271 3060/2906/5271 3059/2896/5271
f 3009/2843/5272 3120/2846/5272 3110/2844/5272
f 3120/2846/5273 3121/2907/5273 3110/2844/5273
f 3110/2844/5274 3121/2907/5274 3111/2897/5274
f 3121/2907/5275 3122/2908/5275 3111/2897/5275
f 3111/2897/5276 3122/2908/5276 3112/2898/5276
f 3122/2908/5277 3123/2909/5277 3112/2898/5277
f 3112/2898/5278 3123/2909/5278 3113/2899/5278
f 3123/2909/5279 3124/2910/5279 3113/2899/5279
f 3113/2899/5280 3124/2910/5280 3114/2900/5280
f 3124/2910/5281 3125/2911/5281 3114/2900/5281
f 3114/2900/5282 3125/2911/5282 3115/2901/5282
f 3125/2911/5283 3126/2912/5283 3115/2901/5283
f 3115/2901/5284 3126/2912/5284 3116/2902/5284
f 3126/2912/5285 3127/2913/5285 3116/2902/5285
f 3116/2902/5286 3127/2913/5286 3117/2903/5286
f 3127/2913/5287 3128/2914/5287 3117/2903/5287
f 3117/2903/5288 3128/2914/5288 3118/2904/5288
f 3128/2914/5289 3129/2915/5289 3118/2904/5289
f 3118/2904/5290 3129/2915/5290 3119/2905/5290
f 3129/2915/5291 3130/2916/5291 3119/2905/5291
f 3119/2905/5292 3130/2916/5292 3060/2906/5292
f 3130/2916/5293 3061/2917/5293 3060/2906/5293
f 3008/2845/5294 3131/2848/5294 3120/2846/5294
f 3131/2848/5295 3132/2918/5295 3120/2846/5295
f 3120/2846/5296 3132/2918/5296 3121/2907/5296
f 3132/2918/5297 3133/2919/5297 3121/2907/5297
f 3121/2907/5298 3133/2919/5298 3122/2908/5298
f 3133/2919/5299 3134/2920/5299 3122/2908/5299
f 3122/2908/5300 3134/2920/5300 3123/2909/5300
f 3134/2920/5301 3135/2921/5301 3123/2909/5301
f 3123/2909/5302 3135/2921/5302 3124/2910/5302
f 3135/2921/5303 3136/2922/5303 3124/2910/5303
f 3124/2910/5304 3136/2922/5304 3125/2911/5304
f 3136/2922/5305 3137/2923/5305 3125/2911/5305
f 3125/2911/5306 3137/2923/5306 3126/2912/5306
f 3137/2923/5307 3138/2924/5307 3126/2912/5307
f 3126/2912/5308 3138/2924/5308 3127/2913/5308
f 3138/2924/5309 3139/2925/5309 3127/2913/5309
f 3127/2913/5310 3139/2925/5310 3128/2914/5310
f 3139/2925/5311 3140/2926/5311 3128/2914/5311
f 3128/2914/5312 3140/2926/5312 3129/2915/5312
f 3140/2926/5313 3141/2927/5313 3129/2915/5313
f 3129/2915/5314 3141/2927/5314 3130/2916/5314
f 3141/2927/5315 3142/2928/5315 3130/2916/5315
f 3130/2916/5316 3142/2928/5316 3061/2917/5316
f 3142/2928/5317 3062/2929/5317 3061/2917/5317
f 3007/2847/5318 3143/2850/5318 3131/2848/5318
f 3143/2850/5319 3144/2930/5319 3131/2848/5319
f 3131/2848/5320 3144/2930/5320 3132/2918/5320
f 3144/2930/5321 3145/2931/5321 3132/2918/5321
f 3132/2918/5322 3145/2931/5322 3133/2919/5322
f 3145/2931/5323 3146/2932/5323 3133/2919/5323
f 3133/2919/5324 3146/2932/5324 3134/2920/5324
f 3146/2932/5325 3147/2933/5325 3134/2920/5325
f 3134/2920/5326 3147/2933/5326 3135/2921/5326
f 3147/2933/5327 3148/2934/5327 3135/2921/5327
f 3135/2921/5328 3148/2934/5328 3136/2922/5328
f 3148/2934/5329 3149/2935/5329 3136/2922/5329
f 3136/2922/5330 3149/2935/5330 3137/2923/5330
f 3149/2935/5331 3150/2936/5331 3137/2923/5331
f 3137/2923/5332 3150/2936/5332 3138/2924/5332
f 3150/2936/5333 3151/2937/5333 3138/2924/5333
f 3138/2924/5334 3151/2937/5334 3139/2925/5334
f 3151/2937/5335 3152/2938/5335 3139/2925/5335
f 3139/2925/5336 3152/2938/5336 3140/2926/5336
f 3152/2938/5337 3153/2939/5337 3140/2926/5337
f 3140/2926/5338 3153/2939/5338 3141/2927/5338
f 3153/2939/5339 3154/2940/5339 3141/2927/5339
f 3141/2927/5340 3154/2940/5340 3142/2928/5340
f 3154/2940/5341 3155/2941/5341 3142/2928/5341
f 3142/2928/5342 3155/2941/5342 3062/2929/5342
f 3155/2941/5343 3063/2942/5343 3062/2929/5343
f 3006/2849/5344 3156/2851/5344 3143/2850/5344
f 3156/2851/5345 3157/2943/5345 3143/2850/5345
f 3143/2850/5346 3157/2943/5346 3144/2930/5346
f 3157/2943/5347 3158/2944/5347 3144/2930/5347
f 3144/2930/5348 3158/2944/5348 3145/2931/5348
f 3158/2944/5349 3159/2945/5349 3145/2931/5349
f 3145/2931/5350 3159/2945/5350 3146/2932/5350
f 3159/2945/5351 3160/2946/5351 3146/2932/5351
f 3146/2932/5352 3160/2946/5352 3147/2933/5352
f 3160/2946/5353 3161/2947/5353 3147/2933/5353
f 3147/2933/5354 3161/2947/5354 3148/2934/5354
f 3161/2947/5355 3162/2948/5355 3148/2934/5355
f 3148/2934/5356 3162/2948/5356 3149/2935/5356
f 3162/2948/5357 3163/2949/5357 3149/2935/5357
f 3149/2935/5358 3163/2949/5358 3150/2936/5358
f 3163/2949/5359 3164/2950/5359 3150/2936/5359
f 3150/2936/5360 3164/2950/5360 3151/2937/5360
f 3164/2950/5361 3165/2951/5361 3151/2937/5361
f 3151/2937/5362 3165/2951/5362 3152/2938/5362
f 3165/2951/5363 3166/2952/5363 3152/2938/5363
f 3152/2938/5364 3166/2952/5364 3153/2939/5364
f 3166/2952/5365 3167/2953/5365 3153/2939/5365
f 3153/2939/5366 3167/2953/5366 3154/2940/5366
f 3167/2953/5367 3168/2954/5367 3154/2940/5367
f 3154/2940/5368 3168/2954/5368 3155/2941/5368
f 3168/2954/5369 3169/2955/5369 3155/2941/5369
f 3155/2941/5370 3169/2955/5370 3063/2942/5370
f 3169/2955/5371 3064/2956/5371 3063/2942/5371
f 3005/2821/5372 2989/2820/5372 3156/2851/5372
f 2989/2820/5373 2988/2957/5373 3156/2851/5373
f 3156/2851/5374 2988/2957/5374 3157/2943/5374
f 2988/2957/5375 2987/2958/5375 3157/2943/5375
f 3157/2943/5376 2987/2958/5376 3158/2944/5376
f 2987/2958/5377 2986/2959/5377 3158/2944/5377
f 3158/2944/5378 2986/2959/5378 3159/2945/5378
f 2986/2959/5379 2985/2960/5379 3159/2945/5379
f 3159/2945/5380 2985/2960/5380 3160/2946/5380
f 2985/2960/5381 2984/2961/5381 3160/2946/5381
f 3160/2946/5382 2984/2961/5382 3161/2947/5382
f 2984/2961/5383 2983/2962/5383 3161/2947/5383
f 3161/2947/5384 2983/2962/5384 3162/2948/5384
f 2983/2962/5385 2982/2963/5385 3162/2948/5385
f 3162/2948/5386 2982/2963/5386 3163/2949/5386
f 2982/2963/5387 2981/2964/5387 3163/2949/5387
f 3163/2949/5388 2981/2964/5388 3164/2950/5388
f 2981/2964/5389 2980/2965/5389 3164/2950/5389
f 3164/2950/5390 2980/2965/5390 3165/2951/5390
f 2980/2965/5391 2979/2966/5391 3165/2951/5391
f 3165/2951/5392 2979/2966/5392 3166/2952/5392
f 2979/2966/5393 2978/2967/5393 3166/2952/5393
f 3166/2952/5394 2978/2967/5394 3167/2953/5394
f 2978/2967/5395 2977/2968/5395 3167/2953/5395
f 3167/2953/5396 2977/2968/5396 3168/2954/5396
f 2977/2968/5397 2976/2969/5397 3168/2954/5397
f 3168/2954/5398 2976/2969/5398 3169/2955/5398
f 2976/2969/5399 2975/2970/5399 3169/2955/5399
f 3169/2955/5400 2975/2970/5400 3064/2956/5400
f 2975/2970/5401 2612/2816/5401 3064/2956/5401
f 3050/2971/5402 3035/2972/5402 2614/2973/5402
f 3051/2974/5403 3170/2975/5403 3050/2971/5403
f 3052/2976/5404 3171/2977/5404 3051/2974/5404
f 3053/2978/5405 3173/2979/5405 3052/2976/5405
f 3054/2980/5406 3176/2981/5406 3053/2978/5406
f 3055/2982/5407 3180/2983/5407 3054/2980/5407
f 3056/2984/5408 3185/2985/5408 3055/2982/5408
f 3057/2986/5409 3191/2987/5409 3056/2984/5409
f 3058/2988/5410 3198/2989/5410 3057/2986/5410
f 3059/2990/5411 3206/2991/5411 3058/2988/5411
f 3060/2992/5412 3215/2993/5412 3059/2990/5412
f 3061/2994/5413 3225/2995/5413 3060/2992/5413
f 3062/2996/5414 3236/2997/5414 3061/2994/5414
f 3063/2998/5415 3248/2999/5415 3062/2996/5415
f 3064/2818/5416 3261/3000/5416 3063/2998/5416
f 3050/2971/5417 3170/2975/5417 3035/2972/5417
f 3170/2975/5418 3036/3001/5418 3035/2972/5418
f 3051/2974/5419 3171/2977/5419 3170/2975/5419
f 3171/2977/5420 3172/3002/5420 3170/2975/5420
f 3170/2975/5421 3172/3002/5421 3036/3001/5421
f 3172/3002/5422 3037/3003/5422 3036/3001/5422
f 3052/2976/5423 3173/2979/5423 3171/2977/5423
f 3173/2979/5424 3174/3004/5424 3171/2977/5424
f 3171/2977/5425 3174/3004/5425 3172/3002/5425
f 3174/3004/5426 3175/3005/5426 3172/3002/5426
f 3172/3002/5427 3175/3005/5427 3037/3003/5427
f 3175/3005/5428 3038/3006/5428 3037/3003/5428
f 3053/2978/5429 3176/2981/5429 3173/2979/5429
f 3176/2981/5430 3177/3007/5430 3173/2979/5430
f 3173/2979/5431 3177/3007/5431 3174/3004/5431
f 3177/3007/5432 3178/3008/5432 3174/3004/5432
f 3174/3004/5433 3178/3008/5433 3175/3005/5433
f 3178/3008/5434 3179/3009/5434 3175/3005/5434
f 3175/3005/5435 3179/3009/5435 3038/3006/5435
f 3179/3009/5436 3039/3010/5436 3038/3006/5436
f 3054/2980/5437 3180/2983/5437 3176/2981/5437
f 3180/2983/5438 3181/3011/5438 3176/2981/5438
f 3176/2981/5439 3181/3011/5439 3177/3007/5439
f 3181/3011/5440 3182/3012/5440 3177/3007/5440
f 3177/3007/5441 3182/3012/5441 3178/3008/5441
f 3182/3012/5442 3183/3013/5442 3178/3008/5442
f 3178/3008/5443 3183/3013/5443 3179/3009/5443
f 3183/3013/5444 3184/3014/5444 3179/3009/5444
f 3179/3009/5445 3184/3014/5445 3039/3010/5445
f 3184/3014/5446 3040/3015/5446 3039/3010/5446
f 3055/2982/5447 3185/2985/5447 3180/2983/5447
f 3185/2985/5448 3186/3016/5448 3180/2983/5448
f 3180/2983/5449 3186/3016/5449 3181/3011/5449
f 3186/3016/5450 3187/3017/5450 3181/3011/5450
f 3181/3011/5451 3187/3017/5451 3182/3012/5451
f 3187/3017/5452 3188/3018/5452 3182/3012/5452
f 3182/3012/5453 3188/3018/5453 3183/3013/5453
f 3188/3018/5454 3189/3019/5454 3183/3013/5454
f 3183/3013/5455 3189/3019/5455 3184/3014/5455
f 3189/3019/5456 3190/3020/5456 3184/3014/5456
f 3184/3014/5457 3190/3020/5457 3040/3015/5457
f 3190/3020/5458 3041/3021/5458 3040/3015/5458
f 3056/2984/5459 3191/2987/5459 3185/2985/5459
f 3191/2987/5460 3192/3022/5460 3185/2985/5460
f 3185/2985/5461 3192/3022/5461 3186/3016/5461
f 3192/3022/5462 3193/3023/5462 3186/3016/5462
f 3186/3016/5463 3193/3023/5463 3187/3017/5463
f 3193/3023/5464 3194/3024/5464 3187/3017/5464
f 3187/3017/5465 3194/3024/5465 3188/3018/5465
f 3194/3024/5466 3195/3025/5466 3188/3018/5466
f 3188/3018/5467 3195/3025/5467 3189/3019/5467
f 3195/3025/5468 3196/3026/5468 3189/3019/5468
f 3189/3019/5469 3196/3026/5469 3190/3020/5469
f 3196/3026/5470 3197/3027/5470 3190/3020/5470
f 3190/3020/5471 3197/3027/5471 3041/3021/5471
f 3197/3027/5472 3042/3028/5472 3041/3021/5472
f 3057/2986/5473 3198/2989/5473 3191/2987/5473
f 3198/2989/5474 3199/3029/5474 3191/2987/5474
f 3191/2987/5475 3199/3029/5475 3192/3022/5475
f 3199/3029/5476 3200/3030/5476 3192/3022/5476
f 3192/3022/5477 3200/3030/5477 3193/3023/5477
f 3200/3030/5478 3201/3031/5478 3193/3023/5478
f 3193/3023/5479 3201/3031/5479 3194/3024/5479
f 3201/3031/5480 3202/3032/5480 3194/3024/5480
f 3194/3024/5481 3202/3032/5481 3195/3025/5481
f 3202/3032/5482 3203/3033/5482 3195/3025/5482
f 3195/3025/5483 3203/3033/5483 3196/3026/5483
f 3203/3033/5484 3204/3034/5484 3196/3026/5484
f 3196/3026/5485 3204/3034/5485 3197/3027/5485
f 3204/3034/5486 3205/3035/5486 3197/3027/5486
f 3197/3027/5487 3205/3035/5487 3042/3028/5487
f 3205/3035/5488 3043/3036/5488 3042/3028/5488
f 3058/2988/5489 3206/2991/5489 3198/2989/5489
f 3206/2991/5490 3207/3037/5490 3198/2989/5490
f 3198/2989/5491 3207/3037/5491 3199/3029/5491
f 3207/3037/5492 3208/3038/5492 3199/3029/5492
f 3199/3029/5493 3208/3038/5493 3200/3030/5493
f 3208/3038/5494 3209/3039/5494 3200/3030/5494
f 3200/3030/5495 3209/3039/5495 3201/3031/5495
f 3209/3039/5496 3210/3040/5496 3201/3031/5496
f 3201/3031/5497 3210/3040/5497 3202/3032/5497
f 3210/3040/5498 3211/3041/5498 3202/3032/5498
f 3202/3032/5499 3211/3041/5499 3203/3033/5499
f 3211/3041/5500 3212/3042/5500 3203/3033/5500
f 3203/3033/5501 3212/3042/5501 3204/3034/5501
f 3212/3042/5502 3213/3043/5502 3204/3034/5502
f 3204/3034/5503 3213/3043/5503 3205/3035/5503
f 3213/3043/5504 3214/3044/5504 3205/3035/5504
f 3205/3035/5505 3214/3044/5505 3043/3036/5505
f 3214/3044/5506 3044/3045/5506 3043/3036/5506
f 3059/2990/5507 3215/2993/5507 3206/2991/5507
f 3215/2993/5508 3216/3046/5508 3206/2991/5508
f 3206/2991/5509 3216/3046/5509 3207/3037/5509
f 3216/3046/5510 3217/3047/5510 3207/3037/5510
f 3207/3037/5511 3217/3047/5511 3208/3038/5511
f 3217/3047/5512 3218/3048/5512 3208/3038/5512
f 3208/3038/5513 3218/3048/5513 3209/3039/5513
f 3218/3048/5514 3219/3049/5514 3209/3039/5514
f 3209/3039/5515 3219/3049/5515 3210/3040/5515
f 3219/3049/5516 3220/3050/5516 3210/3040/5516
f 3210/3040/5517 3220/3050/5517 3211/3041/5517
f 3220/3050/5518 3221/3051/5518 3211/3041/5518
f 3211/3041/5519 3221/3051/5519 3212/3042/5519
f 3221/3051/5520 3222/3052/5520 3212/3042/5520
f 3212/3042/5521 3222/3052/5521 3213/3043/5521
f 3222/3052/5522 3223/3053/5522 3213/3043/5522
f 3213/3043/5523 3223/3053/5523 3214/3044/5523
f 3223/3053/5524 3224/3054/5524 3214/3044/5524
f 3214/3044/5525 3224/3054/5525 3044/3045/5525
f 3224/3054/5526 3045/3055/5526 3044/3045/5526
f 3060/2992/5527 3225/2995/5527 3215/2993/5527
f 3225/2995/5528 3226/3056/5528 3215/2993/5528
f 3215/2993/5529 3226/3056/5529 3216/3046/5529
f 3226/3056/5530 3227/3057/5530 3216/3046/5530
f 3216/3046/5531 3227/3057/5531 3217/3047/5531
f 3227/3057/5532 3228/3058/5532 3217/3047/5532
f 3217/3047/5533 3228/3058/5533 3218/3048/5533
f 3228/3058/5534 3229/3059/5534 3218/3048/5534
f 3218/3048/5535 3229/3059/5535 3219/3049/5535
f 3229/3059/5536 3230/3060/5536 3219/3049/5536
f 3219/3049/5537 3230/3060/5537 3220/3050/5537
f 3230/3060/5538 3231/3061/5538 3220/3050/5538
f 3220/3050/5539 3231/3061/5539 3221/3051/5539
f 3231/3061/5540 3232/3062/5540 3221/3051/5540
f 3221/3051/5541 3232/3062/5541 3222/3052/5541
f 3232/3062/5542 3233/3063/5542 3222/3052/5542
f 3222/3052/5543 3233/3063/5543 3223/3053/5543
f 3233/3063/5544 3234/3064/5544 3223/3053/5544
f 3223/3053/5545 3234/3064/5545 3224/3054/5545
f 3234/3064/5546 3235/3065/5546 3224/3054/5546
f 3224/3054/5547 3235/3065/5547 3045/3055/5547
f 3235/3065/5548 3046/3066/5548 3045/3055/5548
f 3061/2994/5549 3236/2997/5549 3225/2995/5549
f 3236/2997/5550 3237/3067/5550 3225/2995/5550
f 3225/2995/5551 3237/3067/5551 3226/3056/5551
f 3237/3067/5552 3238/3068/5552 3226/3056/5552
f 3226/3056/5553 3238/3068/5553 3227/3057/5553
f 3238/3068/5554 3239/3069/5554 3227/3057/5554
f 3227/3057/5555 3239/3069/5555 3228/3058/5555
f 3239/3069/5556 3240/3070/5556 3228/3058/5556
f 3228/3058/5557 3240/3070/5557 3229/3059/5557
f 3240/3070/5558 3241/3071/5558 3229/3059/5558
f 3229/3059/5559 3241/3071/5559 3230/3060/5559
f 3241/3071/5560 3242/3072/5560 3230/3060/5560
f 3230/3060/5561 3242/3072/5561 3231/3061/5561
f 3242/3072/5562 3243/3073/5562 3231/3061/5562
f 3231/3061/5563 3243/3073/5563 3232/3062/5563
f 3243/3073/5564 3244/3074/5564 3232/3062/5564
f 3232/3062/5565 3244/3074/5565 3233/3063/5565
f 3244/3074/5566 3245/3075/5566 3233/3063/5566
f 3233/3063/5567 3245/3075/5567 3234/3064/5567
f 3245/3075/5568 3246/3076/5568 3234/3064/5568
f 3234/3064/5569 3246/3076/5569 3235/3065/5569
f 3246/3076/5570 3247/3077/5570 3235/3065/5570
f 3235/3065/5571 3247/3077/5571 3046/3066/5571
f 3247/3077/5572 3047/3078/5572 3046/3066/5572
f 3062/2996/5573 3248/2999/5573 3236/2997/5573
f 3248/2999/5574 3249/3079/5574 3236/2997/5574
f 3236/2997/5575 3249/3079/5575 3237/3067/5575
f 3249/3079/5576 3250/3080/5576 3237/3067/5576
f 3237/3067/5577 3250/3080/5577 3238/3068/5577
f 3250/3080/5578 3251/3081/5578 3238/3068/5578
f 3238/3068/5579 3251/3081/5579 3239/3069/5579
f 3251/3081/5580 3252/3082/5580 3239/3069/5580
f 3239/3069/5581 3252/3082/5581 3240/3070/5581
f 3252/3082/5582 3253/3083/5582 3240/3070/5582
f 3240/3070/5583 3253/3083/5583 3241/3071/5583
f 3253/3083/5584 3254/3084/5584 3241/3071/5584
f 3241/3071/5585 3254/3084/5585 3242/3072/5585
f 3254/3084/5586 3255/3085/5586 3242/3072/5586
f 3242/3072/5587 3255/3085/5587 3243/3073/5587
f 3255/3085/5588 3256/3086/5588 3243/3073/5588
f 3243/3073/5589 3256/3086/5589 3244/3074/5589
f 3256/3086/5590 3257/3087/5590 3244/3074/5590
f 3244/3074/5591 3257/3087/5591 3245/3075/5591
f 3257/3087/5592 3258/3088/5592 3245/3075/5592
f 3245/3075/5593 3258/3088/5593 3246/3076/5593
f 3258/3088/5594 3259/3089/5594 3246/3076/5594
f 3246/3076/5595 3259/3089/5595 3247/3077/5595
f 3259/3089/5596 3260/3090/5596 3247/3077/5596
f 3247/3077/5597 3260/3090/5597 3047/3078/5597
f 3260/3090/5598 3048/3091/5598 3047/3078/5598
f 3063/2998/5599 3261/3000/5599 3248/2999/5599
f 3261/3000/5600 3262/3092/5600 3248/2999/5600
f 3248/2999/5601 3262/3092/5601 3249/3079/5601
f 3262/3092/5602 3263/3093/5602 3249/3079/5602
f 3249/3079/5603 3263/3093/5603 3250/3080/5603
f 3263/3093/5604 3264/3094/5604 3250/3080/5604
f 3250/3080/5605 3264/3094/5605 3251/3081/5605
f 3264/3094/5606 3265/3095/5606 3251/3081/5606
f 3251/3081/5607 3265/3095/5607 3252/3082/5607
f 3265/3095/5608 3266/3096/5608 3252/3082/5608
f 3252/3082/5609 3266/3096/5609 3253/3083/5609
f 3266/3096/5610 3267/3097/5610 3253/3083/5610
f 3253/3083/5611 3267/3097/5611 3254/3084/5611
f 3267/3097/5612 3268/3098/5612 3254/3084/5612
f 3254/3084/5613 3268/3098/5613 3255/3085/5613
f 3268/3098/5614 3269/3099/5614 3255/3085/5614
f 3255/3085/5615 3269/3099/5615 3256/3086/5615
f 3269/3099/5616 3270/3100/5616 3256/3086/5616
f 3256/3086/5617 3270/3100/5617 3257/3087/5617
f 3270/3100/5618 3271/3101/5618 3257/3087/5618
f 3257/3087/5619 3271/3101/5619 3258/3088/5619
f 3271/3101/5620 3272/3102/5620 3258/3088/5620
f 3258/3088/5621 3272/3102/5621 3259/3089/5621
f 3272/3102/5622 3273/3103/5622 3259/3089/5622
f 3259/3089/5623 3273/3103/5623 3260/3090/5623
f 3273/3103/5624 3274/3104/5624 3260/3090/5624
f 3260/3090/5625 3274/3104/5625 3048/3091/5625
f 3274/3104/5626 3049/3105/5626 3048/3091/5626
f 3064/2818/5627 2974/2817/5627 3261/3000/5627
f 2974/2817/5628 2973/3106/5628 3261/3000/5628
f 3261/3000/5629 2973/3106/5629 3262/3092/5629
f 2973/3106/5630 2972/3107/5630 3262/3092/5630
f 3262/3092/5631 2972/3107/5631 3263/3093/5631
f 2972/3107/5632 2971/3108/5632 3263/3093/5632
f 3263/3093/5633 2971/3108/5633 3264/3094/5633
f 2971/3108/5634 2970/3109/5634 3264/3094/5634
f 3264/3094/5635 2970/3109/5635 3265/3095/5635
f 2970/3109/5636 2969/3110/5636 3265/3095/5636
f 3265/3095/5637 2969/3110/5637 3266/3096/5637
f 2969/3110/5638 2968/3111/5638 3266/3096/5638
f 3266/3096/5639 2968/3111/5639 3267/3097/5639
f 2968/3111/5640 2967/3112/5640 3267/3097/5640
f 3267/3097/5641 2967/3112/5641 3268/3098/5641
f 2967/3112/5642 2966/3113/5642 3268/3098/5642
f 3268/3098/5643 2966/3113/5643 3269/3099/5643
f 2966/3113/5644 2965/3114/5644 3269/3099/5644
f 3269/3099/5645 2965/3114/5645 3270/3100/5645
f 2965/3114/5646 2964/3115/5646 3270/3100/5646
f 3270/3100/5647 2964/3115/5647 3271/3101/5647
f 2964/3115/5648 2963/3116/5648 3271/3101/5648
f 3271/3101/5649 2963/3116/5649 3272/3102/5649
f 2963/3116/5650 2962/3117/5650 3272/3102/5650
f 3272/3102/5651 2962/3117/5651 3273/3103/5651
f 2962/3117/5652 2961/3118/5652 3273/3103/5652
f 3273/3103/5653 2961/3118/5653 3274/3104/5653
f 2961/3118/5654 2960/3119/5654 3274/3104/5654
f 3274/3104/5655 2960/3119/5655 3049/3105/5655
f 2960/3119/5656 2611/2813/5656 3049/3105/5656
f 3035/3120/5657 3020/3121/5657 2614/3122/5657
f 3036/3123/5658 3275/3124/5658 3035/3120/5658
f 3037/3125/5659 3276/3126/5659 3036/3123/5659
f 3038/3127/5660 3278/3128/5660 3037/3125/5660
f 3039/3129/5661 3281/3130/5661 3038/3127/5661
f 3040/3131/5662 3285/3132/5662 3039/3129/5662
f 3041/3133/5663 3290/3134/5663 3040/3131/5663
f 3042/3135/5664 3296/3136/5664 3041/3133/5664
f 3043/3137/5665 3303/3138/5665 3042/3135/5665
f 3044/3139/5666 3311/3140/5666 3043/3137/5666
f 3045/3141/5667 3320/3142/5667 3044/3139/5667
f 3046/3143/5668 3330/3144/5668 3045/3141/5668
f 3047/3145/5669 3341/3146/5669 3046/3143/5669
f 3048/3147/5670 3353/3148/5670 3047/3145/5670
f 3049/2815/5671 3366/3149/5671 3048/3147/5671
f 3035/3120/5672 3275/3124/5672 3020/3121/5672
f 3275/3124/5673 3021/3150/5673 3020/3121/5673
f 3036/3123/5674 3276/3126/5674 3275/3124/5674
f 3276/3126/5675 3277/3151/5675 3275/3124/5675
f 3275/3124/5676 3277/3151/5676 3021/3150/5676
f 3277/3151/5677 3022/3152/5677 3021/3150/5677
f 3037/3125/5678 3278/3128/5678 3276/3126/5678
f 3278/3128/5679 3279/3153/5679 3276/3126/5679
f 3276/3126/5680 3279/3153/5680 3277/3151/5680
f 3279/3153/5681 3280/3154/5681 3277/3151/5681
f 3277/3151/5682 3280/3154/5682 3022/3152/5682
f 3280/3154/5683 3023/3155/5683 3022/3152/5683
f 3038/3127/5684 3281/3130/5684 3278/3128/5684
f 3281/3130/5685 3282/3156/5685 3278/3128/5685
f 3278/3128/5686 3282/3156/5686 3279/3153/5686
f 3282/3156/5687 3283/3157/5687 3279/3153/5687
f 3279/3153/5688 3283/3157/5688 3280/3154/5688
f 3283/3157/5689 3284/3158/5689 3280/3154/5689
f 3280/3154/5690 3284/3158/5690 3023/3155/5690
f 3284/3158/5691 3024/3159/5691 3023/3155/5691
f 3039/3129/5692 3285/3132/5692 3281/3130/5692
f 3285/3132/5693 3286/3160/5693 3281/3130/5693
f 3281/3130/5694 3286/3160/5694 3282/3156/5694
f 3286/3160/5695 3287/3161/5695 3282/3156/5695
f 3282/3156/5696 3287/3161/5696 3283/3157/5696
f 3287/3161/5697 3288/3162/5697 3283/3157/5697
f 3283/3157/5698 3288/3162/5698 3284/3158/5698
f 3288/3162/5699 3289/3163/5699 3284/3158/5699
f 3284/3158/5700 3289/3163/5700 3024/3159/5700
f 3289/3163/5701 3025/3164/5701 3024/3159/5701
f 3040/3131/5702 3290/3134/5702 3285/3132/5702
f 3290/3134/5703 3291/3165/5703 3285/3132/5703
f 3285/3132/5704 3291/3165/5704 3286/3160/5704
f 3291/3165/5705 3292/3166/5705 3286/3160/5705
f 3286/3160/5706 3292/3166/5706 3287/3161/5706
f 3292/3166/5707 3293/3167/5707 3287/3161/5707
f 3287/3161/5708 3293/3167/5708 3288/3162/5708
f 3293/3167/5709 3294/3168/5709 3288/3162/5709
f 3288/3162/5710 3294/3168/5710 3289/3163/5710
f 3294/3168/5711 3295/3169/5711 3289/3163/5711
f 3289/3163/5712 3295/3169/5712 3025/3164/5712
f 3295/3169/5713 3026/3170/5713 3025/3164/5713
f 3041/3133/5714 3296/3136/5714 3290/3134/5714
f 3296/3136/5715 3297/3171/5715 3290/3134/5715
f 3290/3134/5716 3297/3171/5716 3291/3165/5716
f 3297/3171/5717 3298/3172/5717 3291/3165/5717
f 3291/3165/5718 3298/3172/5718 3292/3166/5718
f 3298/3172/5719 3299/3173/5719 3292/3166/5719
f 3292/3166/5720 3299/3173/5720 3293/3167/5720
f 3299/3173/5721 3300/3174/5721 3293/3167/5721
f 3293/3167/5722 3300/3174/5722 3294/3168/5722
f 3300/3174/5723 3301/3175/5723 3294/3168/5723
f 3294/3168/5724 3301/3175/5724 3295/3169/5724
f 3301/3175/5725 3302/3176/5725 3295/3169/5725
f 3295/3169/5726 3302/3176/5726 3026/3170/5726
f 3302/3176/5727 3027/3177/5727 3026/3170/5727
f 3042/3135/5728 3303/3138/5728 3296/3136/5728
f 3303/3138/5729 3304/3178/5729 3296/3136/5729
f 3296/3136/5730 3304/3178/5730 3297/3171/5730
f 3304/3178/5731 3305/3179/5731 3297/3171/5731
f 3297/3171/5732 3305/3179/5732 3298/3172/5732
f 3305/3179/5733 3306/3180/5733 3298/3172/5733
f 3298/3172/5734 3306/3180/5734 3299/3173/5734
f 3306/3180/5735 3307/3181/5735 3299/3173/5735
f 3299/3173/5736 3307/3181/5736 3300/3174/5736
f 3307/3181/5737 3308/3182/5737 3300/3174/5737
f 3300/3174/5738 3308/3182/5738 3301/3175/5738
f 3308/3182/5739 3309/3183/5739 3301/3175/5739
f 3301/3175/5740 3309/3183/5740 3302/3176/5740
f 3309/3183/5741 3310/3184/5741 3302/3176/5741
f 3302/3176/5742 3310/3184/5742 3027/3177/5742
f 3310/3184/5743 3028/3185/5743 3027/3177/5743
f 3043/3137/5744 3311/3140/5744 3303/3138/5744
f 3311/3140/5745 3312/3186/5745 3303/3138/5745
f 3303/3138/5746 3312/3186/5746 3304/3178/5746
f 3312/3186/5747 3313/3187/5747 3304/3178/5747
f 3304/3178/5748 3313/3187/5748 3305/3179/5748
f 3313/3187/5749 3314/3188/5749 3305/3179/5749
f 3305/3179/5750 3314/3188/5750 3306/3180/5750
f 3314/3188/5751 3315/3189/5751 3306/3180/5751
f 3306/3180/5752 3315/3189/5752 3307/3181/5752
f 3315/3189/5753 3316/3190/5753 3307/3181/5753
f 3307/3181/5754 3316/3190/5754 3308/3182/5754
f 3316/3190/5755 3317/3191/5755 3308/3182/5755
f 3308/3182/5756 3317/3191/5756 3309/3183/5756
f 3317/3191/5757 3318/3192/5757 3309/3183/5757
f 3309/3183/5758 3318/3192/5758 3310/3184/5758
f 3318/3192/5759 3319/3193/5759 3310/3184/5759
f 3310/3184/5760 3319/3193/5760 3028/3185/5760
f 3319/3193/5761 3029/3194/5761 3028/3185/5761
f 3044/3139/5762 3320/3142/5762 3311/3140/5762
f 3320/3142/5763 3321/3195/5763 3311/3140/5763
f 3311/3140/5764 3321/3195/5764 3312/3186/5764
f 3321/3195/5765 3322/3196/5765 3312/3186/5765
f 3312/3186/5766 3322/3196/5766 3313/3187/5766
f 3322/3196/5767 3323/3197/5767 3313/3187/5767
f 3313/3187/5768 3323/3197/5768 3314/3188/5768
f 3323/3197/5769 3324/3198/5769 3314/3188/5769
f 3314/3188/5770 3324/3198/5770 3315/3189/5770
f 3324/3198/5771 3325/3199/5771 3315/3189/5771
f 3315/3189/5772 3325/3199/5772 3316/3190/5772
f 3325/3199/5773 3326/3200/5773 3316/3190/5773
f 3316/3190/5774 3326/3200/5774 3317/3191/5774
f 3326/3200/5775 3327/3201/5775 3317/3191/5775
f 3317/3191/5776 3327/3201/5776 3318/3192/5776
f 3327/3201/5777 3328/3202/5777 3318/3192/5777
f 3318/3192/5778 3328/3202/5778 3319/3193/5778
f 3328/3202/5779 3329/3203/5779 3319/3193/5779
f 3319/3193/5780 3329/3203/5780 3029/3194/5780
f 3329/3203/5781 3030/3204/5781 3029/3194/5781
f 3045/3141/5782 3330/3144/5782 3320/3142/5782
f 3330/3144/5783 3331/3205/5783 3320/3142/5783
f 3320/3142/5784 3331/3205/5784 3321/3195/5784
f 3331/3205/5785 3332/3206/5785 3321/3195/5785
f 3321/3195/5786 3332/3206/5786 3322/3196/5786
f 3332/3206/5787 3333/3207/5787 3322/3196/5787
f 3322/3196/5788 3333/3207/5788 3323/3197/5788
f 3333/3207/5789 3334/3208/5789 3323/3197/5789
f 3323/3197/5790 3334/3208/5790 3324/3198/5790
f 3334/3208/5791 3335/3209/5791 3324/3198/5791
f 3324/3198/5792 3335/3209/5792 3325/3199/5792
f 3335/3209/5793 3336/3210/5793 3325/3199/5793
f 3325/3199/5794 3336/3210/5794 3326/3200/5794
f 3336/3210/5795 3337/3211/5795 3326/3200/5795
f 3326/3200/5796 3337/3211/5796 3327/3201/5796
f 3337/3211/5797 3338/3212/5797 3327/3201/5797
f 3327/3201/5798 3338/3212/5798 3328/3202/5798
f 3338/3212/5799 3339/3213/5799 3328/3202/5799
f 3328/3202/5800 3339/3213/5800 3329/3203/5800
f 3339/3213/5801 3340/3214/5801 3329/3203/5801
f 3329/3203/5802 3340/3214/5802 3030/3204/5802
f 3340/3214/5803 3031/3215/5803 3030/3204/5803
f 3046/3143/5804 3341/3146/5804 3330/3144/5804
f 3341/3146/5805 3342/3216/5805 3330/3144/5805
f 3330/3144/5806 3342/3216/5806 3331/3205/5806
f 3342/3216/5807 3343/3217/5807 3331/3205/5807
f 3331/3205/5808 3343/3217/5808 3332/3206/5808
f 3343/3217/5809 3344/3218/5809 3332/3206/5809
f 3332/3206/5810 3344/3218/5810 3333/3207/5810
f 3344/3218/5811 3345/3219/5811 3333/3207/5811
f 3333/3207/5812 3345/3219/5812 3334/3208/5812
f 3345/3219/5813 3346/3220/5813 3334/3208/5813
f 3334/3208/5814 3346/3220/5814 3335/3209/5814
f 3346/3220/5815 3347/3221/5815 3335/3209/5815
f 3335/3209/5816 3347/3221/5816 3336/3210/5816
f 3347/3221/5817 3348/3222/5817 3336/3210/5817
f 3336/3210/5818 3348/3222/5818 3337/3211/5818
f 3348/3222/5819 3349/3223/5819 3337/3211/5819
f 3337/3211/5820 3349/3223/5820 3338/3212/5820
f 3349/3223/5821 3350/3224/5821 3338/3212/5821
f 3338/3212/5822 3350/3224/5822 3339/3213/5822
f 3350/3224/5823 3351/3225/5823 3339/3213/5823
f 3339/3213/5824 3351/3225/5824 3340/3214/5824
f 3351/3225/5825 3352/3226/5825 3340/3214/5825
f 3340/3214/5826 3352/3226/5826 3031/3215/5826
f 3352/3226/5827 3032/3227/5827 3031/3215/5827
f 3047/3145/5828 3353/3148/5828 3341/3146/5828
f 3353/3148/5829 3354/3228/5829 3341/3146/5829
f 3341/3146/5830 3354/3228/5830 3342/3216/5830
f 3354/3228/5831 3355/3229/5831 3342/3216/5831
f 3342/3216/5832 3355/3229/5832 3343/3217/5832
f 3355/3229/5833 3356/3230/5833 3343/3217/5833
f 3343/3217/5834 3356/3230/5834 3344/3218/5834
f 3356/3230/5835 3357/3231/5835 3344/3218/5835
f 3344/3218/5836 3357/3231/5836 3345/3219/5836
f 3357/3231/5837 3358/3232/5837 3345/3219/5837
f 3345/3219/5838 3358/3232/5838 3346/3220/5838
f 3358/3232/5839 3359/3233/5839 3346/3220/5839
f 3346/3220/5840 3359/3233/5840 3347/3221/5840
f 3359/3233/5841 3360/3234/5841 3347/3221/5841
f 3347/3221/5842 3360/3234/5842 3348/3222/5842
f 3360/3234/5843 3361/3235/5843 3348/3222/5843
f 3348/3222/5844 3361/3235/5844 3349/3223/5844
f 3361/3235/5845 3362/3236/5845 3349/3223/5845
f 3349/3223/5846 3362/3236/5846 3350/3224/5846
f 3362/3236/5847 3363/3237/5847 3350/3224/5847
f 3350/3224/5848 3363/3237/5848 3351/3225/5848
f 3363/3237/5849 3364/3238/5849 3351/3225/5849
f 3351/3225/5850 3364/3238/5850 3352/3226/5850
f 3364/3238/5851 3365/3239/5851 3352/3226/5851
f 3352/3226/5852 3365/3239/5852 3032/3227/5852
f 3365/3239/5853 3033/3240/5853 3032/3227/5853
f 3048/3147/5854 3366/3149/5854 3353/3148/5854
f 3366/3149/5855 3367/3241/5855 3353/3148/5855
f 3353/3148/5856 3367/3241/5856 3354/3228/5856
f 3367/3241/5857 3368/3242/5857 3354/3228/5857
f 3354/3228/5858 3368/3242/5858 3355/3229/5858
f 3368/3242/5859 3369/3243/5859 3355/3229/5859
f 3355/3229/5860 3369/3243/5860 3356/3230/5860
f 3369/3243/5861 3370/3244/5861 3356/3230/5861
f 3356/3230/5862 3370/3244/5862 3357/3231/5862
f 3370/3244/5863 3371/3245/5863 3357/3231/5863
f 3357/3231/5864 3371/3245/5864 3358/3232/5864
f 3371/3245/5865 3372/3246/5865 3358/3232/5865
f 3358/3232/5866 3372/3246/5866 3359/3233/5866
f 3372/3246/5867 3373/3247/5867 3359/3233/5867
f 3359/3233/5868 3373/3247/5868 3360/3234/5868
f 3373/3247/5869 3374/3248/5869 3360/3234/5869
f 3360/3234/5870 3374/3248/5870 3361/3235/5870
f 3374/3248/5871 3375/3249/5871 3361/3235/5871
f 3361/3235/5872 3375/3249/5872 3362/3236/5872
f 3375/3249/5873 3376/3250/5873 3362/3236/5873
f 3362/3236/5874 3376/3250/5874 3363/3237/5874
f 3376/3250/5875 3377/3251/5875 3363/3237/5875
f 3363/3237/5876 3377/3251/5876 3364/3238/5876
f 3377/3251/5877 3378/3252/5877 3364/3238/5877
f 3364/3238/5878 3378/3252/5878 3365/3239/5878
f 3378/3252/5879 3379/3253/5879 3365/3239/5879
f 3365/3239/5880 3379/3253/5880 3033/3240/5880
f 3379/3253/5881 3034/3254/5881 3033/3240/5881
f 3049/2815/5882 2959/2814/5882 3366/3149/5882
f 2959/2814/5883 2958/3255/5883 3366/3149/5883
f 3366/3149/5884 2958/3255/5884 3367/3241/5884
f 2958/3255/5885 2957/3256/5885 3367/3241/5885
f 3367/3241/5886 2957/3256/5886 3368/3242/5886
f 2957/3256/5887 2956/3257/5887 3368/3242/5887
f 3368/3242/5888 2956/3257/5888 3369/3243/5888
f 2956/3257/5889 2955/3258/5889 3369/3243/5889
f 3369/3243/5890 2955/3258/5890 3370/3244/5890
f 2955/3258/5891 2954/3259/5891 3370/3244/5891
f 3370/3244/5892 2954/3259/5892 3371/3245/5892
f 2954/3259/5893 2953/3260/5893 3371/3245/5893
f 3371/3245/5894 2953/3260/5894 3372/3246/5894
f 2953/3260/5895 2952/3261/5895 3372/3246/5895
f 3372/3246/5896 2952/3261/5896 3373/3247/5896
f 2952/3261/5897 2951/3262/5897 3373/3247/5897
f 3373/3247/5898 2951/3262/5898 3374/3248/5898
f 2951/3262/5899 2950/3263/5899 3374/3248/5899
f 3374/3248/5900 2950/3263/5900 3375/3249/5900
f 2950/3263/5901 2949/3264/5901 3375/3249/5901
f 3375/3249/5902 2949/3264/5902 3376/3250/5902
f 2949/3264/5903 2948/3265/5903 3376/3250/5903
f 3376/3250/5904 2948/3265/5904 3377/3251/5904
f 2948/3265/5905 2947/3266/5905 3377/3251/5905
f 3377/3251/5906 2947/3266/5906 3378/3252/5906
f 2947/3266/5907 2946/3267/5907 3378/3252/5907
f 3378/3252/5908 2946/3267/5908 3379/3253/5908
f 2946/3267/5909 2945/3268/5909 3379/3253/5909
f 3379/3253/5910 2945/3268/5910 3034/3254/5910
f 2945/3268/5911 2610/3269/5911 3034/3254/5911
f 3020/3270/5912 2990/3271/5912 2614/3272/5912
f 3021/3273/5913 3380/3274/5913 3020/3270/5913
f 3022/3275/5914 3381/3276/5914 3021/3273/5914
f 3023/3277/5915 3383/3278/5915 3022/3275/5915
f 3024/3279/5916 3386/3280/5916 3023/3277/5916
f 3025/3281/5917 3390/3282/5917 3024/3279/5917
f 3026/3283/5918 3395/3284/5918 3025/3281/5918
f 3027/3285/5919 3401/3286/5919 3026/3283/5919
f 3028/3287/5920 3408/3288/5920 3027/3285/5920
f 3029/3289/5921 3416/3290/5921 3028/3287/5921
f 3030/3291/5922 3425/3292/5922 3029/3289/5922
f 3031/3293/5923 3435/3294/5923 3030/3291/5923
f 3032/3295/5924 3446/3296/5924 3031/3293/5924
f 3033/3297/5925 3458/3298/5925 3032/3295/5925
f 3034/2812/5926 3471/3299/5926 3033/3297/5926
f 3020/3270/5927 3380/3274/5927 2990/3271/5927
f 3380/3274/5928 2991/3300/5928 2990/3271/5928
f 3021/3273/5929 3381/3276/5929 3380/3274/5929
f 3381/3276/5930 3382/3301/5930 3380/3274/5930
f 3380/3274/5931 3382/3301/5931 2991/3300/5931
f 3382/3301/5932 2992/3302/5932 2991/3300/5932
f 3022/3275/5933 3383/3278/5933 3381/3276/5933
f 3383/3278/5934 3384/3303/5934 3381/3276/5934
f 3381/3276/5935 3384/3303/5935 3382/3301/5935
f 3384/3303/5936 3385/3304/5936 3382/3301/5936
f 3382/3301/5937 3385/3304/5937 2992/3302/5937
f 3385/3304/5938 2993/3305/5938 2992/3302/5938
f 3023/3277/5939 3386/3280/5939 3383/3278/5939
f 3386/3280/5940 3387/3306/5940 3383/3278/5940
f 3383/3278/5941 3387/3306/5941 3384/3303/5941
f 3387/3306/5942 3388/3307/5942 3384/3303/5942
f 3384/3303/5943 3388/3307/5943 3385/3304/5943
f 3388/3307/5944 3389/3308/5944 3385/3304/5944
f 3385/3304/5945 3389/3308/5945 2993/3305/5945
f 3389/3308/5946 2994/3309/5946 2993/3305/5946
f 3024/3279/5947 3390/3282/5947 3386/3280/5947
f 3390/3282/5948 3391/3310/5948 3386/3280/5948
f 3386/3280/5949 3391/3310/5949 3387/3306/5949
f 3391/3310/5950 3392/3311/5950 3387/3306/5950
f 3387/3306/5951 3392/3311/5951 3388/3307/5951
f 3392/3311/5952 3393/3312/5952 3388/3307/5952
f 3388/3307/5953 3393/3312/5953 3389/3308/5953
f 3393/3312/5954 3394/3313/5954 3389/3308/5954
f 3389/3308/5955 3394/3313/5955 2994/3309/5955
f 3394/3313/5956 2995/3314/5956 2994/3309/5956
f 3025/3281/5957 3395/3284/5957 3390/3282/5957
f 3395/3284/5958 3396/3315/5958 3390/3282/5958
f 3390/3282/5959 3396/3315/5959 3391/3310/5959
f 3396/3315/5960 3397/3316/5960 3391/3310/5960
f 3391/3310/5961 3397/3316/5961 3392/3311/5961
f 3397/3316/5962 3398/3317/5962 3392/3311/5962
f 3392/3311/5963 3398/3317/5963 3393/3312/5963
f 3398/3317/5964 3399/3318/5964 3393/3312/5964
f 3393/3312/5965 3399/3318/5965 3394/3313/5965
f 3399/3318/5966 3400/3319/5966 3394/3313/5966
f 3394/3313/5967 3400/3319/5967 2995/3314/5967
f 3400/3319/5968 2996/3320/5968 2995/3314/5968
f 3026/3283/5969 3401/3286/5969 3395/3284/5969
f 3401/3286/5970 3402/3321/5970 3395/3284/5970
f 3395/3284/5971 3402/3321/5971 3396/3315/5971
f 3402/3321/5972 3403/3322/5972 3396/3315/5972
f 3396/3315/5973 3403/3322/5973 3397/3316/5973
f 3403/3322/5974 3404/3323/5974 3397/3316/5974
f 3397/3316/5975 3404/3323/5975 3398/3317/5975
f 3404/3323/5976 3405/3324/5976 3398/3317/5976
f 3398/3317/5977 3405/3324/5977 3399/3318/5977
f 3405/3324/5978 3406/3325/5978 3399/3318/5978
f 3399/3318/5979 3406/3325/5979 3400/3319/5979
f 3406/3325/5980 3407/3326/5980 3400/3319/5980
f 3400/3319/5981 3407/3326/5981 2996/3320/5981
f 3407/3326/5982 2997/3327/5982 2996/3320/5982
f 3027/3285/5983 3408/3288/5983 3401/3286/5983
f 3408/3288/5984 3409/3328/5984 3401/3286/5984
f 3401/3286/5985 3409/3328/5985 3402/3321/5985
f 3409/3328/5986 3410/3329/5986 3402/3321/5986
f 3402/3321/5987 3410/3329/5987 3403/3322/5987
f 3410/3329/5988 3411/3330/5988 3403/3322/5988
f 3403/3322/5989 3411/3330/5989 3404/3323/5989
f 3411/3330/5990 3412/3331/5990 3404/3323/5990
f 3404/3323/5991 3412/3331/5991 3405/3324/5991
f 3412/3331/5992 3413/3332/5992 3405/3324/5992
f 3405/3324/5993 3413/3332/5993 3406/3325/5993
f 3413/3332/5994 3414/3333/5994 3406/3325/5994
f 3406/3325/5995 3414/3333/5995 3407/3326/5995
f 3414/3333/5996 3415/3334/5996 3407/3326/5996
f 3407/3326/5997 3415/3334/5997 2997/3327/5997
f 3415/3334/5998 2998/3335/5998 2997/3327/5998
f 3028/3287/5999 3416/3290/5999 3408/3288/5999
f 3416/3290/6000 3417/3336/6000 3408/3288/6000
f 3408/3288/6001 3417/3336/6001 3409/3328/6001
f 3417/3336/6002 3418/3337/6002 3409/3328/6002
f 3409/3328/6003 3418/3337/6003 3410/3329/6003
f 3418/3337/6004 3419/3338/6004 3410/3329/6004
f 3410/3329/6005 3419/3338/6005 3411/3330/6005
f 3419/3338/6006 3420/3339/6006 3411/3330/6006
f 3411/3330/6007 3420/3339/6007 3412/3331/6007
f 3420/3339/6008 3421/3340/6008 3412/3331/6008
f 3412/3331/6009 3421/3340/6009 3413/3332/6009
f 3421/3340/6010 3422/3341/6010 3413/3332/6010
f 3413/3332/6011 3422/3341/6011 3414/3333/6011
f 3422/3341/6012 3423/3342/6012 3414/3333/6012
f 3414/3333/6013 3423/3342/6013 3415/3334/6013
f 3423/3342/6014 3424/3343/6014 3415/3334/6014
f 3415/3334/6015 3424/3343/6015 2998/3335/6015
f 3424/3343/6016 2999/3344/6016 2998/3335/6016
f 3029/3289/6017 3425/3292/6017 3416/3290/6017
f 3425/3292/6018 3426/3345/6018 3416/3290/6018
f 3416/3290/6019 3426/3345/6019 3417/3336/6019
f 3426/3345/6020 3427/3346/6020 3417/3336/6020
f 3417/3336/6021 3427/3346/6021 3418/3337/6021
f 3427/3346/6022 3428/3347/6022 3418/3337/6022
f 3418/3337/6023 3428/3347/6023 3419/3338/6023
f 3428/3347/6024 3429/3348/6024 3419/3338/6024
f 3419/3338/6025 3429/3348/6025 3420/3339/6025
f 3429/3348/6026 3430/3349/6026 3420/3339/6026
f 3420/3339/6027 3430/3349/6027 3421/3340/6027
f 3430/3349/6028 3431/3350/6028 3421/3340/6028
f 3421/3340/6029 3431/3350/6029 3422/3341/6029
f 3431/3350/6030 3432/3351/6030 3422/3341/6030
f 3422/3341/6031 3432/3351/6031 3423/3342/6031
f 3432/3351/6032 3433/3352/6032 3423/3342/6032
f 3423/3342/6033 3433/3352/6033 3424/3343/6033
f 3433/3352/6034 3434/3353/6034 3424/3343/6034
f 3424/3343/6035 3434/3353/6035 2999/3344/6035
f 3434/3353/6036 3000/3354/6036 2999/3344/6036
f 3030/3291/6037 3435/3294/6037 3425/3292/6037
f 3435/3294/6038 3436/3355/6038 3425/3292/6038
f 3425/3292/6039 3436/3355/6039 3426/3345/6039
f 3436/3355/6040 3437/3356/6040 3426/3345/6040
f 3426/3345/6041 3437/3356/6041 3427/3346/6041
f 3437/3356/6042 3438/3357/6042 3427/3346/6042
f 3427/3346/6043 3438/3357/6043 3428/3347/6043
f 3438/3357/6044 3439/3358/6044 3428/3347/6044
f 3428/3347/6045 3439/3358/6045 3429/3348/6045
f 3439/3358/6046 3440/3359/6046 3429/3348/6046
f 3429/3348/6047 3440/3359/6047 3430/3349/6047
f 3440/3359/6048 3441/3360/6048 3430/3349/6048
f 3430/3349/6049 3441/3360/6049 3431/3350/6049
f 3441/3360/6050 3442/3361/6050 3431/3350/6050
f 3431/3350/6051 3442/3361/6051 3432/3351/6051
f 3442/3361/6052 3443/3362/6052 3432/3351/6052
f 3432/3351/6053 3443/3362/6053 3433/3352/6053
f 3443/3362/6054 3444/3363/6054 3433/3352/6054
f 3433/3352/6055 3444/3363/6055 3434/3353/6055
f 3444/3363/6056 3445/3364/6056 3434/3353/6056
f 3434/3353/6057 3445/3364/6057 3000/3354/6057
f 3445/3364/6058 3001/3365/6058 3000/3354/6058
f 3031/3293/6059 3446/3296/6059 3435/3294/6059
f 3446/3296/6060 3447/3366/6060 3435/3294/6060
f 3435/3294/6061 3447/3366/6061 3436/3355/6061
f 3447/3366/6062 3448/3367/6062 3436/3355/6062
f 3436/3355/6063 3448/3367/6063 3437/3356/6063
f 3448/3367/6064 3449/3368/6064 3437/3356/6064
f 3437/3356/6065 3449/3368/6065 3438/3357/6065
f 3449/3368/6066 3450/3369/6066 3438/3357/6066
f 3438/3357/6067 3450/3369/6067 3439/3358/6067
f 3450/3369/6068 3451/3370/6068 3439/3358/6068
f 3439/3358/6069 3451/3370/6069 3440/3359/6069
f 3451/3370/6070 3452/3371/6070 3440/3359/6070
f 3440/3359/6071 3452/3371/6071 3441/3360/6071
f 3452/3371/6072 3453/3372/6072 3441/3360/6072
f 3441/3360/6073 3453/3372/6073 3442/3361/6073
f 3453/3372/6074 3454/3373/6074 3442/3361/6074
f 3442/3361/6075 3454/3373/6075 3443/3362/6075
f 3454/3373/6076 3455/3374/6076 3443/3362/6076
f 3443/3362/6077 3455/3374/6077 3444/3363/6077
f 3455/3374/6078 3456/3375/6078 3444/3363/6078
f 3444/3363/6079 3456/3375/6079 3445/3364/6079
f 3456/3375/6080 3457/3376/6080 3445/3364/6080
f 3445/3364/6081 3457/3376/6081 3001/3365/6081
f 3457/3376/6082 3002/3377/6082 3001/3365/6082
f 3032/3295/6083 3458/3298/6083 3446/3296/6083
f 3458/3298/6084 3459/3378/6084 3446/3296/6084
f 3446/3296/6085 3459/3378/6085 3447/3366/6085
f 3459/3378/6086 3460/3379/6086 3447/3366/6086
f 3447/3366/6087 3460/3379/6087 3448/3367/6087
f 3460/3379/6088 3461/3380/6088 3448/3367/6088
f 3448/3367/6089 3461/3380/6089 3449/3368/6089
f 3461/3380/6090 3462/3381/6090 3449/3368/6090
f 3449/3368/6091 3462/3381/6091 3450/3369/6091
f 3462/3381/6092 3463/3382/6092 3450/3369/6092
f 3450/3369/6093 3463/3382/6093 3451/3370/6093
f 3463/3382/6094 3464/3383/6094 3451/3370/6094
f 3451/3370/6095 3464/3383/6095 3452/3371/6095
f 3464/3383/6096 3465/3384/6096 3452/3371/6096
f 3452/3371/6097 3465/3384/6097 3453/3372/6097
f 3465/3384/6098 3466/3385/6098 3453/3372/6098
f 3453/3372/6099 3466/3385/6099 3454/3373/6099
f 3466/3385/6100 3467/3386/6100 3454/3373/6100
f 3454/3373/6101 3467/3386/6101 3455/3374/6101
f 3467/3386/6102 3468/3387/6102 3455/3374/6102
f 3455/3374/6103 3468/3387/6103 3456/3375/6103
f 3468/3387/6104 3469/3388/6104 3456/3375/6104
f 3456/3375/6105 3469/3388/6105 3457/3376/6105
f 3469/3388/6106 3470/3389/6106 3457/3376/6106
f 3457/3376/6107 3470/3389/6107 3002/3377/6107
f 3470/3389/6108 3003/3390/6108 3002/3377/6108
f 3033/3297/6109 3471/3299/6109 3458/3298/6109
f 3471/3299/6110 3472/3391/6110 3458/3298/6110
f 3458/3298/6111 3472/3391/6111 3459/3378/6111
f 3472/3391/6112 3473/3392/6112 3459/3378/6112
f 3459/3378/6113 3473/3392/6113 3460/3379/6113
f 3473/3392/6114 3474/3393/6114 3460/3379/6114
f 3460/3379/6115 3474/3393/6115 3461/3380/6115
f 3474/3393/6116 3475/3394/6116 3461/3380/6116
f 3461/3380/6117 3475/3394/6117 3462/3381/6117
f 3475/3394/6118 3476/3395/6118 3462/3381/6118
f 3462/3381/6119 3476/3395/6119 3463/3382/6119
f 3476/3395/6120 3477/3396/6120 3463/3382/6120
f 3463/3382/6121 3477/3396/6121 3464/3383/6121
f 3477/3396/6122 3478/3397/6122 3464/3383/6122
f 3464/3383/6123 3478/3397/6123 3465/3384/6123
f 3478/3397/6124 3479/3398/6124 3465/3384/6124
f 3465/3384/6125 3479/3398/6125 3466/3385/6125
f 3479/3398/6126 3480/3399/6126 3466/3385/6126
f 3466/3385/6127 3480/3399/6127 3467/3386/6127
f 3480/3399/6128 3481/3400/6128 3467/3386/6128
f 3467/3386/6129 3481/3400/6129 3468/3387/6129
f 3481/3400/6130 3482/3401/6130 3468/3387/6130
f 3468/3387/6131 3482/3401/6131 3469/3388/6131
f 3482/3401/6132 3483/3402/6132 3469/3388/6132
f 3469/3388/6133 3483/3402/6133 3470/3389/6133
f 3483/3402/6134 3484/3403/6134 3470/3389/6134
f 3470/3389/6135 3484/3403/6135 3003/3390/6135
f 3484/3403/6136 3004/3404/6136 3003/3390/6136
f 3034/2812/6137 2944/2811/6137 3471/3299/6137
f 2944/2811/6138 2943/3405/6138 3471/3299/6138
f 3471/3299/6139 2943/3405/6139 3472/3391/6139
f 2943/3405/6140 2942/3406/6140 3472/3391/6140
f 3472/3391/6141 2942/3406/6141 3473/3392/6141
f 2942/3406/6142 2941/3407/6142 3473/3392/6142
f 3473/3392/6143 2941/3407/6143 3474/3393/6143
f 2941/3407/6144 2940/3408/6144 3474/3393/6144
f 3474/3393/6145 2940/3408/6145 3475/3394/6145
f 2940/3408/6146 2939/3409/6146 3475/3394/6146
f 3475/3394/6147 2939/3409/6147 3476/3395/6147
f 2939/3409/6148 2938/3410/6148 3476/3395/6148
f 3476/3395/6149 2938/3410/6149 3477/3396/6149
f 2938/3410/6150 2937/3411/6150 3477/3396/6150
f 3477/3396/6151 2937/3411/6151 3478/3397/6151
f 2937/3411/6152 2936/3412/6152 3478/3397/6152
f 3478/3397/6153 2936/3412/6153 3479/3398/6153
f 2936/3412/6154 2935/3413/6154 3479/3398/6154
f 3479/3398/6155 2935/3413/6155 3480/3399/6155
f 2935/3413/6156 2934/3414/6156 3480/3399/6156
f 3480/3399/6157 2934/3414/6157 3481/3400/6157
f 2934/3414/6158 2933/3415/6158 3481/3400/6158
f 3481/3400/6159 2933/3415/6159 3482/3401/6159
f 2933/3415/6160 2932/3416/6160 3482/3401/6160
f 3482/3401/6161 2932/3416/6161 3483/3402/6161
f 2932/3416/6162 2931/3417/6162 3483/3402/6162
f 3483/3402/6163 2931/3417/6163 3484/3403/6163
f 2931/3417/6164 2930/3418/6164 3484/3403/6164
f 3484/3403/6165 2930/3418/6165 3004/3404/6165
f 2930/3418/6166 2609/2807/6166 3004/3404/6166
f 2990/3419/6167 3019/3420/6167 2614/3421/6167
f 2991/3422/6168 3485/3423/6168 2990/3419/6168
f 2992/3424/6169 3486/3425/6169 2991/3422/6169
f 2993/3426/6170 3488/3427/6170 2992/3424/6170
f 2994/3428/6171 3491/3429/6171 2993/3426/6171
f 2995/3430/6172 3495/3431/6172 2994/3428/6172
f 2996/3432/6173 3500/3433/6173 2995/3430/6173
f 2997/3434/6174 3506/3435/6174 2996/3432/6174
f 2998/3436/6175 3513/3437/6175 2997/3434/6175
f 2999/3438/6176 3521/3439/6176 2998/3436/6176
f 3000/3440/6177 3530/3441/6177 2999/3438/6177
f 3001/3442/6178 3540/3443/6178 3000/3440/6178
f 3002/3444/6179 3551/3445/6179 3001/3442/6179
f 3003/3446/6180 3563/3447/6180 3002/3444/6180
f 3004/2809/6181 3576/3448/6181 3003/3446/6181
f 2990/3419/6182 3485/3423/6182 3019/3420/6182
f 3485/3423/6183 3018/3449/6183 3019/3420/6183
f 2991/3422/6184 3486/3425/6184 3485/3423/6184
f 3486/3425/6185 3487/3450/6185 3485/3423/6185
f 3485/3423/6186 3487/3450/6186 3018/3449/6186
f 3487/3450/6187 3017/3451/6187 3018/3449/6187
f 2992/3424/6188 3488/3427/6188 3486/3425/6188
f 3488/3427/6189 3489/3452/6189 3486/3425/6189
f 3486/3425/6190 3489/3452/6190 3487/3450/6190
f 3489/3452/6191 3490/3453/6191 3487/3450/6191
f 3487/3450/6192 3490/3453/6192 3017/3451/6192
f 3490/3453/6193 3016/3454/6193 3017/3451/6193
f 2993/3426/6194 3491/3429/6194 3488/3427/6194
f 3491/3429/6195 3492/3455/6195 3488/3427/6195
f 3488/3427/6196 3492/3455/6196 3489/3452/6196
f 3492/3455/6197 3493/3456/6197 3489/3452/6197
f 3489/3452/6198 3493/3456/6198 3490/3453/6198
f 3493/3456/6199 3494/3457/6199 3490/3453/6199
f 3490/3453/6200 3494/3457/6200 3016/3454/6200
f 3494/3457/6201 3015/3458/6201 3016/3454/6201
f 2994/3428/6202 3495/3431/6202 3491/3429/6202
f 3495/3431/6203 3496/3459/6203 3491/3429/6203
f 3491/3429/6204 3496/3459/6204 3492/3455/6204
f 3496/3459/6205 3497/3460/6205 3492/3455/6205
f 3492/3455/6206 3497/3460/6206 3493/3456/6206
f 3497/3460/6207 3498/3461/6207 3493/3456/6207
f 3493/3456/6208 3498/3461/6208 3494/3457/6208
f 3498/3461/6209 3499/3462/6209 3494/3457/6209
f 3494/3457/6210 3499/3462/6210 3015/3458/6210
f 3499/3462/6211 3014/3463/6211 3015/3458/6211
f 2995/3430/6212 3500/3433/6212 3495/3431/6212
f 3500/3433/6213 3501/3464/6213 3495/3431/6213
f 3495/3431/6214 3501/3464/6214 3496/3459/6214
f 3501/3464/6215 3502/3465/6215 3496/3459/6215
f 3496/3459/6216 3502/3465/6216 3497/3460/6216
f 3502/3465/6217 3503/3466/6217 3497/3460/6217
f 3497/3460/6218 3503/3466/6218 3498/3461/6218
f 3503/3466/6219 3504/3467/6219 3498/3461/6219
f 3498/3461/6220 3504/3467/6220 3499/3462/6220
f 3504/3467/6221 3505/3468/6221 3499/3462/6221
f 3499/3462/6222 3505/3468/6222 3014/3463/6222
f 3505/3468/6223 3013/3469/6223 3014/3463/6223
f 2996/3432/6224 3506/3435/6224 3500/3433/6224
f 3506/3435/6225 3507/3470/6225 3500/3433/6225
f 3500/3433/6226 3507/3470/6226 3501/3464/6226
f 3507/3470/6227 3508/3471/6227 3501/3464/6227
f 3501/3464/6228 3508/3471/6228 3502/3465/6228
f 3508/3471/6229 3509/3472/6229 3502/3465/6229
f 3502/3465/6230 3509/3472/6230 3503/3466/6230
f 3509/3472/6231 3510/3473/6231 3503/3466/6231
f 3503/3466/6232 3510/3473/6232 3504/3467/6232
f 3510/3473/6233 3511/3474/6233 3504/3467/6233
f 3504/3467/6234 3511/3474/6234 3505/3468/6234
f 3511/3474/6235 3512/3475/6235 3505/3468/6235
f 3505/3468/6236 3512/3475/6236 3013/3469/6236
f 3512/3475/6237 3012/3476/6237 3013/3469/6237
f 2997/3434/6238 3513/3437/6238 3506/3435/6238
f 3513/3437/6239 3514/3477/6239 3506/3435/6239
f 3506/3435/6240 3514/3477/6240 3507/3470/6240
f 3514/3477/6241 3515/3478/6241 3507/3470/6241
f 3507/3470/6242 3515/3478/6242 3508/3471/6242
f 3515/3478/6243 3516/3479/6243 3508/3471/6243
f 3508/3471/6244 3516/3479/6244 3509/3472/6244
f 3516/3479/6245 3517/3480/6245 3509/3472/6245
f 3509/3472/6246 3517/3480/6246 3510/3473/6246
f 3517/3480/6247 3518/3481/6247 3510/3473/6247
f 3510/3473/6248 3518/3481/6248 3511/3474/6248
f 3518/3481/6249 3519/3482/6249 3511/3474/6249
f 3511/3474/6250 3519/3482/6250 3512/3475/6250
f 3519/3482/6251 3520/3483/6251 3512/3475/6251
f 3512/3475/6252 3520/3483/6252 3012/3476/6252
f 3520/3483/6253 3011/3484/6253 3012/3476/6253
f 2998/3436/6254 3521/3439/6254 3513/3437/6254
f 3521/3439/6255 3522/3485/6255 3513/3437/6255
f 3513/3437/6256 3522/3485/6256 3514/3477/6256
f 3522/3485/6257 3523/3486/6257 3514/3477/6257
f 3514/3477/6258 3523/3486/6258 3515/3478/6258
f 3523/3486/6259 3524/3487/6259 3515/3478/6259
f 3515/3478/6260 3524/3487/6260 3516/3479/6260
f 3524/3487/6261 3525/3488/6261 3516/3479/6261
f 3516/3479/6262 3525/3488/6262 3517/3480/6262
f 3525/3488/6263 3526/3489/6263 3517/3480/6263
f 3517/3480/6264 3526/3489/6264 3518/3481/6264
f 3526/3489/6265 3527/3490/6265 3518/3481/6265
f 3518/3481/6266 3527/3490/6266 3519/3482/6266
f 3527/3490/6267 3528/3491/6267 3519/3482/6267
f 3519/3482/6268 3528/3491/6268 3520/3483/6268
f 3528/3491/6269 3529/3492/6269 3520/3483/6269
f 3520/3483/6270 3529/3492/6270 3011/3484/6270
f 3529/3492/6271 3010/3493/6271 3011/3484/6271
f 2999/3438/6272 3530/3441/6272 3521/3439/6272
f 3530/3441/6273 3531/3494/6273 3521/3439/6273
f 3521/3439/6274 3531/3494/6274 3522/3485/6274
f 3531/3494/6275 3532/3495/6275 3522/3485/6275
f 3522/3485/6276 3532/3495/6276 3523/3486/6276
f 3532/3495/6277 3533/3496/6277 3523/3486/6277
f 3523/3486/6278 3533/3496/6278 3524/3487/6278
f 3533/3496/6279 3534/3497/6279 3524/3487/6279
f 3524/3487/6280 3534/3497/6280 3525/3488/6280
f 3534/3497/6281 3535/3498/6281 3525/3488/6281
f 3525/3488/6282 3535/3498/6282 3526/3489/6282
f 3535/3498/6283 3536/3499/6283 3526/3489/6283
f 3526/3489/6284 3536/3499/6284 3527/3490/6284
f 3536/3499/6285 3537/3500/6285 3527/3490/6285
f 3527/3490/6286 3537/3500/6286 3528/3491/6286
f 3537/3500/6287 3538/3501/6287 3528/3491/6287
f 3528/3491/6288 3538/3501/6288 3529/3492/6288
f 3538/3501/6289 3539/3502/6289 3529/3492/6289
f 3529/3492/6290 3539/3502/6290 3010/3493/6290
f 3539/3502/6291 3009/3503/6291 3010/3493/6291
f 3000/3440/6292 3540/3443/6292 3530/3441/6292
f 3540/3443/6293 3541/3504/6293 3530/3441/6293
f 3530/3441/6294 3541/3504/6294 3531/3494/6294
f 3541/3504/6295 3542/3505/6295 3531/3494/6295
f 3531/3494/6296 3542/3505/6296 3532/3495/6296
f 3542/3505/6297 3543/3506/6297 3532/3495/6297
f 3532/3495/6298 3543/3506/6298 3533/3496/6298
f 3543/3506/6299 3544/3507/6299 3533/3496/6299
f 3533/3496/6300 3544/3507/6300 3534/3497/6300
f 3544/3507/6301 3545/3508/6301 3534/3497/6301
f 3534/3497/6302 3545/3508/6302 3535/3498/6302
f 3545/3508/6303 3546/3509/6303 3535/3498/6303
f 3535/3498/6304 3546/3509/6304 3536/3499/6304
f 3546/3509/6305 3547/3510/6305 3536/3499/6305
f 3536/3499/6306 3547/3510/6306 3537/3500/6306
f 3547/3510/6307 3548/3511/6307 3537/3500/6307
f 3537/3500/6308 3548/3511/6308 3538/3501/6308
f 3548/3511/6309 3549/3512/6309 3538/3501/6309
f 3538/3501/6310 3549/3512/6310 3539/3502/6310
f 3549/3512/6311 3550/3513/6311 3539/3502/6311
f 3539/3502/6312 3550/3513/6312 3009/3503/6312
f 3550/3513/6313 3008/3514/6313 3009/3503/6313
f 3001/3442/6314 3551/3445/6314 3540/3443/6314
f 3551/3445/6315 3552/3515/6315 3540/3443/6315
f 3540/3443/6316 3552/3515/6316 3541/3504/6316
f 3552/3515/6317 3553/3516/6317 3541/3504/6317
f 3541/3504/6318 3553/3516/6318 3542/3505/6318
f 3553/3516/6319 3554/3517/6319 3542/3505/6319
f 3542/3505/6320 3554/3517/6320 3543/3506/6320
f 3554/3517/6321 3555/3518/6321 3543/3506/6321
f 3543/3506/6322 3555/3518/6322 3544/3507/6322
f 3555/3518/6323 3556/3519/6323 3544/3507/6323
f 3544/3507/6324 3556/3519/6324 3545/3508/6324
f 3556/3519/6325 3557/3520/6325 3545/3508/6325
f 3545/3508/6326 3557/3520/6326 3546/3509/6326
f 3557/3520/6327 3558/3521/6327 3546/3509/6327
f 3546/3509/6328 3558/3521/6328 3547/3510/6328
f 3558/3521/6329 3559/3522/6329 3547/3510/6329
f 3547/3510/6330 3559/3522/6330 3548/3511/6330
f 3559/3522/6331 3560/3523/6331 3548/3511/6331
f 3548/3511/6332 3560/3523/6332 3549/3512/6332
f 3560/3523/6333 3561/3524/6333 3549/3512/6333
f 3549/3512/6334 3561/3524/6334 3550/3513/6334
f 3561/3524/6335 3562/3525/6335 3550/3513/6335
f 3550/3513/6336 3562/3525/6336 3008/3514/6336
f 3562/3525/6337 3007/3526/6337 3008/3514/6337
f 3002/3444/6338 3563/3447/6338 3551/3445/6338
f 3563/3447/6339 3564/3527/6339 3551/3445/6339
f 3551/3445/6340 3564/3527/6340 3552/3515/6340
f 3564/3527/6341 3565/3528/6341 3552/3515/6341
f 3552/3515/6342 3565/3528/6342 3553/3516/6342
f 3565/3528/6343 3566/3529/6343 3553/3516/6343
f 3553/3516/6344 3566/3529/6344 3554/3517/6344
f 3566/3529/6345 3567/3530/6345 3554/3517/6345
f 3554/3517/6346 3567/3530/6346 3555/3518/6346
f 3567/3530/6347 3568/3531/6347 3555/3518/6347
f 3555/3518/6348 3568/3531/6348 3556/3519/6348
f 3568/3531/6349 3569/3532/6349 3556/3519/6349
f 3556/3519/6350 3569/3532/6350 3557/3520/6350
f 3569/3532/6351 3570/3533/6351 3557/3520/6351
f 3557/3520/6352 3570/3533/6352 3558/3521/6352
f 3570/3533/6353 3571/3534/6353 3558/3521/6353
f 3558/3521/6354 3571/3534/6354 3559/3522/6354
f 3571/3534/6355 3572/3535/6355 3559/3522/6355
f 3559/3522/6356 3572/3535/6356 3560/3523/6356
f 3572/3535/6357 3573/3536/6357 3560/3523/6357
f 3560/3523/6358 3573/3536/6358 3561/3524/6358
f 3573/3536/6359 3574/3537/6359 3561/3524/6359
f 3561/3524/6360 3574/3537/6360 3562/3525/6360
f 3574/3537/6361 3575/3538/6361 3562/3525/6361
f 3562/3525/6362 3575/3538/6362 3007/3526/6362
f 3575/3538/6363 3006/3539/6363 3007/3526/6363
f 3003/3446/6364 3576/3448/6364 3563/3447/6364
f 3576/3448/6365 3577/3540/6365 3563/3447/6365
f 3563/3447/6366 3577/3540/6366 3564/3527/6366
f 3577/3540/6367 3578/3541/6367 3564/3527/6367
f 3564/3527/6368 3578/3541/6368 3565/3528/6368
f 3578/3541/6369 3579/3542/6369 3565/3528/6369
f 3565/3528/6370 3579/3542/6370 3566/3529/6370
f 3579/3542/6371 3580/3543/6371 3566/3529/6371
f 3566/3529/6372 3580/3543/6372 3567/3530/6372
f 3580/3543/6373 3581/3544/6373 3567/3530/6373
f 3567/3530/6374 3581/3544/6374 3568/3531/6374
f 3581/3544/6375 3582/3545/6375 3568/3531/6375
f 3568/3531/6376 3582/3545/6376 3569/3532/6376
f 3582/3545/6377 3583/3546/6377 3569/3532/6377
f 3569/3532/6378 3583/3546/6378 3570/3533/6378
f 3583/3546/6379 3584/3547/6379 3570/3533/6379
f 3570/3533/6380 3584/3547/6380 3571/3534/6380
f 3584/3547/6381 3585/3548/6381 3571/3534/6381
f 3571/3534/6382 3585/3548/6382 3572/3535/6382
f 3585/3548/6383 3586/3549/6383 3572/3535/6383
f 3572/3535/6384 3586/3549/6384 3573/3536/6384
f 3586/3549/6385 3587/3550/6385 3573/3536/6385
f 3573/3536/6386 3587/3550/6386 3574/3537/6386
f 3587/3550/6387 3588/3551/6387 3574/3537/6387
f 3574/3537/6388 3588/3551/6388 3575/3538/6388
f 3588/3551/6389 3589/3552/6389 3575/3538/6389
f 3575/3538/6390 3589/3552/6390 3006/3539/6390
f 3589/3552/6391 3005/3553/6391 3006/3539/6391
f 3004/2809/6392 2929/2808/6392 3576/3448/6392
f 2929/2808/6393 2928/3554/6393 3576/3448/6393
f 3576/3448/6394 2928/3554/6394 3577/3540/6394
f 2928/3554/6395 2927/3555/6395 3577/3540/6395
f 3577/3540/6396 2927/3555/6396 3578/3541/6396
f 2927/3555/6397 2926/3556/6397 3578/3541/6397
f 3578/3541/6398 2926/3556/6398 3579/3542/6398
f 2926/3556/6399 2925/3557/6399 3579/3542/6399
f 3579/3542/6400 2925/3557/6400 3580/3543/6400
f 2925/3557/6401 2924/3558/6401 3580/3543/6401
f 3580/3543/6402 2924/3558/6402 3581/3544/6402
f 2924/3558/6403 2923/3559/6403 3581/3544/6403
f 3581/3544/6404 2923/3559/6404 3582/3545/6404
f 2923/3559/6405 2922/3560/6405 3582/3545/6405
f 3582/3545/6406 2922/3560/6406 3583/3546/6406
f 2922/3560/6407 2921/3561/6407 3583/3546/6407
f 3583/3546/6408 2921/3561/6408 3584/3547/6408
f 2921/3561/6409 2920/3562/6409 3584/3547/6409
f 3584/3547/6410 2920/3562/6410 3585/3548/6410
f 2920/3562/6411 2919/3563/6411 3585/3548/6411
f 3585/3548/6412 2919/3563/6412 3586/3549/6412
f 2919/3563/6413 2918/3564/6413 3586/3549/6413
f 3586/3549/6414 2918/3564/6414 3587/3550/6414
f 2918/3564/6415 2917/3565/6415 3587/3550/6415
f 3587/3550/6416 2917/3565/6416 3588/3551/6416
f 2917/3565/6417 2916/3566/6417 3588/3551/6417
f 3588/3551/6418 2916/3566/6418 3589/3552/6418
f 2916/3566/6419 2915/3567/6419 3589/3552/6419
f 3589/3552/6420 2915/3567/6420 3005/3553/6420
f 2915/3567/6421 2613/2819/6421 3005/3553/6421
f 2794/3568/6422 2989/2820/6422 2613/2819/6422
f 2793/3569/6423 3590/3570/6423 2794/3568/6423
f 2792/3571/6424 3591/3572/6424 2793/3569/6424
f 2791/3573/6425 3593/3574/6425 2792/3571/6425
f 2790/3575/6426 3596/3576/6426 2791/3573/6426
f 2789/3577/6427 3600/3578/6427 2790/3575/6427
f 2788/3579/6428 3605/3580/6428 2789/3577/6428
f 2787/3581/6429 3611/3582/6429 2788/3579/6429
f 2786/3583/6430 3618/3584/6430 2787/3581/6430
f 2785/3585/6431 3626/3586/6431 2786/3583/6431
f 2784/3587/6432 3635/3588/6432 2785/3585/6432
f 2783/3589/6433 3645/3590/6433 2784/3587/6433
f 2782/3591/6434 3656/3592/6434 2783/3589/6434
f 2781/3593/6435 3668/3594/6435 2782/3591/6435
f 2780/2806/6436 3681/3595/6436 2781/3593/6436
f 2794/3568/6437 3590/3570/6437 2989/2820/6437
f 3590/3570/6438 2988/2957/6438 2989/2820/6438
f 2793/3569/6439 3591/3572/6439 3590/3570/6439
f 3591/3572/6440 3592/3596/6440 3590/3570/6440
f 3590/3570/6441 3592/3596/6441 2988/2957/6441
f 3592/3596/6442 2987/2958/6442 2988/2957/6442
f 2792/3571/6443 3593/3574/6443 3591/3572/6443
f 3593/3574/6444 3594/3597/6444 3591/3572/6444
f 3591/3572/6445 3594/3597/6445 3592/3596/6445
f 3594/3597/6446 3595/3598/6446 3592/3596/6446
f 3592/3596/6447 3595/3598/6447 2987/2958/6447
f 3595/3598/6448 2986/2959/6448 2987/2958/6448
f 2791/3573/6449 3596/3576/6449 3593/3574/6449
f 3596/3576/6450 3597/3599/6450 3593/3574/6450
f 3593/3574/6451 3597/3599/6451 3594/3597/6451
f 3597/3599/6452 3598/3600/6452 3594/3597/6452
f 3594/3597/6453 3598/3600/6453 3595/3598/6453
f 3598/3600/6454 3599/3601/6454 3595/3598/6454
f 3595/3598/6455 3599/3601/6455 2986/2959/6455
f 3599/3601/6456 2985/2960/6456 2986/2959/6456
f 2790/3575/6457 3600/3578/6457 3596/3576/6457
f 3600/3578/6458 3601/3602/6458 3596/3576/6458
f 3596/3576/6459 3601/3602/6459 3597/3599/6459
f 3601/3602/6460 3602/3603/6460 3597/3599/6460
f 3597/3599/6461 3602/3603/6461 3598/3600/6461
f 3602/3603/6462 3603/3604/6462 3598/3600/6462
f 3598/3600/6463 3603/3604/6463 3599/3601/6463
f 3603/3604/6464 3604/3605/6464 3599/3601/6464
f 3599/3601/6465 3604/3605/6465 2985/2960/6465
f 3604/3605/6466 2984/2961/6466 2985/2960/6466
f 2789/3577/6467 3605/3580/6467 3600/3578/6467
f 3605/3580/6468 3606/3606/6468 3600/3578/6468
f 3600/3578/6469 3606/3606/6469 3601/3602/6469
f 3606/3606/6470 3607/3607/6470 3601/3602/6470
f 3601/3602/6471 3607/3607/6471 3602/3603/6471
f 3607/3607/6472 3608/3608/6472 3602/3603/6472
f 3602/3603/6473 3608/3608/6473 3603/3604/6473
f 3608/3608/6474 3609/3609/6474 3603/3604/6474
f 3603/3604/6475 3609/3609/6475 3604/3605/6475
f 3609/3609/6476 3610/3610/6476 3604/3605/6476
f 3604/3605/6477 3610/3610/6477 2984/2961/6477
f 3610/3610/6478 2983/2962/6478 2984/2961/6478
f 2788/3579/6479 3611/3582/6479 3605/3580/6479
f 3611/3582/6480 3612/3611/6480 3605/3580/6480
f 3605/3580/6481 3612/3611/6481 3606/3606/6481
f 3612/3611/6482 3613/3612/6482 3606/3606/6482
f 3606/3606/6483 3613/3612/6483 3607/3607/6483
f 3613/3612/6484 3614/3613/6484 3607/3607/6484
f 3607/3607/6485 3614/3613/6485 3608/3608/6485
f 3614/3613/6486 3615/3614/6486 3608/3608/6486
f 3608/3608/6487 3615/3614/6487 3609/3609/6487
f 3615/3614/6488 3616/3615/6488 3609/3609/6488
f 3609/3609/6489 3616/3615/6489 3610/3610/6489
f 3616/3615/6490 3617/3616/6490 3610/3610/6490
f 3610/3610/6491 3617/3616/6491 2983/2962/6491
f 3617/3616/6492 2982/2963/6492 2983/2962/6492
f 2787/3581/6493 3618/3584/6493 3611/3582/6493
f 3618/3584/6494 3619/3617/6494 3611/3582/6494
f 3611/3582/6495 3619/3617/6495 3612/3611/6495
f 3619/3617/6496 3620/3618/6496 3612/3611/6496
f 3612/3611/6497 3620/3618/6497 3613/3612/6497
f 3620/3618/6498 3621/3619/6498 3613/3612/6498
f 3613/3612/6499 3621/3619/6499 3614/3613/6499
f 3621/3619/6500 3622/3620/6500 3614/3613/6500
f 3614/3613/6501 3622/3620/6501 3615/3614/6501
f 3622/3620/6502 3623/3621/6502 3615/3614/6502
f 3615/3614/6503 3623/3621/6503 3616/3615/6503
f 3623/3621/6504 3624/3622/6504 3616/3615/6504
f 3616/3615/6505 3624/3622/6505 3617/3616/6505
f 3624/3622/6506 3625/3623/6506 3617/3616/6506
f 3617/3616/6507 3625/3623/6507 2982/2963/6507
f 3625/3623/6508 2981/2964/6508 2982/2963/6508
f 2786/3583/6509 3626/3586/6509 3618/3584/6509
f 3626/3586/6510 3627/3624/6510 3618/3584/6510
f 3618/3584/6511 3627/3624/6511 3619/3617/6511
f 3627/3624/6512 3628/3625/6512 3619/3617/6512
f 3619/3617/6513 3628/3625/6513 3620/3618/6513
f 3628/3625/6514 3629/3626/6514 3620/3618/6514
f 3620/3618/6515 3629/3626/6515 3621/3619/6515
f 3629/3626/6516 3630/3627/6516 3621/3619/6516
f 3621/3619/6517 3630/3627/6517 3622/3620/6517
f 3630/3627/6518 3631/3628/6518 3622/3620/6518
f 3622/3620/6519 3631/3628/6519 3623/3621/6519
f 3631/3628/6520 3632/3629/6520 3623/3621/6520
f 3623/3621/6521 3632/3629/6521 3624/3622/6521
f 3632/3629/6522 3633/3630/6522 3624/3622/6522
f 3624/3622/6523 3633/3630/6523 3625/3623/6523
f 3633/3630/6524 3634/3631/6524 3625/3623/6524
f 3625/3623/6525 3634/3631/6525 2981/2964/6525
f 3634/3631/6526 2980/2965/6526 2981/2964/6526
f 2785/3585/6527 3635/3588/6527 3626/3586/6527
f 3635/3588/6528 3636/3632/6528 3626/3586/6528
f 3626/3586/6529 3636/3632/6529 3627/3624/6529
f 3636/3632/6530 3637/3633/6530 3627/3624/6530
f 3627/3624/6531 3637/3633/6531 3628/3625/6531
f 3637/3633/6532 3638/3634/6532 3628/3625/6532
f 3628/3625/6533 3638/3634/6533 3629/3626/6533
f 3638/3634/6534 3639/3635/6534 3629/3626/6534
f 3629/3626/6535 3639/3635/6535 3630/3627/6535
f 3639/3635/6536 3640/3636/6536 3630/3627/6536
f 3630/3627/6537 3640/3636/6537 3631/3628/6537
f 3640/3636/6538 3641/3637/6538 3631/3628/6538
f 3631/3628/6539 3641/3637/6539 3632/3629/6539
f 3641/3637/6540 3642/3638/6540 3632/3629/6540
f 3632/3629/6541 3642/3638/6541 3633/3630/6541
f 3642/3638/6542 3643/3639/6542 3633/3630/6542
f 3633/3630/6543 3643/3639/6543 3634/3631/6543
f 3643/3639/6544 3644/3640/6544 3634/3631/6544
f 3634/3631/6545 3644/3640/6545 2980/2965/6545
f 3644/3640/6546 2979/2966/6546 2980/2965/6546
f 2784/3587/6547 3645/3590/6547 3635/3588/6547
f 3645/3590/6548 3646/3641/6548 3635/3588/6548
f 3635/3588/6549 3646/3641/6549 3636/3632/6549
f 3646/3641/6550 3647/3642/6550 3636/3632/6550
f 3636/3632/6551 3647/3642/6551 3637/3633/6551
f 3647/3642/6552 3648/3643/6552 3637/3633/6552
f 3637/3633/6553 3648/3643/6553 3638/3634/6553
f 3648/3643/6554 3649/3644/6554 3638/3634/6554
f 3638/3634/6555 3649/3644/6555 3639/3635/6555
f 3649/3644/6556 3650/3645/6556 3639/3635/6556
f 3639/3635/6557 3650/3645/6557 3640/3636/6557
f 3650/3645/6558 3651/3646/6558 3640/3636/6558
f 3640/3636/6559 3651/3646/6559 3641/3637/6559
f 3651/3646/6560 3652/3647/6560 3641/3637/6560
f 3641/3637/6561 3652/3647/6561 3642/3638/6561
f 3652/3647/6562 3653/3648/6562 3642/3638/6562
f 3642/3638/6563 3653/3648/6563 3643/3639/6563
f 3653/3648/6564 3654/3649/6564 3643/3639/6564
f 3643/3639/6565 3654/3649/6565 3644/3640/6565
f 3654/3649/6566 3655/3650/6566 3644/3640/6566
f 3644/3640/6567 3655/3650/6567 2979/2966/6567
f 3655/3650/6568 2978/2967/6568 2979/2966/6568
f 2783/3589/6569 3656/3592/6569 3645/3590/6569
f 3656/3592/6570 3657/3651/6570 3645/3590/6570
f 3645/3590/6571 3657/3651/6571 3646/3641/6571
f 3657/3651/6572 3658/3652/6572 3646/3641/6572
f 3646/3641/6573 3658/3652/6573 3647/3642/6573
f 3658/3652/6574 3659/3653/6574 3647/3642/6574
f 3647/3642/6575 3659/3653/6575 3648/3643/6575
f 3659/3653/6576 3660/3654/6576 3648/3643/6576
f 3648/3643/6577 3660/3654/6577 3649/3644/6577
f 3660/3654/6578 3661/3655/6578 3649/3644/6578
f 3649/3644/6579 3661/3655/6579 3650/3645/6579
f 3661/3655/6580 3662/3656/6580 3650/3645/6580
f 3650/3645/6581 3662/3656/6581 3651/3646/6581
f 3662/3656/6582 3663/3657/6582 3651/3646/6582
f 3651/3646/6583 3663/3657/6583 3652/3647/6583
f 3663/3657/6584 3664/3658/6584 3652/3647/6584
f 3652/3647/6585 3664/3658/6585 3653/3648/6585
f 3664/3658/6586 3665/3659/6586 3653/3648/6586
f 3653/3648/6587 3665/3659/6587 3654/3649/6587
f 3665/3659/6588 3666/3660/6588 3654/3649/6588
f 3654/3649/6589 3666/3660/6589 3655/3650/6589
f 3666/3660/6590 3667/3661/6590 3655/3650/6590
f 3655/3650/6591 3667/3661/6591 2978/2967/6591
f 3667/3661/6592 2977/2968/6592 2978/2967/6592
f 2782/3591/6593 3668/3594/6593 3656/3592/6593
f 3668/3594/6594 3669/3662/6594 3656/3592/6594
f 3656/3592/6595 3669/3662/6595 3657/3651/6595
f 3669/3662/6596 3670/3663/6596 3657/3651/6596
f 3657/3651/6597 3670/3663/6597 3658/3652/6597
f 3670/3663/6598 3671/3664/6598 3658/3652/6598
f 3658/3652/6599 3671/3664/6599 3659/3653/6599
f 3671/3664/6600 3672/3665/6600 3659/3653/6600
f 3659/3653/6601 3672/3665/6601 3660/3654/6601
f 3672/3665/6602 3673/3666/6602 3660/3654/6602
f 3660/3654/6603 3673/3666/6603 3661/3655/6603
f 3673/3666/6604 3674/3667/6604 3661/3655/6604
f 3661/3655/6605 3674/3667/6605 3662/3656/6605
f 3674/3667/6606 3675/3668/6606 3662/3656/6606
f 3662/3656/6607 3675/3668/6607 3663/3657/6607
f 3675/3668/6608 3676/3669/6608 3663/3657/6608
f 3663/3657/6609 3676/3669/6609 3664/3658/6609
f 3676/3669/6610 3677/3670/6610 3664/3658/6610
f 3664/3658/6611 3677/3670/6611 3665/3659/6611
f 3677/3670/6612 3678/3671/6612 3665/3659/6612
f 3665/3659/6613 3678/3671/6613 3666/3660/6613
f 3678/3671/6614 3679/3672/6614 3666/3660/6614
f 3666/3660/6615 3679/3672/6615 3667/3661/6615
f 3679/3672/6616 3680/3673/6616 3667/3661/6616
f 3667/3661/6617 3680/3673/6617 2977/2968/6617
f 3680/3673/6618 2976/2969/6618 2977/2968/6618
f 2781/3593/6619 3681/3595/6619 3668/3594/6619
f 3681/3595/6620 3682/3674/6620 3668/3594/6620
f 3668/3594/6621 3682/3674/6621 3669/3662/6621
f 3682/3674/6622 3683/3675/6622 3669/3662/6622
f 3669/3662/6623 3683/3675/6623 3670/3663/6623
f 3683/3675/6624 3684/3676/6624 3670/3663/6624
f 3670/3663/6625 3684/3676/6625 3671/3664/6625
f 3684/3676/6626 3685/3677/6626 3671/3664/6626
f 3671/3664/6627 3685/3677/6627 3672/3665/6627
f 3685/3677/6628 3686/3678/6628 3672/3665/6628
f 3672/3665/6629 3686/3678/6629 3673/3666/6629
f 3686/3678/6630 3687/3679/6630 3673/3666/6630
f 3673/3666/6631 3687/3679/6631 3674/3667/6631
f 3687/3679/6632 3688/3680/6632 3674/3667/6632
f 3674/3667/6633 3688/3680/6633 3675/3668/6633
f 3688/3680/6634 3689/3681/6634 3675/3668/6634
f 3675/3668/6635 3689/3681/6635 3676/3669/6635
f 3689/3681/6636 3690/3682/6636 3676/3669/6636
f 3676/3669/6637 3690/3682/6637 3677/3670/6637
f 3690/3682/6638 3691/3683/6638 3677/3670/6638
f 3677/3670/6639 3691/3683/6639 3678/3671/6639
f 3691/3683/6640 3692/3684/6640 3678/3671/6640
f 3678/3671/6641 3692/3684/6641 3679/3672/6641
f 3692/3684/6642 3693/3685/6642 3679/3672/6642
f 3679/3672/6643 3693/3685/6643 3680/3673/6643
f 3693/3685/6644 3694/3686/6644 3680/3673/6644
f 3680/3673/6645 3694/3686/6645 2976/2969/6645
f 3694/3686/6646 2975/2970/6646 2976/2969/6646
f 2780/2806/6647 2899/2801/6647 3681/3595/6647
f 2899/2801/6648 2898/3687/6648 3681/3595/6648
f 3681/3595/6649 2898/3687/6649 3682/3674/6649
f 2898/3687/6650 2897/3688/6650 3682/3674/6650
f 3682/3674/6651 2897/3688/6651 3683/3675/6651
f 2897/3688/6652 2896/3689/6652 3683/3675/6652
f 3683/3675/6653 2896/3689/6653 3684/3676/6653
f 2896/3689/6654 2895/3690/6654 3684/3676/6654
f 3684/3676/6655 2895/3690/6655 3685/3677/6655
f 2895/3690/6656 2894/3691/6656 3685/3677/6656
f 3685/3677/6657 2894/3691/6657 3686/3678/6657
f 2894/3691/6658 2893/3692/6658 3686/3678/6658
f 3686/3678/6659 2893/3692/6659 3687/3679/6659
f 2893/3692/6660 2892/3693/6660 3687/3679/6660
f 3687/3679/6661 2892/3693/6661 3688/3680/6661
f 2892/3693/6662 2891/3694/6662 3688/3680/6662
f 3688/3680/6663 2891/3694/6663 3689/3681/6663
f 2891/3694/6664 2890/3695/6664 3689/3681/6664
f 3689/3681/6665 2890/3695/6665 3690/3682/6665
f 2890/3695/6666 2889/3696/6666 3690/3682/6666
f 3690/3682/6667 2889/3696/6667 3691/3683/6667
f 2889/3696/6668 2888/3697/6668 3691/3683/6668
f 3691/3683/6669 2888/3697/6669 3692/3684/6669
f 2888/3697/6670 2887/3698/6670 3692/3684/6670
f 3692/3684/6671 2887/3698/6671 3693/3685/6671
f 2887/3698/6672 2886/3699/6672 3693/3685/6672
f 3693/3685/6673 2886/3699/6673 3694/3686/6673
f 2886/3699/6674 2885/3700/6674 3694/3686/6674
f 3694/3686/6675 2885/3700/6675 2975/2970/6675
f 2885/3700/6676 2612/2816/6676 2975/2970/6676
f 2914/3701/6677 2974/2817/6677 2612/2816/6677
f 2913/3702/6678 3695/3703/6678 2914/3701/6678
f 2912/3704/6679 3696/3705/6679 2913/3702/6679
f 2911/3706/6680 3698/3707/6680 2912/3704/6680
f 2910/3708/6681 3701/3709/6681 2911/3706/6681
f 2909/3710/6682 3705/3711/6682 2910/3708/6682
f 2908/3712/6683 3710/3713/6683 2909/3710/6683
f 2907/3714/6684 3716/3715/6684 2908/3712/6684
f 2906/3716/6685 3723/3717/6685 2907/3714/6685
f 2905/3718/6686 3731/3719/6686 2906/3716/6686
f 2904/3720/6687 3740/3721/6687 2905/3718/6687
f 2903/3722/6688 3750/3723/6688 2904/3720/6688
f 2902/3724/6689 3761/3725/6689 2903/3722/6689
f 2901/3726/6690 3773/3727/6690 2902/3724/6690
f 2900/2805/6691 3786/3728/6691 2901/3726/6691
f 2914/3701/6692 3695/3703/6692 2974/2817/6692
f 3695/3703/6693 2973/3106/6693 2974/2817/6693
f 2913/3702/6694 3696/3705/6694 3695/3703/6694
f 3696/3705/6695 3697/3729/6695 3695/3703/6695
f 3695/3703/6696 3697/3729/6696 2973/3106/6696
f 3697/3729/6697 2972/3107/6697 2973/3106/6697
f 2912/3704/6698 3698/3707/6698 3696/3705/6698
f 3698/3707/6699 3699/3730/6699 3696/3705/6699
f 3696/3705/6700 3699/3730/6700 3697/3729/6700
f 3699/3730/6701 3700/3731/6701 3697/3729/6701
f 3697/3729/6702 3700/3731/6702 2972/3107/6702
f 3700/3731/6703 2971/3108/6703 2972/3107/6703
f 2911/3706/6704 3701/3709/6704 3698/3707/6704
f 3701/3709/6705 3702/3732/6705 3698/3707/6705
f 3698/3707/6706 3702/3732/6706 3699/3730/6706
f 3702/3732/6707 3703/3733/6707 3699/3730/6707
f 3699/3730/6708 3703/3733/6708 3700/3731/6708
f 3703/3733/6709 3704/3734/6709 3700/3731/6709
f 3700/3731/6710 3704/3734/6710 2971/3108/6710
f 3704/3734/6711 2970/3109/6711 2971/3108/6711
f 2910/3708/6712 3705/3711/6712 3701/3709/6712
f 3705/3711/6713 3706/3735/6713 3701/3709/6713
f 3701/3709/6714 3706/3735/6714 3702/3732/6714
f 3706/3735/6715 3707/3736/6715 3702/3732/6715
f 3702/3732/6716 3707/3736/6716 3703/3733/6716
f 3707/3736/6717 3708/3737/6717 3703/3733/6717
f 3703/3733/6718 3708/3737/6718 3704/3734/6718
f 3708/3737/6719 3709/3738/6719 3704/3734/6719
f 3704/3734/6720 3709/3738/6720 2970/3109/6720
f 3709/3738/6721 2969/3110/6721 2970/3109/6721
f 2909/3710/6722 3710/3713/6722 3705/3711/6722
f 3710/3713/6723 3711/3739/6723 3705/3711/6723
f 3705/3711/6724 3711/3739/6724 3706/3735/6724
f 3711/3739/6725 3712/3740/6725 3706/3735/6725
f 3706/3735/6726 3712/3740/6726 3707/3736/6726
f 3712/3740/6727 3713/3741/6727 3707/3736/6727
f 3707/3736/6728 3713/3741/6728 3708/3737/6728
f 3713/3741/6729 3714/3742/6729 3708/3737/6729
f 3708/3737/6730 3714/3742/6730 3709/3738/6730
f 3714/3742/6731 3715/3743/6731 3709/3738/6731
f 3709/3738/6732 3715/3743/6732 2969/3110/6732
f 3715/3743/6733 2968/3111/6733 2969/3110/6733
f 2908/3712/6734 3716/3715/6734 3710/3713/6734
f 3716/3715/6735 3717/3744/6735 3710/3713/6735
f 3710/3713/6736 3717/3744/6736 3711/3739/6736
f 3717/3744/6737 3718/3745/6737 3711/3739/6737
f 3711/3739/6738 3718/3745/6738 3712/3740/6738
f 3718/3745/6739 3719/3746/6739 3712/3740/6739
f 3712/3740/6740 3719/3746/6740 3713/3741/6740
f 3719/3746/6741 3720/3747/6741 3713/3741/6741
f 3713/3741/6742 3720/3747/6742 3714/3742/6742
f 3720/3747/6743 3721/3748/6743 3714/3742/6743
f 3714/3742/6744 3721/3748/6744 3715/3743/6744
f 3721/3748/6745 3722/3749/6745 3715/3743/6745
f 3715/3743/6746 3722/3749/6746 2968/3111/6746
f 3722/3749/6747 2967/3112/6747 2968/3111/6747
f 2907/3714/6748 3723/3717/6748 3716/3715/6748
f 3723/3717/6749 3724/3750/6749 3716/3715/6749
f 3716/3715/6750 3724/3750/6750 3717/3744/6750
f 3724/3750/6751 3725/3751/6751 3717/3744/6751
f 3717/3744/6752 3725/3751/6752 3718/3745/6752
f 3725/3751/6753 3726/3752/6753 3718/3745/6753
f 3718/3745/6754 3726/3752/6754 3719/3746/6754
f 3726/3752/6755 3727/3753/6755 3719/3746/6755
f 3719/3746/6756 3727/3753/6756 3720/3747/6756
f 3727/3753/6757 3728/3754/6757 3720/3747/6757
f 3720/3747/6758 3728/3754/6758 3721/3748/6758
f 3728/3754/6759 3729/3755/6759 3721/3748/6759
f 3721/3748/6760 3729/3755/6760 3722/3749/6760
f 3729/3755/6761 3730/3756/6761 3722/3749/6761
f 3722/3749/6762 3730/3756/6762 2967/3112/6762
f 3730/3756/6763 2966/3113/6763 2967/3112/6763
f 2906/3716/6764 3731/3719/6764 3723/3717/6764
f 3731/3719/6765 3732/3757/6765 3723/3717/6765
f 3723/3717/6766 3732/3757/6766 3724/3750/6766
f 3732/3757/6767 3733/3758/6767 3724/3750/6767
f 3724/3750/6768 3733/3758/6768 3725/3751/6768
f 3733/3758/6769 3734/3759/6769 3725/3751/6769
f 3725/3751/6770 3734/3759/6770 3726/3752/6770
f 3734/3759/6771 3735/3760/6771 3726/3752/6771
f 3726/3752/6772 3735/3760/6772 3727/3753/6772
f 3735/3760/6773 3736/3761/6773 3727/3753/6773
f 3727/3753/6774 3736/3761/6774 3728/3754/6774
f 3736/3761/6775 3737/3762/6775 3728/3754/6775
f 3728/3754/6776 3737/3762/6776 3729/3755/6776
f 3737/3762/6777 3738/3763/6777 3729/3755/6777
f 3729/3755/6778 3738/3763/6778 3730/3756/6778
f 3738/3763/6779 3739/3764/6779 3730/3756/6779
f 3730/3756/6780 3739/3764/6780 2966/3113/6780
f 3739/3764/6781 2965/3114/6781 2966/3113/6781
f 2905/3718/6782 3740/3721/6782 3731/3719/6782
f 3740/3721/6783 3741/3765/6783 3731/3719/6783
f 3731/3719/6784 3741/3765/6784 3732/3757/6784
f 3741/3765/6785 3742/3766/6785 3732/3757/6785
f 3732/3757/6786 3742/3766/6786 3733/3758/6786
f 3742/3766/6787 3743/3767/6787 3733/3758/6787
f 3733/3758/6788 3743/3767/6788 3734/3759/6788
f 3743/3767/6789 3744/3768/6789 3734/3759/6789
f 3734/3759/6790 3744/3768/6790 3735/3760/6790
f 3744/3768/6791 3745/3769/6791 3735/3760/6791
f 3735/3760/6792 3745/3769/6792 3736/3761/6792
f 3745/3769/6793 3746/3770/6793 3736/3761/6793
f 3736/3761/6794 3746/3770/6794 3737/3762/6794
f 3746/3770/6795 3747/3771/6795 3737/3762/6795
f 3737/3762/6796 3747/3771/6796 3738/3763/6796
f 3747/3771/6797 3748/3772/6797 3738/3763/6797
f 3738/3763/6798 3748/3772/6798 3739/3764/6798
f 3748/3772/6799 3749/3773/6799 3739/3764/6799
f 3739/3764/6800 3749/3773/6800 2965/3114/6800
f 3749/3773/6801 2964/3115/6801 2965/3114/6801
f 2904/3720/6802 3750/3723/6802 3740/3721/6802
f 3750/3723/6803 3751/3774/6803 3740/3721/6803
f 3740/3721/6804 3751/3774/6804 3741/3765/6804
f 3751/3774/6805 3752/3775/6805 3741/3765/6805
f 3741/3765/6806 3752/3775/6806 3742/3766/6806
f 3752/3775/6807 3753/3776/6807 3742/3766/6807
f 3742/3766/6808 3753/3776/6808 3743/3767/6808
f 3753/3776/6809 3754/3777/6809 3743/3767/6809
f 3743/3767/6810 3754/3777/6810 3744/3768/6810
f 3754/3777/6811 3755/3778/6811 3744/3768/6811
f 3744/3768/6812 3755/3778/6812 3745/3769/6812
f 3755/3778/6813 3756/3779/6813 3745/3769/6813
f 3745/3769/6814 3756/3779/6814 3746/3770/6814
f 3756/3779/6815 3757/3780/6815 3746/3770/6815
f 3746/3770/6816 3757/3780/6816 3747/3771/6816
f 3757/3780/6817 3758/3781/6817 3747/3771/6817
f 3747/3771/6818 3758/3781/6818 3748/3772/6818
f 3758/3781/6819 3759/3782/6819 3748/3772/6819
f 3748/3772/6820 3759/3782/6820 3749/3773/6820
f 3759/3782/6821 3760/3783/6821 3749/3773/6821
f 3749/3773/6822 3760/3783/6822 2964/3115/6822
f 3760/3783/6823 2963/3116/6823 2964/3115/6823
f 2903/3722/6824 3761/3725/6824 3750/3723/6824
f 3761/3725/6825 3762/3784/6825 3750/3723/6825
f 3750/3723/6826 3762/3784/6826 3751/3774/6826
f 3762/3784/6827 3763/3785/6827 3751/3774/6827
f 3751/3774/6828 3763/3785/6828 3752/3775/6828
f 3763/3785/6829 3764/3786/6829 3752/3775/6829
f 3752/3775/6830 3764/3786/6830 3753/3776/6830
f 3764/3786/6831 3765/3787/6831 3753/3776/6831
f 3753/3776/6832 3765/3787/6832 3754/3777/6832
f 3765/3787/6833 3766/3788/6833 3754/3777/6833
f 3754/3777/6834 3766/3788/6834 3755/3778/6834
f 3766/3788/6835 3767/3789/6835 3755/3778/6835
f 3755/3778/6836 3767/3789/6836 3756/3779/6836
f 3767/3789/6837 3768/3790/6837 3756/3779/6837
f 3756/3779/6838 3768/3790/6838 3757/3780/6838
f 3768/3790/6839 3769/3791/6839 3757/3780/6839
f 3757/3780/6840 3769/3791/6840 3758/3781/6840
f 3769/3791/6841 3770/3792/6841 3758/3781/6841
f 3758/3781/6842 3770/3792/6842 3759/3782/6842
f 3770/3792/6843 3771/3793/6843 3759/3782/6843
f 3759/3782/6844 3771/3793/6844 3760/3783/6844
f 3771/3793/6845 3772/3794/6845 3760/3783/6845
f 3760/3783/6846 3772/3794/6846 2963/3116/6846
f 3772/3794/6847 2962/3117/6847 2963/3116/6847
f 2902/3724/6848 3773/3727/6848 3761/3725/6848
f 3773/3727/6849 3774/3795/6849 3761/3725/6849
f 3761/3725/6850 3774/3795/6850 3762/3784/6850
f 3774/3795/6851 3775/3796/6851 3762/3784/6851
f 3762/3784/6852 3775/3796/6852 3763/3785/6852
f 3775/3796/6853 3776/3797/6853 3763/3785/6853
f 3763/3785/6854 3776/3797/6854 3764/3786/6854
f 3776/3797/6855 3777/3798/6855 3764/3786/6855
f 3764/3786/6856 3777/3798/6856 3765/3787/6856
f 3777/3798/6857 3778/3799/6857 3765/3787/6857
f 3765/3787/6858 3778/3799/6858 3766/3788/6858
f 3778/3799/6859 3779/3800/6859 3766/3788/6859
f 3766/3788/6860 3779/3800/6860 3767/3789/6860
f 3779/3800/6861 3780/3801/6861 3767/3789/6861
f 3767/3789/6862 3780/3801/6862 3768/3790/6862
f 3780/3801/6863 3781/3802/6863 3768/3790/6863
f 3768/3790/6864 3781/3802/6864 3769/3791/6864
f 3781/3802/6865 3782/3803/6865 3769/3791/6865
f 3769/3791/6866 3782/3803/6866 3770/3792/6866
f 3782/3803/6867 3783/3804/6867 3770/3792/6867
f 3770/3792/6868 3783/3804/6868 3771/3793/6868
f 3783/3804/6869 3784/3805/6869 3771/3793/6869
f 3771/3793/6870 3784/3805/6870 3772/3794/6870
f 3784/3805/6871 3785/3806/6871 3772/3794/6871
f 3772/3794/6872 3785/3806/6872 2962/3117/6872
f 3785/3806/6873 2961/3118/6873 2962/3117/6873
f 2901/3726/6874 3786/3728/6874 3773/3727/6874
f 3786/3728/6875 3787/3807/6875 3773/3727/6875
f 3773/3727/6876 3787/3807/6876 3774/3795/6876
f 3787/3807/6877 3788/3808/6877 3774/3795/6877
f 3774/3795/6878 3788/3808/6878 3775/3796/6878
f 3788/3808/6879 3789/3809/6879 3775/3796/6879
f 3775/3796/6880 3789/3809/6880 3776/3797/6880
f 3789/3809/6881 3790/3810/6881 3776/3797/6881
f 3776/3797/6882 3790/3810/6882 3777/3798/6882
f 3790/3810/6883 3791/3811/6883 3777/3798/6883
f 3777/3798/6884 3791/3811/6884 3778/3799/6884
f 3791/3811/6885 3792/3812/6885 3778/3799/6885
f 3778/3799/6886 3792/3812/6886 3779/3800/6886
f 3792/3812/6887 3793/3813/6887 3779/3800/6887
f 3779/3800/6888 3793/3813/6888 3780/3801/6888
f 3793/3813/6889 3794/3814/6889 3780/3801/6889
f 3780/3801/6890 3794/3814/6890 3781/3802/6890
f 3794/3814/6891 3795/3815/6891 3781/3802/6891
f 3781/3802/6892 3795/3815/6892 3782/3803/6892
f 3795/3815/6893 3796/3816/6893 3782/3803/6893
f 3782/3803/6894 3796/3816/6894 3783/3804/6894
f 3796/3816/6895 3797/3817/6895 3783/3804/6895
f 3783/3804/6896 3797/3817/6896 3784/3805/6896
f 3797/3817/6897 3798/3818/6897 3784/3805/6897
f 3784/3805/6898 3798/3818/6898 3785/3806/6898
f 3798/3818/6899 3799/3819/6899 3785/3806/6899
f 3785/3806/6900 3799/3819/6900 2961/3118/6900
f 3799/3819/6901 2960/3119/6901 2961/3118/6901
f 2900/2805/6902 2869/2798/6902 3786/3728/6902
f 2869/2798/6903 2868/3820/6903 3786/3728/6903
f 3786/3728/6904 2868/3820/6904 3787/3807/6904
f 2868/3820/6905 2867/3821/6905 3787/3807/6905
f 3787/3807/6906 2867/3821/6906 3788/3808/6906
f 2867/3821/6907 2866/3822/6907 3788/3808/6907
f 3788/3808/6908 2866/3822/6908 3789/3809/6908
f 2866/3822/6909 2865/3823/6909 3789/3809/6909
f 3789/3809/6910 2865/3823/6910 3790/3810/6910
f 2865/3823/6911 2864/3824/6911 3790/3810/6911
f 3790/3810/6912 2864/3824/6912 3791/3811/6912
f 2864/3824/6913 2863/3825/6913 3791/3811/6913
f 3791/3811/6914 2863/3825/6914 3792/3812/6914
f 2863/3825/6915 2862/3826/6915 3792/3812/6915
f 3792/3812/6916 2862/3826/6916 3793/3813/6916
f 2862/3826/6917 2861/3827/6917 3793/3813/6917
f 3793/3813/6918 2861/3827/6918 3794/3814/6918
f 2861/3827/6919 2860/3828/6919 3794/3814/6919
f 3794/3814/6920 2860/3828/6920 3795/3815/6920
f 2860/3828/6921 2859/3829/6921 3795/3815/6921
f 3795/3815/6922 2859/3829/6922 3796/3816/6922
f 2859/3829/6923 2858/3830/6923 3796/3816/6923
f 3796/3816/6924 2858/3830/6924 3797/3817/6924
f 2858/3830/6925 2857/3831/6925 3797/3817/6925
f 3797/3817/6926 2857/3831/6926 3798/3818/6926
f 2857/3831/6927 2856/3832/6927 3798/3818/6927
f 3798/3818/6928 2856/3832/6928 3799/3819/6928
f 2856/3832/6929 2855/3833/6929 3799/3819/6929
f 3799/3819/6930 2855/3833/6930 2960/3119/6930
f 2855/3833/6931 2611/2813/6931 2960/3119/6931
f 2884/3834/6932 2959/2814/6932 2611/2813/6932
f 2883/3835/6933 3800/3836/6933 2884/3834/6933
f 2882/3837/6934 3801/3838/6934 2883/3835/6934
f 2881/3839/6935 3803/3840/6935 2882/3837/6935
f 2880/3841/6936 3806/3842/6936 2881/3839/6936
f 2879/3843/6937 3810/3844/6937 2880/3841/6937
f 2878/3845/6938 3815/3846/6938 2879/3843/6938
f 2877/3847/6939 3821/3848/6939 2878/3845/6939
f 2876/3849/6940 3828/3850/6940 2877/3847/6940
f 2875/3851/6941 3836/3852/6941 2876/3849/6941
f 2874/3853/6942 3845/3854/6942 2875/3851/6942
f 2873/3855/6943 3855/3856/6943 2874/3853/6943
f 2872/3857/6944 3866/3858/6944 2873/3855/6944
f 2871/3859/6945 3878/3860/6945 2872/3857/6945
f 2870/2804/6946 3891/3861/6946 2871/3859/6946
f 2884/3834/6947 3800/3836/6947 2959/2814/6947
f 3800/3836/6948 2958/3255/6948 2959/2814/6948
f 2883/3835/6949 3801/3838/6949 3800/3836/6949
f 3801/3838/6950 3802/3862/6950 3800/3836/6950
f 3800/3836/6951 3802/3862/6951 2958/3255/6951
f 3802/3862/6952 2957/3256/6952 2958/3255/6952
f 2882/3837/6953 3803/3840/6953 3801/3838/6953
f 3803/3840/6954 3804/3863/6954 3801/3838/6954
f 3801/3838/6955 3804/3863/6955 3802/3862/6955
f 3804/3863/6956 3805/3864/6956 3802/3862/6956
f 3802/3862/6957 3805/3864/6957 2957/3256/6957
f 3805/3864/6958 2956/3257/6958 2957/3256/6958
f 2881/3839/6959 3806/3842/6959 3803/3840/6959
f 3806/3842/6960 3807/3865/6960 3803/3840/6960
f 3803/3840/6961 3807/3865/6961 3804/3863/6961
f 3807/3865/6962 3808/3866/6962 3804/3863/6962
f 3804/3863/6963 3808/3866/6963 3805/3864/6963
f 3808/3866/6964 3809/3867/6964 3805/3864/6964
f 3805/3864/6965 3809/3867/6965 2956/3257/6965
f 3809/3867/6966 2955/3258/6966 2956/3257/6966
f 2880/3841/6967 3810/3844/6967 3806/3842/6967
f 3810/3844/6968 3811/3868/6968 3806/3842/6968
f 3806/3842/6969 3811/3868/6969 3807/3865/6969
f 3811/3868/6970 3812/3869/6970 3807/3865/6970
f 3807/3865/6971 3812/3869/6971 3808/3866/6971
f 3812/3869/6972 3813/3870/6972 3808/3866/6972
f 3808/3866/6973 3813/3870/6973 3809/3867/6973
f 3813/3870/6974 3814/3871/6974 3809/3867/6974
f 3809/3867/6975 3814/3871/6975 2955/3258/6975
f 3814/3871/6976 2954/3259/6976 2955/3258/6976
f 2879/3843/6977 3815/3846/6977 3810/3844/6977
f 3815/3846/6978 3816/3872/6978 3810/3844/6978
f 3810/3844/6979 3816/3872/6979 3811/3868/6979
f 3816/3872/6980 3817/3873/6980 3811/3868/6980
f 3811/3868/6981 3817/3873/6981 3812/3869/6981
f 3817/3873/6982 3818/3874/6982 3812/3869/6982
f 3812/3869/6983 3818/3874/6983 3813/3870/6983
f 3818/3874/6984 3819/3875/6984 3813/3870/6984
f 3813/3870/6985 3819/3875/6985 3814/3871/6985
f 3819/3875/6986 3820/3876/6986 3814/3871/6986
f 3814/3871/6987 3820/3876/6987 2954/3259/6987
f 3820/3876/6988 2953/3260/6988 2954/3259/6988
f 2878/3845/6989 3821/3848/6989 3815/3846/6989
f 3821/3848/6990 3822/3877/6990 3815/3846/6990
f 3815/3846/6991 3822/3877/6991 3816/3872/6991
f 3822/3877/6992 3823/3878/6992 3816/3872/6992
f 3816/3872/6993 3823/3878/6993 3817/3873/6993
f 3823/3878/6994 3824/3879/6994 3817/3873/6994
f 3817/3873/6995 3824/3879/6995 3818/3874/6995
f 3824/3879/6996 3825/3880/6996 3818/3874/6996
f 3818/3874/6997 3825/3880/6997 3819/3875/6997
f 3825/3880/6998 3826/3881/6998 3819/3875/6998
f 3819/3875/6999 3826/3881/6999 3820/3876/6999
f 3826/3881/7000 3827/3882/7000 3820/3876/7000
f 3820/3876/7001 3827/3882/7001 2953/3260/7001
f 3827/3882/7002 2952/3261/7002 2953/3260/7002
f 2877/3847/7003 3828/3850/7003 3821/3848/7003
f 3828/3850/7004 3829/3883/7004 3821/3848/7004
f 3821/3848/7005 3829/3883/7005 3822/3877/7005
f 3829/3883/7006 3830/3884/7006 3822/3877/7006
f 3822/3877/7007 3830/3884/7007 3823/3878/7007
f 3830/3884/7008 3831/3885/7008 3823/3878/7008
f 3823/3878/7009 3831/3885/7009 3824/3879/7009
f 3831/3885/7010 3832/3886/7010 3824/3879/7010
f 3824/3879/7011 3832/3886/7011 3825/3880/7011
f 3832/3886/7012 3833/3887/7012 3825/3880/7012
f 3825/3880/7013 3833/3887/7013 3826/3881/7013
f 3833/3887/7014 3834/3888/7014 3826/3881/7014
f 3826/3881/7015 3834/3888/7015 3827/3882/7015
f 3834/3888/7016 3835/3889/7016 3827/3882/7016
f 3827/3882/7017 3835/3889/7017 2952/3261/7017
f 3835/3889/7018 2951/3262/7018 2952/3261/7018
f 2876/3849/7019 3836/3852/7019 3828/3850/7019
f 3836/3852/7020 3837/3890/7020 3828/3850/7020
f 3828/3850/7021 3837/3890/7021 3829/3883/7021
f 3837/3890/7022 3838/3891/7022 3829/3883/7022
f 3829/3883/7023 3838/3891/7023 3830/3884/7023
f 3838/3891/7024 3839/3892/7024 3830/3884/7024
f 3830/3884/7025 3839/3892/7025 3831/3885/7025
f 3839/3892/7026 3840/3893/7026 3831/3885/7026
f 3831/3885/7027 3840/3893/7027 3832/3886/7027
f 3840/3893/7028 3841/3894/7028 3832/3886/7028
f 3832/3886/7029 3841/3894/7029 3833/3887/7029
f 3841/3894/7030 3842/3895/7030 3833/3887/7030
f 3833/3887/7031 3842/3895/7031 3834/3888/7031
f 3842/3895/7032 3843/3896/7032 3834/3888/7032
f 3834/3888/7033 3843/3896/7033 3835/3889/7033
f 3843/3896/7034 3844/3897/7034 3835/3889/7034
f 3835/3889/7035 3844/3897/7035 2951/3262/7035
f 3844/3897/7036 2950/3263/7036 2951/3262/7036
f 2875/3851/7037 3845/3854/7037 3836/3852/7037
f 3845/3854/7038 3846/3898/7038 3836/3852/7038
f 3836/3852/7039 3846/3898/7039 3837/3890/7039
f 3846/3898/7040 3847/3899/7040 3837/3890/7040
f 3837/3890/7041 3847/3899/7041 3838/3891/7041
f 3847/3899/7042 3848/3900/7042 3838/3891/7042
f 3838/3891/7043 3848/3900/7043 3839/3892/7043
f 3848/3900/7044 3849/3901/7044 3839/3892/7044
f 3839/3892/7045 3849/3901/7045 3840/3893/7045
f 3849/3901/7046 3850/3902/7046 3840/3893/7046
f 3840/3893/7047 3850/3902/7047 3841/3894/7047
f 3850/3902/7048 3851/3903/7048 3841/3894/7048
f 3841/3894/7049 3851/3903/7049 3842/3895/7049
f 3851/3903/7050 3852/3904/7050 3842/3895/7050
f 3842/3895/7051 3852/3904/7051 3843/3896/7051
f 3852/3904/7052 3853/3905/7052 3843/3896/7052
f 3843/3896/7053 3853/3905/7053 3844/3897/7053
f 3853/3905/7054 3854/3906/7054 3844/3897/7054
f 3844/3897/7055 3854/3906/7055 2950/3263/7055
f 3854/3906/7056 2949/3264/7056 2950/3263/7056
f 2874/3853/7057 3855/3856/7057 3845/3854/7057
f 3855/3856/7058 3856/3907/7058 3845/3854/7058
f 3845/3854/7059 3856/3907/7059 3846/3898/7059
f 3856/3907/7060 3857/3908/7060 3846/3898/7060
f 3846/3898/7061 3857/3908/7061 3847/3899/7061
f 3857/3908/7062 3858/3909/7062 3847/3899/7062
f 3847/3899/7063 3858/3909/7063 3848/3900/7063
f 3858/3909/7064 3859/3910/7064 3848/3900/7064
f 3848/3900/7065 3859/3910/7065 3849/3901/7065
f 3859/3910/7066 3860/3911/7066 3849/3901/7066
f 3849/3901/7067 3860/3911/7067 3850/3902/7067
f 3860/3911/7068 3861/3912/7068 3850/3902/7068
f 3850/3902/7069 3861/3912/7069 3851/3903/7069
f 3861/3912/7070 3862/3913/7070 3851/3903/7070
f 3851/3903/7071 3862/3913/7071 3852/3904/7071
f 3862/3913/7072 3863/3914/7072 3852/3904/7072
f 3852/3904/7073 3863/3914/7073 3853/3905/7073
f 3863/3914/7074 3864/3915/7074 3853/3905/7074
f 3853/3905/7075 3864/3915/7075 3854/3906/7075
f 3864/3915/7076 3865/3916/7076 3854/3906/7076
f 3854/3906/7077 3865/3916/7077 2949/3264/7077
f 3865/3916/7078 2948/3265/7078 2949/3264/7078
f 2873/3855/7079 3866/3858/7079 3855/3856/7079
f 3866/3858/7080 3867/3917/7080 3855/3856/7080
f 3855/3856/7081 3867/3917/7081 3856/3907/7081
f 3867/3917/7082 3868/3918/7082 3856/3907/7082
f 3856/3907/7083 3868/3918/7083 3857/3908/7083
f 3868/3918/7084 3869/3919/7084 3857/3908/7084
f 3857/3908/7085 3869/3919/7085 3858/3909/7085
f 3869/3919/7086 3870/3920/7086 3858/3909/7086
f 3858/3909/7087 3870/3920/7087 3859/3910/7087
f 3870/3920/7088 3871/3921/7088 3859/3910/7088
f 3859/3910/7089 3871/3921/7089 3860/3911/7089
f 3871/3921/7090 3872/3922/7090 3860/3911/7090
f 3860/3911/7091 3872/3922/7091 3861/3912/7091
f 3872/3922/7092 3873/3923/7092 3861/3912/7092
f 3861/3912/7093 3873/3923/7093 3862/3913/7093
f 3873/3923/7094 3874/3924/7094 3862/3913/7094
f 3862/3913/7095 3874/3924/7095 3863/3914/7095
f 3874/3924/7096 3875/3925/7096 3863/3914/7096
f 3863/3914/7097 3875/3925/7097 3864/3915/7097
f 3875/3925/7098 3876/3926/7098 3864/3915/7098
f 3864/3915/7099 3876/3926/7099 3865/3916/7099
f 3876/3926/7100 3877/3927/7100 3865/3916/7100
f 3865/3916/7101 3877/3927/7101 2948/3265/7101
f 3877/3927/7102 2947/3266/7102 2948/3265/7102
f 2872/3857/7103 3878/3860/7103 3866/3858/7103
f 3878/3860/7104 3879/3928/7104 3866/3858/7104
f 3866/3858/7105 3879/3928/7105 3867/3917/7105
f 3879/3928/7106 3880/3929/7106 3867/3917/7106
f 3867/3917/7107 3880/3929/7107 3868/3918/7107
f 3880/3929/7108 3881/3930/7108 3868/3918/7108
f 3868/3918/7109 3881/3930/7109 3869/3919/7109
f 3881/3930/7110 3882/3931/7110 3869/3919/7110
f 3869/3919/7111 3882/3931/7111 3870/3920/7111
f 3882/3931/7112 3883/3932/7112 3870/3920/7112
f 3870/3920/7113 3883/3932/7113 3871/3921/7113
f 3883/3932/7114 3884/3933/7114 3871/3921/7114
f 3871/3921/7115 3884/3933/7115 3872/3922/7115
f 3884/3933/7116 3885/3934/7116 3872/3922/7116
f 3872/3922/7117 3885/3934/7117 3873/3923/7117
f 3885/3934/7118 3886/3935/7118 3873/3923/7118
f 3873/3923/7119 3886/3935/7119 3874/3924/7119
f 3886/3935/7120 3887/3936/7120 3874/3924/7120
f 3874/3924/7121 3887/3936/7121 3875/3925/7121
f 3887/3936/7122 3888/3937/7122 3875/3925/7122
f 3875/3925/7123 3888/3937/7123 3876/3926/7123
f 3888/3937/7124 3889/3938/7124 3876/3926/7124
f 3876/3926/7125 3889/3938/7125 3877/3927/7125
f 3889/3938/7126 3890/3939/7126 3877/3927/7126
f 3877/3927/7127 3890/3939/7127 2947/3266/7127
f 3890/3939/7128 2946/3267/7128 2947/3266/7128
f 2871/3859/7129 3891/3861/7129 3878/3860/7129
f 3891/3861/7130 3892/3940/7130 3878/3860/7130
f 3878/3860/7131 3892/3940/7131 3879/3928/7131
f 3892/3940/7132 3893/3941/7132 3879/3928/7132
f 3879/3928/7133 3893/3941/7133 3880/3929/7133
f 3893/3941/7134 3894/3942/7134 3880/3929/7134
f 3880/3929/7135 3894/3942/7135 3881/3930/7135
f 3894/3942/7136 3895/3943/7136 3881/3930/7136
f 3881/3930/7137 3895/3943/7137 3882/3931/7137
f 3895/3943/7138 3896/3944/7138 3882/3931/7138
f 3882/3931/7139 3896/3944/7139 3883/3932/7139
f 3896/3944/7140 3897/3945/7140 3883/3932/7140
f 3883/3932/7141 3897/3945/7141 3884/3933/7141
f 3897/3945/7142 3898/3946/7142 3884/3933/7142
f 3884/3933/7143 3898/3946/7143 3885/3934/7143
f 3898/3946/7144 3899/3947/7144 3885/3934/7144
f 3885/3934/7145 3899/3947/7145 3886/3935/7145
f 3899/3947/7146 3900/3948/7146 3886/3935/7146
f 3886/3935/7147 3900/3948/7147 3887/3936/7147
f 3900/3948/7148 3901/3949/7148 3887/3936/7148
f 3887/3936/7149 3901/3949/7149 3888/3937/7149
f 3901/3949/7150 3902/3950/7150 3888/3937/7150
f 3888/3937/7151 3902/3950/7151 3889/3938/7151
f 3902/3950/7152 3903/3951/7152 3889/3938/7152
f 3889/3938/7153 3903/3951/7153 3890/3939/7153
f 3903/3951/7154 3904/3952/7154 3890/3939/7154
f 3890/3939/7155 3904/3952/7155 2946/3267/7155
f 3904/3952/7156 2945/3268/7156 2946/3267/7156
f 2870/2804/7157 2839/2795/7157 3891/3861/7157
f 2839/2795/7158 2838/3953/7158 3891/3861/7158
f 3891/3861/7159 2838/3953/7159 3892/3940/7159
f 2838/3953/7160 2837/3954/7160 3892/3940/7160
f 3892/3940/7161 2837/3954/7161 3893/3941/7161
f 2837/3954/7162 2836/3955/7162 3893/3941/7162
f 3893/3941/7163 2836/3955/7163 3894/3942/7163
f 2836/3955/7164 2835/3956/7164 3894/3942/7164
f 3894/3942/7165 2835/3956/7165 3895/3943/7165
f 2835/3956/7166 2834/3957/7166 3895/3943/7166
f 3895/3943/7167 2834/3957/7167 3896/3944/7167
f 2834/3957/7168 2833/3958/7168 3896/3944/7168
f 3896/3944/7169 2833/3958/7169 3897/3945/7169
f 2833/3958/7170 2832/3959/7170 3897/3945/7170
f 3897/3945/7171 2832/3959/7171 3898/3946/7171
f 2832/3959/7172 2831/3960/7172 3898/3946/7172
f 3898/3946/7173 2831/3960/7173 3899/3947/7173
f 2831/3960/7174 2830/3961/7174 3899/3947/7174
f 3899/3947/7175 2830/3961/7175 3900/3948/7175
f 2830/3961/7176 2829/3962/7176 3900/3948/7176
f 3900/3948/7177 2829/3962/7177 3901/3949/7177
f 2829/3962/7178 2828/3963/7178 3901/3949/7178
f 3901/3949/7179 2828/3963/7179 3902/3950/7179
f 2828/3963/7180 2827/3964/7180 3902/3950/7180
f 3902/3950/7181 2827/3964/7181 3903/3951/7181
f 2827/3964/7182 2826/3965/7182 3903/3951/7182
f 3903/3951/7183 2826/3965/7183 3904/3952/7183
f 2826/3965/7184 2825/3966/7184 3904/3952/7184
f 3904/3952/7185 2825/3966/7185 2945/3268/7185
f 2825/3966/7186 2610/3269/7186 2945/3268/7186
f 2854/3967/7187 2944/2811/7187 2610/2810/7187
f 2853/3968/7188 3905/3969/7188 2854/3967/7188
f 2852/3970/7189 3906/3971/7189 2853/3968/7189
f 2851/3972/7190 3908/3973/7190 2852/3970/7190
f 2850/3974/7191 3911/3975/7191 2851/3972/7191
f 2849/3976/7192 3915/3977/7192 2850/3974/7192
f 2848/3978/7193 3920/3979/7193 2849/3976/7193
f 2847/3980/7194 3926/3981/7194 2848/3978/7194
f 2846/3982/7195 3933/3983/7195 2847/3980/7195
f 2845/3984/7196 3941/3985/7196 2846/3982/7196
f 2844/3986/7197 3950/3987/7197 2845/3984/7197
f 2843/3988/7198 3960/3989/7198 2844/3986/7198
f 2842/3990/7199 3971/3991/7199 2843/3988/7199
f 2841/3992/7200 3983/3993/7200 2842/3990/7200
f 2840/2803/7201 3996/3994/7201 2841/3992/7201
f 2854/3967/7202 3905/3969/7202 2944/2811/7202
f 3905/3969/7203 2943/3405/7203 2944/2811/7203
f 2853/3968/7204 3906/3971/7204 3905/3969/7204
f 3906/3971/7205 3907/3995/7205 3905/3969/7205
f 3905/3969/7206 3907/3995/7206 2943/3405/7206
f 3907/3995/7207 2942/3406/7207 2943/3405/7207
f 2852/3970/7208 3908/3973/7208 3906/3971/7208
f 3908/3973/7209 3909/3996/7209 3906/3971/7209
f 3906/3971/7210 3909/3996/7210 3907/3995/7210
f 3909/3996/7211 3910/3997/7211 3907/3995/7211
f 3907/3995/7212 3910/3997/7212 2942/3406/7212
f 3910/3997/7213 2941/3407/7213 2942/3406/7213
f 2851/3972/7214 3911/3975/7214 3908/3973/7214
f 3911/3975/7215 3912/3998/7215 3908/3973/7215
f 3908/3973/7216 3912/3998/7216 3909/3996/7216
f 3912/3998/7217 3913/3999/7217 3909/3996/7217
f 3909/3996/7218 3913/3999/7218 3910/3997/7218
f 3913/3999/7219 3914/4000/7219 3910/3997/7219
f 3910/3997/7220 3914/4000/7220 2941/3407/7220
f 3914/4000/7221 2940/3408/7221 2941/3407/7221
f 2850/3974/7222 3915/3977/7222 3911/3975/7222
f 3915/3977/7223 3916/4001/7223 3911/3975/7223
f 3911/3975/7224 3916/4001/7224 3912/3998/7224
f 3916/4001/7225 3917/4002/7225 3912/3998/7225
f 3912/3998/7226 3917/4002/7226 3913/3999/7226
f 3917/4002/7227 3918/4003/7227 3913/3999/7227
f 3913/3999/7228 3918/4003/7228 3914/4000/7228
f 3918/4003/7229 3919/4004/7229 3914/4000/7229
f 3914/4000/7230 3919/4004/7230 2940/3408/7230
f 3919/4004/7231 2939/3409/7231 2940/3408/7231
f 2849/3976/7232 3920/3979/7232 3915/3977/7232
f 3920/3979/7233 3921/4005/7233 3915/3977/7233
f 3915/3977/7234 3921/4005/7234 3916/4001/7234
f 3921/4005/7235 3922/4006/7235 3916/4001/7235
f 3916/4001/7236 3922/4006/7236 3917/4002/7236
f 3922/4006/7237 3923/4007/7237 3917/4002/7237
f 3917/4002/7238 3923/4007/7238 3918/4003/7238
f 3923/4007/7239 3924/4008/7239 3918/4003/7239
f 3918/4003/7240 3924/4008/7240 3919/4004/7240
f 3924/4008/7241 3925/4009/7241 3919/4004/7241
f 3919/4004/7242 3925/4009/7242 2939/3409/7242
f 3925/4009/7243 2938/3410/7243 2939/3409/7243
f 2848/3978/7244 3926/3981/7244 3920/3979/7244
f 3926/3981/7245 3927/4010/7245 3920/3979/7245
f 3920/3979/7246 3927/4010/7246 3921/4005/7246
f 3927/4010/7247 3928/4011/7247 3921/4005/7247
f 3921/4005/7248 3928/4011/7248 3922/4006/7248
f 3928/4011/7249 3929/4012/7249 3922/4006/7249
f 3922/4006/7250 3929/4012/7250 3923/4007/7250
f 3929/4012/7251 3930/4013/7251 3923/4007/7251
f 3923/4007/7252 3930/4013/7252 3924/4008/7252
f 3930/4013/7253 3931/4014/7253 3924/4008/7253
f 3924/4008/7254 3931/4014/7254 3925/4009/7254
f 3931/4014/7255 3932/4015/7255 3925/4009/7255
f 3925/4009/7256 3932/4015/7256 2938/3410/7256
f 3932/4015/7257 2937/3411/7257 2938/3410/7257
f 2847/3980/7258 3933/3983/7258 3926/3981/7258
f 3933/3983/7259 3934/4016/7259 3926/3981/7259
f 3926/3981/7260 3934/4016/7260 3927/4010/7260
f 3934/4016/7261 3935/4017/7261 3927/4010/7261
f 3927/4010/7262 3935/4017/7262 3928/4011/7262
f 3935/4017/7263 3936/4018/7263 3928/4011/7263
f 3928/4011/7264 3936/4018/7264 3929/4012/7264
f 3936/4018/7265 3937/4019/7265 3929/4012/7265
f 3929/4012/7266 3937/4019/7266 3930/4013/7266
f 3937/4019/7267 3938/4020/7267 3930/4013/7267
f 3930/4013/7268 3938/4020/7268 3931/4014/7268
f 3938/4020/7269 3939/4021/7269 3931/4014/7269
f 3931/4014/7270 3939/4021/7270 3932/4015/7270
f 3939/4021/7271 3940/4022/7271 3932/4015/7271
f 3932/4015/7272 3940/4022/7272 2937/3411/7272
f 3940/4022/7273 2936/3412/7273 2937/3411/7273
f 2846/3982/7274 3941/3985/7274 3933/3983/7274
f 3941/3985/7275 3942/4023/7275 3933/3983/7275
f 3933/3983/7276 3942/4023/7276 3934/4016/7276
f 3942/4023/7277 3943/4024/7277 3934/4016/7277
f 3934/4016/7278 3943/4024/7278 3935/4017/7278
f 3943/4024/7279 3944/4025/7279 3935/4017/7279
f 3935/4017/7280 3944/4025/7280 3936/4018/7280
f 3944/4025/7281 3945/4026/7281 3936/4018/7281
f 3936/4018/7282 3945/4026/7282 3937/4019/7282
f 3945/4026/7283 3946/4027/7283 3937/4019/7283
f 3937/4019/7284 3946/4027/7284 3938/4020/7284
f 3946/4027/7285 3947/4028/7285 3938/4020/7285
f 3938/4020/7286 3947/4028/7286 3939/4021/7286
f 3947/4028/7287 3948/4029/7287 3939/4021/7287
f 3939/4021/7288 3948/4029/7288 3940/4022/7288
f 3948/4029/7289 3949/4030/7289 3940/4022/7289
f 3940/4022/7290 3949/4030/7290 2936/3412/7290
f 3949/4030/7291 2935/3413/7291 2936/3412/7291
f 2845/3984/7292 3950/3987/7292 3941/3985/7292
f 3950/3987/7293 3951/4031/7293 3941/3985/7293
f 3941/3985/7294 3951/4031/7294 3942/4023/7294
f 3951/4031/7295 3952/4032/7295 3942/4023/7295
f 3942/4023/7296 3952/4032/7296 3943/4024/7296
f 3952/4032/7297 3953/4033/7297 3943/4024/7297
f 3943/4024/7298 3953/4033/7298 3944/4025/7298
f 3953/4033/7299 3954/4034/7299 3944/4025/7299
f 3944/4025/7300 3954/4034/7300 3945/4026/7300
f 3954/4034/7301 3955/4035/7301 3945/4026/7301
f 3945/4026/7302 3955/4035/7302 3946/4027/7302
f 3955/4035/7303 3956/4036/7303 3946/4027/7303
f 3946/4027/7304 3956/4036/7304 3947/4028/7304
f 3956/4036/7305 3957/4037/7305 3947/4028/7305
f 3947/4028/7306 3957/4037/7306 3948/4029/7306
f 3957/4037/7307 3958/4038/7307 3948/4029/7307
f 3948/4029/7308 3958/4038/7308 3949/4030/7308
f 3958/4038/7309 3959/4039/7309 3949/4030/7309
f 3949/4030/7310 3959/4039/7310 2935/3413/7310
f 3959/4039/7311 2934/3414/7311 2935/3413/7311
f 2844/3986/7312 3960/3989/7312 3950/3987/7312
f 3960/3989/7313 3961/4040/7313 3950/3987/7313
f 3950/3987/7314 3961/4040/7314 3951/4031/7314
f 3961/4040/7315 3962/4041/7315 3951/4031/7315
f 3951/4031/7316 3962/4041/7316 3952/4032/7316
f 3962/4041/7317 3963/4042/7317 3952/4032/7317
f 3952/4032/7318 3963/4042/7318 3953/4033/7318
f 3963/4042/7319 3964/4043/7319 3953/4033/7319
f 3953/4033/7320 3964/4043/7320 3954/4034/7320
f 3964/4043/7321 3965/4044/7321 3954/4034/7321
f 3954/4034/7322 3965/4044/7322 3955/4035/7322
f 3965/4044/7323 3966/4045/7323 3955/4035/7323
f 3955/4035/7324 3966/4045/7324 3956/4036/7324
f 3966/4045/7325 3967/4046/7325 3956/4036/7325
f 3956/4036/7326 3967/4046/7326 3957/4037/7326
f 3967/4046/7327 3968/4047/7327 3957/4037/7327
f 3957/4037/7328 3968/4047/7328 3958/4038/7328
f 3968/4047/7329 3969/4048/7329 3958/4038/7329
f 3958/4038/7330 3969/4048/7330 3959/4039/7330
f 3969/4048/7331 3970/4049/7331 3959/4039/7331
f 3959/4039/7332 3970/4049/7332 2934/3414/7332
f 3970/4049/7333 2933/3415/7333 2934/3414/7333
f 2843/3988/7334 3971/3991/7334 3960/3989/7334
f 3971/3991/7335 3972/4050/7335 3960/3989/7335
f 3960/3989/7336 3972/4050/7336 3961/4040/7336
f 3972/4050/7337 3973/4051/7337 3961/4040/7337
f 3961/4040/7338 3973/4051/7338 3962/4041/7338
f 3973/4051/7339 3974/4052/7339 3962/4041/7339
f 3962/4041/7340 3974/4052/7340 3963/4042/7340
f 3974/4052/7341 3975/4053/7341 3963/4042/7341
f 3963/4042/7342 3975/4053/7342 3964/4043/7342
f 3975/4053/7343 3976/4054/7343 3964/4043/7343
f 3964/4043/7344 3976/4054/7344 3965/4044/7344
f 3976/4054/7345 3977/4055/7345 3965/4044/7345
f 3965/4044/7346 3977/4055/7346 3966/4045/7346
f 3977/4055/7347 3978/4056/7347 3966/4045/7347
f 3966/4045/7348 3978/4056/7348 3967/4046/7348
f 3978/4056/7349 3979/4057/7349 3967/4046/7349
f 3967/4046/7350 3979/4057/7350 3968/4047/7350
f 3979/4057/7351 3980/4058/7351 3968/4047/7351
f 3968/4047/7352 3980/4058/7352 3969/4048/7352
f 3980/4058/7353 3981/4059/7353 3969/4048/7353
f 3969/4048/7354 3981/4059/7354 3970/4049/7354
f 3981/4059/7355 3982/4060/7355 3970/4049/7355
f 3970/4049/7356 3982/4060/7356 2933/3415/7356
f 3982/4060/7357 2932/3416/7357 2933/3415/7357
f 2842/3990/7358 3983/3993/7358 3971/3991/7358
f 3983/3993/7359 3984/4061/7359 3971/3991/7359
f 3971/3991/7360 3984/4061/7360 3972/4050/7360
f 3984/4061/7361 3985/4062/7361 3972/4050/7361
f 3972/4050/7362 3985/4062/7362 3973/4051/7362
f 3985/4062/7363 3986/4063/7363 3973/4051/7363
f 3973/4051/7364 3986/4063/7364 3974/4052/7364
f 3986/4063/7365 3987/4064/7365 3974/4052/7365
f 3974/4052/7366 3987/4064/7366 3975/4053/7366
f 3987/4064/7367 3988/4065/7367 3975/4053/7367
f 3975/4053/7368 3988/4065/7368 3976/4054/7368
f 3988/4065/7369 3989/4066/7369 3976/4054/7369
f 3976/4054/7370 3989/4066/7370 3977/4055/7370
f 3989/4066/7371 3990/4067/7371 3977/4055/7371
f 3977/4055/7372 3990/4067/7372 3978/4056/7372
f 3990/4067/7373 3991/4068/7373 3978/4056/7373
f 3978/4056/7374 3991/4068/7374 3979/4057/7374
f 3991/4068/7375 3992/4069/7375 3979/4057/7375
f 3979/4057/7376 3992/4069/7376 3980/4058/7376
f 3992/4069/7377 3993/4070/7377 3980/4058/7377
f 3980/4058/7378 3993/4070/7378 3981/4059/7378
f 3993/4070/7379 3994/4071/7379 3981/4059/7379
f 3981/4059/7380 3994/4071/7380 3982/4060/7380
f 3994/4071/7381 3995/4072/7381 3982/4060/7381
f 3982/4060/7382 3995/4072/7382 2932/3416/7382
f 3995/4072/7383 2931/3417/7383 2932/3416/7383
f 2841/3992/7384 3996/3994/7384 3983/3993/7384
f 3996/3994/7385 3997/4073/7385 3983/3993/7385
f 3983/3993/7386 3997/4073/7386 3984/4061/7386
f 3997/4073/7387 3998/4074/7387 3984/4061/7387
f 3984/4061/7388 3998/4074/7388 3985/4062/7388
f 3998/4074/7389 3999/4075/7389 3985/4062/7389
f 3985/4062/7390 3999/4075/7390 3986/4063/7390
f 3999/4075/7391 4000/4076/7391 3986/4063/7391
f 3986/4063/7392 4000/4076/7392 3987/4064/7392
f 4000/4076/7393 4001/4077/7393 3987/4064/7393
f 3987/4064/7394 4001/4077/7394 3988/4065/7394
f 4001/4077/7395 4002/4078/7395 3988/4065/7395
f 3988/4065/7396 4002/4078/7396 3989/4066/7396
f 4002/4078/7397 4003/4079/7397 3989/4066/7397
f 3989/4066/7398 4003/4079/7398 3990/4067/7398
f 4003/4079/7399 4004/4080/7399 3990/4067/7399
f 3990/4067/7400 4004/4080/7400 3991/4068/7400
f 4004/4080/7401 4005/4081/7401 3991/4068/7401
f 3991/4068/7402 4005/4081/7402 3992/4069/7402
f 4005/4081/7403 4006/4082/7403 3992/4069/7403
f 3992/4069/7404 4006/4082/7404 3993/4070/7404
f 4006/4082/7405 4007/4083/7405 3993/4070/7405
f 3993/4070/7406 4007/4083/7406 3994/4071/7406
f 4007/4083/7407 4008/4084/7407 3994/4071/7407
f 3994/4071/7408 4008/4084/7408 3995/4072/7408
f 4008/4084/7409 4009/4085/7409 3995/4072/7409
f 3995/4072/7410 4009/4085/7410 2931/3417/7410
f 4009/4085/7411 2930/3418/7411 2931/3417/7411
f 2840/2803/7412 2809/2792/7412 3996/3994/7412
f 2809/2792/7413 2808/4086/7413 3996/3994/7413
f 3996/3994/7414 2808/4086/7414 3997/4073/7414
f 2808/4086/7415 2807/4087/7415 3997/4073/7415
f 3997/4073/7416 2807/4087/7416 3998/4074/7416
f 2807/4087/7417 2806/4088/7417 3998/4074/7417
f 3998/4074/7418 2806/4088/7418 3999/4075/7418
f 2806/4088/7419 2805/4089/7419 3999/4075/7419
f 3999/4075/7420 2805/4089/7420 4000/4076/7420
f 2805/4089/7421 2804/4090/7421 4000/4076/7421
f 4000/4076/7422 2804/4090/7422 4001/4077/7422
f 2804/4090/7423 2803/4091/7423 4001/4077/7423
f 4001/4077/7424 2803/4091/7424 4002/4078/7424
f 2803/4091/7425 2802/4092/7425 4002/4078/7425
f 4002/4078/7426 2802/4092/7426 4003/4079/7426
f 2802/4092/7427 2801/4093/7427 4003/4079/7427
f 4003/4079/7428 2801/4093/7428 4004/4080/7428
f 2801/4093/7429 2800/4094/7429 4004/4080/7429
f 4004/4080/7430 2800/4094/7430 4005/4081/7430
f 2800/4094/7431 2799/4095/7431 4005/4081/7431
f 4005/4081/7432 2799/4095/7432 4006/4082/7432
f 2799/4095/7433 2798/4096/7433 4006/4082/7433
f 4006/4082/7434 2798/4096/7434 4007/4083/7434
f 2798/4096/7435 2797/4097/7435 4007/4083/7435
f 4007/4083/7436 2797/4097/7436 4008/4084/7436
f 2797/4097/7437 2796/4098/7437 4008/4084/7437
f 4008/4084/7438 2796/4098/7438 4009/4085/7438
f 2796/4098/7439 2795/4099/7439 4009/4085/7439
f 4009/4085/7440 2795/4099/7440 2930/3418/7440
f 2795/4099/7441 2609/2807/7441 2930/3418/7441
f 2824/4100/7442 2929/2808/7442 2609/2807/7442
f 2823/4101/7443 4010/4102/7443 2824/4100/7443
f 2822/4103/7444 4011/4104/7444 2823/4101/7444
f 2821/4105/7445 4013/4106/7445 2822/4103/7445
f 2820/4107/7446 4016/4108/7446 2821/4105/7446
f 2819/4109/7447 4020/4110/7447 2820/4107/7447
f 2818/4111/7448 4025/4112/7448 2819/4109/7448
f 2817/4113/7449 4031/4114/7449 2818/4111/7449
f 2816/4115/7450 4038/4116/7450 2817/4113/7450
f 2815/4117/7451 4046/4118/7451 2816/4115/7451
f 2814/4119/7452 4055/4120/7452 2815/4117/7452
f 2813/4121/7453 4065/4122/7453 2814/4119/7453
f 2812/4123/7454 4076/4124/7454 2813/4121/7454
f 2811/4125/7455 4088/4126/7455 2812/4123/7455
f 2810/2802/7456 4101/4127/7456 2811/4125/7456
f 2824/4100/7457 4010/4102/7457 2929/2808/7457
f 4010/4102/7458 2928/3554/7458 2929/2808/7458
f 2823/4101/7459 4011/4104/7459 4010/4102/7459
f 4011/4104/7460 4012/4128/7460 4010/4102/7460
f 4010/4102/7461 4012/4128/7461 2928/3554/7461
f 4012/4128/7462 2927/3555/7462 2928/3554/7462
f 2822/4103/7463 4013/4106/7463 4011/4104/7463
f 4013/4106/7464 4014/4129/7464 4011/4104/7464
f 4011/4104/7465 4014/4129/7465 4012/4128/7465
f 4014/4129/7466 4015/4130/7466 4012/4128/7466
f 4012/4128/7467 4015/4130/7467 2927/3555/7467
f 4015/4130/7468 2926/3556/7468 2927/3555/7468
f 2821/4105/7469 4016/4108/7469 4013/4106/7469
f 4016/4108/7470 4017/4131/7470 4013/4106/7470
f 4013/4106/7471 4017/4131/7471 4014/4129/7471
f 4017/4131/7472 4018/4132/7472 4014/4129/7472
f 4014/4129/7473 4018/4132/7473 4015/4130/7473
f 4018/4132/7474 4019/4133/7474 4015/4130/7474
f 4015/4130/7475 4019/4133/7475 2926/3556/7475
f 4019/4133/7476 2925/3557/7476 2926/3556/7476
f 2820/4107/7477 4020/4110/7477 4016/4108/7477
f 4020/4110/7478 4021/4134/7478 4016/4108/7478
f 4016/4108/7479 4021/4134/7479 4017/4131/7479
f 4021/4134/7480 4022/4135/7480 4017/4131/7480
f 4017/4131/7481 4022/4135/7481 4018/4132/7481
f 4022/4135/7482 4023/4136/7482 4018/4132/7482
f 4018/4132/7483 4023/4136/7483 4019/4133/7483
f 4023/4136/7484 4024/4137/7484 4019/4133/7484
f 4019/4133/7485 4024/4137/7485 2925/3557/7485
f 4024/4137/7486 2924/3558/7486 2925/3557/7486
f 2819/4109/7487 4025/4112/7487 4020/4110/7487
f 4025/4112/7488 4026/4138/7488 4020/4110/7488
f 4020/4110/7489 4026/4138/7489 4021/4134/7489
f 4026/4138/7490 4027/4139/7490 4021/4134/7490
f 4021/4134/7491 4027/4139/7491 4022/4135/7491
f 4027/4139/7492 4028/4140/7492 4022/4135/7492
f 4022/4135/7493 4028/4140/7493 4023/4136/7493
f 4028/4140/7494 4029/4141/7494 4023/4136/7494
f 4023/4136/7495 4029/4141/7495 4024/4137/7495
f 4029/4141/7496 4030/4142/7496 4024/4137/7496
f 4024/4137/7497 4030/4142/7497 2924/3558/7497
f 4030/4142/7498 2923/3559/7498 2924/3558/7498
f 2818/4111/7499 4031/4114/7499 4025/4112/7499
f 4031/4114/7500 4032/4143/7500 4025/4112/7500
f 4025/4112/7501 4032/4143/7501 4026/4138/7501
f 4032/4143/7502 4033/4144/7502 4026/4138/7502
f 4026/4138/7503 4033/4144/7503 4027/4139/7503
f 4033/4144/7504 4034/4145/7504 4027/4139/7504
f 4027/4139/7505 4034/4145/7505 4028/4140/7505
f 4034/4145/7506 4035/4146/7506 4028/4140/7506
f 4028/4140/7507 4035/4146/7507 4029/4141/7507
f 4035/4146/7508 4036/4147/7508 4029/4141/7508
f 4029/4141/7509 4036/4147/7509 4030/4142/7509
f 4036/4147/7510 4037/4148/7510 4030/4142/7510
f 4030/4142/7511 4037/4148/7511 2923/3559/7511
f 4037/4148/7512 2922/3560/7512 2923/3559/7512
f 2817/4113/7513 4038/4116/7513 4031/4114/7513
f 4038/4116/7514 4039/4149/7514 4031/4114/7514
f 4031/4114/7515 4039/4149/7515 4032/4143/7515
f 4039/4149/7516 4040/4150/7516 4032/4143/7516
f 4032/4143/7517 4040/4150/7517 4033/4144/7517
f 4040/4150/7518 4041/4151/7518 4033/4144/7518
f 4033/4144/7519 4041/4151/7519 4034/4145/7519
f 4041/4151/7520 4042/4152/7520 4034/4145/7520
f 4034/4145/7521 4042/4152/7521 4035/4146/7521
f 4042/4152/7522 4043/4153/7522 4035/4146/7522
f 4035/4146/7523 4043/4153/7523 4036/4147/7523
f 4043/4153/7524 4044/4154/7524 4036/4147/7524
f 4036/4147/7525 4044/4154/7525 4037/4148/7525
f 4044/4154/7526 4045/4155/7526 4037/4148/7526
f 4037/4148/7527 4045/4155/7527 2922/3560/7527
f 4045/4155/7528 2921/3561/7528 2922/3560/7528
f 2816/4115/7529 4046/4118/7529 4038/4116/7529
f 4046/4118/7530 4047/4156/7530 4038/4116/7530
f 4038/4116/7531 4047/4156/7531 4039/4149/7531
f 4047/4156/7532 4048/4157/7532 4039/4149/7532
f 4039/4149/7533 4048/4157/7533 4040/4150/7533
f 4048/4157/7534 4049/4158/7534 4040/4150/7534
f 4040/4150/7535 4049/4158/7535 4041/4151/7535
f 4049/4158/7536 4050/4159/7536 4041/4151/7536
f 4041/4151/7537 4050/4159/7537 4042/4152/7537
f 4050/4159/7538 4051/4160/7538 4042/4152/7538
f 4042/4152/7539 4051/4160/7539 4043/4153/7539
f 4051/4160/7540 4052/4161/7540 4043/4153/7540
f 4043/4153/7541 4052/4161/7541 4044/4154/7541
f 4052/4161/7542 4053/4162/7542 4044/4154/7542
f 4044/4154/7543 4053/4162/7543 4045/4155/7543
f 4053/4162/7544 4054/4163/7544 4045/4155/7544
f 4045/4155/7545 4054/4163/7545 2921/3561/7545
f 4054/4163/7546 2920/3562/7546 2921/3561/7546
f 2815/4117/7547 4055/4120/7547 4046/4118/7547
f 4055/4120/7548 4056/4164/7548 4046/4118/7548
f 4046/4118/7549 4056/4164/7549 4047/4156/7549
f 4056/4164/7550 4057/4165/7550 4047/4156/7550
f 4047/4156/7551 4057/4165/7551 4048/4157/7551
f 4057/4165/7552 4058/4166/7552 4048/4157/7552
f 4048/4157/7553 4058/4166/7553 4049/4158/7553
f 4058/4166/7554 4059/4167/7554 4049/4158/7554
f 4049/4158/7555 4059/4167/7555 4050/4159/7555
f 4059/4167/7556 4060/4168/7556 4050/4159/7556
f 4050/4159/7557 4060/4168/7557 4051/4160/7557
f 4060/4168/7558 4061/4169/7558 4051/4160/7558
f 4051/4160/7559 4061/4169/7559 4052/4161/7559
f 4061/4169/7560 4062/4170/7560 4052/4161/7560
f 4052/4161/7561 4062/4170/7561 4053/4162/7561
f 4062/4170/7562 4063/4171/7562 4053/4162/7562
f 4053/4162/7563 4063/4171/7563 4054/4163/7563
f 4063/4171/7564 4064/4172/7564 4054/4163/7564
f 4054/4163/7565 4064/4172/7565 2920/3562/7565
f 4064/4172/7566 2919/3563/7566 2920/3562/7566
f 2814/4119/7567 4065/4122/7567 4055/4120/7567
f 4065/4122/7568 4066/4173/7568 4055/4120/7568
f 4055/4120/7569 4066/4173/7569 4056/4164/7569
f 4066/4173/7570 4067/4174/7570 4056/4164/7570
f 4056/4164/7571 4067/4174/7571 4057/4165/7571
f 4067/4174/7572 4068/4175/7572 4057/4165/7572
f 4057/4165/7573 4068/4175/7573 4058/4166/7573
f 4068/4175/7574 4069/4176/7574 4058/4166/7574
f 4058/4166/7575 4069/4176/7575 4059/4167/7575
f 4069/4176/7576 4070/4177/7576 4059/4167/7576
f 4059/4167/7577 4070/4177/7577 4060/4168/7577
f 4070/4177/7578 4071/4178/7578 4060/4168/7578
f 4060/4168/7579 4071/4178/7579 4061/4169/7579
f 4071/4178/7580 4072/4179/7580 4061/4169/7580
f 4061/4169/7581 4072/4179/7581 4062/4170/7581
f 4072/4179/7582 4073/4180/7582 4062/4170/7582
f 4062/4170/7583 4073/4180/7583 4063/4171/7583
f 4073/4180/7584 4074/4181/7584 4063/4171/7584
f 4063/4171/7585 4074/4181/7585 4064/4172/7585
f 4074/4181/7586 4075/4182/7586 4064/4172/7586
f 4064/4172/7587 4075/4182/7587 2919/3563/7587
f 4075/4182/7588 2918/3564/7588 2919/3563/7588
f 2813/4121/7589 4076/4124/7589 4065/4122/7589
f 4076/4124/7590 4077/4183/7590 4065/4122/7590
f 4065/4122/7591 4077/4183/7591 4066/4173/7591
f 4077/4183/7592 4078/4184/7592 4066/4173/7592
f 4066/4173/7593 4078/4184/7593 4067/4174/7593
f 4078/4184/7594 4079/4185/7594 4067/4174/7594
f 4067/4174/7595 4079/4185/7595 4068/4175/7595
f 4079/4185/7596 4080/4186/7596 4068/4175/7596
f 4068/4175/7597 4080/4186/7597 4069/4176/7597
f 4080/4186/7598 4081/4187/7598 4069/4176/7598
f 4069/4176/7599 4081/4187/7599 4070/4177/7599
f 4081/4187/7600 4082/4188/7600 4070/4177/7600
f 4070/4177/7601 4082/4188/7601 4071/4178/7601
f 4082/4188/7602 4083/4189/7602 4071/4178/7602
f 4071/4178/7603 4083/4189/7603 4072/4179/7603
f 4083/4189/7604 4084/4190/7604 4072/4179/7604
f 4072/4179/7605 4084/4190/7605 4073/4180/7605
f 4084/4190/7606 4085/4191/7606 4073/4180/7606
f 4073/4180/7607 4085/4191/7607 4074/4181/7607
f 4085/4191/7608 4086/4192/7608 4074/4181/7608
f 4074/4181/7609 4086/4192/7609 4075/4182/7609
f 4086/4192/7610 4087/4193/7610 4075/4182/7610
f 4075/4182/7611 4087/4193/7611 2918/3564/7611
f 4087/4193/7612 2917/3565/7612 2918/3564/7612
f 2812/4123/7613 4088/4126/7613 4076/4124/7613
f 4088/4126/7614 4089/4194/7614 4076/4124/7614
f 4076/4124/7615 4089/4194/7615 4077/4183/7615
f 4089/4194/7616 4090/4195/7616 4077/4183/7616
f 4077/4183/7617 4090/4195/7617 4078/4184/7617
f 4090/4195/7618 4091/4196/7618 4078/4184/7618
f 4078/4184/7619 4091/4196/7619 4079/4185/7619
f 4091/4196/7620 4092/4197/7620 4079/4185/7620
f 4079/4185/7621 4092/4197/7621 4080/4186/7621
f 4092/4197/7622 4093/4198/7622 4080/4186/7622
f 4080/4186/7623 4093/4198/7623 4081/4187/7623
f 4093/4198/7624 4094/4199/7624 4081/4187/7624
f 4081/4187/7625 4094/4199/7625 4082/4188/7625
f 4094/4199/7626 4095/4200/7626 4082/4188/7626
f 4082/4188/7627 4095/4200/7627 4083/4189/7627
f 4095/4200/7628 4096/4201/7628 4083/4189/7628
f 4083/4189/7629 4096/4201/7629 4084/4190/7629
f 4096/4201/7630 4097/4202/7630 4084/4190/7630
f 4084/4190/7631 4097/4202/7631 4085/4191/7631
f 4097/4202/7632 4098/4203/7632 4085/4191/7632
f 4085/4191/7633 4098/4203/7633 4086/4192/7633
f 4098/4203/7634 4099/4204/7634 4086/4192/7634
f 4086/4192/7635 4099/4204/7635 4087/4193/7635
f 4099/4204/7636 4100/4205/7636 4087/4193/7636
f 4087/4193/7637 4100/4205/7637 2917/3565/7637
f 4100/4205/7638 2916/3566/7638 2917/3565/7638
f 2811/4125/7639 4101/4127/7639 4088/4126/7639
f 4101/4127/7640 4102/4206/7640 4088/4126/7640
f 4088/4126/7641 4102/4206/7641 4089/4194/7641
f 4102/4206/7642 4103/4207/7642 4089/4194/7642
f 4089/4194/7643 4103/4207/7643 4090/4195/7643
f 4103/4207/7644 4104/4208/7644 4090/4195/7644
f 4090/4195/7645 4104/4208/7645 4091/4196/7645
f 4104/4208/7646 4105/4209/7646 4091/4196/7646
f 4091/4196/7647 4105/4209/7647 4092/4197/7647
f 4105/4209/7648 4106/4210/7648 4092/4197/7648
f 4092/4197/7649 4106/4210/7649 4093/4198/7649
f 4106/4210/7650 4107/4211/7650 4093/4198/7650
f 4093/4198/7651 4107/4211/7651 4094/4199/7651
f 4107/4211/7652 4108/4212/7652 4094/4199/7652
f 4094/4199/7653 4108/4212/7653 4095/4200/7653
f 4108/4212/7654 4109/4213/7654 4095/4200/7654
f 4095/4200/7655 4109/4213/7655 4096/4201/7655
f 4109/4213/7656 4110/4214/7656 4096/4201/7656
f 4096/4201/7657 4110/4214/7657 4097/4202/7657
f 4110/4214/7658 4111/4215/7658 4097/4202/7658
f 4097/4202/7659 4111/4215/7659 4098/4203/7659
f 4111/4215/7660 4112/4216/7660 4098/4203/7660
f 4098/4203/7661 4112/4216/7661 4099/4204/7661
f 4112/4216/7662 4113/4217/7662 4099/4204/7662
f 4099/4204/7663 4113/4217/7663 4100/4205/7663
f 4113/4217/7664 4114/4218/7664 4100/4205/7664
f 4100/4205/7665 4114/4218/7665 2916/3566/7665
f 4114/4218/7666 2915/3567/7666 2916/3566/7666
f 2810/2802/7667 2779/2789/7667 4101/4127/7667
f 2779/2789/7668 2778/4219/7668 4101/4127/7668
f 4101/4127/7669 2778/4219/7669 4102/4206/7669
f 2778/4219/7670 2777/4220/7670 4102/4206/7670
f 4102/4206/7671 2777/4220/7671 4103/4207/7671
f 2777/4220/7672 2776/4221/7672 4103/4207/7672
f 4103/4207/7673 2776/4221/7673 4104/4208/7673
f 2776/4221/7674 2775/4222/7674 4104/4208/7674
f 4104/4208/7675 2775/4222/7675 4105/4209/7675
f 2775/4222/7676 2774/4223/7676 4105/4209/7676
f 4105/4209/7677 2774/4223/7677 4106/4210/7677
f 2774/4223/7678 2773/4224/7678 4106/4210/7678
f 4106/4210/7679 2773/4224/7679 4107/4211/7679
f 2773/4224/7680 2772/4225/7680 4107/4211/7680
f 4107/4211/7681 2772/4225/7681 4108/4212/7681
f 2772/4225/7682 2771/4226/7682 4108/4212/7682
f 4108/4212/7683 2771/4226/7683 4109/4213/7683
f 2771/4226/7684 2770/4227/7684 4109/4213/7684
f 4109/4213/7685 2770/4227/7685 4110/4214/7685
f 2770/4227/7686 2769/4228/7686 4110/4214/7686
f 4110/4214/7687 2769/4228/7687 4111/4215/7687
f 2769/4228/7688 2768/4229/7688 4111/4215/7688
f 4111/4215/7689 2768/4229/7689 4112/4216/7689
f 2768/4229/7690 2767/4230/7690 4112/4216/7690
f 4112/4216/7691 2767/4230/7691 4113/4217/7691
f 2767/4230/7692 2766/4231/7692 4113/4217/7692
f 4113/4217/7693 2766/4231/7693 4114/4218/7693
f 2766/4231/7694 2765/4232/7694 4114/4218/7694
f 4114/4218/7695 2765/4232/7695 2915/3567/7695
f 2765/4232/7696 2613/2819/7696 2915/3567/7696
f 2885/3700/7697 2914/3701/7697 2612/2816/7697
f 2886/3699/7698 4115/4233/7698 2885/3700/7698
f 2887/3698/7699 4116/4234/7699 2886/3699/7699
f 2888/3697/7700 4118/4235/7700 2887/3698/7700
f 2889/3696/7701 4121/4236/7701 2888/3697/7701
f 2890/3695/7702 4125/4237/7702 2889/3696/7702
f 2891/3694/7703 4130/4238/7703 2890/3695/7703
f 2892/3693/7704 4136/4239/7704 2891/3694/7704
f 2893/3692/7705 4143/4240/7705 2892/3693/7705
f 2894/3691/7706 4151/4241/7706 2893/3692/7706
f 2895/3690/7707 4160/4242/7707 2894/3691/7707
f 2896/3689/7708 4170/4243/7708 2895/3690/7708
f 2897/3688/7709 4181/4244/7709 2896/3689/7709
f 2898/3687/7710 4193/4245/7710 2897/3688/7710
f 2899/2801/7711 4206/4246/7711 2898/3687/7711
f 2885/3700/7712 4115/4233/7712 2914/3701/7712
f 4115/4233/7713 2913/3702/7713 2914/3701/7713
f 2886/3699/7714 4116/4234/7714 4115/4233/7714
f 4116/4234/7715 4117/4247/7715 4115/4233/7715
f 4115/4233/7716 4117/4247/7716 2913/3702/7716
f 4117/4247/7717 2912/3704/7717 2913/3702/7717
f 2887/3698/7718 4118/4235/7718 4116/4234/7718
f 4118/4235/7719 4119/4248/7719 4116/4234/7719
f 4116/4234/7720 4119/4248/7720 4117/4247/7720
f 4119/4248/7721 4120/4249/7721 4117/4247/7721
f 4117/4247/7722 4120/4249/7722 2912/3704/7722
f 4120/4249/7723 2911/3706/7723 2912/3704/7723
f 2888/3697/7724 4121/4236/7724 4118/4235/7724
f 4121/4236/7725 4122/4250/7725 4118/4235/7725
f 4118/4235/7726 4122/4250/7726 4119/4248/7726
f 4122/4250/7727 4123/4251/7727 4119/4248/7727
f 4119/4248/7728 4123/4251/7728 4120/4249/7728
f 4123/4251/7729 4124/4252/7729 4120/4249/7729
f 4120/4249/7730 4124/4252/7730 2911/3706/7730
f 4124/4252/7731 2910/3708/7731 2911/3706/7731
f 2889/3696/7732 4125/4237/7732 4121/4236/7732
f 4125/4237/7733 4126/4253/7733 4121/4236/7733
f 4121/4236/7734 4126/4253/7734 4122/4250/7734
f 4126/4253/7735 4127/4254/7735 4122/4250/7735
f 4122/4250/7736 4127/4254/7736 4123/4251/7736
f 4127/4254/7737 4128/4255/7737 4123/4251/7737
f 4123/4251/7738 4128/4255/7738 4124/4252/7738
f 4128/4255/7739 4129/4256/7739 4124/4252/7739
f 4124/4252/7740 4129/4256/7740 2910/3708/7740
f 4129/4256/7741 2909/3710/7741 2910/3708/7741
f 2890/3695/7742 4130/4238/7742 4125/4237/7742
f 4130/4238/7743 4131/4257/7743 4125/4237/7743
f 4125/4237/7744 4131/4257/7744 4126/4253/7744
f 4131/4257/7745 4132/4258/7745 4126/4253/7745
f 4126/4253/7746 4132/4258/7746 4127/4254/7746
f 4132/4258/7747 4133/4259/7747 4127/4254/7747
f 4127/4254/7748 4133/4259/7748 4128/4255/7748
f 4133/4259/7749 4134/4260/7749 4128/4255/7749
f 4128/4255/7750 4134/4260/7750 4129/4256/7750
f 4134/4260/7751 4135/4261/7751 4129/4256/7751
f 4129/4256/7752 4135/4261/7752 2909/3710/7752
f 4135/4261/7753 2908/3712/7753 2909/3710/7753
f 2891/3694/7754 4136/4239/7754 4130/4238/7754
f 4136/4239/7755 4137/4262/7755 4130/4238/7755
f 4130/4238/7756 4137/4262/7756 4131/4257/7756
f 4137/4262/7757 4138/4263/7757 4131/4257/7757
f 4131/4257/7758 4138/4263/7758 4132/4258/7758
f 4138/4263/7759 4139/4264/7759 4132/4258/7759
f 4132/4258/7760 4139/4264/7760 4133/4259/7760
f 4139/4264/7761 4140/4265/7761 4133/4259/7761
f 4133/4259/7762 4140/4265/7762 4134/4260/7762
f 4140/4265/7763 4141/4266/7763 4134/4260/7763
f 4134/4260/7764 4141/4266/7764 4135/4261/7764
f 4141/4266/7765 4142/4267/7765 4135/4261/7765
f 4135/4261/7766 4142/4267/7766 2908/3712/7766
f 4142/4267/7767 2907/3714/7767 2908/3712/7767
f 2892/3693/7768 4143/4240/7768 4136/4239/7768
f 4143/4240/7769 4144/4268/7769 4136/4239/7769
f 4136/4239/7770 4144/4268/7770 4137/4262/7770
f 4144/4268/7771 4145/4269/7771 4137/4262/7771
f 4137/4262/7772 4145/4269/7772 4138/4263/7772
f 4145/4269/7773 4146/4270/7773 4138/4263/7773
f 4138/4263/7774 4146/4270/7774 4139/4264/7774
f 4146/4270/7775 4147/4271/7775 4139/4264/7775
f 4139/4264/7776 4147/4271/7776 4140/4265/7776
f 4147/4271/7777 4148/4272/7777 4140/4265/7777
f 4140/4265/7778 4148/4272/7778 4141/4266/7778
f 4148/4272/7779 4149/4273/7779 4141/4266/7779
f 4141/4266/7780 4149/4273/7780 4142/4267/7780
f 4149/4273/7781 4150/4274/7781 4142/4267/7781
f 4142/4267/7782 4150/4274/7782 2907/3714/7782
f 4150/4274/7783 2906/3716/7783 2907/3714/7783
f 2893/3692/7784 4151/4241/7784 4143/4240/7784
f 4151/4241/7785 4152/4275/7785 4143/4240/7785
f 4143/4240/7786 4152/4275/7786 4144/4268/7786
f 4152/4275/7787 4153/4276/7787 4144/4268/7787
f 4144/4268/7788 4153/4276/7788 4145/4269/7788
f 4153/4276/7789 4154/4277/7789 4145/4269/7789
f 4145/4269/7790 4154/4277/7790 4146/4270/7790
f 4154/4277/7791 4155/4278/7791 4146/4270/7791
f 4146/4270/7792 4155/4278/7792 4147/4271/7792
f 4155/4278/7793 4156/4279/7793 4147/4271/7793
f 4147/4271/7794 4156/4279/7794 4148/4272/7794
f 4156/4279/7795 4157/4280/7795 4148/4272/7795
f 4148/4272/7796 4157/4280/7796 4149/4273/7796
f 4157/4280/7797 4158/4281/7797 4149/4273/7797
f 4149/4273/7798 4158/4281/7798 4150/4274/7798
f 4158/4281/7799 4159/4282/7799 4150/4274/7799
f 4150/4274/7800 4159/4282/7800 2906/3716/7800
f 4159/4282/7801 2905/3718/7801 2906/3716/7801
f 2894/3691/7802 4160/4242/7802 4151/4241/7802
f 4160/4242/7803 4161/4283/7803 4151/4241/7803
f 4151/4241/7804 4161/4283/7804 4152/4275/7804
f 4161/4283/7805 4162/4284/7805 4152/4275/7805
f 4152/4275/7806 4162/4284/7806 4153/4276/7806
f 4162/4284/7807 4163/4285/7807 4153/4276/7807
f 4153/4276/7808 4163/4285/7808 4154/4277/7808
f 4163/4285/7809 4164/4286/7809 4154/4277/7809
f 4154/4277/7810 4164/4286/7810 4155/4278/7810
f 4164/4286/7811 4165/4287/7811 4155/4278/7811
f 4155/4278/7812 4165/4287/7812 4156/4279/7812
f 4165/4287/7813 4166/4288/7813 4156/4279/7813
f 4156/4279/7814 4166/4288/7814 4157/4280/7814
f 4166/4288/7815 4167/4289/7815 4157/4280/7815
f 4157/4280/7816 4167/4289/7816 4158/4281/7816
f 4167/4289/7817 4168/4290/7817 4158/4281/7817
f 4158/4281/7818 4168/4290/7818 4159/4282/7818
f 4168/4290/7819 4169/4291/7819 4159/4282/7819
f 4159/4282/7820 4169/4291/7820 2905/3718/7820
f 4169/4291/7821 2904/3720/7821 2905/3718/7821
f 2895/3690/7822 4170/4243/7822 4160/4242/7822
f 4170/4243/7823 4171/4292/7823 4160/4242/7823
f 4160/4242/7824 4171/4292/7824 4161/4283/7824
f 4171/4292/7825 4172/4293/7825 4161/4283/7825
f 4161/4283/7826 4172/4293/7826 4162/4284/7826
f 4172/4293/7827 4173/4294/7827 4162/4284/7827
f 4162/4284/7828 4173/4294/7828 4163/4285/7828
f 4173/4294/7829 4174/4295/7829 4163/4285/7829
f 4163/4285/7830 4174/4295/7830 4164/4286/7830
f 4174/4295/7831 4175/4296/7831 4164/4286/7831
f 4164/4286/7832 4175/4296/7832 4165/4287/7832
f 4175/4296/7833 4176/4297/7833 4165/4287/7833
f 4165/4287/7834 4176/4297/7834 4166/4288/7834
f 4176/4297/7835 4177/4298/7835 4166/4288/7835
f 4166/4288/7836 4177/4298/7836 4167/4289/7836
f 4177/4298/7837 4178/4299/7837 4167/4289/7837
f 4167/4289/7838 4178/4299/7838 4168/4290/7838
f 4178/4299/7839 4179/4300/7839 4168/4290/7839
f 4168/4290/7840 4179/4300/7840 4169/4291/7840
f 4179/4300/7841 4180/4301/7841 4169/4291/7841
f 4169/4291/7842 4180/4301/7842 2904/3720/7842
f 4180/4301/7843 2903/3722/7843 2904/3720/7843
f 2896/3689/7844 4181/4244/7844 4170/4243/7844
f 4181/4244/7845 4182/4302/7845 4170/4243/7845
f 4170/4243/7846 4182/4302/7846 4171/4292/7846
f 4182/4302/7847 4183/4303/7847 4171/4292/7847
f 4171/4292/7848 4183/4303/7848 4172/4293/7848
f 4183/4303/7849 4184/4304/7849 4172/4293/7849
f 4172/4293/7850 4184/4304/7850 4173/4294/7850
f 4184/4304/7851 4185/4305/7851 4173/4294/7851
f 4173/4294/7852 4185/4305/7852 4174/4295/7852
f 4185/4305/7853 4186/4306/7853 4174/4295/7853
f 4174/4295/7854 4186/4306/7854 4175/4296/7854
f 4186/4306/7855 4187/4307/7855 4175/4296/7855
f 4175/4296/7856 4187/4307/7856 4176/4297/7856
f 4187/4307/7857 4188/4308/7857 4176/4297/7857
f 4176/4297/7858 4188/4308/7858 4177/4298/7858
f 4188/4308/7859 4189/4309/7859 4177/4298/7859
f 4177/4298/7860 4189/4309/7860 4178/4299/7860
f 4189/4309/7861 4190/4310/7861 4178/4299/7861
f 4178/4299/7862 4190/4310/7862 4179/4300/7862
f 4190/4310/7863 4191/4311/7863 4179/4300/7863
f 4179/4300/7864 4191/4311/7864 4180/4301/7864
f 4191/4311/7865 4192/4312/7865 4180/4301/7865
f 4180/4301/7866 4192/4312/7866 2903/3722/7866
f 4192/4312/7867 2902/3724/7867 2903/3722/7867
f 2897/3688/7868 4193/4245/7868 4181/4244/7868
f 4193/4245/7869 4194/4313/7869 4181/4244/7869
f 4181/4244/7870 4194/4313/7870 4182/4302/7870
f 4194/4313/7871 4195/4314/7871 4182/4302/7871
f 4182/4302/7872 4195/4314/7872 4183/4303/7872
f 4195/4314/7873 4196/4315/7873 4183/4303/7873
f 4183/4303/7874 4196/4315/7874 4184/4304/7874
f 4196/4315/7875 4197/4316/7875 4184/4304/7875
f 4184/4304/7876 4197/4316/7876 4185/4305/7876
f 4197/4316/7877 4198/4317/7877 4185/4305/7877
f 4185/4305/7878 4198/4317/7878 4186/4306/7878
f 4198/4317/7879 4199/4318/7879 4186/4306/7879
f 4186/4306/7880 4199/4318/7880 4187/4307/7880
f 4199/4318/7881 4200/4319/7881 4187/4307/7881
f 4187/4307/7882 4200/4319/7882 4188/4308/7882
f 4200/4319/7883 4201/4320/7883 4188/4308/7883
f 4188/4308/7884 4201/4320/7884 4189/4309/7884
f 4201/4320/7885 4202/4321/7885 4189/4309/7885
f 4189/4309/7886 4202/4321/7886 4190/4310/7886
f 4202/4321/7887 4203/4322/7887 4190/4310/7887
f 4190/4310/7888 4203/4322/7888 4191/4311/7888
f 4203/4322/7889 4204/4323/7889 4191/4311/7889
f 4191/4311/7890 4204/4323/7890 4192/4312/7890
f 4204/4323/7891 4205/4324/7891 4192/4312/7891
f 4192/4312/7892 4205/4324/7892 2902/3724/7892
f 4205/4324/7893 2901/3726/7893 2902/3724/7893
f 2898/3687/7894 4206/4246/7894 4193/4245/7894
f 4206/4246/7895 4207/4325/7895 4193/4245/7895
f 4193/4245/7896 4207/4325/7896 4194/4313/7896
f 4207/4325/7897 4208/4326/7897 4194/4313/7897
f 4194/4313/7898 4208/4326/7898 4195/4314/7898
f 4208/4326/7899 4209/4327/7899 4195/4314/7899
f 4195/4314/7900 4209/4327/7900 4196/4315/7900
f 4209/4327/7901 4210/4328/7901 4196/4315/7901
f 4196/4315/7902 4210/4328/7902 4197/4316/7902
f 4210/4328/7903 4211/4329/7903 4197/4316/7903
f 4197/4316/7904 4211/4329/7904 4198/4317/7904
f 4211/4329/7905 4212/4330/7905 4198/4317/7905
f 4198/4317/7906 4212/4330/7906 4199/4318/7906
f 4212/4330/7907 4213/4331/7907 4199/4318/7907
f 4199/4318/7908 4213/4331/7908 4200/4319/7908
f 4213/4331/7909 4214/4332/7909 4200/4319/7909
f 4200/4319/7910 4214/4332/7910 4201/4320/7910
f 4214/4332/7911 4215/4333/7911 4201/4320/7911
f 4201/4320/7912 4215/4333/7912 4202/4321/7912
f 4215/4333/7913 4216/4334/7913 4202/4321/7913
f 4202/4321/7914 4216/4334/7914 4203/4322/7914
f 4216/4334/7915 4217/4335/7915 4203/4322/7915
f 4203/4322/7916 4217/4335/7916 4204/4323/7916
f 4217/4335/7917 4218/4336/7917 4204/4323/7917
f 4204/4323/7918 4218/4336/7918 4205/4324/7918
f 4218/4336/7919 4219/4337/7919 4205/4324/7919
f 4205/4324/7920 4219/4337/7920 2901/3726/7920
f 4219/4337/7921 2900/2805/7921 2901/3726/7921
f 2899/2801/7922 2764/2800/7922 4206/4246/7922
f 2764/2800/7923 2763/4338/7923 4206/4246/7923
f 4206/4246/7924 2763/4338/7924 4207/4325/7924
f 2763/4338/7925 2762/4339/7925 4207/4325/7925
f 4207/4325/7926 2762/4339/7926 4208/4326/7926
f 2762/4339/7927 2761/4340/7927 4208/4326/7927
f 4208/4326/7928 2761/4340/7928 4209/4327/7928
f 2761/4340/7929 2760/4341/7929 4209/4327/7929
f 4209/4327/7930 2760/4341/7930 4210/4328/7930
f 2760/4341/7931 2759/4342/7931 4210/4328/7931
f 4210/4328/7932 2759/4342/7932 4211/4329/7932
f 2759/4342/7933 2758/4343/7933 4211/4329/7933
f 4211/4329/7934 2758/4343/7934 4212/4330/7934
f 2758/4343/7935 2757/4344/7935 4212/4330/7935
f 4212/4330/7936 2757/4344/7936 4213/4331/7936
f 2757/4344/7937 2756/4345/7937 4213/4331/7937
f 4213/4331/7938 2756/4345/7938 4214/4332/7938
f 2756/4345/7939 2755/4346/7939 4214/4332/7939
f 4214/4332/7940 2755/4346/7940 4215/4333/7940
f 2755/4346/7941 2754/4347/7941 4215/4333/7941
f 4215/4333/7942 2754/4347/7942 4216/4334/7942
f 2754/4347/7943 2753/4348/7943 4216/4334/7943
f 4216/4334/7944 2753/4348/7944 4217/4335/7944
f 2753/4348/7945 2752/4349/7945 4217/4335/7945
f 4217/4335/7946 2752/4349/7946 4218/4336/7946
f 2752/4349/7947 2751/4350/7947 4218/4336/7947
f 4218/4336/7948 2751/4350/7948 4219/4337/7948
f 2751/4350/7949 2750/4351/7949 4219/4337/7949
f 4219/4337/7950 2750/4351/7950 2900/2805/7950
f 2750/4351/7951 2607/2796/7951 2900/2805/7951
f 2855/3833/7952 2884/3834/7952 2611/2813/7952
f 2856/3832/7953 4220/4352/7953 2855/3833/7953
f 2857/3831/7954 4221/4353/7954 2856/3832/7954
f 2858/3830/7955 4223/4354/7955 2857/3831/7955
f 2859/3829/7956 4226/4355/7956 2858/3830/7956
f 2860/3828/7957 4230/4356/7957 2859/3829/7957
f 2861/3827/7958 4235/4357/7958 2860/3828/7958
f 2862/3826/7959 4241/4358/7959 2861/3827/7959
f 2863/3825/7960 4248/4359/7960 2862/3826/7960
f 2864/3824/7961 4256/4360/7961 2863/3825/7961
f 2865/3823/7962 4265/4361/7962 2864/3824/7962
f 2866/3822/7963 4275/4362/7963 2865/3823/7963
f 2867/3821/7964 4286/4363/7964 2866/3822/7964
f 2868/3820/7965 4298/4364/7965 2867/3821/7965
f 2869/2798/7966 4311/4365/7966 2868/3820/7966
f 2855/3833/7967 4220/4352/7967 2884/3834/7967
f 4220/4352/7968 2883/3835/7968 2884/3834/7968
f 2856/3832/7969 4221/4353/7969 4220/4352/7969
f 4221/4353/7970 4222/4366/7970 4220/4352/7970
f 4220/4352/7971 4222/4366/7971 2883/3835/7971
f 4222/4366/7972 2882/3837/7972 2883/3835/7972
f 2857/3831/7973 4223/4354/7973 4221/4353/7973
f 4223/4354/7974 4224/4367/7974 4221/4353/7974
f 4221/4353/7975 4224/4367/7975 4222/4366/7975
f 4224/4367/7976 4225/4368/7976 4222/4366/7976
f 4222/4366/7977 4225/4368/7977 2882/3837/7977
f 4225/4368/7978 2881/3839/7978 2882/3837/7978
f 2858/3830/7979 4226/4355/7979 4223/4354/7979
f 4226/4355/7980 4227/4369/7980 4223/4354/7980
f 4223/4354/7981 4227/4369/7981 4224/4367/7981
f 4227/4369/7982 4228/4370/7982 4224/4367/7982
f 4224/4367/7983 4228/4370/7983 4225/4368/7983
f 4228/4370/7984 4229/4371/7984 4225/4368/7984
f 4225/4368/7985 4229/4371/7985 2881/3839/7985
f 4229/4371/7986 2880/3841/7986 2881/3839/7986
f 2859/3829/7987 4230/4356/7987 4226/4355/7987
f 4230/4356/7988 4231/4372/7988 4226/4355/7988
f 4226/4355/7989 4231/4372/7989 4227/4369/7989
f 4231/4372/7990 4232/4373/7990 4227/4369/7990
f 4227/4369/7991 4232/4373/7991 4228/4370/7991
f 4232/4373/7992 4233/4374/7992 4228/4370/7992
f 4228/4370/7993 4233/4374/7993 4229/4371/7993
f 4233/4374/7994 4234/4375/7994 4229/4371/7994
f 4229/4371/7995 4234/4375/7995 2880/3841/7995
f 4234/4375/7996 2879/3843/7996 2880/3841/7996
f 2860/3828/7997 4235/4357/7997 4230/4356/7997
f 4235/4357/7998 4236/4376/7998 4230/4356/7998
f 4230/4356/7999 4236/4376/7999 4231/4372/7999
f 4236/4376/8000 4237/4377/8000 4231/4372/8000
f 4231/4372/8001 4237/4377/8001 4232/4373/8001
f 4237/4377/8002 4238/4378/8002 4232/4373/8002
f 4232/4373/8003 4238/4378/8003 4233/4374/8003
f 4238/4378/8004 4239/4379/8004 4233/4374/8004
f 4233/4374/8005 4239/4379/8005 4234/4375/8005
f 4239/4379/8006 4240/4380/8006 4234/4375/8006
f 4234/4375/8007 4240/4380/8007 2879/3843/8007
f 4240/4380/8008 2878/3845/8008 2879/3843/8008
f 2861/3827/8009 4241/4358/8009 4235/4357/8009
f 4241/4358/8010 4242/4381/8010 4235/4357/8010
f 4235/4357/8011 4242/4381/8011 4236/4376/8011
f 4242/4381/8012 4243/4382/8012 4236/4376/8012
f 4236/4376/8013 4243/4382/8013 4237/4377/8013
f 4243/4382/8014 4244/4383/8014 4237/4377/8014
f 4237/4377/8015 4244/4383/8015 4238/4378/8015
f 4244/4383/8016 4245/4384/8016 4238/4378/8016
f 4238/4378/8017 4245/4384/8017 4239/4379/8017
f 4245/4384/8018 4246/4385/8018 4239/4379/8018
f 4239/4379/8019 4246/4385/8019 4240/4380/8019
f 4246/4385/8020 4247/4386/8020 4240/4380/8020
f 4240/4380/8021 4247/4386/8021 2878/3845/8021
f 4247/4386/8022 2877/3847/8022 2878/3845/8022
f 2862/3826/8023 4248/4359/8023 4241/4358/8023
f 4248/4359/8024 4249/4387/8024 4241/4358/8024
f 4241/4358/8025 4249/4387/8025 4242/4381/8025
f 4249/4387/8026 4250/4388/8026 4242/4381/8026
f 4242/4381/8027 4250/4388/8027 4243/4382/8027
f 4250/4388/8028 4251/4389/8028 4243/4382/8028
f 4243/4382/8029 4251/4389/8029 4244/4383/8029
f 4251/4389/8030 4252/4390/8030 4244/4383/8030
f 4244/4383/8031 4252/4390/8031 4245/4384/8031
f 4252/4390/8032 4253/4391/8032 4245/4384/8032
f 4245/4384/8033 4253/4391/8033 4246/4385/8033
f 4253/4391/8034 4254/4392/8034 4246/4385/8034
f 4246/4385/8035 4254/4392/8035 4247/4386/8035
f 4254/4392/8036 4255/4393/8036 4247/4386/8036
f 4247/4386/8037 4255/4393/8037 2877/3847/8037
f 4255/4393/8038 2876/3849/8038 2877/3847/8038
f 2863/3825/8039 4256/4360/8039 4248/4359/8039
f 4256/4360/8040 4257/4394/8040 4248/4359/8040
f 4248/4359/8041 4257/4394/8041 4249/4387/8041
f 4257/4394/8042 4258/4395/8042 4249/4387/8042
f 4249/4387/8043 4258/4395/8043 4250/4388/8043
f 4258/4395/8044 4259/4396/8044 4250/4388/8044
f 4250/4388/8045 4259/4396/8045 4251/4389/8045
f 4259/4396/8046 4260/4397/8046 4251/4389/8046
f 4251/4389/8047 4260/4397/8047 4252/4390/8047
f 4260/4397/8048 4261/4398/8048 4252/4390/8048
f 4252/4390/8049 4261/4398/8049 4253/4391/8049
f 4261/4398/8050 4262/4399/8050 4253/4391/8050
f 4253/4391/8051 4262/4399/8051 4254/4392/8051
f 4262/4399/8052 4263/4400/8052 4254/4392/8052
f 4254/4392/8053 4263/4400/8053 4255/4393/8053
f 4263/4400/8054 4264/4401/8054 4255/4393/8054
f 4255/4393/8055 4264/4401/8055 2876/3849/8055
f 4264/4401/8056 2875/3851/8056 2876/3849/8056
f 2864/3824/8057 4265/4361/8057 4256/4360/8057
f 4265/4361/8058 4266/4402/8058 4256/4360/8058
f 4256/4360/8059 4266/4402/8059 4257/4394/8059
f 4266/4402/8060 4267/4403/8060 4257/4394/8060
f 4257/4394/8061 4267/4403/8061 4258/4395/8061
f 4267/4403/8062 4268/4404/8062 4258/4395/8062
f 4258/4395/8063 4268/4404/8063 4259/4396/8063
f 4268/4404/8064 4269/4405/8064 4259/4396/8064
f 4259/4396/8065 4269/4405/8065 4260/4397/8065
f 4269/4405/8066 4270/4406/8066 4260/4397/8066
f 4260/4397/8067 4270/4406/8067 4261/4398/8067
f 4270/4406/8068 4271/4407/8068 4261/4398/8068
f 4261/4398/8069 4271/4407/8069 4262/4399/8069
f 4271/4407/8070 4272/4408/8070 4262/4399/8070
f 4262/4399/8071 4272/4408/8071 4263/4400/8071
f 4272/4408/8072 4273/4409/8072 4263/4400/8072
f 4263/4400/8073 4273/4409/8073 4264/4401/8073
f 4273/4409/8074 4274/4410/8074 4264/4401/8074
f 4264/4401/8075 4274/4410/8075 2875/3851/8075
f 4274/4410/8076 2874/3853/8076 2875/3851/8076
f 2865/3823/8077 4275/4362/8077 4265/4361/8077
f 4275/4362/8078 4276/4411/8078 4265/4361/8078
f 4265/4361/8079 4276/4411/8079 4266/4402/8079
f 4276/4411/8080 4277/4412/8080 4266/4402/8080
f 4266/4402/8081 4277/4412/8081 4267/4403/8081
f 4277/4412/8082 4278/4413/8082 4267/4403/8082
f 4267/4403/8083 4278/4413/8083 4268/4404/8083
f 4278/4413/8084 4279/4414/8084 4268/4404/8084
f 4268/4404/8085 4279/4414/8085 4269/4405/8085
f 4279/4414/8086 4280/4415/8086 4269/4405/8086
f 4269/4405/8087 4280/4415/8087 4270/4406/8087
f 4280/4415/8088 4281/4416/8088 4270/4406/8088
f 4270/4406/8089 4281/4416/8089 4271/4407/8089
f 4281/4416/8090 4282/4417/8090 4271/4407/8090
f 4271/4407/8091 4282/4417/8091 4272/4408/8091
f 4282/4417/8092 4283/4418/8092 4272/4408/8092
f 4272/4408/8093 4283/4418/8093 4273/4409/8093
f 4283/4418/8094 4284/4419/8094 4273/4409/8094
f 4273/4409/8095 4284/4419/8095 4274/4410/8095
f 4284/4419/8096 4285/4420/8096 4274/4410/8096
f 4274/4410/8097 4285/4420/8097 2874/3853/8097
f 4285/4420/8098 2873/3855/8098 2874/3853/8098
f 2866/3822/8099 4286/4363/8099 4275/4362/8099
f 4286/4363/8100 4287/4421/8100 4275/4362/8100
f 4275/4362/8101 4287/4421/8101 4276/4411/8101
f 4287/4421/8102 4288/4422/8102 4276/4411/8102
f 4276/4411/8103 4288/4422/8103 4277/4412/8103
f 4288/4422/8104 4289/4423/8104 4277/4412/8104
f 4277/4412/8105 4289/4423/8105 4278/4413/8105
f 4289/4423/8106 4290/4424/8106 4278/4413/8106
f 4278/4413/8107 4290/4424/8107 4279/4414/8107
f 4290/4424/8108 4291/4425/8108 4279/4414/8108
f 4279/4414/8109 4291/4425/8109 4280/4415/8109
f 4291/4425/8110 4292/4426/8110 4280/4415/8110
f 4280/4415/8111 4292/4426/8111 4281/4416/8111
f 4292/4426/8112 4293/4427/8112 4281/4416/8112
f 4281/4416/8113 4293/4427/8113 4282/4417/8113
f 4293/4427/8114 4294/4428/8114 4282/4417/8114
f 4282/4417/8115 4294/4428/8115 4283/4418/8115
f 4294/4428/8116 4295/4429/8116 4283/4418/8116
f 4283/4418/8117 4295/4429/8117 4284/4419/8117
f 4295/4429/8118 4296/4430/8118 4284/4419/8118
f 4284/4419/8119 4296/4430/8119 4285/4420/8119
f 4296/4430/8120 4297/4431/8120 4285/4420/8120
f 4285/4420/8121 4297/4431/8121 2873/3855/8121
f 4297/4431/8122 2872/3857/8122 2873/3855/8122
f 2867/3821/8123 4298/4364/8123 4286/4363/8123
f 4298/4364/8124 4299/4432/8124 4286/4363/8124
f 4286/4363/8125 4299/4432/8125 4287/4421/8125
f 4299/4432/8126 4300/4433/8126 4287/4421/8126
f 4287/4421/8127 4300/4433/8127 4288/4422/8127
f 4300/4433/8128 4301/4434/8128 4288/4422/8128
f 4288/4422/8129 4301/4434/8129 4289/4423/8129
f 4301/4434/8130 4302/4435/8130 4289/4423/8130
f 4289/4423/8131 4302/4435/8131 4290/4424/8131
f 4302/4435/8132 4303/4436/8132 4290/4424/8132
f 4290/4424/8133 4303/4436/8133 4291/4425/8133
f 4303/4436/8134 4304/4437/8134 4291/4425/8134
f 4291/4425/8135 4304/4437/8135 4292/4426/8135
f 4304/4437/8136 4305/4438/8136 4292/4426/8136
f 4292/4426/8137 4305/4438/8137 4293/4427/8137
f 4305/4438/8138 4306/4439/8138 4293/4427/8138
f 4293/4427/8139 4306/4439/8139 4294/4428/8139
f 4306/4439/8140 4307/4440/8140 4294/4428/8140
f 4294/4428/8141 4307/4440/8141 4295/4429/8141
f 4307/4440/8142 4308/4441/8142 4295/4429/8142
f 4295/4429/8143 4308/4441/8143 4296/4430/8143
f 4308/4441/8144 4309/4442/8144 4296/4430/8144
f 4296/4430/8145 4309/4442/8145 4297/4431/8145
f 4309/4442/8146 4310/4443/8146 4297/4431/8146
f 4297/4431/8147 4310/4443/8147 2872/3857/8147
f 4310/4443/8148 2871/3859/8148 2872/3857/8148
f 2868/3820/8149 4311/4365/8149 4298/4364/8149
f 4311/4365/8150 4312/4444/8150 4298/4364/8150
f 4298/4364/8151 4312/4444/8151 4299/4432/8151
f 4312/4444/8152 4313/4445/8152 4299/4432/8152
f 4299/4432/8153 4313/4445/8153 4300/4433/8153
f 4313/4445/8154 4314/4446/8154 4300/4433/8154
f 4300/4433/8155 4314/4446/8155 4301/4434/8155
f 4314/4446/8156 4315/4447/8156 4301/4434/8156
f 4301/4434/8157 4315/4447/8157 4302/4435/8157
f 4315/4447/8158 4316/4448/8158 4302/4435/8158
f 4302/4435/8159 4316/4448/8159 4303/4436/8159
f 4316/4448/8160 4317/4449/8160 4303/4436/8160
f 4303/4436/8161 4317/4449/8161 4304/4437/8161
f 4317/4449/8162 4318/4450/8162 4304/4437/8162
f 4304/4437/8163 4318/4450/8163 4305/4438/8163
f 4318/4450/8164 4319/4451/8164 4305/4438/8164
f 4305/4438/8165 4319/4451/8165 4306/4439/8165
f 4319/4451/8166 4320/4452/8166 4306/4439/8166
f 4306/4439/8167 4320/4452/8167 4307/4440/8167
f 4320/4452/8168 4321/4453/8168 4307/4440/8168
f 4307/4440/8169 4321/4453/8169 4308/4441/8169
f 4321/4453/8170 4322/4454/8170 4308/4441/8170
f 4308/4441/8171 4322/4454/8171 4309/4442/8171
f 4322/4454/8172 4323/4455/8172 4309/4442/8172
f 4309/4442/8173 4323/4455/8173 4310/4443/8173
f 4323/4455/8174 4324/4456/8174 4310/4443/8174
f 4310/4443/8175 4324/4456/8175 2871/3859/8175
f 4324/4456/8176 2870/2804/8176 2871/3859/8176
f 2869/2798/8177 2749/2797/8177 4311/4365/8177
f 2749/2797/8178 2748/4457/8178 4311/4365/8178
f 4311/4365/8179 2748/4457/8179 4312/4444/8179
f 2748/4457/8180 2747/4458/8180 4312/4444/8180
f 4312/4444/8181 2747/4458/8181 4313/4445/8181
f 2747/4458/8182 2746/4459/8182 4313/4445/8182
f 4313/4445/8183 2746/4459/8183 4314/4446/8183
f 2746/4459/8184 2745/4460/8184 4314/4446/8184
f 4314/4446/8185 2745/4460/8185 4315/4447/8185
f 2745/4460/8186 2744/4461/8186 4315/4447/8186
f 4315/4447/8187 2744/4461/8187 4316/4448/8187
f 2744/4461/8188 2743/4462/8188 4316/4448/8188
f 4316/4448/8189 2743/4462/8189 4317/4449/8189
f 2743/4462/8190 2742/4463/8190 4317/4449/8190
f 4317/4449/8191 2742/4463/8191 4318/4450/8191
f 2742/4463/8192 2741/4464/8192 4318/4450/8192
f 4318/4450/8193 2741/4464/8193 4319/4451/8193
f 2741/4464/8194 2740/4465/8194 4319/4451/8194
f 4319/4451/8195 2740/4465/8195 4320/4452/8195
f 2740/4465/8196 2739/4466/8196 4320/4452/8196
f 4320/4452/8197 2739/4466/8197 4321/4453/8197
f 2739/4466/8198 2738/4467/8198 4321/4453/8198
f 4321/4453/8199 2738/4467/8199 4322/4454/8199
f 2738/4467/8200 2737/4468/8200 4322/4454/8200
f 4322/4454/8201 2737/4468/8201 4323/4455/8201
f 2737/4468/8202 2736/4469/8202 4323/4455/8202
f 4323/4455/8203 2736/4469/8203 4324/4456/8203
f 2736/4469/8204 2735/4470/8204 4324/4456/8204
f 4324/4456/8205 2735/4470/8205 2870/2804/8205
f 2735/4470/8206 2606/2793/8206 2870/2804/8206
f 2825/3966/8207 2854/4471/8207 2610/3269/8207
f 2826/3965/8208 4325/4472/8208 2825/3966/8208
f 2827/3964/8209 4326/4473/8209 2826/3965/8209
f 2828/3963/8210 4328/4474/8210 2827/3964/8210
f 2829/3962/8211 4331/4475/8211 2828/3963/8211
f 2830/3961/8212 4335/4476/8212 2829/3962/8212
f 2831/3960/8213 4340/4477/8213 2830/3961/8213
f 2832/3959/8214 4346/4478/8214 2831/3960/8214
f 2833/3958/8215 4353/4479/8215 2832/3959/8215
f 2834/3957/8216 4361/4480/8216 2833/3958/8216
f 2835/3956/8217 4370/4481/8217 2834/3957/8217
f 2836/3955/8218 4380/4482/8218 2835/3956/8218
f 2837/3954/8219 4391/4483/8219 2836/3955/8219
f 2838/3953/8220 4403/4484/8220 2837/3954/8220
f 2839/2795/8221 4416/4485/8221 2838/3953/8221
f 2825/3966/8222 4325/4472/8222 2854/4471/8222
f 4325/4472/8223 2853/4486/8223 2854/4471/8223
f 2826/3965/8224 4326/4473/8224 4325/4472/8224
f 4326/4473/8225 4327/4487/8225 4325/4472/8225
f 4325/4472/8226 4327/4487/8226 2853/4486/8226
f 4327/4487/8227 2852/4488/8227 2853/4486/8227
f 2827/3964/8228 4328/4474/8228 4326/4473/8228
f 4328/4474/8229 4329/4489/8229 4326/4473/8229
f 4326/4473/8230 4329/4489/8230 4327/4487/8230
f 4329/4489/8231 4330/4490/8231 4327/4487/8231
f 4327/4487/8232 4330/4490/8232 2852/4488/8232
f 4330/4490/8233 2851/4491/8233 2852/4488/8233
f 2828/3963/8234 4331/4475/8234 4328/4474/8234
f 4331/4475/8235 4332/4492/8235 4328/4474/8235
f 4328/4474/8236 4332/4492/8236 4329/4489/8236
f 4332/4492/8237 4333/4493/8237 4329/4489/8237
f 4329/4489/8238 4333/4493/8238 4330/4490/8238
f 4333/4493/8239 4334/4494/8239 4330/4490/8239
f 4330/4490/8240 4334/4494/8240 2851/4491/8240
f 4334/4494/8241 2850/4495/8241 2851/4491/8241
f 2829/3962/8242 4335/4476/8242 4331/4475/8242
f 4335/4476/8243 4336/4496/8243 4331/4475/8243
f 4331/4475/8244 4336/4496/8244 4332/4492/8244
f 4336/4496/8245 4337/4497/8245 4332/4492/8245
f 4332/4492/8246 4337/4497/8246 4333/4493/8246
f 4337/4497/8247 4338/4498/8247 4333/4493/8247
f 4333/4493/8248 4338/4498/8248 4334/4494/8248
f 4338/4498/8249 4339/4499/8249 4334/4494/8249
f 4334/4494/8250 4339/4499/8250 2850/4495/8250
f 4339/4499/8251 2849/4500/8251 2850/4495/8251
f 2830/3961/8252 4340/4477/8252 4335/4476/8252
f 4340/4477/8253 4341/4501/8253 4335/4476/8253
f 4335/4476/8254 4341/4501/8254 4336/4496/8254
f 4341/4501/8255 4342/4502/8255 4336/4496/8255
f 4336/4496/8256 4342/4502/8256 4337/4497/8256
f 4342/4502/8257 4343/4503/8257 4337/4497/8257
f 4337/4497/8258 4343/4503/8258 4338/4498/8258
f 4343/4503/8259 4344/4504/8259 4338/4498/8259
f 4338/4498/8260 4344/4504/8260 4339/4499/8260
f 4344/4504/8261 4345/4505/8261 4339/4499/8261
f 4339/4499/8262 4345/4505/8262 2849/4500/8262
f 4345/4505/8263 2848/4506/8263 2849/4500/8263
f 2831/3960/8264 4346/4478/8264 4340/4477/8264
f 4346/4478/8265 4347/4507/8265 4340/4477/8265
f 4340/4477/8266 4347/4507/8266 4341/4501/8266
f 4347/4507/8267 4348/4508/8267 4341/4501/8267
f 4341/4501/8268 4348/4508/8268 4342/4502/8268
f 4348/4508/8269 4349/4509/8269 4342/4502/8269
f 4342/4502/8270 4349/4509/8270 4343/4503/8270
f 4349/4509/8271 4350/4510/8271 4343/4503/8271
f 4343/4503/8272 4350/4510/8272 4344/4504/8272
f 4350/4510/8273 4351/4511/8273 4344/4504/8273
f 4344/4504/8274 4351/4511/8274 4345/4505/8274
f 4351/4511/8275 4352/4512/8275 4345/4505/8275
f 4345/4505/8276 4352/4512/8276 2848/4506/8276
f 4352/4512/8277 2847/4513/8277 2848/4506/8277
f 2832/3959/8278 4353/4479/8278 4346/4478/8278
f 4353/4479/8279 4354/4514/8279 4346/4478/8279
f 4346/4478/8280 4354/4514/8280 4347/4507/8280
f 4354/4514/8281 4355/4515/8281 4347/4507/8281
f 4347/4507/8282 4355/4515/8282 4348/4508/8282
f 4355/4515/8283 4356/4516/8283 4348/4508/8283
f 4348/4508/8284 4356/4516/8284 4349/4509/8284
f 4356/4516/8285 4357/4517/8285 4349/4509/8285
f 4349/4509/8286 4357/4517/8286 4350/4510/8286
f 4357/4517/8287 4358/4518/8287 4350/4510/8287
f 4350/4510/8288 4358/4518/8288 4351/4511/8288
f 4358/4518/8289 4359/4519/8289 4351/4511/8289
f 4351/4511/8290 4359/4519/8290 4352/4512/8290
f 4359/4519/8291 4360/4520/8291 4352/4512/8291
f 4352/4512/8292 4360/4520/8292 2847/4513/8292
f 4360/4520/8293 2846/4521/8293 2847/4513/8293
f 2833/3958/8294 4361/4480/8294 4353/4479/8294
f 4361/4480/8295 4362/4522/8295 4353/4479/8295
f 4353/4479/8296 4362/4522/8296 4354/4514/8296
f 4362/4522/8297 4363/4523/8297 4354/4514/8297
f 4354/4514/8298 4363/4523/8298 4355/4515/8298
f 4363/4523/8299 4364/4524/8299 4355/4515/8299
f 4355/4515/8300 4364/4524/8300 4356/4516/8300
f 4364/4524/8301 4365/4525/8301 4356/4516/8301
f 4356/4516/8302 4365/4525/8302 4357/4517/8302
f 4365/4525/8303 4366/4526/8303 4357/4517/8303
f 4357/4517/8304 4366/4526/8304 4358/4518/8304
f 4366/4526/8305 4367/4527/8305 4358/4518/8305
f 4358/4518/8306 4367/4527/8306 4359/4519/8306
f 4367/4527/8307 4368/4528/8307 4359/4519/8307
f 4359/4519/8308 4368/4528/8308 4360/4520/8308
f 4368/4528/8309 4369/4529/8309 4360/4520/8309
f 4360/4520/8310 4369/4529/8310 2846/4521/8310
f 4369/4529/8311 2845/4530/8311 2846/4521/8311
f 2834/3957/8312 4370/4481/8312 4361/4480/8312
f 4370/4481/8313 4371/4531/8313 4361/4480/8313
f 4361/4480/8314 4371/4531/8314 4362/4522/8314
f 4371/4531/8315 4372/4532/8315 4362/4522/8315
f 4362/4522/8316 4372/4532/8316 4363/4523/8316
f 4372/4532/8317 4373/4533/8317 4363/4523/8317
f 4363/4523/8318 4373/4533/8318 4364/4524/8318
f 4373/4533/8319 4374/4534/8319 4364/4524/8319
f 4364/4524/8320 4374/4534/8320 4365/4525/8320
f 4374/4534/8321 4375/4535/8321 4365/4525/8321
f 4365/4525/8322 4375/4535/8322 4366/4526/8322
f 4375/4535/8323 4376/4536/8323 4366/4526/8323
f 4366/4526/8324 4376/4536/8324 4367/4527/8324
f 4376/4536/8325 4377/4537/8325 4367/4527/8325
f 4367/4527/8326 4377/4537/8326 4368/4528/8326
f 4377/4537/8327 4378/4538/8327 4368/4528/8327
f 4368/4528/8328 4378/4538/8328 4369/4529/8328
f 4378/4538/8329 4379/4539/8329 4369/4529/8329
f 4369/4529/8330 4379/4539/8330 2845/4530/8330
f 4379/4539/8331 2844/4540/8331 2845/4530/8331
f 2835/3956/8332 4380/4482/8332 4370/4481/8332
f 4380/4482/8333 4381/4541/8333 4370/4481/8333
f 4370/4481/8334 4381/4541/8334 4371/4531/8334
f 4381/4541/8335 4382/4542/8335 4371/4531/8335
f 4371/4531/8336 4382/4542/8336 4372/4532/8336
f 4382/4542/8337 4383/4543/8337 4372/4532/8337
f 4372/4532/8338 4383/4543/8338 4373/4533/8338
f 4383/4543/8339 4384/4544/8339 4373/4533/8339
f 4373/4533/8340 4384/4544/8340 4374/4534/8340
f 4384/4544/8341 4385/4545/8341 4374/4534/8341
f 4374/4534/8342 4385/4545/8342 4375/4535/8342
f 4385/4545/8343 4386/4546/8343 4375/4535/8343
f 4375/4535/8344 4386/4546/8344 4376/4536/8344
f 4386/4546/8345 4387/4547/8345 4376/4536/8345
f 4376/4536/8346 4387/4547/8346 4377/4537/8346
f 4387/4547/8347 4388/4548/8347 4377/4537/8347
f 4377/4537/8348 4388/4548/8348 4378/4538/8348
f 4388/4548/8349 4389/4549/8349 4378/4538/8349
f 4378/4538/8350 4389/4549/8350 4379/4539/8350
f 4389/4549/8351 4390/4550/8351 4379/4539/8351
f 4379/4539/8352 4390/4550/8352 2844/4540/8352
f 4390/4550/8353 2843/4551/8353 2844/4540/8353
f 2836/3955/8354 4391/4483/8354 4380/4482/8354
f 4391/4483/8355 4392/4552/8355 4380/4482/8355
f 4380/4482/8356 4392/4552/8356 4381/4541/8356
f 4392/4552/8357 4393/4553/8357 4381/4541/8357
f 4381/4541/8358 4393/4553/8358 4382/4542/8358
f 4393/4553/8359 4394/4554/8359 4382/4542/8359
f 4382/4542/8360 4394/4554/8360 4383/4543/8360
f 4394/4554/8361 4395/4555/8361 4383/4543/8361
f 4383/4543/8362 4395/4555/8362 4384/4544/8362
f 4395/4555/8363 4396/4556/8363 4384/4544/8363
f 4384/4544/8364 4396/4556/8364 4385/4545/8364
f 4396/4556/8365 4397/4557/8365 4385/4545/8365
f 4385/4545/8366 4397/4557/8366 4386/4546/8366
f 4397/4557/8367 4398/4558/8367 4386/4546/8367
f 4386/4546/8368 4398/4558/8368 4387/4547/8368
f 4398/4558/8369 4399/4559/8369 4387/4547/8369
f 4387/4547/8370 4399/4559/8370 4388/4548/8370
f 4399/4559/8371 4400/4560/8371 4388/4548/8371
f 4388/4548/8372 4400/4560/8372 4389/4549/8372
f 4400/4560/8373 4401/4561/8373 4389/4549/8373
f 4389/4549/8374 4401/4561/8374 4390/4550/8374
f 4401/4561/8375 4402/4562/8375 4390/4550/8375
f 4390/4550/8376 4402/4562/8376 2843/4551/8376
f 4402/4562/8377 2842/4563/8377 2843/4551/8377
f 2837/3954/8378 4403/4484/8378 4391/4483/8378
f 4403/4484/8379 4404/4564/8379 4391/4483/8379
f 4391/4483/8380 4404/4564/8380 4392/4552/8380
f 4404/4564/8381 4405/4565/8381 4392/4552/8381
f 4392/4552/8382 4405/4565/8382 4393/4553/8382
f 4405/4565/8383 4406/4566/8383 4393/4553/8383
f 4393/4553/8384 4406/4566/8384 4394/4554/8384
f 4406/4566/8385 4407/4567/8385 4394/4554/8385
f 4394/4554/8386 4407/4567/8386 4395/4555/8386
f 4407/4567/8387 4408/4568/8387 4395/4555/8387
f 4395/4555/8388 4408/4568/8388 4396/4556/8388
f 4408/4568/8389 4409/4569/8389 4396/4556/8389
f 4396/4556/8390 4409/4569/8390 4397/4557/8390
f 4409/4569/8391 4410/4570/8391 4397/4557/8391
f 4397/4557/8392 4410/4570/8392 4398/4558/8392
f 4410/4570/8393 4411/4571/8393 4398/4558/8393
f 4398/4558/8394 4411/4571/8394 4399/4559/8394
f 4411/4571/8395 4412/4572/8395 4399/4559/8395
f 4399/4559/8396 4412/4572/8396 4400/4560/8396
f 4412/4572/8397 4413/4573/8397 4400/4560/8397
f 4400/4560/8398 4413/4573/8398 4401/4561/8398
f 4413/4573/8399 4414/4574/8399 4401/4561/8399
f 4401/4561/8400 4414/4574/8400 4402/4562/8400
f 4414/4574/8401 4415/4575/8401 4402/4562/8401
f 4402/4562/8402 4415/4575/8402 2842/4563/8402
f 4415/4575/8403 2841/4576/8403 2842/4563/8403
f 2838/3953/8404 4416/4485/8404 4403/4484/8404
f 4416/4485/8405 4417/4577/8405 4403/4484/8405
f 4403/4484/8406 4417/4577/8406 4404/4564/8406
f 4417/4577/8407 4418/4578/8407 4404/4564/8407
f 4404/4564/8408 4418/4578/8408 4405/4565/8408
f 4418/4578/8409 4419/4579/8409 4405/4565/8409
f 4405/4565/8410 4419/4579/8410 4406/4566/8410
f 4419/4579/8411 4420/4580/8411 4406/4566/8411
f 4406/4566/8412 4420/4580/8412 4407/4567/8412
f 4420/4580/8413 4421/4581/8413 4407/4567/8413
f 4407/4567/8414 4421/4581/8414 4408/4568/8414
f 4421/4581/8415 4422/4582/8415 4408/4568/8415
f 4408/4568/8416 4422/4582/8416 4409/4569/8416
f 4422/4582/8417 4423/4583/8417 4409/4569/8417
f 4409/4569/8418 4423/4583/8418 4410/4570/8418
f 4423/4583/8419 4424/4584/8419 4410/4570/8419
f 4410/4570/8420 4424/4584/8420 4411/4571/8420
f 4424/4584/8421 4425/4585/8421 4411/4571/8421
f 4411/4571/8422 4425/4585/8422 4412/4572/8422
f 4425/4585/8423 4426/4586/8423 4412/4572/8423
f 4412/4572/8424 4426/4586/8424 4413/4573/8424
f 4426/4586/8425 4427/4587/8425 4413/4573/8425
f 4413/4573/8426 4427/4587/8426 4414/4574/8426
f 4427/4587/8427 4428/4588/8427 4414/4574/8427
f 4414/4574/8428 4428/4588/8428 4415/4575/8428
f 4428/4588/8429 4429/4589/8429 4415/4575/8429
f 4415/4575/8430 4429/4589/8430 2841/4576/8430
f 4429/4589/8431 2840/4590/8431 2841/4576/8431
f 2839/2795/8432 2719/2794/8432 4416/4485/8432
f 2719/2794/8433 2718/4591/8433 4416/4485/8433
f 4416/4485/8434 2718/4591/8434 4417/4577/8434
f 2718/4591/8435 2717/4592/8435 4417/4577/8435
f 4417/4577/8436 2717/4592/8436 4418/4578/8436
f 2717/4592/8437 2716/4593/8437 4418/4578/8437
f 4418/4578/8438 2716/4593/8438 4419/4579/8438
f 2716/4593/8439 2715/4594/8439 4419/4579/8439
f 4419/4579/8440 2715/4594/8440 4420/4580/8440
f 2715/4594/8441 2714/4595/8441 4420/4580/8441
f 4420/4580/8442 2714/4595/8442 4421/4581/8442
f 2714/4595/8443 2713/4596/8443 4421/4581/8443
f 4421/4581/8444 2713/4596/8444 4422/4582/8444
f 2713/4596/8445 2712/4597/8445 4422/4582/8445
f 4422/4582/8446 2712/4597/8446 4423/4583/8446
f 2712/4597/8447 2711/4598/8447 4423/4583/8447
f 4423/4583/8448 2711/4598/8448 4424/4584/8448
f 2711/4598/8449 2710/4599/8449 4424/4584/8449
f 4424/4584/8450 2710/4599/8450 4425/4585/8450
f 2710/4599/8451 2709/4600/8451 4425/4585/8451
f 4425/4585/8452 2709/4600/8452 4426/4586/8452
f 2709/4600/8453 2708/4601/8453 4426/4586/8453
f 4426/4586/8454 2708/4601/8454 4427/4587/8454
f 2708/4601/8455 2707/4602/8455 4427/4587/8455
f 4427/4587/8456 2707/4602/8456 4428/4588/8456
f 2707/4602/8457 2706/4603/8457 4428/4588/8457
f 4428/4588/8458 2706/4603/8458 4429/4589/8458
f 2706/4603/8459 2705/4604/8459 4429/4589/8459
f 4429/4589/8460 2705/4604/8460 2840/4590/8460
f 2705/4604/8461 2605/4605/8461 2840/4590/8461
f 2795/4099/8462 2824/4100/8462 2609/2807/8462
f 2796/4098/8463 4430/4606/8463 2795/4099/8463
f 2797/4097/8464 4431/4607/8464 2796/4098/8464
f 2798/4096/8465 4433/4608/8465 2797/4097/8465
f 2799/4095/8466 4436/4609/8466 2798/4096/8466
f 2800/4094/8467 4440/4610/8467 2799/4095/8467
f 2801/4093/8468 4445/4611/8468 2800/4094/8468
f 2802/4092/8469 4451/4612/8469 2801/4093/8469
f 2803/4091/8470 4458/4613/8470 2802/4092/8470
f 2804/4090/8471 4466/4614/8471 2803/4091/8471
f 2805/4089/8472 4475/4615/8472 2804/4090/8472
f 2806/4088/8473 4485/4616/8473 2805/4089/8473
f 2807/4087/8474 4496/4617/8474 2806/4088/8474
f 2808/4086/8475 4508/4618/8475 2807/4087/8475
f 2809/2792/8476 4521/4619/8476 2808/4086/8476
f 2795/4099/8477 4430/4606/8477 2824/4100/8477
f 4430/4606/8478 2823/4101/8478 2824/4100/8478
f 2796/4098/8479 4431/4607/8479 4430/4606/8479
f 4431/4607/8480 4432/4620/8480 4430/4606/8480
f 4430/4606/8481 4432/4620/8481 2823/4101/8481
f 4432/4620/8482 2822/4103/8482 2823/4101/8482
f 2797/4097/8483 4433/4608/8483 4431/4607/8483
f 4433/4608/8484 4434/4621/8484 4431/4607/8484
f 4431/4607/8485 4434/4621/8485 4432/4620/8485
f 4434/4621/8486 4435/4622/8486 4432/4620/8486
f 4432/4620/8487 4435/4622/8487 2822/4103/8487
f 4435/4622/8488 2821/4105/8488 2822/4103/8488
f 2798/4096/8489 4436/4609/8489 4433/4608/8489
f 4436/4609/8490 4437/4623/8490 4433/4608/8490
f 4433/4608/8491 4437/4623/8491 4434/4621/8491
f 4437/4623/8492 4438/4624/8492 4434/4621/8492
f 4434/4621/8493 4438/4624/8493 4435/4622/8493
f 4438/4624/8494 4439/4625/8494 4435/4622/8494
f 4435/4622/8495 4439/4625/8495 2821/4105/8495
f 4439/4625/8496 2820/4107/8496 2821/4105/8496
f 2799/4095/8497 4440/4610/8497 4436/4609/8497
f 4440/4610/8498 4441/4626/8498 4436/4609/8498
f 4436/4609/8499 4441/4626/8499 4437/4623/8499
f 4441/4626/8500 4442/4627/8500 4437/4623/8500
f 4437/4623/8501 4442/4627/8501 4438/4624/8501
f 4442/4627/8502 4443/4628/8502 4438/4624/8502
f 4438/4624/8503 4443/4628/8503 4439/4625/8503
f 4443/4628/8504 4444/4629/8504 4439/4625/8504
f 4439/4625/8505 4444/4629/8505 2820/4107/8505
f 4444/4629/8506 2819/4109/8506 2820/4107/8506
f 2800/4094/8507 4445/4611/8507 4440/4610/8507
f 4445/4611/8508 4446/4630/8508 4440/4610/8508
f 4440/4610/8509 4446/4630/8509 4441/4626/8509
f 4446/4630/8510 4447/4631/8510 4441/4626/8510
f 4441/4626/8511 4447/4631/8511 4442/4627/8511
f 4447/4631/8512 4448/4632/8512 4442/4627/8512
f 4442/4627/8513 4448/4632/8513 4443/4628/8513
f 4448/4632/8514 4449/4633/8514 4443/4628/8514
f 4443/4628/8515 4449/4633/8515 4444/4629/8515
f 4449/4633/8516 4450/4634/8516 4444/4629/8516
f 4444/4629/8517 4450/4634/8517 2819/4109/8517
f 4450/4634/8518 2818/4111/8518 2819/4109/8518
f 2801/4093/8519 4451/4612/8519 4445/4611/8519
f 4451/4612/8520 4452/4635/8520 4445/4611/8520
f 4445/4611/8521 4452/4635/8521 4446/4630/8521
f 4452/4635/8522 4453/4636/8522 4446/4630/8522
f 4446/4630/8523 4453/4636/8523 4447/4631/8523
f 4453/4636/8524 4454/4637/8524 4447/4631/8524
f 4447/4631/8525 4454/4637/8525 4448/4632/8525
f 4454/4637/8526 4455/4638/8526 4448/4632/8526
f 4448/4632/8527 4455/4638/8527 4449/4633/8527
f 4455/4638/8528 4456/4639/8528 4449/4633/8528
f 4449/4633/8529 4456/4639/8529 4450/4634/8529
f 4456/4639/8530 4457/4640/8530 4450/4634/8530
f 4450/4634/8531 4457/4640/8531 2818/4111/8531
f 4457/4640/8532 2817/4113/8532 2818/4111/8532
f 2802/4092/8533 4458/4613/8533 4451/4612/8533
f 4458/4613/8534 4459/4641/8534 4451/4612/8534
f 4451/4612/8535 4459/4641/8535 4452/4635/8535
f 4459/4641/8536 4460/4642/8536 4452/4635/8536
f 4452/4635/8537 4460/4642/8537 4453/4636/8537
f 4460/4642/8538 4461/4643/8538 4453/4636/8538
f 4453/4636/8539 4461/4643/8539 4454/4637/8539
f 4461/4643/8540 4462/4644/8540 4454/4637/8540
f 4454/4637/8541 4462/4644/8541 4455/4638/8541
f 4462/4644/8542 4463/4645/8542 4455/4638/8542
f 4455/4638/8543 4463/4645/8543 4456/4639/8543
f 4463/4645/8544 4464/4646/8544 4456/4639/8544
f 4456/4639/8545 4464/4646/8545 4457/4640/8545
f 4464/4646/8546 4465/4647/8546 4457/4640/8546
f 4457/4640/8547 4465/4647/8547 2817/4113/8547
f 4465/4647/8548 2816/4115/8548 2817/4113/8548
f 2803/4091/8549 4466/4614/8549 4458/4613/8549
f 4466/4614/8550 4467/4648/8550 4458/4613/8550
f 4458/4613/8551 4467/4648/8551 4459/4641/8551
f 4467/4648/8552 4468/4649/8552 4459/4641/8552
f 4459/4641/8553 4468/4649/8553 4460/4642/8553
f 4468/4649/8554 4469/4650/8554 4460/4642/8554
f 4460/4642/8555 4469/4650/8555 4461/4643/8555
f 4469/4650/8556 4470/4651/8556 4461/4643/8556
f 4461/4643/8557 4470/4651/8557 4462/4644/8557
f 4470/4651/8558 4471/4652/8558 4462/4644/8558
f 4462/4644/8559 4471/4652/8559 4463/4645/8559
f 4471/4652/8560 4472/4653/8560 4463/4645/8560
f 4463/4645/8561 4472/4653/8561 4464/4646/8561
f 4472/4653/8562 4473/4654/8562 4464/4646/8562
f 4464/4646/8563 4473/4654/8563 4465/4647/8563
f 4473/4654/8564 4474/4655/8564 4465/4647/8564
f 4465/4647/8565 4474/4655/8565 2816/4115/8565
f 4474/4655/8566 2815/4117/8566 2816/4115/8566
f 2804/4090/8567 4475/4615/8567 4466/4614/8567
f 4475/4615/8568 4476/4656/8568 4466/4614/8568
f 4466/4614/8569 4476/4656/8569 4467/4648/8569
f 4476/4656/8570 4477/4657/8570 4467/4648/8570
f 4467/4648/8571 4477/4657/8571 4468/4649/8571
f 4477/4657/8572 4478/4658/8572 4468/4649/8572
f 4468/4649/8573 4478/4658/8573 4469/4650/8573
f 4478/4658/8574 4479/4659/8574 4469/4650/8574
f 4469/4650/8575 4479/4659/8575 4470/4651/8575
f 4479/4659/8576 4480/4660/8576 4470/4651/8576
f 4470/4651/8577 4480/4660/8577 4471/4652/8577
f 4480/4660/8578 4481/4661/8578 4471/4652/8578
f 4471/4652/8579 4481/4661/8579 4472/4653/8579
f 4481/4661/8580 4482/4662/8580 4472/4653/8580
f 4472/4653/8581 4482/4662/8581 4473/4654/8581
f 4482/4662/8582 4483/4663/8582 4473/4654/8582
f 4473/4654/8583 4483/4663/8583 4474/4655/8583
f 4483/4663/8584 4484/4664/8584 4474/4655/8584
f 4474/4655/8585 4484/4664/8585 2815/4117/8585
f 4484/4664/8586 2814/4119/8586 2815/4117/8586
f 2805/4089/8587 4485/4616/8587 4475/4615/8587
f 4485/4616/8588 4486/4665/8588 4475/4615/8588
f 4475/4615/8589 4486/4665/8589 4476/4656/8589
f 4486/4665/8590 4487/4666/8590 4476/4656/8590
f 4476/4656/8591 4487/4666/8591 4477/4657/8591
f 4487/4666/8592 4488/4667/8592 4477/4657/8592
f 4477/4657/8593 4488/4667/8593 4478/4658/8593
f 4488/4667/8594 4489/4668/8594 4478/4658/8594
f 4478/4658/8595 4489/4668/8595 4479/4659/8595
f 4489/4668/8596 4490/4669/8596 4479/4659/8596
f 4479/4659/8597 4490/4669/8597 4480/4660/8597
f 4490/4669/8598 4491/4670/8598 4480/4660/8598
f 4480/4660/8599 4491/4670/8599 4481/4661/8599
f 4491/4670/8600 4492/4671/8600 4481/4661/8600
f 4481/4661/8601 4492/4671/8601 4482/4662/8601
f 4492/4671/8602 4493/4672/8602 4482/4662/8602
f 4482/4662/8603 4493/4672/8603 4483/4663/8603
f 4493/4672/8604 4494/4673/8604 4483/4663/8604
f 4483/4663/8605 4494/4673/8605 4484/4664/8605
f 4494/4673/8606 4495/4674/8606 4484/4664/8606
f 4484/4664/8607 4495/4674/8607 2814/4119/8607
f 4495/4674/8608 2813/4121/8608 2814/4119/8608
f 2806/4088/8609 4496/4617/8609 4485/4616/8609
f 4496/4617/8610 4497/4675/8610 4485/4616/8610
f 4485/4616/8611 4497/4675/8611 4486/4665/8611
f 4497/4675/8612 4498/4676/8612 4486/4665/8612
f 4486/4665/8613 4498/4676/8613 4487/4666/8613
f 4498/4676/8614 4499/4677/8614 4487/4666/8614
f 4487/4666/8615 4499/4677/8615 4488/4667/8615
f 4499/4677/8616 4500/4678/8616 4488/4667/8616
f 4488/4667/8617 4500/4678/8617 4489/4668/8617
f 4500/4678/8618 4501/4679/8618 4489/4668/8618
f 4489/4668/8619 4501/4679/8619 4490/4669/8619
f 4501/4679/8620 4502/4680/8620 4490/4669/8620
f 4490/4669/8621 4502/4680/8621 4491/4670/8621
f 4502/4680/8622 4503/4681/8622 4491/4670/8622
f 4491/4670/8623 4503/4681/8623 4492/4671/8623
f 4503/4681/8624 4504/4682/8624 4492/4671/8624
f 4492/4671/8625 4504/4682/8625 4493/4672/8625
f 4504/4682/8626 4505/4683/8626 4493/4672/8626
f 4493/4672/8627 4505/4683/8627 4494/4673/8627
f 4505/4683/8628 4506/4684/8628 4494/4673/8628
f 4494/4673/8629 4506/4684/8629 4495/4674/8629
f 4506/4684/8630 4507/4685/8630 4495/4674/8630
f 4495/4674/8631 4507/4685/8631 2813/4121/8631
f 4507/4685/8632 2812/4123/8632 2813/4121/8632
f 2807/4087/8633 4508/4618/8633 4496/4617/8633
f 4508/4618/8634 4509/4686/8634 4496/4617/8634
f 4496/4617/8635 4509/4686/8635 4497/4675/8635
f 4509/4686/8636 4510/4687/8636 4497/4675/8636
f 4497/4675/8637 4510/4687/8637 4498/4676/8637
f 4510/4687/8638 4511/4688/8638 4498/4676/8638
f 4498/4676/8639 4511/4688/8639 4499/4677/8639
f 4511/4688/8640 4512/4689/8640 4499/4677/8640
f 4499/4677/8641 4512/4689/8641 4500/4678/8641
f 4512/4689/8642 4513/4690/8642 4500/4678/8642
f 4500/4678/8643 4513/4690/8643 4501/4679/8643
f 4513/4690/8644 4514/4691/8644 4501/4679/8644
f 4501/4679/8645 4514/4691/8645 4502/4680/8645
f 4514/4691/8646 4515/4692/8646 4502/4680/8646
f 4502/4680/8647 4515/4692/8647 4503/4681/8647
f 4515/4692/8648 4516/4693/8648 4503/4681/8648
f 4503/4681/8649 4516/4693/8649 4504/4682/8649
f 4516/4693/8650 4517/4694/8650 4504/4682/8650
f 4504/4682/8651 4517/4694/8651 4505/4683/8651
f 4517/4694/8652 4518/4695/8652 4505/4683/8652
f 4505/4683/8653 4518/4695/8653 4506/4684/8653
f 4518/4695/8654 4519/4696/8654 4506/4684/8654
f 4506/4684/8655 4519/4696/8655 4507/4685/8655
f 4519/4696/8656 4520/4697/8656 4507/4685/8656
f 4507/4685/8657 4520/4697/8657 2812/4123/8657
f 4520/4697/8658 2811/4125/8658 2812/4123/8658
f 2808/4086/8659 4521/4619/8659 4508/4618/8659
f 4521/4619/8660 4522/4698/8660 4508/4618/8660
f 4508/4618/8661 4522/4698/8661 4509/4686/8661
f 4522/4698/8662 4523/4699/8662 4509/4686/8662
f 4509/4686/8663 4523/4699/8663 4510/4687/8663
f 4523/4699/8664 4524/4700/8664 4510/4687/8664
f 4510/4687/8665 4524/4700/8665 4511/4688/8665
f 4524/4700/8666 4525/4701/8666 4511/4688/8666
f 4511/4688/8667 4525/4701/8667 4512/4689/8667
f 4525/4701/8668 4526/4702/8668 4512/4689/8668
f 4512/4689/8669 4526/4702/8669 4513/4690/8669
f 4526/4702/8670 4527/4703/8670 4513/4690/8670
f 4513/4690/8671 4527/4703/8671 4514/4691/8671
f 4527/4703/8672 4528/4704/8672 4514/4691/8672
f 4514/4691/8673 4528/4704/8673 4515/4692/8673
f 4528/4704/8674 4529/4705/8674 4515/4692/8674
f 4515/4692/8675 4529/4705/8675 4516/4693/8675
f 4529/4705/8676 4530/4706/8676 4516/4693/8676
f 4516/4693/8677 4530/4706/8677 4517/4694/8677
f 4530/4706/8678 4531/4707/8678 4517/4694/8678
f 4517/4694/8679 4531/4707/8679 4518/4695/8679
f 4531/4707/8680 4532/4708/8680 4518/4695/8680
f 4518/4695/8681 4532/4708/8681 4519/4696/8681
f 4532/4708/8682 4533/4709/8682 4519/4696/8682
f 4519/4696/8683 4533/4709/8683 4520/4697/8683
f 4533/4709/8684 4534/4710/8684 4520/4697/8684
f 4520/4697/8685 4534/4710/8685 2811/4125/8685
f 4534/4710/8686 2810/2802/8686 2811/4125/8686
f 2809/2792/8687 2659/2791/8687 4521/4619/8687
f 2659/2791/8688 2658/4711/8688 4521/4619/8688
f 4521/4619/8689 2658/4711/8689 4522/4698/8689
f 2658/4711/8690 2657/4712/8690 4522/4698/8690
f 4522/4698/8691 2657/4712/8691 4523/4699/8691
f 2657/4712/8692 2656/4713/8692 4523/4699/8692
f 4523/4699/8693 2656/4713/8693 4524/4700/8693
f 2656/4713/8694 2655/4714/8694 4524/4700/8694
f 4524/4700/8695 2655/4714/8695 4525/4701/8695
f 2655/4714/8696 2654/4715/8696 4525/4701/8696
f 4525/4701/8697 2654/4715/8697 4526/4702/8697
f 2654/4715/8698 2653/4716/8698 4526/4702/8698
f 4526/4702/8699 2653/4716/8699 4527/4703/8699
f 2653/4716/8700 2652/4717/8700 4527/4703/8700
f 4527/4703/8701 2652/4717/8701 4528/4704/8701
f 2652/4717/8702 2651/4718/8702 4528/4704/8702
f 4528/4704/8703 2651/4718/8703 4529/4705/8703
f 2651/4718/8704 2650/4719/8704 4529/4705/8704
f 4529/4705/8705 2650/4719/8705 4530/4706/8705
f 2650/4719/8706 2649/4720/8706 4530/4706/8706
f 4530/4706/8707 2649/4720/8707 4531/4707/8707
f 2649/4720/8708 2648/4721/8708 4531/4707/8708
f 4531/4707/8709 2648/4721/8709 4532/4708/8709
f 2648/4721/8710 2647/4722/8710 4532/4708/8710
f 4532/4708/8711 2647/4722/8711 4533/4709/8711
f 2647/4722/8712 2646/4723/8712 4533/4709/8712
f 4533/4709/8713 2646/4723/8713 4534/4710/8713
f 2646/4723/8714 2645/4724/8714 4534/4710/8714
f 4534/4710/8715 2645/4724/8715 2810/2802/8715
f 2645/4724/8716 2604/2777/8716 2810/2802/8716
f 2765/4232/8717 2794/3568/8717 2613/2819/8717
f 2766/4231/8718 4535/4725/8718 2765/4232/8718
f 2767/4230/8719 4536/4726/8719 2766/4231/8719
f 2768/4229/8720 4538/4727/8720 2767/4230/8720
f 2769/4228/8721 4541/4728/8721 2768/4229/8721
f 2770/4227/8722 4545/4729/8722 2769/4228/8722
f 2771/4226/8723 4550/4730/8723 2770/4227/8723
f 2772/4225/8724 4556/4731/8724 2771/4226/8724
f 2773/4224/8725 4563/4732/8725 2772/4225/8725
f 2774/4223/8726 4571/4733/8726 2773/4224/8726
f 2775/4222/8727 4580/4734/8727 2774/4223/8727
f 2776/4221/8728 4590/4735/8728 2775/4222/8728
f 2777/4220/8729 4601/4736/8729 2776/4221/8729
f 2778/4219/8730 4613/4737/8730 2777/4220/8730
f 2779/2789/8731 4626/4738/8731 2778/4219/8731
f 2765/4232/8732 4535/4725/8732 2794/3568/8732
f 4535/4725/8733 2793/3569/8733 2794/3568/8733
f 2766/4231/8734 4536/4726/8734 4535/4725/8734
f 4536/4726/8735 4537/4739/8735 4535/4725/8735
f 4535/4725/8736 4537/4739/8736 2793/3569/8736
f 4537/4739/8737 2792/3571/8737 2793/3569/8737
f 2767/4230/8738 4538/4727/8738 4536/4726/8738
f 4538/4727/8739 4539/4740/8739 4536/4726/8739
f 4536/4726/8740 4539/4740/8740 4537/4739/8740
f 4539/4740/8741 4540/4741/8741 4537/4739/8741
f 4537/4739/8742 4540/4741/8742 2792/3571/8742
f 4540/4741/8743 2791/3573/8743 2792/3571/8743
f 2768/4229/8744 4541/4728/8744 4538/4727/8744
f 4541/4728/8745 4542/4742/8745 4538/4727/8745
f 4538/4727/8746 4542/4742/8746 4539/4740/8746
f 4542/4742/8747 4543/4743/8747 4539/4740/8747
f 4539/4740/8748 4543/4743/8748 4540/4741/8748
f 4543/4743/8749 4544/4744/8749 4540/4741/8749
f 4540/4741/8750 4544/4744/8750 2791/3573/8750
f 4544/4744/8751 2790/3575/8751 2791/3573/8751
f 2769/4228/8752 4545/4729/8752 4541/4728/8752
f 4545/4729/8753 4546/4745/8753 4541/4728/8753
f 4541/4728/8754 4546/4745/8754 4542/4742/8754
f 4546/4745/8755 4547/4746/8755 4542/4742/8755
f 4542/4742/8756 4547/4746/8756 4543/4743/8756
f 4547/4746/8757 4548/4747/8757 4543/4743/8757
f 4543/4743/8758 4548/4747/8758 4544/4744/8758
f 4548/4747/8759 4549/4748/8759 4544/4744/8759
f 4544/4744/8760 4549/4748/8760 2790/3575/8760
f 4549/4748/8761 2789/3577/8761 2790/3575/8761
f 2770/4227/8762 4550/4730/8762 4545/4729/8762
f 4550/4730/8763 4551/4749/8763 4545/4729/8763
f 4545/4729/8764 4551/4749/8764 4546/4745/8764
f 4551/4749/8765 4552/4750/8765 4546/4745/8765
f 4546/4745/8766 4552/4750/8766 4547/4746/8766
f 4552/4750/8767 4553/4751/8767 4547/4746/8767
f 4547/4746/8768 4553/4751/8768 4548/4747/8768
f 4553/4751/8769 4554/4752/8769 4548/4747/8769
f 4548/4747/8770 4554/4752/8770 4549/4748/8770
f 4554/4752/8771 4555/4753/8771 4549/4748/8771
f 4549/4748/8772 4555/4753/8772 2789/3577/8772
f 4555/4753/8773 2788/3579/8773 2789/3577/8773
f 2771/4226/8774 4556/4731/8774 4550/4730/8774
f 4556/4731/8775 4557/4754/8775 4550/4730/8775
f 4550/4730/8776 4557/4754/8776 4551/4749/8776
f 4557/4754/8777 4558/4755/8777 4551/4749/8777
f 4551/4749/8778 4558/4755/8778 4552/4750/8778
f 4558/4755/8779 4559/4756/8779 4552/4750/8779
f 4552/4750/8780 4559/4756/8780 4553/4751/8780
f 4559/4756/8781 4560/4757/8781 4553/4751/8781
f 4553/4751/8782 4560/4757/8782 4554/4752/8782
f 4560/4757/8783 4561/4758/8783 4554/4752/8783
f 4554/4752/8784 4561/4758/8784 4555/4753/8784
f 4561/4758/8785 4562/4759/8785 4555/4753/8785
f 4555/4753/8786 4562/4759/8786 2788/3579/8786
f 4562/4759/8787 2787/3581/8787 2788/3579/8787
f 2772/4225/8788 4563/4732/8788 4556/4731/8788
f 4563/4732/8789 4564/4760/8789 4556/4731/8789
f 4556/4731/8790 4564/4760/8790 4557/4754/8790
f 4564/4760/8791 4565/4761/8791 4557/4754/8791
f 4557/4754/8792 4565/4761/8792 4558/4755/8792
f 4565/4761/8793 4566/4762/8793 4558/4755/8793
f 4558/4755/8794 4566/4762/8794 4559/4756/8794
f 4566/4762/8795 4567/4763/8795 4559/4756/8795
f 4559/4756/8796 4567/4763/8796 4560/4757/8796
f 4567/4763/8797 4568/4764/8797 4560/4757/8797
f 4560/4757/8798 4568/4764/8798 4561/4758/8798
f 4568/4764/8799 4569/4765/8799 4561/4758/8799
f 4561/4758/8800 4569/4765/8800 4562/4759/8800
f 4569/4765/8801 4570/4766/8801 4562/4759/8801
f 4562/4759/8802 4570/4766/8802 2787/3581/8802
f 4570/4766/8803 2786/3583/8803 2787/3581/8803
f 2773/4224/8804 4571/4733/8804 4563/4732/8804
f 4571/4733/8805 4572/4767/8805 4563/4732/8805
f 4563/4732/8806 4572/4767/8806 4564/4760/8806
f 4572/4767/8807 4573/4768/8807 4564/4760/8807
f 4564/4760/8808 4573/4768/8808 4565/4761/8808
f 4573/4768/8809 4574/4769/8809 4565/4761/8809
f 4565/4761/8810 4574/4769/8810 4566/4762/8810
f 4574/4769/8811 4575/4770/8811 4566/4762/8811
f 4566/4762/8812 4575/4770/8812 4567/4763/8812
f 4575/4770/8813 4576/4771/8813 4567/4763/8813
f 4567/4763/8814 4576/4771/8814 4568/4764/8814
f 4576/4771/8815 4577/4772/8815 4568/4764/8815
f 4568/4764/8816 4577/4772/8816 4569/4765/8816
f 4577/4772/8817 4578/4773/8817 4569/4765/8817
f 4569/4765/8818 4578/4773/8818 4570/4766/8818
f 4578/4773/8819 4579/4774/8819 4570/4766/8819
f 4570/4766/8820 4579/4774/8820 2786/3583/8820
f 4579/4774/8821 2785/3585/8821 2786/3583/8821
f 2774/4223/8822 4580/4734/8822 4571/4733/8822
f 4580/4734/8823 4581/4775/8823 4571/4733/8823
f 4571/4733/8824 4581/4775/8824 4572/4767/8824
f 4581/4775/8825 4582/4776/8825 4572/4767/8825
f 4572/4767/8826 4582/4776/8826 4573/4768/8826
f 4582/4776/8827 4583/4777/8827 4573/4768/8827
f 4573/4768/8828 4583/4777/8828 4574/4769/8828
f 4583/4777/8829 4584/4778/8829 4574/4769/8829
f 4574/4769/8830 4584/4778/8830 4575/4770/8830
f 4584/4778/8831 4585/4779/8831 4575/4770/8831
f 4575/4770/8832 4585/4779/8832 4576/4771/8832
f 4585/4779/8833 4586/4780/8833 4576/4771/8833
f 4576/4771/8834 4586/4780/8834 4577/4772/8834
f 4586/4780/8835 4587/4781/8835 4577/4772/8835
f 4577/4772/8836 4587/4781/8836 4578/4773/8836
f 4587/4781/8837 4588/4782/8837 4578/4773/8837
f 4578/4773/8838 4588/4782/8838 4579/4774/8838
f 4588/4782/8839 4589/4783/8839 4579/4774/8839
f 4579/4774/8840 4589/4783/8840 2785/3585/8840
f 4589/4783/8841 2784/3587/8841 2785/3585/8841
f 2775/4222/8842 4590/4735/8842 4580/4734/8842
f 4590/4735/8843 4591/4784/8843 4580/4734/8843
f 4580/4734/8844 4591/4784/8844 4581/4775/8844
f 4591/4784/8845 4592/4785/8845 4581/4775/8845
f 4581/4775/8846 4592/4785/8846 4582/4776/8846
f 4592/4785/8847 4593/4786/8847 4582/4776/8847
f 4582/4776/8848 4593/4786/8848 4583/4777/8848
f 4593/4786/8849 4594/4787/8849 4583/4777/8849
f 4583/4777/8850 4594/4787/8850 4584/4778/8850
f 4594/4787/8851 4595/4788/8851 4584/4778/8851
f 4584/4778/8852 4595/4788/8852 4585/4779/8852
f 4595/4788/8853 4596/4789/8853 4585/4779/8853
f 4585/4779/8854 4596/4789/8854 4586/4780/8854
f 4596/4789/8855 4597/4790/8855 4586/4780/8855
f 4586/4780/8856 4597/4790/8856 4587/4781/8856
f 4597/4790/8857 4598/4791/8857 4587/4781/8857
f 4587/4781/8858 4598/4791/8858 4588/4782/8858
f 4598/4791/8859 4599/4792/8859 4588/4782/8859
f 4588/4782/8860 4599/4792/8860 4589/4783/8860
f 4599/4792/8861 4600/4793/8861 4589/4783/8861
f 4589/4783/8862 4600/4793/8862 2784/3587/8862
f 4600/4793/8863 2783/3589/8863 2784/3587/8863
f 2776/4221/8864 4601/4736/8864 4590/4735/8864
f 4601/4736/8865 4602/4794/8865 4590/4735/8865
f 4590/4735/8866 4602/4794/8866 4591/4784/8866
f 4602/4794/8867 4603/4795/8867 4591/4784/8867
f 4591/4784/8868 4603/4795/8868 4592/4785/8868
f 4603/4795/8869 4604/4796/8869 4592/4785/8869
f 4592/4785/8870 4604/4796/8870 4593/4786/8870
f 4604/4796/8871 4605/4797/8871 4593/4786/8871
f 4593/4786/8872 4605/4797/8872 4594/4787/8872
f 4605/4797/8873 4606/4798/8873 4594/4787/8873
f 4594/4787/8874 4606/4798/8874 4595/4788/8874
f 4606/4798/8875 4607/4799/8875 4595/4788/8875
f 4595/4788/8876 4607/4799/8876 4596/4789/8876
f 4607/4799/8877 4608/4800/8877 4596/4789/8877
f 4596/4789/8878 4608/4800/8878 4597/4790/8878
f 4608/4800/8879 4609/4801/8879 4597/4790/8879
f 4597/4790/8880 4609/4801/8880 4598/4791/8880
f 4609/4801/8881 4610/4802/8881 4598/4791/8881
f 4598/4791/8882 4610/4802/8882 4599/4792/8882
f 4610/4802/8883 4611/4803/8883 4599/4792/8883
f 4599/4792/8884 4611/4803/8884 4600/4793/8884
f 4611/4803/8885 4612/4804/8885 4600/4793/8885
f 4600/4793/8886 4612/4804/8886 2783/3589/8886
f 4612/4804/8887 2782/3591/8887 2783/3589/8887
f 2777/4220/8888 4613/4737/8888 4601/4736/8888
f 4613/4737/8889 4614/4805/8889 4601/4736/8889
f 4601/4736/8890 4614/4805/8890 4602/4794/8890
f 4614/4805/8891 4615/4806/8891 4602/4794/8891
f 4602/4794/8892 4615/4806/8892 4603/4795/8892
f 4615/4806/8893 4616/4807/8893 4603/4795/8893
f 4603/4795/8894 4616/4807/8894 4604/4796/8894
f 4616/4807/8895 4617/4808/8895 4604/4796/8895
f 4604/4796/8896 4617/4808/8896 4605/4797/8896
f 4617/4808/8897 4618/4809/8897 4605/4797/8897
f 4605/4797/8898 4618/4809/8898 4606/4798/8898
f 4618/4809/8899 4619/4810/8899 4606/4798/8899
f 4606/4798/8900 4619/4810/8900 4607/4799/8900
f 4619/4810/8901 4620/4811/8901 4607/4799/8901
f 4607/4799/8902 4620/4811/8902 4608/4800/8902
f 4620/4811/8903 4621/4812/8903 4608/4800/8903
f 4608/4800/8904 4621/4812/8904 4609/4801/8904
f 4621/4812/8905 4622/4813/8905 4609/4801/8905
f 4609/4801/8906 4622/4813/8906 4610/4802/8906
f 4622/4813/8907 4623/4814/8907 4610/4802/8907
f 4610/4802/8908 4623/4814/8908 4611/4803/8908
f 4623/4814/8909 4624/4815/8909 4611/4803/8909
f 4611/4803/8910 4624/4815/8910 4612/4804/8910
f 4624/4815/8911 4625/4816/8911 4612/4804/8911
f 4612/4804/8912 4625/4816/8912 2782/3591/8912
f 4625/4816/8913 2781/3593/8913 2782/3591/8913
f 2778/4219/8914 4626/4738/8914 4613/4737/8914
f 4626/4738/8915 4627/4817/8915 4613/4737/8915
f 4613/4737/8916 4627/4817/8916 4614/4805/8916
f 4627/4817/8917 4628/4818/8917 4614/4805/8917
f 4614/4805/8918 4628/4818/8918 4615/4806/8918
f 4628/4818/8919 4629/4819/8919 4615/4806/8919
f 4615/4806/8920 4629/4819/8920 4616/4807/8920
f 4629/4819/8921 4630/4820/8921 4616/4807/8921
f 4616/4807/8922 4630/4820/8922 4617/4808/8922
f 4630/4820/8923 4631/4821/8923 4617/4808/8923
f 4617/4808/8924 4631/4821/8924 4618/4809/8924
f 4631/4821/8925 4632/4822/8925 4618/4809/8925
f 4618/4809/8926 4632/4822/8926 4619/4810/8926
f 4632/4822/8927 4633/4823/8927 4619/4810/8927
f 4619/4810/8928 4633/4823/8928 4620/4811/8928
f 4633/4823/8929 4634/4824/8929 4620/4811/8929
f 4620/4811/8930 4634/4824/8930 4621/4812/8930
f 4634/4824/8931 4635/4825/8931 4621/4812/8931
f 4621/4812/8932 4635/4825/8932 4622/4813/8932
f 4635/4825/8933 4636/4826/8933 4622/4813/8933
f 4622/4813/8934 4636/4826/8934 4623/4814/8934
f 4636/4826/8935 4637/4827/8935 4623/4814/8935
f 4623/4814/8936 4637/4827/8936 4624/4815/8936
f 4637/4827/8937 4638/4828/8937 4624/4815/8937
f 4624/4815/8938 4638/4828/8938 4625/4816/8938
f 4638/4828/8939 4639/4829/8939 4625/4816/8939
f 4625/4816/8940 4639/4829/8940 2781/3593/8940
f 4639/4829/8941 2780/2806/8941 2781/3593/8941
f 2779/2789/8942 2674/2779/8942 4626/4738/8942
f 2674/2779/8943 2673/4830/8943 4626/4738/8943
f 4626/4738/8944 2673/4830/8944 4627/4817/8944
f 2673/4830/8945 2672/4831/8945 4627/4817/8945
f 4627/4817/8946 2672/4831/8946 4628/4818/8946
f 2672/4831/8947 2671/4832/8947 4628/4818/8947
f 4628/4818/8948 2671/4832/8948 4629/4819/8948
f 2671/4832/8949 2670/4833/8949 4629/4819/8949
f 4629/4819/8950 2670/4833/8950 4630/4820/8950
f 2670/4833/8951 2669/4834/8951 4630/4820/8951
f 4630/4820/8952 2669/4834/8952 4631/4821/8952
f 2669/4834/8953 2668/4835/8953 4631/4821/8953
f 4631/4821/8954 2668/4835/8954 4632/4822/8954
f 2668/4835/8955 2667/4836/8955 4632/4822/8955
f 4632/4822/8956 2667/4836/8956 4633/4823/8956
f 2667/4836/8957 2666/4837/8957 4633/4823/8957
f 4633/4823/8958 2666/4837/8958 4634/4824/8958
f 2666/4837/8959 2665/4838/8959 4634/4824/8959
f 4634/4824/8960 2665/4838/8960 4635/4825/8960
f 2665/4838/8961 2664/4839/8961 4635/4825/8961
f 4635/4825/8962 2664/4839/8962 4636/4826/8962
f 2664/4839/8963 2663/4840/8963 4636/4826/8963
f 4636/4826/8964 2663/4840/8964 4637/4827/8964
f 2663/4840/8965 2662/4841/8965 4637/4827/8965
f 4637/4827/8966 2662/4841/8966 4638/4828/8966
f 2662/4841/8967 2661/4842/8967 4638/4828/8967
f 4638/4828/8968 2661/4842/8968 4639/4829/8968
f 2661/4842/8969 2660/4843/8969 4639/4829/8969
f 4639/4829/8970 2660/4843/8970 2780/2806/8970
f 2660/4843/8971 2608/2799/8971 2780/2806/8971
f 2689/4844/8972 2764/2800/8972 2608/2799/8972
f 2688/4845/8973 4640/4846/8973 2689/4844/8973
f 2687/4847/8974 4641/4848/8974 2688/4845/8974
f 2686/4849/8975 4643/4850/8975 2687/4847/8975
f 2685/4851/8976 4646/4852/8976 2686/4849/8976
f 2684/4853/8977 4650/4854/8977 2685/4851/8977
f 2683/4855/8978 4655/4856/8978 2684/4853/8978
f 2682/4857/8979 4661/4858/8979 2683/4855/8979
f 2681/4859/8980 4668/4860/8980 2682/4857/8980
f 2680/4861/8981 4676/4862/8981 2681/4859/8981
f 2679/4863/8982 4685/4864/8982 2680/4861/8982
f 2678/4865/8983 4695/4866/8983 2679/4863/8983
f 2677/4867/8984 4706/4868/8984 2678/4865/8984
f 2676/4869/8985 4718/4870/8985 2677/4867/8985
f 2675/2788/8986 4731/4871/8986 2676/4869/8986
f 2689/4844/8987 4640/4846/8987 2764/2800/8987
f 4640/4846/8988 2763/4338/8988 2764/2800/8988
f 2688/4845/8989 4641/4848/8989 4640/4846/8989
f 4641/4848/8990 4642/4872/8990 4640/4846/8990
f 4640/4846/8991 4642/4872/8991 2763/4338/8991
f 4642/4872/8992 2762/4339/8992 2763/4338/8992
f 2687/4847/8993 4643/4850/8993 4641/4848/8993
f 4643/4850/8994 4644/4873/8994 4641/4848/8994
f 4641/4848/8995 4644/4873/8995 4642/4872/8995
f 4644/4873/8996 4645/4874/8996 4642/4872/8996
f 4642/4872/8997 4645/4874/8997 2762/4339/8997
f 4645/4874/8998 2761/4340/8998 2762/4339/8998
f 2686/4849/8999 4646/4852/8999 4643/4850/8999
f 4646/4852/9000 4647/4875/9000 4643/4850/9000
f 4643/4850/9001 4647/4875/9001 4644/4873/9001
f 4647/4875/9002 4648/4876/9002 4644/4873/9002
f 4644/4873/9003 4648/4876/9003 4645/4874/9003
f 4648/4876/9004 4649/4877/9004 4645/4874/9004
f 4645/4874/9005 4649/4877/9005 2761/4340/9005
f 4649/4877/9006 2760/4341/9006 2761/4340/9006
f 2685/4851/9007 4650/4854/9007 4646/4852/9007
f 4650/4854/9008 4651/4878/9008 4646/4852/9008
f 4646/4852/9009 4651/4878/9009 4647/4875/9009
f 4651/4878/9010 4652/4879/9010 4647/4875/9010
f 4647/4875/9011 4652/4879/9011 4648/4876/9011
f 4652/4879/9012 4653/4880/9012 4648/4876/9012
f 4648/4876/9013 4653/4880/9013 4649/4877/9013
f 4653/4880/9014 4654/4881/9014 4649/4877/9014
f 4649/4877/9015 4654/4881/9015 2760/4341/9015
f 4654/4881/9016 2759/4342/9016 2760/4341/9016
f 2684/4853/9017 4655/4856/9017 4650/4854/9017
f 4655/4856/9018 4656/4882/9018 4650/4854/9018
f 4650/4854/9019 4656/4882/9019 4651/4878/9019
f 4656/4882/9020 4657/4883/9020 4651/4878/9020
f 4651/4878/9021 4657/4883/9021 4652/4879/9021
f 4657/4883/9022 4658/4884/9022 4652/4879/9022
f 4652/4879/9023 4658/4884/9023 4653/4880/9023
f 4658/4884/9024 4659/4885/9024 4653/4880/9024
f 4653/4880/9025 4659/4885/9025 4654/4881/9025
f 4659/4885/9026 4660/4886/9026 4654/4881/9026
f 4654/4881/9027 4660/4886/9027 2759/4342/9027
f 4660/4886/9028 2758/4343/9028 2759/4342/9028
f 2683/4855/9029 4661/4858/9029 4655/4856/9029
f 4661/4858/9030 4662/4887/9030 4655/4856/9030
f 4655/4856/9031 4662/4887/9031 4656/4882/9031
f 4662/4887/9032 4663/4888/9032 4656/4882/9032
f 4656/4882/9033 4663/4888/9033 4657/4883/9033
f 4663/4888/9034 4664/4889/9034 4657/4883/9034
f 4657/4883/9035 4664/4889/9035 4658/4884/9035
f 4664/4889/9036 4665/4890/9036 4658/4884/9036
f 4658/4884/9037 4665/4890/9037 4659/4885/9037
f 4665/4890/9038 4666/4891/9038 4659/4885/9038
f 4659/4885/9039 4666/4891/9039 4660/4886/9039
f 4666/4891/9040 4667/4892/9040 4660/4886/9040
f 4660/4886/9041 4667/4892/9041 2758/4343/9041
f 4667/4892/9042 2757/4344/9042 2758/4343/9042
f 2682/4857/9043 4668/4860/9043 4661/4858/9043
f 4668/4860/9044 4669/4893/9044 4661/4858/9044
f 4661/4858/9045 4669/4893/9045 4662/4887/9045
f 4669/4893/9046 4670/4894/9046 4662/4887/9046
f 4662/4887/9047 4670/4894/9047 4663/4888/9047
f 4670/4894/9048 4671/4895/9048 4663/4888/9048
f 4663/4888/9049 4671/4895/9049 4664/4889/9049
f 4671/4895/9050 4672/4896/9050 4664/4889/9050
f 4664/4889/9051 4672/4896/9051 4665/4890/9051
f 4672/4896/9052 4673/4897/9052 4665/4890/9052
f 4665/4890/9053 4673/4897/9053 4666/4891/9053
f 4673/4897/9054 4674/4898/9054 4666/4891/9054
f 4666/4891/9055 4674/4898/9055 4667/4892/9055
f 4674/4898/9056 4675/4899/9056 4667/4892/9056
f 4667/4892/9057 4675/4899/9057 2757/4344/9057
f 4675/4899/9058 2756/4345/9058 2757/4344/9058
f 2681/4859/9059 4676/4862/9059 4668/4860/9059
f 4676/4862/9060 4677/4900/9060 4668/4860/9060
f 4668/4860/9061 4677/4900/9061 4669/4893/9061
f 4677/4900/9062 4678/4901/9062 4669/4893/9062
f 4669/4893/9063 4678/4901/9063 4670/4894/9063
f 4678/4901/9064 4679/4902/9064 4670/4894/9064
f 4670/4894/9065 4679/4902/9065 4671/4895/9065
f 4679/4902/9066 4680/4903/9066 4671/4895/9066
f 4671/4895/9067 4680/4903/9067 4672/4896/9067
f 4680/4903/9068 4681/4904/9068 4672/4896/9068
f 4672/4896/9069 4681/4904/9069 4673/4897/9069
f 4681/4904/9070 4682/4905/9070 4673/4897/9070
f 4673/4897/9071 4682/4905/9071 4674/4898/9071
f 4682/4905/9072 4683/4906/9072 4674/4898/9072
f 4674/4898/9073 4683/4906/9073 4675/4899/9073
f 4683/4906/9074 4684/4907/9074 4675/4899/9074
f 4675/4899/9075 4684/4907/9075 2756/4345/9075
f 4684/4907/9076 2755/4346/9076 2756/4345/9076
f 2680/4861/9077 4685/4864/9077 4676/4862/9077
f 4685/4864/9078 4686/4908/9078 4676/4862/9078
f 4676/4862/9079 4686/4908/9079 4677/4900/9079
f 4686/4908/9080 4687/4909/9080 4677/4900/9080
f 4677/4900/9081 4687/4909/9081 4678/4901/9081
f 4687/4909/9082 4688/4910/9082 4678/4901/9082
f 4678/4901/9083 4688/4910/9083 4679/4902/9083
f 4688/4910/9084 4689/4911/9084 4679/4902/9084
f 4679/4902/9085 4689/4911/9085 4680/4903/9085
f 4689/4911/9086 4690/4912/9086 4680/4903/9086
f 4680/4903/9087 4690/4912/9087 4681/4904/9087
f 4690/4912/9088 4691/4913/9088 4681/4904/9088
f 4681/4904/9089 4691/4913/9089 4682/4905/9089
f 4691/4913/9090 4692/4914/9090 4682/4905/9090
f 4682/4905/9091 4692/4914/9091 4683/4906/9091
f 4692/4914/9092 4693/4915/9092 4683/4906/9092
f 4683/4906/9093 4693/4915/9093 4684/4907/9093
f 4693/4915/9094 4694/4916/9094 4684/4907/9094
f 4684/4907/9095 4694/4916/9095 2755/4346/9095
f 4694/4916/9096 2754/4347/9096 2755/4346/9096
f 2679/4863/9097 4695/4866/9097 4685/4864/9097
f 4695/4866/9098 4696/4917/9098 4685/4864/9098
f 4685/4864/9099 4696/4917/9099 4686/4908/9099
f 4696/4917/9100 4697/4918/9100 4686/4908/9100
f 4686/4908/9101 4697/4918/9101 4687/4909/9101
f 4697/4918/9102 4698/4919/9102 4687/4909/9102
f 4687/4909/9103 4698/4919/9103 4688/4910/9103
f 4698/4919/9104 4699/4920/9104 4688/4910/9104
f 4688/4910/9105 4699/4920/9105 4689/4911/9105
f 4699/4920/9106 4700/4921/9106 4689/4911/9106
f 4689/4911/9107 4700/4921/9107 4690/4912/9107
f 4700/4921/9108 4701/4922/9108 4690/4912/9108
f 4690/4912/9109 4701/4922/9109 4691/4913/9109
f 4701/4922/9110 4702/4923/9110 4691/4913/9110
f 4691/4913/9111 4702/4923/9111 4692/4914/9111
f 4702/4923/9112 4703/4924/9112 4692/4914/9112
f 4692/4914/9113 4703/4924/9113 4693/4915/9113
f 4703/4924/9114 4704/4925/9114 4693/4915/9114
f 4693/4915/9115 4704/4925/9115 4694/4916/9115
f 4704/4925/9116 4705/4926/9116 4694/4916/9116
f 4694/4916/9117 4705/4926/9117 2754/4347/9117
f 4705/4926/9118 2753/4348/9118 2754/4347/9118
f 2678/4865/9119 4706/4868/9119 4695/4866/9119
f 4706/4868/9120 4707/4927/9120 4695/4866/9120
f 4695/4866/9121 4707/4927/9121 4696/4917/9121
f 4707/4927/9122 4708/4928/9122 4696/4917/9122
f 4696/4917/9123 4708/4928/9123 4697/4918/9123
f 4708/4928/9124 4709/4929/9124 4697/4918/9124
f 4697/4918/9125 4709/4929/9125 4698/4919/9125
f 4709/4929/9126 4710/4930/9126 4698/4919/9126
f 4698/4919/9127 4710/4930/9127 4699/4920/9127
f 4710/4930/9128 4711/4931/9128 4699/4920/9128
f 4699/4920/9129 4711/4931/9129 4700/4921/9129
f 4711/4931/9130 4712/4932/9130 4700/4921/9130
f 4700/4921/9131 4712/4932/9131 4701/4922/9131
f 4712/4932/9132 4713/4933/9132 4701/4922/9132
f 4701/4922/9133 4713/4933/9133 4702/4923/9133
f 4713/4933/9134 4714/4934/9134 4702/4923/9134
f 4702/4923/9135 4714/4934/9135 4703/4924/9135
f 4714/4934/9136 4715/4935/9136 4703/4924/9136
f 4703/4924/9137 4715/4935/9137 4704/4925/9137
f 4715/4935/9138 4716/4936/9138 4704/4925/9138
f 4704/4925/9139 4716/4936/9139 4705/4926/9139
f 4716/4936/9140 4717/4937/9140 4705/4926/9140
f 4705/4926/9141 4717/4937/9141 2753/4348/9141
f 4717/4937/9142 2752/4349/9142 2753/4348/9142
f 2677/4867/9143 4718/4870/9143 4706/4868/9143
f 4718/4870/9144 4719/4938/9144 4706/4868/9144
f 4706/4868/9145 4719/4938/9145 4707/4927/9145
f 4719/4938/9146 4720/4939/9146 4707/4927/9146
f 4707/4927/9147 4720/4939/9147 4708/4928/9147
f 4720/4939/9148 4721/4940/9148 4708/4928/9148
f 4708/4928/9149 4721/4940/9149 4709/4929/9149
f 4721/4940/9150 4722/4941/9150 4709/4929/9150
f 4709/4929/9151 4722/4941/9151 4710/4930/9151
f 4722/4941/9152 4723/4942/9152 4710/4930/9152
f 4710/4930/9153 4723/4942/9153 4711/4931/9153
f 4723/4942/9154 4724/4943/9154 4711/4931/9154
f 4711/4931/9155 4724/4943/9155 4712/4932/9155
f 4724/4943/9156 4725/4944/9156 4712/4932/9156
f 4712/4932/9157 4725/4944/9157 4713/4933/9157
f 4725/4944/9158 4726/4945/9158 4713/4933/9158
f 4713/4933/9159 4726/4945/9159 4714/4934/9159
f 4726/4945/9160 4727/4946/9160 4714/4934/9160
f 4714/4934/9161 4727/4946/9161 4715/4935/9161
f 4727/4946/9162 4728/4947/9162 4715/4935/9162
f 4715/4935/9163 4728/4947/9163 4716/4936/9163
f 4728/4947/9164 4729/4948/9164 4716/4936/9164
f 4716/4936/9165 4729/4948/9165 4717/4937/9165
f 4729/4948/9166 4730/4949/9166 4717/4937/9166
f 4717/4937/9167 4730/4949/9167 2752/4349/9167
f 4730/4949/9168 2751/4350/9168 2752/4349/9168
f 2676/4869/9169 4731/4871/9169 4718/4870/9169
f 4731/4871/9170 4732/4950/9170 4718/4870/9170
f 4718/4870/9171 4732/4950/9171 4719/4938/9171
f 4732/4950/9172 4733/4951/9172 4719/4938/9172
f 4719/4938/9173 4733/4951/9173 4720/4939/9173
f 4733/4951/9174 4734/4952/9174 4720/4939/9174
f 4720/4939/9175 4734/4952/9175 4721/4940/9175
f 4734/4952/9176 4735/4953/9176 4721/4940/9176
f 4721/4940/9177 4735/4953/9177 4722/4941/9177
f 4735/4953/9178 4736/4954/9178 4722/4941/9178
f 4722/4941/9179 4736/4954/9179 4723/4942/9179
f 4736/4954/9180 4737/4955/9180 4723/4942/9180
f 4723/4942/9181 4737/4955/9181 4724/4943/9181
f 4737/4955/9182 4738/4956/9182 4724/4943/9182
f 4724/4943/9183 4738/4956/9183 4725/4944/9183
f 4738/4956/9184 4739/4957/9184 4725/4944/9184
f 4725/4944/9185 4739/4957/9185 4726/4945/9185
f 4739/4957/9186 4740/4958/9186 4726/4945/9186
f 4726/4945/9187 4740/4958/9187 4727/4946/9187
f 4740/4958/9188 4741/4959/9188 4727/4946/9188
f 4727/4946/9189 4741/4959/9189 4728/4947/9189
f 4741/4959/9190 4742/4960/9190 4728/4947/9190
f 4728/4947/9191 4742/4960/9191 4729/4948/9191
f 4742/4960/9192 4743/4961/9192 4729/4948/9192
f 4729/4948/9193 4743/4961/9193 4730/4949/9193
f 4743/4961/9194 4744/4962/9194 4730/4949/9194
f 4730/4949/9195 4744/4962/9195 2751/4350/9195
f 4744/4962/9196 2750/4351/9196 2751/4350/9196
f 2675/2788/9197 2734/2787/9197 4731/4871/9197
f 2734/2787/9198 2733/4963/9198 4731/4871/9198
f 4731/4871/9199 2733/4963/9199 4732/4950/9199
f 2733/4963/9200 2732/4964/9200 4732/4950/9200
f 4732/4950/9201 2732/4964/9201 4733/4951/9201
f 2732/4964/9202 2731/4965/9202 4733/4951/9202
f 4733/4951/9203 2731/4965/9203 4734/4952/9203
f 2731/4965/9204 2730/4966/9204 4734/4952/9204
f 4734/4952/9205 2730/4966/9205 4735/4953/9205
f 2730/4966/9206 2729/4967/9206 4735/4953/9206
f 4735/4953/9207 2729/4967/9207 4736/4954/9207
f 2729/4967/9208 2728/4968/9208 4736/4954/9208
f 4736/4954/9209 2728/4968/9209 4737/4955/9209
f 2728/4968/9210 2727/4969/9210 4737/4955/9210
f 4737/4955/9211 2727/4969/9211 4738/4956/9211
f 2727/4969/9212 2726/4970/9212 4738/4956/9212
f 4738/4956/9213 2726/4970/9213 4739/4957/9213
f 2726/4970/9214 2725/4971/9214 4739/4957/9214
f 4739/4957/9215 2725/4971/9215 4740/4958/9215
f 2725/4971/9216 2724/4972/9216 4740/4958/9216
f 4740/4958/9217 2724/4972/9217 4741/4959/9217
f 2724/4972/9218 2723/4973/9218 4741/4959/9218
f 4741/4959/9219 2723/4973/9219 4742/4960/9219
f 2723/4973/9220 2722/4974/9220 4742/4960/9220
f 4742/4960/9221 2722/4974/9221 4743/4961/9221
f 2722/4974/9222 2721/4975/9222 4743/4961/9222
f 4743/4961/9223 2721/4975/9223 4744/4962/9223
f 2721/4975/9224 2720/4976/9224 4744/4962/9224
f 4744/4962/9225 2720/4976/9225 2750/4351/9225
f 2720/4976/9226 2607/2796/9226 2750/4351/9226
f 2720/4977/9227 2749/2797/9227 2607/2796/9227
f 2721/4978/9228 4745/4979/9228 2720/4977/9228
f 2722/4980/9229 4746/4981/9229 2721/4978/9229
f 2723/4982/9230 4748/4983/9230 2722/4980/9230
f 2724/4984/9231 4751/4985/9231 2723/4982/9231
f 2725/4986/9232 4755/4987/9232 2724/4984/9232
f 2726/4988/9233 4760/4989/9233 2725/4986/9233
f 2727/4990/9234 4766/4991/9234 2726/4988/9234
f 2728/4992/9235 4773/4993/9235 2727/4990/9235
f 2729/4994/9236 4781/4995/9236 2728/4992/9236
f 2730/4996/9237 4790/4997/9237 2729/4994/9237
f 2731/4998/9238 4800/4999/9238 2730/4996/9238
f 2732/5000/9239 4811/5001/9239 2731/4998/9239
f 2733/5002/9240 4823/5003/9240 2732/5000/9240
f 2734/2785/9241 4836/5004/9241 2733/5002/9241
f 2720/4977/9242 4745/4979/9242 2749/2797/9242
f 4745/4979/9243 2748/4457/9243 2749/2797/9243
f 2721/4978/9244 4746/4981/9244 4745/4979/9244
f 4746/4981/9245 4747/5005/9245 4745/4979/9245
f 4745/4979/9246 4747/5005/9246 2748/4457/9246
f 4747/5005/9247 2747/4458/9247 2748/4457/9247
f 2722/4980/9248 4748/4983/9248 4746/4981/9248
f 4748/4983/9249 4749/5006/9249 4746/4981/9249
f 4746/4981/9250 4749/5006/9250 4747/5005/9250
f 4749/5006/9251 4750/5007/9251 4747/5005/9251
f 4747/5005/9252 4750/5007/9252 2747/4458/9252
f 4750/5007/9253 2746/4459/9253 2747/4458/9253
f 2723/4982/9254 4751/4985/9254 4748/4983/9254
f 4751/4985/9255 4752/5008/9255 4748/4983/9255
f 4748/4983/9256 4752/5008/9256 4749/5006/9256
f 4752/5008/9257 4753/5009/9257 4749/5006/9257
f 4749/5006/9258 4753/5009/9258 4750/5007/9258
f 4753/5009/9259 4754/5010/9259 4750/5007/9259
f 4750/5007/9260 4754/5010/9260 2746/4459/9260
f 4754/5010/9261 2745/4460/9261 2746/4459/9261
f 2724/4984/9262 4755/4987/9262 4751/4985/9262
f 4755/4987/9263 4756/5011/9263 4751/4985/9263
f 4751/4985/9264 4756/5011/9264 4752/5008/9264
f 4756/5011/9265 4757/5012/9265 4752/5008/9265
f 4752/5008/9266 4757/5012/9266 4753/5009/9266
f 4757/5012/9267 4758/5013/9267 4753/5009/9267
f 4753/5009/9268 4758/5013/9268 4754/5010/9268
f 4758/5013/9269 4759/5014/9269 4754/5010/9269
f 4754/5010/9270 4759/5014/9270 2745/4460/9270
f 4759/5014/9271 2744/4461/9271 2745/4460/9271
f 2725/4986/9272 4760/4989/9272 4755/4987/9272
f 4760/4989/9273 4761/5015/9273 4755/4987/9273
f 4755/4987/9274 4761/5015/9274 4756/5011/9274
f 4761/5015/9275 4762/5016/9275 4756/5011/9275
f 4756/5011/9276 4762/5016/9276 4757/5012/9276
f 4762/5016/9277 4763/5017/9277 4757/5012/9277
f 4757/5012/9278 4763/5017/9278 4758/5013/9278
f 4763/5017/9279 4764/5018/9279 4758/5013/9279
f 4758/5013/9280 4764/5018/9280 4759/5014/9280
f 4764/5018/9281 4765/5019/9281 4759/5014/9281
f 4759/5014/9282 4765/5019/9282 2744/4461/9282
f 4765/5019/9283 2743/4462/9283 2744/4461/9283
f 2726/4988/9284 4766/4991/9284 4760/4989/9284
f 4766/4991/9285 4767/5020/9285 4760/4989/9285
f 4760/4989/9286 4767/5020/9286 4761/5015/9286
f 4767/5020/9287 4768/5021/9287 4761/5015/9287
f 4761/5015/9288 4768/5021/9288 4762/5016/9288
f 4768/5021/9289 4769/5022/9289 4762/5016/9289
f 4762/5016/9290 4769/5022/9290 4763/5017/9290
f 4769/5022/9291 4770/5023/9291 4763/5017/9291
f 4763/5017/9292 4770/5023/9292 4764/5018/9292
f 4770/5023/9293 4771/5024/9293 4764/5018/9293
f 4764/5018/9294 4771/5024/9294 4765/5019/9294
f 4771/5024/9295 4772/5025/9295 4765/5019/9295
f 4765/5019/9296 4772/5025/9296 2743/4462/9296
f 4772/5025/9297 2742/4463/9297 2743/4462/9297
f 2727/4990/9298 4773/4993/9298 4766/4991/9298
f 4773/4993/9299 4774/5026/9299 4766/4991/9299
f 4766/4991/9300 4774/5026/9300 4767/5020/9300
f 4774/5026/9301 4775/5027/9301 4767/5020/9301
f 4767/5020/9302 4775/5027/9302 4768/5021/9302
f 4775/5027/9303 4776/5028/9303 4768/5021/9303
f 4768/5021/9304 4776/5028/9304 4769/5022/9304
f 4776/5028/9305 4777/5029/9305 4769/5022/9305
f 4769/5022/9306 4777/5029/9306 4770/5023/9306
f 4777/5029/9307 4778/5030/9307 4770/5023/9307
f 4770/5023/9308 4778/5030/9308 4771/5024/9308
f 4778/5030/9309 4779/5031/9309 4771/5024/9309
f 4771/5024/9310 4779/5031/9310 4772/5025/9310
f 4779/5031/9311 4780/5032/9311 4772/5025/9311
f 4772/5025/9312 4780/5032/9312 2742/4463/9312
f 4780/5032/9313 2741/4464/9313 2742/4463/9313
f 2728/4992/9314 4781/4995/9314 4773/4993/9314
f 4781/4995/9315 4782/5033/9315 4773/4993/9315
f 4773/4993/9316 4782/5033/9316 4774/5026/9316
f 4782/5033/9317 4783/5034/9317 4774/5026/9317
f 4774/5026/9318 4783/5034/9318 4775/5027/9318
f 4783/5034/9319 4784/5035/9319 4775/5027/9319
f 4775/5027/9320 4784/5035/9320 4776/5028/9320
f 4784/5035/9321 4785/5036/9321 4776/5028/9321
f 4776/5028/9322 4785/5036/9322 4777/5029/9322
f 4785/5036/9323 4786/5037/9323 4777/5029/9323
f 4777/5029/9324 4786/5037/9324 4778/5030/9324
f 4786/5037/9325 4787/5038/9325 4778/5030/9325
f 4778/5030/9326 4787/5038/9326 4779/5031/9326
f 4787/5038/9327 4788/5039/9327 4779/5031/9327
f 4779/5031/9328 4788/5039/9328 4780/5032/9328
f 4788/5039/9329 4789/5040/9329 4780/5032/9329
f 4780/5032/9330 4789/5040/9330 2741/4464/9330
f 4789/5040/9331 2740/4465/9331 2741/4464/9331
f 2729/4994/9332 4790/4997/9332 4781/4995/9332
f 4790/4997/9333 4791/5041/9333 4781/4995/9333
f 4781/4995/9334 4791/5041/9334 4782/5033/9334
f 4791/5041/9335 4792/5042/9335 4782/5033/9335
f 4782/5033/9336 4792/5042/9336 4783/5034/9336
f 4792/5042/9337 4793/5043/9337 4783/5034/9337
f 4783/5034/9338 4793/5043/9338 4784/5035/9338
f 4793/5043/9339 4794/5044/9339 4784/5035/9339
f 4784/5035/9340 4794/5044/9340 4785/5036/9340
f 4794/5044/9341 4795/5045/9341 4785/5036/9341
f 4785/5036/9342 4795/5045/9342 4786/5037/9342
f 4795/5045/9343 4796/5046/9343 4786/5037/9343
f 4786/5037/9344 4796/5046/9344 4787/5038/9344
f 4796/5046/9345 4797/5047/9345 4787/5038/9345
f 4787/5038/9346 4797/5047/9346 4788/5039/9346
f 4797/5047/9347 4798/5048/9347 4788/5039/9347
f 4788/5039/9348 4798/5048/9348 4789/5040/9348
f 4798/5048/9349 4799/5049/9349 4789/5040/9349
f 4789/5040/9350 4799/5049/9350 2740/4465/9350
f 4799/5049/9351 2739/4466/9351 2740/4465/9351
f 2730/4996/9352 4800/4999/9352 4790/4997/9352
f 4800/4999/9353 4801/5050/9353 4790/4997/9353
f 4790/4997/9354 4801/5050/9354 4791/5041/9354
f 4801/5050/9355 4802/5051/9355 4791/5041/9355
f 4791/5041/9356 4802/5051/9356 4792/5042/9356
f 4802/5051/9357 4803/5052/9357 4792/5042/9357
f 4792/5042/9358 4803/5052/9358 4793/5043/9358
f 4803/5052/9359 4804/5053/9359 4793/5043/9359
f 4793/5043/9360 4804/5053/9360 4794/5044/9360
f 4804/5053/9361 4805/5054/9361 4794/5044/9361
f 4794/5044/9362 4805/5054/9362 4795/5045/9362
f 4805/5054/9363 4806/5055/9363 4795/5045/9363
f 4795/5045/9364 4806/5055/9364 4796/5046/9364
f 4806/5055/9365 4807/5056/9365 4796/5046/9365
f 4796/5046/9366 4807/5056/9366 4797/5047/9366
f 4807/5056/9367 4808/5057/9367 4797/5047/9367
f 4797/5047/9368 4808/5057/9368 4798/5048/9368
f 4808/5057/9369 4809/5058/9369 4798/5048/9369
f 4798/5048/9370 4809/5058/9370 4799/5049/9370
f 4809/5058/9371 4810/5059/9371 4799/5049/9371
f 4799/5049/9372 4810/5059/9372 2739/4466/9372
f 4810/5059/9373 2738/4467/9373 2739/4466/9373
f 2731/4998/9374 4811/5001/9374 4800/4999/9374
f 4811/5001/9375 4812/5060/9375 4800/4999/9375
f 4800/4999/9376 4812/5060/9376 4801/5050/9376
f 4812/5060/9377 4813/5061/9377 4801/5050/9377
f 4801/5050/9378 4813/5061/9378 4802/5051/9378
f 4813/5061/9379 4814/5062/9379 4802/5051/9379
f 4802/5051/9380 4814/5062/9380 4803/5052/9380
f 4814/5062/9381 4815/5063/9381 4803/5052/9381
f 4803/5052/9382 4815/5063/9382 4804/5053/9382
f 4815/5063/9383 4816/5064/9383 4804/5053/9383
f 4804/5053/9384 4816/5064/9384 4805/5054/9384
f 4816/5064/9385 4817/5065/9385 4805/5054/9385
f 4805/5054/9386 4817/5065/9386 4806/5055/9386
f 4817/5065/9387 4818/5066/9387 4806/5055/9387
f 4806/5055/9388 4818/5066/9388 4807/5056/9388
f 4818/5066/9389 4819/5067/9389 4807/5056/9389
f 4807/5056/9390 4819/5067/9390 4808/5057/9390
f 4819/5067/9391 4820/5068/9391 4808/5057/9391
f 4808/5057/9392 4820/5068/9392 4809/5058/9392
f 4820/5068/9393 4821/5069/9393 4809/5058/9393
f 4809/5058/9394 4821/5069/9394 4810/5059/9394
f 4821/5069/9395 4822/5070/9395 4810/5059/9395
f 4810/5059/9396 4822/5070/9396 2738/4467/9396
f 4822/5070/9397 2737/4468/9397 2738/4467/9397
f 2732/5000/9398 4823/5003/9398 4811/5001/9398
f 4823/5003/9399 4824/5071/9399 4811/5001/9399
f 4811/5001/9400 4824/5071/9400 4812/5060/9400
f 4824/5071/9401 4825/5072/9401 4812/5060/9401
f 4812/5060/9402 4825/5072/9402 4813/5061/9402
f 4825/5072/9403 4826/5073/9403 4813/5061/9403
f 4813/5061/9404 4826/5073/9404 4814/5062/9404
f 4826/5073/9405 4827/5074/9405 4814/5062/9405
f 4814/5062/9406 4827/5074/9406 4815/5063/9406
f 4827/5074/9407 4828/5075/9407 4815/5063/9407
f 4815/5063/9408 4828/5075/9408 4816/5064/9408
f 4828/5075/9409 4829/5076/9409 4816/5064/9409
f 4816/5064/9410 4829/5076/9410 4817/5065/9410
f 4829/5076/9411 4830/5077/9411 4817/5065/9411
f 4817/5065/9412 4830/5077/9412 4818/5066/9412
f 4830/5077/9413 4831/5078/9413 4818/5066/9413
f 4818/5066/9414 4831/5078/9414 4819/5067/9414
f 4831/5078/9415 4832/5079/9415 4819/5067/9415
f 4819/5067/9416 4832/5079/9416 4820/5068/9416
f 4832/5079/9417 4833/5080/9417 4820/5068/9417
f 4820/5068/9418 4833/5080/9418 4821/5069/9418
f 4833/5080/9419 4834/5081/9419 4821/5069/9419
f 4821/5069/9420 4834/5081/9420 4822/5070/9420
f 4834/5081/9421 4835/5082/9421 4822/5070/9421
f 4822/5070/9422 4835/5082/9422 2737/4468/9422
f 4835/5082/9423 2736/4469/9423 2737/4468/9423
f 2733/5002/9424 4836/5004/9424 4823/5003/9424
f 4836/5004/9425 4837/5083/9425 4823/5003/9425
f 4823/5003/9426 4837/5083/9426 4824/5071/9426
f 4837/5083/9427 4838/5084/9427 4824/5071/9427
f 4824/5071/9428 4838/5084/9428 4825/5072/9428
f 4838/5084/9429 4839/5085/9429 4825/5072/9429
f 4825/5072/9430 4839/5085/9430 4826/5073/9430
f 4839/5085/9431 4840/5086/9431 4826/5073/9431
f 4826/5073/9432 4840/5086/9432 4827/5074/9432
f 4840/5086/9433 4841/5087/9433 4827/5074/9433
f 4827/5074/9434 4841/5087/9434 4828/5075/9434
f 4841/5087/9435 4842/5088/9435 4828/5075/9435
f 4828/5075/9436 4842/5088/9436 4829/5076/9436
f 4842/5088/9437 4843/5089/9437 4829/5076/9437
f 4829/5076/9438 4843/5089/9438 4830/5077/9438
f 4843/5089/9439 4844/5090/9439 4830/5077/9439
f 4830/5077/9440 4844/5090/9440 4831/5078/9440
f 4844/5090/9441 4845/5091/9441 4831/5078/9441
f 4831/5078/9442 4845/5091/9442 4832/5079/9442
f 4845/5091/9443 4846/5092/9443 4832/5079/9443
f 4832/5079/9444 4846/5092/9444 4833/5080/9444
f 4846/5092/9445 4847/5093/9445 4833/5080/9445
f 4833/5080/9446 4847/5093/9446 4834/5081/9446
f 4847/5093/9447 4848/5094/9447 4834/5081/9447
f 4834/5081/9448 4848/5094/9448 4835/5082/9448
f 4848/5094/9449 4849/5095/9449 4835/5082/9449
f 4835/5082/9450 4849/5095/9450 2736/4469/9450
f 4849/5095/9451 2735/4470/9451 2736/4469/9451
f 2734/2785/9452 2704/2784/9452 4836/5004/9452
f 2704/2784/9453 2703/5096/9453 4836/5004/9453
f 4836/5004/9454 2703/5096/9454 4837/5083/9454
f 2703/5096/9455 2702/5097/9455 4837/5083/9455
f 4837/5083/9456 2702/5097/9456 4838/5084/9456
f 2702/5097/9457 2701/5098/9457 4838/5084/9457
f 4838/5084/9458 2701/5098/9458 4839/5085/9458
f 2701/5098/9459 2700/5099/9459 4839/5085/9459
f 4839/5085/9460 2700/5099/9460 4840/5086/9460
f 2700/5099/9461 2699/5100/9461 4840/5086/9461
f 4840/5086/9462 2699/5100/9462 4841/5087/9462
f 2699/5100/9463 2698/5101/9463 4841/5087/9463
f 4841/5087/9464 2698/5101/9464 4842/5088/9464
f 2698/5101/9465 2697/5102/9465 4842/5088/9465
f 4842/5088/9466 2697/5102/9466 4843/5089/9466
f 2697/5102/9467 2696/5103/9467 4843/5089/9467
f 4843/5089/9468 2696/5103/9468 4844/5090/9468
f 2696/5103/9469 2695/5104/9469 4844/5090/9469
f 4844/5090/9470 2695/5104/9470 4845/5091/9470
f 2695/5104/9471 2694/5105/9471 4845/5091/9471
f 4845/5091/9472 2694/5105/9472 4846/5092/9472
f 2694/5105/9473 2693/5106/9473 4846/5092/9473
f 4846/5092/9474 2693/5106/9474 4847/5093/9474
f 2693/5106/9475 2692/5107/9475 4847/5093/9475
f 4847/5093/9476 2692/5107/9476 4848/5094/9476
f 2692/5107/9477 2691/5108/9477 4848/5094/9477
f 4848/5094/9478 2691/5108/9478 4849/5095/9478
f 2691/5108/9479 2690/5109/9479 4849/5095/9479
f 4849/5095/9480 2690/5109/9480 2735/4470/9480
f 2690/5109/9481 2606/2793/9481 2735/4470/9481
f 2690/5110/9482 2719/2794/9482 2606/2793/9482
f 2691/5111/9483 4850/5112/9483 2690/5110/9483
f 2692/5113/9484 4851/5114/9484 2691/5111/9484
f 2693/5115/9485 4853/5116/9485 2692/5113/9485
f 2694/5117/9486 4856/5118/9486 2693/5115/9486
f 2695/5119/9487 4860/5120/9487 2694/5117/9487
f 2696/5121/9488 4865/5122/9488 2695/5119/9488
f 2697/5123/9489 4871/5124/9489 2696/5121/9489
f 2698/5125/9490 4878/5126/9490 2697/5123/9490
f 2699/5127/9491 4886/5128/9491 2698/5125/9491
f 2700/5129/9492 4895/5130/9492 2699/5127/9492
f 2701/5131/9493 4905/5132/9493 2700/5129/9493
f 2702/5133/9494 4916/5134/9494 2701/5131/9494
f 2703/5135/9495 4928/5136/9495 2702/5133/9495
f 2704/2782/9496 4941/5137/9496 2703/5135/9496
f 2690/5110/9497 4850/5112/9497 2719/2794/9497
f 4850/5112/9498 2718/4591/9498 2719/2794/9498
f 2691/5111/9499 4851/5114/9499 4850/5112/9499
f 4851/5114/9500 4852/5138/9500 4850/5112/9500
f 4850/5112/9501 4852/5138/9501 2718/4591/9501
f 4852/5138/9502 2717/4592/9502 2718/4591/9502
f 2692/5113/9503 4853/5116/9503 4851/5114/9503
f 4853/5116/9504 4854/5139/9504 4851/5114/9504
f 4851/5114/9505 4854/5139/9505 4852/5138/9505
f 4854/5139/9506 4855/5140/9506 4852/5138/9506
f 4852/5138/9507 4855/5140/9507 2717/4592/9507
f 4855/5140/9508 2716/4593/9508 2717/4592/9508
f 2693/5115/9509 4856/5118/9509 4853/5116/9509
f 4856/5118/9510 4857/5141/9510 4853/5116/9510
f 4853/5116/9511 4857/5141/9511 4854/5139/9511
f 4857/5141/9512 4858/5142/9512 4854/5139/9512
f 4854/5139/9513 4858/5142/9513 4855/5140/9513
f 4858/5142/9514 4859/5143/9514 4855/5140/9514
f 4855/5140/9515 4859/5143/9515 2716/4593/9515
f 4859/5143/9516 2715/4594/9516 2716/4593/9516
f 2694/5117/9517 4860/5120/9517 4856/5118/9517
f 4860/5120/9518 4861/5144/9518 4856/5118/9518
f 4856/5118/9519 4861/5144/9519 4857/5141/9519
f 4861/5144/9520 4862/5145/9520 4857/5141/9520
f 4857/5141/9521 4862/5145/9521 4858/5142/9521
f 4862/5145/9522 4863/5146/9522 4858/5142/9522
f 4858/5142/9523 4863/5146/9523 4859/5143/9523
f 4863/5146/9524 4864/5147/9524 4859/5143/9524
f 4859/5143/9525 4864/5147/9525 2715/4594/9525
f 4864/5147/9526 2714/4595/9526 2715/4594/9526
f 2695/5119/9527 4865/5122/9527 4860/5120/9527
f 4865/5122/9528 4866/5148/9528 4860/5120/9528
f 4860/5120/9529 4866/5148/9529 4861/5144/9529
f 4866/5148/9530 4867/5149/9530 4861/5144/9530
f 4861/5144/9531 4867/5149/9531 4862/5145/9531
f 4867/5149/9532 4868/5150/9532 4862/5145/9532
f 4862/5145/9533 4868/5150/9533 4863/5146/9533
f 4868/5150/9534 4869/5151/9534 4863/5146/9534
f 4863/5146/9535 4869/5151/9535 4864/5147/9535
f 4869/5151/9536 4870/5152/9536 4864/5147/9536
f 4864/5147/9537 4870/5152/9537 2714/4595/9537
f 4870/5152/9538 2713/4596/9538 2714/4595/9538
f 2696/5121/9539 4871/5124/9539 4865/5122/9539
f 4871/5124/9540 4872/5153/9540 4865/5122/9540
f 4865/5122/9541 4872/5153/9541 4866/5148/9541
f 4872/5153/9542 4873/5154/9542 4866/5148/9542
f 4866/5148/9543 4873/5154/9543 4867/5149/9543
f 4873/5154/9544 4874/5155/9544 4867/5149/9544
f 4867/5149/9545 4874/5155/9545 4868/5150/9545
f 4874/5155/9546 4875/5156/9546 4868/5150/9546
f 4868/5150/9547 4875/5156/9547 4869/5151/9547
f 4875/5156/9548 4876/5157/9548 4869/5151/9548
f 4869/5151/9549 4876/5157/9549 4870/5152/9549
f 4876/5157/9550 4877/5158/9550 4870/5152/9550
f 4870/5152/9551 4877/5158/9551 2713/4596/9551
f 4877/5158/9552 2712/4597/9552 2713/4596/9552
f 2697/5123/9553 4878/5126/9553 4871/5124/9553
f 4878/5126/9554 4879/5159/9554 4871/5124/9554
f 4871/5124/9555 4879/5159/9555 4872/5153/9555
f 4879/5159/9556 4880/5160/9556 4872/5153/9556
f 4872/5153/9557 4880/5160/9557 4873/5154/9557
f 4880/5160/9558 4881/5161/9558 4873/5154/9558
f 4873/5154/9559 4881/5161/9559 4874/5155/9559
f 4881/5161/9560 4882/5162/9560 4874/5155/9560
f 4874/5155/9561 4882/5162/9561 4875/5156/9561
f 4882/5162/9562 4883/5163/9562 4875/5156/9562
f 4875/5156/9563 4883/5163/9563 4876/5157/9563
f 4883/5163/9564 4884/5164/9564 4876/5157/9564
f 4876/5157/9565 4884/5164/9565 4877/5158/9565
f 4884/5164/9566 4885/5165/9566 4877/5158/9566
f 4877/5158/9567 4885/5165/9567 2712/4597/9567
f 4885/5165/9568 2711/4598/9568 2712/4597/9568
f 2698/5125/9569 4886/5128/9569 4878/5126/9569
f 4886/5128/9570 4887/5166/9570 4878/5126/9570
f 4878/5126/9571 4887/5166/9571 4879/5159/9571
f 4887/5166/9572 4888/5167/9572 4879/5159/9572
f 4879/5159/9573 4888/5167/9573 4880/5160/9573
f 4888/5167/9574 4889/5168/9574 4880/5160/9574
f 4880/5160/9575 4889/5168/9575 4881/5161/9575
f 4889/5168/9576 4890/5169/9576 4881/5161/9576
f 4881/5161/9577 4890/5169/9577 4882/5162/9577
f 4890/5169/9578 4891/5170/9578 4882/5162/9578
f 4882/5162/9579 4891/5170/9579 4883/5163/9579
f 4891/5170/9580 4892/5171/9580 4883/5163/9580
f 4883/5163/9581 4892/5171/9581 4884/5164/9581
f 4892/5171/9582 4893/5172/9582 4884/5164/9582
f 4884/5164/9583 4893/5172/9583 4885/5165/9583
f 4893/5172/9584 4894/5173/9584 4885/5165/9584
f 4885/5165/9585 4894/5173/9585 2711/4598/9585
f 4894/5173/9586 2710/4599/9586 2711/4598/9586
f 2699/5127/9587 4895/5130/9587 4886/5128/9587
f 4895/5130/9588 4896/5174/9588 4886/5128/9588
f 4886/5128/9589 4896/5174/9589 4887/5166/9589
f 4896/5174/9590 4897/5175/9590 4887/5166/9590
f 4887/5166/9591 4897/5175/9591 4888/5167/9591
f 4897/5175/9592 4898/5176/9592 4888/5167/9592
f 4888/5167/9593 4898/5176/9593 4889/5168/9593
f 4898/5176/9594 4899/5177/9594 4889/5168/9594
f 4889/5168/9595 4899/5177/9595 4890/5169/9595
f 4899/5177/9596 4900/5178/9596 4890/5169/9596
f 4890/5169/9597 4900/5178/9597 4891/5170/9597
f 4900/5178/9598 4901/5179/9598 4891/5170/9598
f 4891/5170/9599 4901/5179/9599 4892/5171/9599
f 4901/5179/9600 4902/5180/9600 4892/5171/9600
f 4892/5171/9601 4902/5180/9601 4893/5172/9601
f 4902/5180/9602 4903/5181/9602 4893/5172/9602
f 4893/5172/9603 4903/5181/9603 4894/5173/9603
f 4903/5181/9604 4904/5182/9604 4894/5173/9604
f 4894/5173/9605 4904/5182/9605 2710/4599/9605
f 4904/5182/9606 2709/4600/9606 2710/4599/9606
f 2700/5129/9607 4905/5132/9607 4895/5130/9607
f 4905/5132/9608 4906/5183/9608 4895/5130/9608
f 4895/5130/9609 4906/5183/9609 4896/5174/9609
f 4906/5183/9610 4907/5184/9610 4896/5174/9610
f 4896/5174/9611 4907/5184/9611 4897/5175/9611
f 4907/5184/9612 4908/5185/9612 4897/5175/9612
f 4897/5175/9613 4908/5185/9613 4898/5176/9613
f 4908/5185/9614 4909/5186/9614 4898/5176/9614
f 4898/5176/9615 4909/5186/9615 4899/5177/9615
f 4909/5186/9616 4910/5187/9616 4899/5177/9616
f 4899/5177/9617 4910/5187/9617 4900/5178/9617
f 4910/5187/9618 4911/5188/9618 4900/5178/9618
f 4900/5178/9619 4911/5188/9619 4901/5179/9619
f 4911/5188/9620 4912/5189/9620 4901/5179/9620
f 4901/5179/9621 4912/5189/9621 4902/5180/9621
f 4912/5189/9622 4913/5190/9622 4902/5180/9622
f 4902/5180/9623 4913/5190/9623 4903/5181/9623
f 4913/5190/9624 4914/5191/9624 4903/5181/9624
f 4903/5181/9625 4914/5191/9625 4904/5182/9625
f 4914/5191/9626 4915/5192/9626 4904/5182/9626
f 4904/5182/9627 4915/5192/9627 2709/4600/9627
f 4915/5192/9628 2708/4601/9628 2709/4600/9628
f 2701/5131/9629 4916/5134/9629 4905/5132/9629
f 4916/5134/9630 4917/5193/9630 4905/5132/9630
f 4905/5132/9631 4917/5193/9631 4906/5183/9631
f 4917/5193/9632 4918/5194/9632 4906/5183/9632
f 4906/5183/9633 4918/5194/9633 4907/5184/9633
f 4918/5194/9634 4919/5195/9634 4907/5184/9634
f 4907/5184/9635 4919/5195/9635 4908/5185/9635
f 4919/5195/9636 4920/5196/9636 4908/5185/9636
f 4908/5185/9637 4920/5196/9637 4909/5186/9637
f 4920/5196/9638 4921/5197/9638 4909/5186/9638
f 4909/5186/9639 4921/5197/9639 4910/5187/9639
f 4921/5197/9640 4922/5198/9640 4910/5187/9640
f 4910/5187/9641 4922/5198/9641 4911/5188/9641
f 4922/5198/9642 4923/5199/9642 4911/5188/9642
f 4911/5188/9643 4923/5199/9643 4912/5189/9643
f 4923/5199/9644 4924/5200/9644 4912/5189/9644
f 4912/5189/9645 4924/5200/9645 4913/5190/9645
f 4924/5200/9646 4925/5201/9646 4913/5190/9646
f 4913/5190/9647 4925/5201/9647 4914/5191/9647
f 4925/5201/9648 4926/5202/9648 4914/5191/9648
f 4914/5191/9649 4926/5202/9649 4915/5192/9649
f 4926/5202/9650 4927/5203/9650 4915/5192/9650
f 4915/5192/9651 4927/5203/9651 2708/4601/9651
f 4927/5203/9652 2707/4602/9652 2708/4601/9652
f 2702/5133/9653 4928/5136/9653 4916/5134/9653
f 4928/5136/9654 4929/5204/9654 4916/5134/9654
f 4916/5134/9655 4929/5204/9655 4917/5193/9655
f 4929/5204/9656 4930/5205/9656 4917/5193/9656
f 4917/5193/9657 4930/5205/9657 4918/5194/9657
f 4930/5205/9658 4931/5206/9658 4918/5194/9658
f 4918/5194/9659 4931/5206/9659 4919/5195/9659
f 4931/5206/9660 4932/5207/9660 4919/5195/9660
f 4919/5195/9661 4932/5207/9661 4920/5196/9661
f 4932/5207/9662 4933/5208/9662 4920/5196/9662
f 4920/5196/9663 4933/5208/9663 4921/5197/9663
f 4933/5208/9664 4934/5209/9664 4921/5197/9664
f 4921/5197/9665 4934/5209/9665 4922/5198/9665
f 4934/5209/9666 4935/5210/9666 4922/5198/9666
f 4922/5198/9667 4935/5210/9667 4923/5199/9667
f 4935/5210/9668 4936/5211/9668 4923/5199/9668
f 4923/5199/9669 4936/5211/9669 4924/5200/9669
f 4936/5211/9670 4937/5212/9670 4924/5200/9670
f 4924/5200/9671 4937/5212/9671 4925/5201/9671
f 4937/5212/9672 4938/5213/9672 4925/5201/9672
f 4925/5201/9673 4938/5213/9673 4926/5202/9673
f 4938/5213/9674 4939/5214/9674 4926/5202/9674
f 4926/5202/9675 4939/5214/9675 4927/5203/9675
f 4939/5214/9676 4940/5215/9676 4927/5203/9676
f 4927/5203/9677 4940/5215/9677 2707/4602/9677
f 4940/5215/9678 2706/4603/9678 2707/4602/9678
f 2703/5135/9679 4941/5137/9679 4928/5136/9679
f 4941/5137/9680 4942/5216/9680 4928/5136/9680
f 4928/5136/9681 4942/5216/9681 4929/5204/9681
f 4942/5216/9682 4943/5217/9682 4929/5204/9682
f 4929/5204/9683 4943/5217/9683 4930/5205/9683
f 4943/5217/9684 4944/5218/9684 4930/5205/9684
f 4930/5205/9685 4944/5218/9685 4931/5206/9685
f 4944/5218/9686 4945/5219/9686 4931/5206/9686
f 4931/5206/9687 4945/5219/9687 4932/5207/9687
f 4945/5219/9688 4946/5220/9688 4932/5207/9688
f 4932/5207/9689 4946/5220/9689 4933/5208/9689
f 4946/5220/9690 4947/5221/9690 4933/5208/9690
f 4933/5208/9691 4947/5221/9691 4934/5209/9691
f 4947/5221/9692 4948/5222/9692 4934/5209/9692
f 4934/5209/9693 4948/5222/9693 4935/5210/9693
f 4948/5222/9694 4949/5223/9694 4935/5210/9694
f 4935/5210/9695 4949/5223/9695 4936/5211/9695
f 4949/5223/9696 4950/5224/9696 4936/5211/9696
f 4936/5211/9697 4950/5224/9697 4937/5212/9697
f 4950/5224/9698 4951/5225/9698 4937/5212/9698
f 4937/5212/9699 4951/5225/9699 4938/5213/9699
f 4951/5225/9700 4952/5226/9700 4938/5213/9700
f 4938/5213/9701 4952/5226/9701 4939/5214/9701
f 4952/5226/9702 4953/5227/9702 4939/5214/9702
f 4939/5214/9703 4953/5227/9703 4940/5215/9703
f 4953/5227/9704 4954/5228/9704 4940/5215/9704
f 4940/5215/9705 4954/5228/9705 2706/4603/9705
f 4954/5228/9706 2705/4604/9706 2706/4603/9706
f 2704/2782/9707 2629/2781/9707 4941/5137/9707
f 2629/2781/9708 2628/5229/9708 4941/5137/9708
f 4941/5137/9709 2628/5229/9709 4942/5216/9709
f 2628/5229/9710 2627/5230/9710 4942/5216/9710
f 4942/5216/9711 2627/5230/9711 4943/5217/9711
f 2627/5230/9712 2626/5231/9712 4943/5217/9712
f 4943/5217/9713 2626/5231/9713 4944/5218/9713
f 2626/5231/9714 2625/5232/9714 4944/5218/9714
f 4944/5218/9715 2625/5232/9715 4945/5219/9715
f 2625/5232/9716 2624/5233/9716 4945/5219/9716
f 4945/5219/9717 2624/5233/9717 4946/5220/9717
f 2624/5233/9718 2623/5234/9718 4946/5220/9718
f 4946/5220/9719 2623/5234/9719 4947/5221/9719
f 2623/5234/9720 2622/5235/9720 4947/5221/9720
f 4947/5221/9721 2622/5235/9721 4948/5222/9721
f 2622/5235/9722 2621/5236/9722 4948/5222/9722
f 4948/5222/9723 2621/5236/9723 4949/5223/9723
f 2621/5236/9724 2620/5237/9724 4949/5223/9724
f 4949/5223/9725 2620/5237/9725 4950/5224/9725
f 2620/5237/9726 2619/5238/9726 4950/5224/9726
f 4950/5224/9727 2619/5238/9727 4951/5225/9727
f 2619/5238/9728 2618/5239/9728 4951/5225/9728
f 4951/5225/9729 2618/5239/9729 4952/5226/9729
f 2618/5239/9730 2617/5240/9730 4952/5226/9730
f 4952/5226/9731 2617/5240/9731 4953/5227/9731
f 2617/5240/9732 2616/5241/9732 4953/5227/9732
f 4953/5227/9733 2616/5241/9733 4954/5228/9733
f 2616/5241/9734 2615/5242/9734 4954/5228/9734
f 4954/5228/9735 2615/5242/9735 2705/4604/9735
f 2615/5242/9736 2605/4605/9736 2705/4604/9736
f 2660/4843/9737 2689/5243/9737 2608/2799/9737
f 2661/4842/9738 4955/5244/9738 2660/4843/9738
f 2662/4841/9739 4956/5245/9739 2661/4842/9739
f 2663/4840/9740 4958/5246/9740 2662/4841/9740
f 2664/4839/9741 4961/5247/9741 2663/4840/9741
f 2665/4838/9742 4965/5248/9742 2664/4839/9742
f 2666/4837/9743 4970/5249/9743 2665/4838/9743
f 2667/4836/9744 4976/5250/9744 2666/4837/9744
f 2668/4835/9745 4983/5251/9745 2667/4836/9745
f 2669/4834/9746 4991/5252/9746 2668/4835/9746
f 2670/4833/9747 5000/5253/9747 2669/4834/9747
f 2671/4832/9748 5010/5254/9748 2670/4833/9748
f 2672/4831/9749 5021/5255/9749 2671/4832/9749
f 2673/4830/9750 5033/5256/9750 2672/4831/9750
f 2674/2779/9751 5046/5257/9751 2673/4830/9751
f 2660/4843/9752 4955/5244/9752 2689/5243/9752
f 4955/5244/9753 2688/5258/9753 2689/5243/9753
f 2661/4842/9754 4956/5245/9754 4955/5244/9754
f 4956/5245/9755 4957/5259/9755 4955/5244/9755
f 4955/5244/9756 4957/5259/9756 2688/5258/9756
f 4957/5259/9757 2687/5260/9757 2688/5258/9757
f 2662/4841/9758 4958/5246/9758 4956/5245/9758
f 4958/5246/9759 4959/5261/9759 4956/5245/9759
f 4956/5245/9760 4959/5261/9760 4957/5259/9760
f 4959/5261/9761 4960/5262/9761 4957/5259/9761
f 4957/5259/9762 4960/5262/9762 2687/5260/9762
f 4960/5262/9763 2686/5263/9763 2687/5260/9763
f 2663/4840/9764 4961/5247/9764 4958/5246/9764
f 4961/5247/9765 4962/5264/9765 4958/5246/9765
f 4958/5246/9766 4962/5264/9766 4959/5261/9766
f 4962/5264/9767 4963/5265/9767 4959/5261/9767
f 4959/5261/9768 4963/5265/9768 4960/5262/9768
f 4963/5265/9769 4964/5266/9769 4960/5262/9769
f 4960/5262/9770 4964/5266/9770 2686/5263/9770
f 4964/5266/9771 2685/5267/9771 2686/5263/9771
f 2664/4839/9772 4965/5248/9772 4961/5247/9772
f 4965/5248/9773 4966/5268/9773 4961/5247/9773
f 4961/5247/9774 4966/5268/9774 4962/5264/9774
f 4966/5268/9775 4967/5269/9775 4962/5264/9775
f 4962/5264/9776 4967/5269/9776 4963/5265/9776
f 4967/5269/9777 4968/5270/9777 4963/5265/9777
f 4963/5265/9778 4968/5270/9778 4964/5266/9778
f 4968/5270/9779 4969/5271/9779 4964/5266/9779
f 4964/5266/9780 4969/5271/9780 2685/5267/9780
f 4969/5271/9781 2684/5272/9781 2685/5267/9781
f 2665/4838/9782 4970/5249/9782 4965/5248/9782
f 4970/5249/9783 4971/5273/9783 4965/5248/9783
f 4965/5248/9784 4971/5273/9784 4966/5268/9784
f 4971/5273/9785 4972/5274/9785 4966/5268/9785
f 4966/5268/9786 4972/5274/9786 4967/5269/9786
f 4972/5274/9787 4973/5275/9787 4967/5269/9787
f 4967/5269/9788 4973/5275/9788 4968/5270/9788
f 4973/5275/9789 4974/5276/9789 4968/5270/9789
f 4968/5270/9790 4974/5276/9790 4969/5271/9790
f 4974/5276/9791 4975/5277/9791 4969/5271/9791
f 4969/5271/9792 4975/5277/9792 2684/5272/9792
f 4975/5277/9793 2683/5278/9793 2684/5272/9793
f 2666/4837/9794 4976/5250/9794 4970/5249/9794
f 4976/5250/9795 4977/5279/9795 4970/5249/9795
f 4970/5249/9796 4977/5279/9796 4971/5273/9796
f 4977/5279/9797 4978/5280/9797 4971/5273/9797
f 4971/5273/9798 4978/5280/9798 4972/5274/9798
f 4978/5280/9799 4979/5281/9799 4972/5274/9799
f 4972/5274/9800 4979/5281/9800 4973/5275/9800
f 4979/5281/9801 4980/5282/9801 4973/5275/9801
f 4973/5275/9802 4980/5282/9802 4974/5276/9802
f 4980/5282/9803 4981/5283/9803 4974/5276/9803
f 4974/5276/9804 4981/5283/9804 4975/5277/9804
f 4981/5283/9805 4982/5284/9805 4975/5277/9805
f 4975/5277/9806 4982/5284/9806 2683/5278/9806
f 4982/5284/9807 2682/5285/9807 2683/5278/9807
f 2667/4836/9808 4983/5251/9808 4976/5250/9808
f 4983/5251/9809 4984/5286/9809 4976/5250/9809
f 4976/5250/9810 4984/5286/9810 4977/5279/9810
f 4984/5286/9811 4985/5287/9811 4977/5279/9811
f 4977/5279/9812 4985/5287/9812 4978/5280/9812
f 4985/5287/9813 4986/5288/9813 4978/5280/9813
f 4978/5280/9814 4986/5288/9814 4979/5281/9814
f 4986/5288/9815 4987/5289/9815 4979/5281/9815
f 4979/5281/9816 4987/5289/9816 4980/5282/9816
f 4987/5289/9817 4988/5290/9817 4980/5282/9817
f 4980/5282/9818 4988/5290/9818 4981/5283/9818
f 4988/5290/9819 4989/5291/9819 4981/5283/9819
f 4981/5283/9820 4989/5291/9820 4982/5284/9820
f 4989/5291/9821 4990/5292/9821 4982/5284/9821
f 4982/5284/9822 4990/5292/9822 2682/5285/9822
f 4990/5292/9823 2681/5293/9823 2682/5285/9823
f 2668/4835/9824 4991/5252/9824 4983/5251/9824
f 4991/5252/9825 4992/5294/9825 4983/5251/9825
f 4983/5251/9826 4992/5294/9826 4984/5286/9826
f 4992/5294/9827 4993/5295/9827 4984/5286/9827
f 4984/5286/9828 4993/5295/9828 4985/5287/9828
f 4993/5295/9829 4994/5296/9829 4985/5287/9829
f 4985/5287/9830 4994/5296/9830 4986/5288/9830
f 4994/5296/9831 4995/5297/9831 4986/5288/9831
f 4986/5288/9832 4995/5297/9832 4987/5289/9832
f 4995/5297/9833 4996/5298/9833 4987/5289/9833
f 4987/5289/9834 4996/5298/9834 4988/5290/9834
f 4996/5298/9835 4997/5299/9835 4988/5290/9835
f 4988/5290/9836 4997/5299/9836 4989/5291/9836
f 4997/5299/9837 4998/5300/9837 4989/5291/9837
f 4989/5291/9838 4998/5300/9838 4990/5292/9838
f 4998/5300/9839 4999/5301/9839 4990/5292/9839
f 4990/5292/9840 4999/5301/9840 2681/5293/9840
f 4999/5301/9841 2680/5302/9841 2681/5293/9841
f 2669/4834/9842 5000/5253/9842 4991/5252/9842
f 5000/5253/9843 5001/5303/9843 4991/5252/9843
f 4991/5252/9844 5001/5303/9844 4992/5294/9844
f 5001/5303/9845 5002/5304/9845 4992/5294/9845
f 4992/5294/9846 5002/5304/9846 4993/5295/9846
f 5002/5304/9847 5003/5305/9847 4993/5295/9847
f 4993/5295/9848 5003/5305/9848 4994/5296/9848
f 5003/5305/9849 5004/5306/9849 4994/5296/9849
f 4994/5296/9850 5004/5306/9850 4995/5297/9850
f 5004/5306/9851 5005/5307/9851 4995/5297/9851
f 4995/5297/9852 5005/5307/9852 4996/5298/9852
f 5005/5307/9853 5006/5308/9853 4996/5298/9853
f 4996/5298/9854 5006/5308/9854 4997/5299/9854
f 5006/5308/9855 5007/5309/9855 4997/5299/9855
f 4997/5299/9856 5007/5309/9856 4998/5300/9856
f 5007/5309/9857 5008/5310/9857 4998/5300/9857
f 4998/5300/9858 5008/5310/9858 4999/5301/9858
f 5008/5310/9859 5009/5311/9859 4999/5301/9859
f 4999/5301/9860 5009/5311/9860 2680/5302/9860
f 5009/5311/9861 2679/5312/9861 2680/5302/9861
f 2670/4833/9862 5010/5254/9862 5000/5253/9862
f 5010/5254/9863 5011/5313/9863 5000/5253/9863
f 5000/5253/9864 5011/5313/9864 5001/5303/9864
f 5011/5313/9865 5012/5314/9865 5001/5303/9865
f 5001/5303/9866 5012/5314/9866 5002/5304/9866
f 5012/5314/9867 5013/5315/9867 5002/5304/9867
f 5002/5304/9868 5013/5315/9868 5003/5305/9868
f 5013/5315/9869 5014/5316/9869 5003/5305/9869
f 5003/5305/9870 5014/5316/9870 5004/5306/9870
f 5014/5316/9871 5015/5317/9871 5004/5306/9871
f 5004/5306/9872 5015/5317/9872 5005/5307/9872
f 5015/5317/9873 5016/5318/9873 5005/5307/9873
f 5005/5307/9874 5016/5318/9874 5006/5308/9874
f 5016/5318/9875 5017/5319/9875 5006/5308/9875
f 5006/5308/9876 5017/5319/9876 5007/5309/9876
f 5017/5319/9877 5018/5320/9877 5007/5309/9877
f 5007/5309/9878 5018/5320/9878 5008/5310/9878
f 5018/5320/9879 5019/5321/9879 5008/5310/9879
f 5008/5310/9880 5019/5321/9880 5009/5311/9880
f 5019/5321/9881 5020/5322/9881 5009/5311/9881
f 5009/5311/9882 5020/5322/9882 2679/5312/9882
f 5020/5322/9883 2678/5323/9883 2679/5312/9883
f 2671/4832/9884 5021/5255/9884 5010/5254/9884
f 5021/5255/9885 5022/5324/9885 5010/5254/9885
f 5010/5254/9886 5022/5324/9886 5011/5313/9886
f 5022/5324/9887 5023/5325/9887 5011/5313/9887
f 5011/5313/9888 5023/5325/9888 5012/5314/9888
f 5023/5325/9889 5024/5326/9889 5012/5314/9889
f 5012/5314/9890 5024/5326/9890 5013/5315/9890
f 5024/5326/9891 5025/5327/9891 5013/5315/9891
f 5013/5315/9892 5025/5327/9892 5014/5316/9892
f 5025/5327/9893 5026/5328/9893 5014/5316/9893
f 5014/5316/9894 5026/5328/9894 5015/5317/9894
f 5026/5328/9895 5027/5329/9895 5015/5317/9895
f 5015/5317/9896 5027/5329/9896 5016/5318/9896
f 5027/5329/9897 5028/5330/9897 5016/5318/9897
f 5016/5318/9898 5028/5330/9898 5017/5319/9898
f 5028/5330/9899 5029/5331/9899 5017/5319/9899
f 5017/5319/9900 5029/5331/9900 5018/5320/9900
f 5029/5331/9901 5030/5332/9901 5018/5320/9901
f 5018/5320/9902 5030/5332/9902 5019/5321/9902
f 5030/5332/9903 5031/5333/9903 5019/5321/9903
f 5019/5321/9904 5031/5333/9904 5020/5322/9904
f 5031/5333/9905 5032/5334/9905 5020/5322/9905
f 5020/5322/9906 5032/5334/9906 2678/5323/9906
f 5032/5334/9907 2677/5335/9907 2678/5323/9907
f 2672/4831/9908 5033/5256/9908 5021/5255/9908
f 5033/5256/9909 5034/5336/9909 5021/5255/9909
f 5021/5255/9910 5034/5336/9910 5022/5324/9910
f 5034/5336/9911 5035/5337/9911 5022/5324/9911
f 5022/5324/9912 5035/5337/9912 5023/5325/9912
f 5035/5337/9913 5036/5338/9913 5023/5325/9913
f 5023/5325/9914 5036/5338/9914 5024/5326/9914
f 5036/5338/9915 5037/5339/9915 5024/5326/9915
f 5024/5326/9916 5037/5339/9916 5025/5327/9916
f 5037/5339/9917 5038/5340/9917 5025/5327/9917
f 5025/5327/9918 5038/5340/9918 5026/5328/9918
f 5038/5340/9919 5039/5341/9919 5026/5328/9919
f 5026/5328/9920 5039/5341/9920 5027/5329/9920
f 5039/5341/9921 5040/5342/9921 5027/5329/9921
f 5027/5329/9922 5040/5342/9922 5028/5330/9922
f 5040/5342/9923 5041/5343/9923 5028/5330/9923
f 5028/5330/9924 5041/5343/9924 5029/5331/9924
f 5041/5343/9925 5042/5344/9925 5029/5331/9925
f 5029/5331/9926 5042/5344/9926 5030/5332/9926
f 5042/5344/9927 5043/5345/9927 5030/5332/9927
f 5030/5332/9928 5043/5345/9928 5031/5333/9928
f 5043/5345/9929 5044/5346/9929 5031/5333/9929
f 5031/5333/9930 5044/5346/9930 5032/5334/9930
f 5044/5346/9931 5045/5347/9931 5032/5334/9931
f 5032/5334/9932 5045/5347/9932 2677/5335/9932
f 5045/5347/9933 2676/5348/9933 2677/5335/9933
f 2673/4830/9934 5046/5257/9934 5033/5256/9934
f 5046/5257/9935 5047/5349/9935 5033/5256/9935
f 5033/5256/9936 5047/5349/9936 5034/5336/9936
f 5047/5349/9937 5048/5350/9937 5034/5336/9937
f 5034/5336/9938 5048/5350/9938 5035/5337/9938
f 5048/5350/9939 5049/5351/9939 5035/5337/9939
f 5035/5337/9940 5049/5351/9940 5036/5338/9940
f 5049/5351/9941 5050/5352/9941 5036/5338/9941
f 5036/5338/9942 5050/5352/9942 5037/5339/9942
f 5050/5352/9943 5051/5353/9943 5037/5339/9943
f 5037/5339/9944 5051/5353/9944 5038/5340/9944
f 5051/5353/9945 5052/5354/9945 5038/5340/9945
f 5038/5340/9946 5052/5354/9946 5039/5341/9946
f 5052/5354/9947 5053/5355/9947 5039/5341/9947
f 5039/5341/9948 5053/5355/9948 5040/5342/9948
f 5053/5355/9949 5054/5356/9949 5040/5342/9949
f 5040/5342/9950 5054/5356/9950 5041/5343/9950
f 5054/5356/9951 5055/5357/9951 5041/5343/9951
f 5041/5343/9952 5055/5357/9952 5042/5344/9952
f 5055/5357/9953 5056/5358/9953 5042/5344/9953
f 5042/5344/9954 5056/5358/9954 5043/5345/9954
f 5056/5358/9955 5057/5359/9955 5043/5345/9955
f 5043/5345/9956 5057/5359/9956 5044/5346/9956
f 5057/5359/9957 5058/5360/9957 5044/5346/9957
f 5044/5346/9958 5058/5360/9958 5045/5347/9958
f 5058/5360/9959 5059/5361/9959 5045/5347/9959
f 5045/5347/9960 5059/5361/9960 2676/5348/9960
f 5059/5361/9961 2675/5362/9961 2676/5348/9961
f 2674/2779/9962 2644/2778/9962 5046/5257/9962
f 2644/2778/9963 2643/5363/9963 5046/5257/9963
f 5046/5257/9964 2643/5363/9964 5047/5349/9964
f 2643/5363/9965 2642/5364/9965 5047/5349/9965
f 5047/5349/9966 2642/5364/9966 5048/5350/9966
f 2642/5364/9967 2641/5365/9967 5048/5350/9967
f 5048/5350/9968 2641/5365/9968 5049/5351/9968
f 2641/5365/9969 2640/5366/9969 5049/5351/9969
f 5049/5351/9970 2640/5366/9970 5050/5352/9970
f 2640/5366/9971 2639/5367/9971 5050/5352/9971
f 5050/5352/9972 2639/5367/9972 5051/5353/9972
f 2639/5367/9973 2638/5368/9973 5051/5353/9973
f 5051/5353/9974 2638/5368/9974 5052/5354/9974
f 2638/5368/9975 2637/5369/9975 5052/5354/9975
f 5052/5354/9976 2637/5369/9976 5053/5355/9976
f 2637/5369/9977 2636/5370/9977 5053/5355/9977
f 5053/5355/9978 2636/5370/9978 5054/5356/9978
f 2636/5370/9979 2635/5371/9979 5054/5356/9979
f 5054/5356/9980 2635/5371/9980 5055/5357/9980
f 2635/5371/9981 2634/5372/9981 5055/5357/9981
f 5055/5357/9982 2634/5372/9982 5056/5358/9982
f 2634/5372/9983 2633/5373/9983 5056/5358/9983
f 5056/5358/9984 2633/5373/9984 5057/5359/9984
f 2633/5373/9985 2632/5374/9985 5057/5359/9985
f 5057/5359/9986 2632/5374/9986 5058/5360/9986
f 2632/5374/9987 2631/5375/9987 5058/5360/9987
f 5058/5360/9988 2631/5375/9988 5059/5361/9988
f 2631/5375/9989 2630/5376/9989 5059/5361/9989
f 5059/5361/9990 2630/5376/9990 2675/5362/9990
f 2630/5376/9991 2603/5377/9991 2675/5362/9991
f 2615/5378/9992 2659/2791/9992 2605/2790/9992
f 2616/5379/9993 5060/5380/9993 2615/5378/9993
f 2617/5381/9994 5061/5382/9994 2616/5379/9994
f 2618/5383/9995 5063/5384/9995 2617/5381/9995
f 2619/5385/9996 5066/5386/9996 2618/5383/9996
f 2620/5387/9997 5070/5388/9997 2619/5385/9997
f 2621/5389/9998 5075/5390/9998 2620/5387/9998
f 2622/5391/9999 5081/5392/9999 2621/5389/9999
f 2623/5393/10000 5088/5394/10000 2622/5391/10000
f 2624/5395/10001 5096/5396/10001 2623/5393/10001
f 2625/5397/10002 5105/5398/10002 2624/5395/10002
f 2626/5399/10003 5115/5400/10003 2625/5397/10003
f 2627/5401/10004 5126/5402/10004 2626/5399/10004
f 2628/5403/10005 5138/5404/10005 2627/5401/10005
f 2629/2776/10006 5151/5405/10006 2628/5403/10006
f 2615/5378/10007 5060/5380/10007 2659/2791/10007
f 5060/5380/10008 2658/4711/10008 2659/2791/10008
f 2616/5379/10009 5061/5382/10009 5060/5380/10009
f 5061/5382/10010 5062/5406/10010 5060/5380/10010
f 5060/5380/10011 5062/5406/10011 2658/4711/10011
f 5062/5406/10012 2657/4712/10012 2658/4711/10012
f 2617/5381/10013 5063/5384/10013 5061/5382/10013
f 5063/5384/10014 5064/5407/10014 5061/5382/10014
f 5061/5382/10015 5064/5407/10015 5062/5406/10015
f 5064/5407/10016 5065/5408/10016 5062/5406/10016
f 5062/5406/10017 5065/5408/10017 2657/4712/10017
f 5065/5408/10018 2656/4713/10018 2657/4712/10018
f 2618/5383/10019 5066/5386/10019 5063/5384/10019
f 5066/5386/10020 5067/5409/10020 5063/5384/10020
f 5063/5384/10021 5067/5409/10021 5064/5407/10021
f 5067/5409/10022 5068/5410/10022 5064/5407/10022
f 5064/5407/10023 5068/5410/10023 5065/5408/10023
f 5068/5410/10024 5069/5411/10024 5065/5408/10024
f 5065/5408/10025 5069/5411/10025 2656/4713/10025
f 5069/5411/10026 2655/4714/10026 2656/4713/10026
f 2619/5385/10027 5070/5388/10027 5066/5386/10027
f 5070/5388/10028 5071/5412/10028 5066/5386/10028
f 5066/5386/10029 5071/5412/10029 5067/5409/10029
f 5071/5412/10030 5072/5413/10030 5067/5409/10030
f 5067/5409/10031 5072/5413/10031 5068/5410/10031
f 5072/5413/10032 5073/5414/10032 5068/5410/10032
f 5068/5410/10033 5073/5414/10033 5069/5411/10033
f 5073/5414/10034 5074/5415/10034 5069/5411/10034
f 5069/5411/10035 5074/5415/10035 2655/4714/10035
f 5074/5415/10036 2654/4715/10036 2655/4714/10036
f 2620/5387/10037 5075/5390/10037 5070/5388/10037
f 5075/5390/10038 5076/5416/10038 5070/5388/10038
f 5070/5388/10039 5076/5416/10039 5071/5412/10039
f 5076/5416/10040 5077/5417/10040 5071/5412/10040
f 5071/5412/10041 5077/5417/10041 5072/5413/10041
f 5077/5417/10042 5078/5418/10042 5072/5413/10042
f 5072/5413/10043 5078/5418/10043 5073/5414/10043
f 5078/5418/10044 5079/5419/10044 5073/5414/10044
f 5073/5414/10045 5079/5419/10045 5074/5415/10045
f 5079/5419/10046 5080/5420/10046 5074/5415/10046
f 5074/5415/10047 5080/5420/10047 2654/4715/10047
f 5080/5420/10048 2653/4716/10048 2654/4715/10048
f 2621/5389/10049 5081/5392/10049 5075/5390/10049
f 5081/5392/10050 5082/5421/10050 5075/5390/10050
f 5075/5390/10051 5082/5421/10051 5076/5416/10051
f 5082/5421/10052 5083/5422/10052 5076/5416/10052
f 5076/5416/10053 5083/5422/10053 5077/5417/10053
f 5083/5422/10054 5084/5423/10054 5077/5417/10054
f 5077/5417/10055 5084/5423/10055 5078/5418/10055
f 5084/5423/10056 5085/5424/10056 5078/5418/10056
f 5078/5418/10057 5085/5424/10057 5079/5419/10057
f 5085/5424/10058 5086/5425/10058 5079/5419/10058
f 5079/5419/10059 5086/5425/10059 5080/5420/10059
f 5086/5425/10060 5087/5426/10060 5080/5420/10060
f 5080/5420/10061 5087/5426/10061 2653/4716/10061
f 5087/5426/10062 2652/4717/10062 2653/4716/10062
f 2622/5391/10063 5088/5394/10063 5081/5392/10063
f 5088/5394/10064 5089/5427/10064 5081/5392/10064
f 5081/5392/10065 5089/5427/10065 5082/5421/10065
f 5089/5427/10066 5090/5428/10066 5082/5421/10066
f 5082/5421/10067 5090/5428/10067 5083/5422/10067
f 5090/5428/10068 5091/5429/10068 5083/5422/10068
f 5083/5422/10069 5091/5429/10069 5084/5423/10069
f 5091/5429/10070 5092/5430/10070 5084/5423/10070
f 5084/5423/10071 5092/5430/10071 5085/5424/10071
f 5092/5430/10072 5093/5431/10072 5085/5424/10072
f 5085/5424/10073 5093/5431/10073 5086/5425/10073
f 5093/5431/10074 5094/5432/10074 5086/5425/10074
f 5086/5425/10075 5094/5432/10075 5087/5426/10075
f 5094/5432/10076 5095/5433/10076 5087/5426/10076
f 5087/5426/10077 5095/5433/10077 2652/4717/10077
f 5095/5433/10078 2651/4718/10078 2652/4717/10078
f 2623/5393/10079 5096/5396/10079 5088/5394/10079
f 5096/5396/10080 5097/5434/10080 5088/5394/10080
f 5088/5394/10081 5097/5434/10081 5089/5427/10081
f 5097/5434/10082 5098/5435/10082 5089/5427/10082
f 5089/5427/10083 5098/5435/10083 5090/5428/10083
f 5098/5435/10084 5099/5436/10084 5090/5428/10084
f 5090/5428/10085 5099/5436/10085 5091/5429/10085
f 5099/5436/10086 5100/5437/10086 5091/5429/10086
f 5091/5429/10087 5100/5437/10087 5092/5430/10087
f 5100/5437/10088 5101/5438/10088 5092/5430/10088
f 5092/5430/10089 5101/5438/10089 5093/5431/10089
f 5101/5438/10090 5102/5439/10090 5093/5431/10090
f 5093/5431/10091 5102/5439/10091 5094/5432/10091
f 5102/5439/10092 5103/5440/10092 5094/5432/10092
f 5094/5432/10093 5103/5440/10093 5095/5433/10093
f 5103/5440/10094 5104/5441/10094 5095/5433/10094
f 5095/5433/10095 5104/5441/10095 2651/4718/10095
f 5104/5441/10096 2650/4719/10096 2651/4718/10096
f 2624/5395/10097 5105/5398/10097 5096/5396/10097
f 5105/5398/10098 5106/5442/10098 5096/5396/10098
f 5096/5396/10099 5106/5442/10099 5097/5434/10099
f 5106/5442/10100 5107/5443/10100 5097/5434/10100
f 5097/5434/10101 5107/5443/10101 5098/5435/10101
f 5107/5443/10102 5108/5444/10102 5098/5435/10102
f 5098/5435/10103 5108/5444/10103 5099/5436/10103
f 5108/5444/10104 5109/5445/10104 5099/5436/10104
f 5099/5436/10105 5109/5445/10105 5100/5437/10105
f 5109/5445/10106 5110/5446/10106 5100/5437/10106
f 5100/5437/10107 5110/5446/10107 5101/5438/10107
f 5110/5446/10108 5111/5447/10108 5101/5438/10108
f 5101/5438/10109 5111/5447/10109 5102/5439/10109
f 5111/5447/10110 5112/5448/10110 5102/5439/10110
f 5102/5439/10111 5112/5448/10111 5103/5440/10111
f 5112/5448/10112 5113/5449/10112 5103/5440/10112
f 5103/5440/10113 5113/5449/10113 5104/5441/10113
f 5113/5449/10114 5114/5450/10114 5104/5441/10114
f 5104/5441/10115 5114/5450/10115 2650/4719/10115
f 5114/5450/10116 2649/4720/10116 2650/4719/10116
f 2625/5397/10117 5115/5400/10117 5105/5398/10117
f 5115/5400/10118 5116/5451/10118 5105/5398/10118
f 5105/5398/10119 5116/5451/10119 5106/5442/10119
f 5116/5451/10120 5117/5452/10120 5106/5442/10120
f 5106/5442/10121 5117/5452/10121 5107/5443/10121
f 5117/5452/10122 5118/5453/10122 5107/5443/10122
f 5107/5443/10123 5118/5453/10123 5108/5444/10123
f 5118/5453/10124 5119/5454/10124 5108/5444/10124
f 5108/5444/10125 5119/5454/10125 5109/5445/10125
f 5119/5454/10126 5120/5455/10126 5109/5445/10126
f 5109/5445/10127 5120/5455/10127 5110/5446/10127
f 5120/5455/10128 5121/5456/10128 5110/5446/10128
f 5110/5446/10129 5121/5456/10129 5111/5447/10129
f 5121/5456/10130 5122/5457/10130 5111/5447/10130
f 5111/5447/10131 5122/5457/10131 5112/5448/10131
f 5122/5457/10132 5123/5458/10132 5112/5448/10132
f 5112/5448/10133 5123/5458/10133 5113/5449/10133
f 5123/5458/10134 5124/5459/10134 5113/5449/10134
f 5113/5449/10135 5124/5459/10135 5114/5450/10135
f 5124/5459/10136 5125/5460/10136 5114/5450/10136
f 5114/5450/10137 5125/5460/10137 2649/4720/10137
f 5125/5460/10138 2648/4721/10138 2649/4720/10138
f 2626/5399/10139 5126/5402/10139 5115/5400/10139
f 5126/5402/10140 5127/5461/10140 5115/5400/10140
f 5115/5400/10141 5127/5461/10141 5116/5451/10141
f 5127/5461/10142 5128/5462/10142 5116/5451/10142
f 5116/5451/10143 5128/5462/10143 5117/5452/10143
f 5128/5462/10144 5129/5463/10144 5117/5452/10144
f 5117/5452/10145 5129/5463/10145 5118/5453/10145
f 5129/5463/10146 5130/5464/10146 5118/5453/10146
f 5118/5453/10147 5130/5464/10147 5119/5454/10147
f 5130/5464/10148 5131/5465/10148 5119/5454/10148
f 5119/5454/10149 5131/5465/10149 5120/5455/10149
f 5131/5465/10150 5132/5466/10150 5120/5455/10150
f 5120/5455/10151 5132/5466/10151 5121/5456/10151
f 5132/5466/10152 5133/5467/10152 5121/5456/10152
f 5121/5456/10153 5133/5467/10153 5122/5457/10153
f 5133/5467/10154 5134/5468/10154 5122/5457/10154
f 5122/5457/10155 5134/5468/10155 5123/5458/10155
f 5134/5468/10156 5135/5469/10156 5123/5458/10156
f 5123/5458/10157 5135/5469/10157 5124/5459/10157
f 5135/5469/10158 5136/5470/10158 5124/5459/10158
f 5124/5459/10159 5136/5470/10159 5125/5460/10159
f 5136/5470/10160 5137/5471/10160 5125/5460/10160
f 5125/5460/10161 5137/5471/10161 2648/4721/10161
f 5137/5471/10162 2647/4722/10162 2648/4721/10162
f 2627/5401/10163 5138/5404/10163 5126/5402/10163
f 5138/5404/10164 5139/5472/10164 5126/5402/10164
f 5126/5402/10165 5139/5472/10165 5127/5461/10165
f 5139/5472/10166 5140/5473/10166 5127/5461/10166
f 5127/5461/10167 5140/5473/10167 5128/5462/10167
f 5140/5473/10168 5141/5474/10168 5128/5462/10168
f 5128/5462/10169 5141/5474/10169 5129/5463/10169
f 5141/5474/10170 5142/5475/10170 5129/5463/10170
f 5129/5463/10171 5142/5475/10171 5130/5464/10171
f 5142/5475/10172 5143/5476/10172 5130/5464/10172
f 5130/5464/10173 5143/5476/10173 5131/5465/10173
f 5143/5476/10174 5144/5477/10174 5131/5465/10174
f 5131/5465/10175 5144/5477/10175 5132/5466/10175
f 5144/5477/10176 5145/5478/10176 5132/5466/10176
f 5132/5466/10177 5145/5478/10177 5133/5467/10177
f 5145/5478/10178 5146/5479/10178 5133/5467/10178
f 5133/5467/10179 5146/5479/10179 5134/5468/10179
f 5146/5479/10180 5147/5480/10180 5134/5468/10180
f 5134/5468/10181 5147/5480/10181 5135/5469/10181
f 5147/5480/10182 5148/5481/10182 5135/5469/10182
f 5135/5469/10183 5148/5481/10183 5136/5470/10183
f 5148/5481/10184 5149/5482/10184 5136/5470/10184
f 5136/5470/10185 5149/5482/10185 5137/5471/10185
f 5149/5482/10186 5150/5483/10186 5137/5471/10186
f 5137/5471/10187 5150/5483/10187 2647/4722/10187
f 5150/5483/10188 2646/4723/10188 2647/4722/10188
f 2628/5403/10189 5151/5405/10189 5138/5404/10189
f 5151/5405/10190 5152/5484/10190 5138/5404/10190
f 5138/5404/10191 5152/5484/10191 5139/5472/10191
f 5152/5484/10192 5153/5485/10192 5139/5472/10192
f 5139/5472/10193 5153/5485/10193 5140/5473/10193
f 5153/5485/10194 5154/5486/10194 5140/5473/10194
f 5140/5473/10195 5154/5486/10195 5141/5474/10195
f 5154/5486/10196 5155/5487/10196 5141/5474/10196
f 5141/5474/10197 5155/5487/10197 5142/5475/10197
f 5155/5487/10198 5156/5488/10198 5142/5475/10198
f 5142/5475/10199 5156/5488/10199 5143/5476/10199
f 5156/5488/10200 5157/5489/10200 5143/5476/10200
f 5143/5476/10201 5157/5489/10201 5144/5477/10201
f 5157/5489/10202 5158/5490/10202 5144/5477/10202
f 5144/5477/10203 5158/5490/10203 5145/5478/10203
f 5158/5490/10204 5159/5491/10204 5145/5478/10204
f 5145/5478/10205 5159/5491/10205 5146/5479/10205
f 5159/5491/10206 5160/5492/10206 5146/5479/10206
f 5146/5479/10207 5160/5492/10207 5147/5480/10207
f 5160/5492/10208 5161/5493/10208 5147/5480/10208
f 5147/5480/10209 5161/5493/10209 5148/5481/10209
f 5161/5493/10210 5162/5494/10210 5148/5481/10210
f 5148/5481/10211 5162/5494/10211 5149/5482/10211
f 5162/5494/10212 5163/5495/10212 5149/5482/10212
f 5149/5482/10213 5163/5495/10213 5150/5483/10213
f 5163/5495/10214 5164/5496/10214 5150/5483/10214
f 5150/5483/10215 5164/5496/10215 2646/4723/10215
f 5164/5496/10216 2645/4724/10216 2646/4723/10216
f 2629/2776/10217 2630/2775/10217 5151/5405/10217
f 2630/2775/10218 2631/5497/10218 5151/5405/10218
f 5151/5405/10219 2631/5497/10219 5152/5484/10219
f 2631/5497/10220 2632/5498/10220 5152/5484/10220
f 5152/5484/10221 2632/5498/10221 5153/5485/10221
f 2632/5498/10222 2633/5499/10222 5153/5485/10222
f 5153/5485/10223 2633/5499/10223 5154/5486/10223
f 2633/5499/10224 2634/5500/10224 5154/5486/10224
f 5154/5486/10225 2634/5500/10225 5155/5487/10225
f 2634/5500/10226 2635/5501/10226 5155/5487/10226
f 5155/5487/10227 2635/5501/10227 5156/5488/10227
f 2635/5501/10228 2636/5502/10228 5156/5488/10228
f 5156/5488/10229 2636/5502/10229 5157/5489/10229
f 2636/5502/10230 2637/5503/10230 5157/5489/10230
f 5157/5489/10231 2637/5503/10231 5158/5490/10231
f 2637/5503/10232 2638/5504/10232 5158/5490/10232
f 5158/5490/10233 2638/5504/10233 5159/5491/10233
f 2638/5504/10234 2639/5505/10234 5159/5491/10234
f 5159/5491/10235 2639/5505/10235 5160/5492/10235
f 2639/5505/10236 2640/5506/10236 5160/5492/10236
f 5160/5492/10237 2640/5506/10237 5161/5493/10237
f 2640/5506/10238 2641/5507/10238 5161/5493/10238
f 5161/5493/10239 2641/5507/10239 5162/5494/10239
f 2641/5507/10240 2642/5508/10240 5162/5494/10240
f 5162/5494/10241 2642/5508/10241 5163/5495/10241
f 2642/5508/10242 2643/5509/10242 5163/5495/10242
f 5163/5495/10243 2643/5509/10243 5164/5496/10243
f 2643/5509/10244 2644/5510/10244 5164/5496/10244
f 5164/5496/10245 2644/5510/10245 2645/4724/10245
f 2644/5510/10246 2604/2777/10246 2645/4724/10246
